# A fatal error has been detected by the Java Runtime Environment:
#
#  EXCEPTION_ACCESS_VIOLATION (0xc0000005) at pc=0x00007ffd51e2e215, pid=14924, tid=14276
#
# JRE version: OpenJDK Runtime Environment 18.9 (11.0.11+9) (build 11.0.11+9)
# Java VM: OpenJDK 64-Bit Server VM 18.9 (11.0.11+9, mixed mode, tiered, compressed oops, g1 gc, windows-amd64)
# Problematic frame:
# Csrcscan starts
INFO: analyzing module add_fft (VERI-9002)
C:/Users/THUAN/Downloads/joint/barrett_red_gen.v(24): INFO: Compiling verilog file "C:/Users/THUAN/Downloads/joint/clog2.v" included at line 24. (VERI-9003)
C:/Users/THUAN/Downloads/joint/barrett_red_gen.v(24): INFO: back to file 'C:/Users/THUAN/Downloads/joint/barrett_red_gen.v' (VERI-2320)
INFO: analyzing module barrett_red_gen (VERI-9002)
INFO: analyzing module cdw_xor_tmp (VERI-9002)
INFO: analyzing module concat_code (VERI-9002)
C:/Users/THUAN/Downloads/joint/control_path.v(29): INFO: Compiling verilog file "C:/Users/THUAN/Downloads/joint/clog2.v" included at line 29. (VERI-9003)
C:/Users/THUAN/Downloads/joint/control_path.v(29): INFO: back to file 'C:/Users/THUAN/Downloads/joint/control_path.v' (VERI-2320)
C:/Users/THUAN/Downloads/joint/control_path.v(31): INFO: Compiling verilog file "C:/Users/THUAN/Downloads/joint/keccak_pkg.v" included at line 31. (VERI-9003)
C:/Users/THUAN/Downloads/joint/control_path.v(31): INFO: back to file 'C:/Users/THUAN/Downloads/joint/control_path.v' (VERI-2320)
INFO: analyzing module control_path (VERI-9002)
C:/Users/THUAN/Downloads/joint/data_path.v(29): INFO: Compiling verilog file "C:/Users/THUAN/Downloads/joint/clog2.v" included at line 29. (VERI-9003)
C:/Users/THUAN/Downloads/joint/data_path.v(29): INFO: back to file 'C:/Users/THUAN/Downloads/joint/data_path.v' (VERI-2320)
C:/Users/THUAN/Downloads/joint/data_path.v(31): INFO: Compiling verilog file "C:/Users/THUAN/Downloads/joint/keccak_pkg.v" included at line 31. (VERI-9003)
C:/Users/THUAN/Downloads/joint/data_path.v(31): INFO: back to file 'C:/Users/THUAN/Downloads/joint/data_path.v' (VERI-2320)
C:/Users/THUAN/Downloads/joint/data_path.v(33): INFO: Compiling verilog file "C:/Users/THUAN/Downloads/joint/keccak_math.v" included at line 33. (VERI-9003)
C:/Users/THUAN/Downloads/joint/data_path.v(33): INFO: back to file 'C:/Users/THUAN/Downloads/joint/data_path.v' (VERI-2320)
INFO: analyzing module data_path (VERI-9002)
INFO: analyzing module decap (VERI-9002)
C:/Users/THUAN/Downloads/joint/decap.v(358): INFO: undeclared symbol 'start_decrypt', assumed default net type 'wire' (VERI-2561)
C:/Users/THUAN/Downloads/joint/decap.v(360): INFO: undeclared symbol 'done_decrypt', assumed default net type 'wire' (VERI-2561)
C:/Users/THUAN/Downloads/joint/decap.v(507): INFO: undeclared symbol 'start_encap', assumed default net type 'wire' (VERI-2561)
C:/Users/THUAN/Downloads/joint/decap.v(538): INFO: undeclared symbol 'done_encrypt', assumed default net type 'wire' (VERI-2561)
C:/Users/THUAN/Downloads/joint/decap.v(864): WARNING: 'start_decrypt' is already implicitly declared on line 358 (VERI-1362)
C:/Users/THUAN/Downloads/joint/decap.v(865): WARNING: 'done_decrypt' is already implicitly declared on line 360 (VERI-1362)
C:/Users/THUAN/Downloads/joint/decap.v(866): WARNING: 'start_encap' is already implicitly declared on line 507 (VERI-1362)
C:/Users/THUAN/Downloads/joint/decap.v(867): WARNING: 'done_encrypt' is already implicitly declared on line 538 (VERI-1362)
C:/Users/THUAN/Downloads/joint/decap.v(334): WARNING: identifier 'dec_uv' is used before its declaration (VERI-1875)
C:/Users/THUAN/Downloads/joint/decap.v(334): WARNING: identifier 'uv_addr_0_dec' is used before its declaration (VERI-1875)
C:/Users/THUAN/Downloads/joint/decap.v(334): WARNING: identifier 'copy_uv' is used before its declaration (VERI-1875)
C:/Users/THUAN/Downloads/joint/decap.v(335): WARNING: identifier 'uv_addr_1_dec' is used before its declaration (VERI-1875)
C:/Users/THUAN/Downloads/joint/decap.v(337): WARNING: identifier 'dec_uv' is used before its declaration (VERI-1875)
C:/Users/THUAN/Downloads/joint/decap.v(337): WARNING: identifier 'uv_addr_0_dec' is used before its declaration (VERI-1875)
C:/Users/THUAN/Downloads/joint/decap.v(337): WARNING: identifier 'copy_uv' is used before its declaration (VERI-1875)
C:/Users/THUAN/Downloads/joint/decap.v(338): WARNING: identifier 'uv_addr_1_dec' is used before its declaration (VERI-1875)
C:/Users/THUAN/Downloads/joint/decap.v(397): WARNING: identifier 'verify_u_reg' is used before its declaration (VERI-1875)
C:/Users/THUAN/Downloads/joint/decap.v(411): WARNING: identifier 'verify_v' is used before its declaration (VERI-1875)
C:/Users/THUAN/Downloads/joint/decap.v(424): WARNING: identifier 'verify_d' is used before its declaration (VERI-1875)
C:/Users/THUAN/Downloads/joint/decap.v(632): WARNING: parameter 's_wait_start' becomes localparam in 'decap' with formal parameter declaration list (VERI-1199)
C:/Users/THUAN/Downloads/joint/decap.v(633): WARNING: parameter 's_wait_decrypt_done' becomes localparam in 'decap' with formal parameter declaration list (VERI-1199)
C:/Users/THUAN/Downloads/joint/decap.v(634): WARNING: parameter 's_copy_msg_encap' becomes localparam in 'decap' with formal parameter declaration list (VERI-1199)
C:/Users/THUAN/Downloads/joint/decap.v(635): WARNING: parameter 's_wait_encrypt_done' becomes localparam in 'decap' with formal parameter declaration list (VERI-1199)
C:/Users/THUAN/Downloads/joint/decap.v(636): WARNING: parameter 's_compare_u_up' becomes localparam in 'decap' with formal parameter declaration list (VERI-1199)
C:/Users/THUAN/Downloads/joint/decap.v(637): WARNING: parameter 's_compare_v_vp' becomes localparam in 'decap' with formal parameter declaration list (VERI-1199)
C:/Users/THUAN/Downloads/joint/decap.v(638): WARNING: parameter 's_compare_d_dp' becomes localparam in 'decap' with formal parameter declaration list (VERI-1199)
C:/Users/THUAN/Downloads/joint/decap.v(639): WARNING: parameter 's_copy_u' becomes localparam in 'decap' with formal parameter declaration list (VERI-1199)
C:/Users/THUAN/Downloads/joint/decap.v(640): WARNING: parameter 's_copy_v' becomes localparam in 'decap' with formal parameter declaration list (VERI-1199)
C:/Users/THUAN/Downloads/joint/decap.v(641): WARNING: parameter 's_resume_encap' becomes localparam in 'decap' with formal parameter declaration list (VERI-1199)
C:/Users/THUAN/Downloads/joint/decap.v(642): WARNING: parameter 's_done_encap' becomes localparam in 'decap' with formal parameter declaration list (VERI-1199)
C:/Users/THUAN/Downloads/joint/decap.v(643): WARNING: parameter 's_done' becomes localparam in 'decap' with formal parameter declaration list (VERI-1199)
C:/Users/THUAN/Downloads/joint/decrypt.v(23): INFO: Compiling verilog file "C:/Users/THUAN/Downloads/joint/clog2.v" included at line 23. (VERI-9003)
C:/Users/THUAN/Downloads/joint/decrypt.v(23): INFO: back to file 'C:/Users/THUAN/Downloads/joint/decrypt.v' (VERI-2320)
INFO: analyzing module decrypt (VERI-9002)
C:/Users/THUAN/Downloads/joint/decrypt.v(157): INFO: undeclared symbol 'done_u_minus_vy', assumed default net type 'wire' (VERI-2561)
C:/Users/THUAN/Downloads/joint/decrypt.v(168): INFO: undeclared symbol 'ram_din_rd_o', assumed default net type 'wire' (VERI-2561)
C:/Users/THUAN/Downloads/joint/decrypt.v(169): INFO: undeclared symbol 'ram_din_addr_o', assumed default net type 'wire' (VERI-2561)
C:/Users/THUAN/Downloads/joint/decrypt.v(170): INFO: undeclared symbol 'ram_din_i', assumed default net type 'wire' (VERI-2561)
C:/Users/THUAN/Downloads/joint/decrypt.v(191): WARNING: 'ram_din_rd_o' is already implicitly declared on line 168 (VERI-1362)
C:/Users/THUAN/Downloads/joint/decrypt.v(192): WARNING: 'ram_din_i' is already implicitly declared on line 170 (VERI-1362)
C:/Users/THUAN/Downloads/joint/decrypt.v(193): WARNING: 'ram_din_addr_o' is already implicitly declared on line 169 (VERI-1362)
C:/Users/THUAN/Downloads/joint/decrypt.v(194): WARNING: 'done_u_minus_vy' is already implicitly declared on line 157 (VERI-1362)
INFO: analyzing module encap (VERI-9002)
C:/Users/THUAN/Downloads/joint/encap.v(539): INFO: undeclared symbol 'count_hash_inputs', assumed default net type 'wire' (VERI-2561)
C:/Users/THUAN/Downloads/joint/encap.v(557): WARNING: 'count_hash_inputs' is already implicitly declared on line 539 (VERI-1362)
C:/Users/THUAN/Downloads/joint/encap.v(250): WARNING: identifier 'd_out' is used before its declaration (VERI-1875)
C:/Users/THUAN/Downloads/joint/encap.v(249): WARNING: concatenation with an unsized literal will be treated as 32 bits (VERI-1320)
C:/Users/THUAN/Downloads/joint/encap.v(250): WARNING: concatenation with an unsized literal will be treated as 32 bits (VERI-1320)
C:/Users/THUAN/Downloads/joint/encap.v(328): WARNING: identifier 'sel_uv' is used before its declaration (VERI-1875)
C:/Users/THUAN/Downloads/joint/encap.v(506): WARNING: identifier 'u_v_reg' is used before its declaration (VERI-1875)
C:/Users/THUAN/Downloads/joint/encap.v(507): WARNING: identifier 'u_v_reg' is used before its declaration (VERI-1875)
C:/Users/THUAN/Downloads/joint/encap.v(515): WARNING: identifier 'last_block_capture' is used before its declaration (VERI-1875)
C:/Users/THUAN/Downloads/joint/encap.v(518): WARNING: identifier 'block_capture' is used before its declaration (VERI-1875)
C:/Users/THUAN/Downloads/joint/encap.v(527): WARNING: identifier 'count_hash_inputs_test' is used before its declaration (VERI-1875)
C:/Users/THUAN/Downloads/joint/encap.v(530): WARNING: identifier 'count_hash_inputs_test' is used before its declaration (VERI-1875)
C:/Users/THUAN/Downloads/joint/encap.v(530): WARNING: identifier 'count_hash_inputs_test' is used before its declaration (VERI-1875)
C:/Users/THUAN/Downloads/joint/encap.v(546): WARNING: concatenation with an unsized literal will be treated as 32 bits (VERI-1320)
C:/Users/THUAN/Downloads/joint/encap.v(564): WARNING: parameter 's_wait_start' becomes localparam in 'encap' with formal parameter declaration list (VERI-1199)
C:/Users/THUAN/Downloads/joint/encap.v(565): WARNING: parameter 's_load_m_in_size' becomes localparam in 'encap' with formal parameter declaration list (VERI-1199)
C:/Users/THUAN/Downloads/joint/encap.v(566): WARNING: parameter 's_load_m_out_size' becomes localparam in 'encap' with formal parameter declaration list (VERI-1199)
C:/Users/THUAN/Downloads/joint/encap.v(567): WARNING: parameter 's_load_m' becomes localparam in 'encap' with formal parameter declaration list (VERI-1199)
C:/Users/THUAN/Downloads/joint/encap.v(568): WARNING: parameter 's_load_last_m' becomes localparam in 'encap' with formal parameter declaration list (VERI-1199)
C:/Users/THUAN/Downloads/joint/encap.v(569): WARNING: parameter 's_comp_theta' becomes localparam in 'encap' with formal parameter declaration list (VERI-1199)
C:/Users/THUAN/Downloads/joint/encap.v(570): WARNING: parameter 's_save_theta' becomes localparam in 'encap' with formal parameter declaration list (VERI-1199)
C:/Users/THUAN/Downloads/joint/encap.v(571): WARNING: parameter 's_encrypt' becomes localparam in 'encap' with formal parameter declaration list (VERI-1199)
C:/Users/THUAN/Downloads/joint/encap.v(572): WARNING: parameter 's_wait_done_fw' becomes localparam in 'encap' with formal parameter declaration list (VERI-1199)
C:/Users/THUAN/Downloads/joint/encap.v(573): WARNING: parameter 's_update_hram_d' becomes localparam in 'encap' with formal parameter declaration list (VERI-1199)
C:/Users/THUAN/Downloads/joint/encap.v(574): WARNING: parameter 's_comp_d' becomes localparam in 'encap' with formal parameter declaration list (VERI-1199)
C:/Users/THUAN/Downloads/joint/encap.v(575): WARNING: parameter 's_save_d' becomes localparam in 'encap' with formal parameter declaration list (VERI-1199)
C:/Users/THUAN/Downloads/joint/encap.v(576): WARNING: parameter 's_save_last_d' becomes localparam in 'encap' with formal parameter declaration list (VERI-1199)
C:/Users/THUAN/Downloads/joint/encap.v(577): WARNING: parameter 's_wait_done_enc' becomes localparam in 'encap' with formal parameter declaration list (VERI-1199)
C:/Users/THUAN/Downloads/joint/encap.v(578): WARNING: parameter 's_load_u' becomes localparam in 'encap' with formal parameter declaration list (VERI-1199)
C:/Users/THUAN/Downloads/joint/encap.v(579): WARNING: parameter 's_save_u' becomes localparam in 'encap' with formal parameter declaration list (VERI-1199)
C:/Users/THUAN/Downloads/joint/encap.v(580): WARNING: parameter 's_load_dom_sep' becomes localparam in 'encap' with formal parameter declaration list (VERI-1199)
C:/Users/THUAN/Downloads/joint/encap.v(581): WARNING: parameter 's_load_v' becomes localparam in 'encap' with formal parameter declaration list (VERI-1199)
C:/Users/THUAN/Downloads/joint/encap.v(582): WARNING: parameter 's_save_v' becomes localparam in 'encap' with formal parameter declaration list (VERI-1199)
C:/Users/THUAN/Downloads/joint/encap.v(583): WARNING: parameter 's_load_dom_sep_v' becomes localparam in 'encap' with formal parameter declaration list (VERI-1199)
C:/Users/THUAN/Downloads/joint/encap.v(584): WARNING: parameter 's_stall_0' becomes localparam in 'encap' with formal parameter declaration list (VERI-1199)
C:/Users/THUAN/Downloads/joint/encap.v(585): WARNING: parameter 's_append_05' becomes localparam in 'encap' with formal parameter declaration list (VERI-1199)
C:/Users/THUAN/Downloads/joint/encap.v(586): WARNING: parameter 's_comp_ss' becomes localparam in 'encap' with formal parameter declaration list (VERI-1199)
C:/Users/THUAN/Downloads/joint/encap.v(587): WARNING: parameter 's_wait_ss' becomes localparam in 'encap' with formal parameter declaration list (VERI-1199)
C:/Users/THUAN/Downloads/joint/encap.v(588): WARNING: parameter 's_stall_1' becomes localparam in 'encap' with formal parameter declaration list (VERI-1199)
C:/Users/THUAN/Downloads/joint/encap.v(589): WARNING: parameter 's_wait_for_resume_encap' becomes localparam in 'encap' with formal parameter declaration list (VERI-1199)
C:/Users/THUAN/Downloads/joint/encap.v(590): WARNING: parameter 's_done' becomes localparam in 'encap' with formal parameter declaration list (VERI-1199)
C:/Users/THUAN/Downloads/joint/encap.v(597): WARNING: identifier 'total_shake_input_count' is used before its declaration (VERI-1875)
C:/Users/THUAN/Downloads/joint/encap.v(626): WARNING: identifier 'total_shake_input_count' is used before its declaration (VERI-1875)
C:/Users/THUAN/Downloads/joint/encap.v(847): WARNING: identifier 'total_shake_input_count' is used before its declaration (VERI-1875)
C:/Users/THUAN/Downloads/joint/encap.v(1102): WARNING: identifier 'start_hash' is used before its declaration (VERI-1875)
C:/Users/THUAN/Downloads/joint/encap.v(1118): WARNING: identifier 'start_hash' is used before its declaration (VERI-1875)
C:/Users/THUAN/Downloads/joint/encap.v(1133): WARNING: identifier 'start_hash' is used before its declaration (VERI-1875)
C:/Users/THUAN/Downloads/joint/encap.v(1173): WARNING: identifier 'start_hash' is used before its declaration (VERI-1875)
C:/Users/THUAN/Downloads/joint/encap.v(1186): WARNING: identifier 'start_hash' is used before its declaration (VERI-1875)
C:/Users/THUAN/Downloads/joint/encap.v(1213): WARNING: identifier 'start_hash' is used before its declaration (VERI-1875)
C:/Users/THUAN/Downloads/joint/encap.v(1223): WARNING: identifier 'start_hash' is used before its declaration (VERI-1875)
C:/Users/THUAN/Downloads/joint/encap.v(1240): WARNING: identifier 'start_hash' is used before its declaration (VERI-1875)
C:/Users/THUAN/Downloads/joint/encap.v(1252): WARNING: identifier 'start_hash' is used before its declaration (VERI-1875)
C:/Users/THUAN/Downloads/joint/encap.v(1264): WARNING: identifier 'start_hash' is used before its declaration (VERI-1875)
C:/Users/THUAN/Downloads/joint/encap.v(1281): WARNING: identifier 'start_hash' is used before its declaration (VERI-1875)
C:/Users/THUAN/Downloads/joint/encap.v(1310): WARNING: identifier 'start_hash' is used before its declaration (VERI-1875)
C:/Users/THUAN/Downloads/joint/encap.v(1333): WARNING: identifier 'start_hash' is used before its declaration (VERI-1875)
C:/Users/THUAN/Downloads/joint/encap.v(1353): WARNING: identifier 'start_hash' is used before its declaration (VERI-1875)
C:/Users/THUAN/Downloads/joint/encap.v(1400): WARNING: identifier 'start_hash' is used before its declaration (VERI-1875)
C:/Users/THUAN/Downloads/joint/encap.v(1422): WARNING: identifier 'start_hash' is used before its declaration (VERI-1875)
C:/Users/THUAN/Downloads/joint/encap.v(1444): WARNING: identifier 'start_hash' is used before its declaration (VERI-1875)
C:/Users/THUAN/Downloads/joint/encap.v(1471): WARNING: identifier 'start_hash' is used before its declaration (VERI-1875)
C:/Users/THUAN/Downloads/joint/encap.v(1476): WARNING: identifier 'start_hash' is used before its declaration (VERI-1875)
C:/Users/THUAN/Downloads/joint/encap.v(1487): WARNING: identifier 'start_hash' is used before its declaration (VERI-1875)
C:/Users/THUAN/Downloads/joint/encap.v(1503): WARNING: identifier 'start_hash' is used before its declaration (VERI-1875)
C:/Users/THUAN/Downloads/joint/encap.v(1513): WARNING: identifier 'start_hash' is used before its declaration (VERI-1875)
C:/Users/THUAN/Downloads/joint/encap.v(1530): WARNING: parameter 'h_wait_start' becomes localparam in 'encap' with formal parameter declaration list (VERI-1199)
C:/Users/THUAN/Downloads/joint/encap.v(1531): WARNING: parameter 'h_check_shake_ready' becomes localparam in 'encap' with formal parameter declaration list (VERI-1199)
C:/Users/THUAN/Downloads/joint/encap.v(1532): WARNING: parameter 'h_first_block' becomes localparam in 'encap' with formal parameter declaration list (VERI-1199)
C:/Users/THUAN/Downloads/joint/encap.v(1533): WARNING: parameter 'h_second_block' becomes localparam in 'encap' with formal parameter declaration list (VERI-1199)
C:/Users/THUAN/Downloads/joint/encap.v(1534): WARNING: parameter 'h_load_shake' becomes localparam in 'encap' with formal parameter declaration list (VERI-1199)
C:/Users/THUAN/Downloads/joint/encap.v(1535): WARNING: parameter 'h_stall' becomes localparam in 'encap' with formal parameter declaration list (VERI-1199)
INFO: analyzing module encrypt (VERI-9002)
C:/Users/THUAN/Downloads/joint/encrypt.v(313): INFO: undeclared symbol 'xor_add_en', assumed default net type 'wire' (VERI-2561)
C:/Users/THUAN/Downloads/joint/encrypt.v(323): INFO: undeclared symbol 'rd_fw', assumed default net type 'wire' (VERI-2561)
C:/Users/THUAN/Downloads/joint/encrypt.v(323): INFO: undeclared symbol 'fw_addr_reg', assumed default net type 'wire' (VERI-2561)
C:/Users/THUAN/Downloads/joint/encrypt.v(323): INFO: undeclared symbol 'r1_e_rd_addr', assumed default net type 'wire' (VERI-2561)
C:/Users/THUAN/Downloads/joint/encrypt.v(324): INFO: undeclared symbol 'wen_fw', assumed default net type 'wire' (VERI-2561)
C:/Users/THUAN/Downloads/joint/encrypt.v(324): INFO: undeclared symbol 'en_r1', assumed default net type 'wire' (VERI-2561)
C:/Users/THUAN/Downloads/joint/encrypt.v(325): INFO: undeclared symbol 'r1_internal', assumed default net type 'wire' (VERI-2561)
C:/Users/THUAN/Downloads/joint/encrypt.v(332): INFO: undeclared symbol 'loc_addr', assumed default net type 'wire' (VERI-2561)
C:/Users/THUAN/Downloads/joint/encrypt.v(333): INFO: undeclared symbol 'en_r2', assumed default net type 'wire' (VERI-2561)
C:/Users/THUAN/Downloads/joint/encrypt.v(334): INFO: undeclared symbol 'r2_internal', assumed default net type 'wire' (VERI-2561)
C:/Users/THUAN/Downloads/joint/encrypt.v(341): INFO: undeclared symbol 'pm_out', assumed default net type 'wire' (VERI-2561)
C:/Users/THUAN/Downloads/joint/encrypt.v(342): INFO: undeclared symbol 'u_cpy_addr_reg', assumed default net type 'wire' (VERI-2561)
C:/Users/THUAN/Downloads/joint/encrypt.v(343): INFO: undeclared symbol 'wen_u', assumed default net type 'wire' (VERI-2561)
C:/Users/THUAN/Downloads/joint/encrypt.v(352): WARNING: 'r1_internal' is already implicitly declared on line 325 (VERI-1362)
C:/Users/THUAN/Downloads/joint/encrypt.v(353): WARNING: 'r2_internal' is already implicitly declared on line 334 (VERI-1362)
C:/Users/THUAN/Downloads/joint/encrypt.v(355): WARNING: 'loc_addr' is already implicitly declared on line 332 (VERI-1362)
C:/Users/THUAN/Downloads/joint/encrypt.v(355): WARNING: 'r1_e_rd_addr' is already implicitly declared on line 323 (VERI-1362)
C:/Users/THUAN/Downloads/joint/encrypt.v(356): WARNING: 'pm_out' is already implicitly declared on line 341 (VERI-1362)
C:/Users/THUAN/Downloads/joint/encrypt.v(437): INFO: undeclared symbol 'copy_u', assumed default net type 'wire' (VERI-2561)
C:/Users/THUAN/Downloads/joint/encrypt.v(437): INFO: undeclared symbol 'u_cpy_addr', assumed default net type 'wire' (VERI-2561)
C:/Users/THUAN/Downloads/joint/encrypt.v(437): INFO: undeclared symbol 'xor_add_addr', assumed default net type 'wire' (VERI-2561)
C:/Users/THUAN/Downloads/joint/encrypt.v(437): INFO: undeclared symbol 'pm_rd_addr', assumed default net type 'wire' (VERI-2561)
C:/Users/THUAN/Downloads/joint/encrypt.v(438): INFO: undeclared symbol 'pm_rd_en', assumed default net type 'wire' (VERI-2561)
C:/Users/THUAN/Downloads/joint/encrypt.v(441): INFO: undeclared symbol 'xor_add_out', assumed default net type 'wire' (VERI-2561)
C:/Users/THUAN/Downloads/joint/encrypt.v(441): INFO: undeclared symbol 'add_out', assumed default net type 'wire' (VERI-2561)
C:/Users/THUAN/Downloads/joint/encrypt.v(442): INFO: undeclared symbol 'xor_add_out_addr', assumed default net type 'wire' (VERI-2561)
C:/Users/THUAN/Downloads/joint/encrypt.v(442): INFO: undeclared symbol 'add_out_addr', assumed default net type 'wire' (VERI-2561)
C:/Users/THUAN/Downloads/joint/encrypt.v(443): INFO: undeclared symbol 'xor_add_out_valid', assumed default net type 'wire' (VERI-2561)
C:/Users/THUAN/Downloads/joint/encrypt.v(443): INFO: undeclared symbol 'add_out_valid', assumed default net type 'wire' (VERI-2561)
C:/Users/THUAN/Downloads/joint/encrypt.v(447): WARNING: data object 'pm_out' is already declared (VERI-2170)
C:/Users/THUAN/Downloads/joint/encrypt.v(341): INFO: previous declaration of 'pm_out' is from here (VERI-1967)
C:/Users/THUAN/Downloads/joint/encrypt.v(447): WARNING: second declaration of 'pm_out' is ignored (VERI-1329)
C:/Users/THUAN/Downloads/joint/encrypt.v(448): WARNING: 'pm_rd_addr' is already implicitly declared on line 437 (VERI-1362)
C:/Users/THUAN/Downloads/joint/encrypt.v(449): WARNING: 'pm_rd_en' is already implicitly declared on line 438 (VERI-1362)
C:/Users/THUAN/Downloads/joint/encrypt.v(451): WARNING: 'add_out' is already implicitly declared on line 441 (VERI-1362)
C:/Users/THUAN/Downloads/joint/encrypt.v(452): WARNING: 'add_out_addr' is already implicitly declared on line 442 (VERI-1362)
C:/Users/THUAN/Downloads/joint/encrypt.v(453): WARNING: 'add_out_valid' is already implicitly declared on line 443 (VERI-1362)
C:/Users/THUAN/Downloads/joint/encrypt.v(470): INFO: undeclared symbol 'sel_r1_hr2', assumed default net type 'wire' (VERI-2561)
C:/Users/THUAN/Downloads/joint/encrypt.v(487): WARNING: 'xor_add_en' is already implicitly declared on line 313 (VERI-1362)
C:/Users/THUAN/Downloads/joint/encrypt.v(488): WARNING: 'xor_add_addr' is already implicitly declared on line 437 (VERI-1362)
C:/Users/THUAN/Downloads/joint/encrypt.v(490): WARNING: 'xor_add_out' is already implicitly declared on line 441 (VERI-1362)
C:/Users/THUAN/Downloads/joint/encrypt.v(491): WARNING: 'xor_add_out_addr' is already implicitly declared on line 442 (VERI-1362)
C:/Users/THUAN/Downloads/joint/encrypt.v(492): WARNING: 'xor_add_out_valid' is already implicitly declared on line 443 (VERI-1362)
C:/Users/THUAN/Downloads/joint/encrypt.v(528): WARNING: 'en_r1' is already implicitly declared on line 324 (VERI-1362)
C:/Users/THUAN/Downloads/joint/encrypt.v(529): WARNING: 'en_r2' is already implicitly declared on line 333 (VERI-1362)
C:/Users/THUAN/Downloads/joint/encrypt.v(556): WARNING: empty statement in sequential block (VERI-1988)
C:/Users/THUAN/Downloads/joint/encrypt.v(687): WARNING: 'wen_fw' is already implicitly declared on line 324 (VERI-1362)
C:/Users/THUAN/Downloads/joint/encrypt.v(687): WARNING: data object 'sel_fw' is already declared (VERI-2170)
C:/Users/THUAN/Downloads/joint/encrypt.v(164): INFO: previous declaration of 'sel_fw' is from here (VERI-1967)
C:/Users/THUAN/Downloads/joint/encrypt.v(687): WARNING: second declaration of 'sel_fw' is ignored (VERI-1329)
C:/Users/THUAN/Downloads/joint/encrypt.v(687): WARNING: 'rd_fw' is already implicitly declared on line 323 (VERI-1362)
C:/Users/THUAN/Downloads/joint/encrypt.v(694): WARNING: 'fw_addr_reg' is already implicitly declared on line 323 (VERI-1362)
C:/Users/THUAN/Downloads/joint/encrypt.v(793): WARNING: 'u_cpy_addr' is already implicitly declared on line 437 (VERI-1362)
C:/Users/THUAN/Downloads/joint/encrypt.v(793): WARNING: 'u_cpy_addr_reg' is already implicitly declared on line 342 (VERI-1362)
C:/Users/THUAN/Downloads/joint/encrypt.v(794): WARNING: 'wen_u' is already implicitly declared on line 343 (VERI-1362)
C:/Users/THUAN/Downloads/joint/encrypt.v(795): WARNING: 'copy_u' is already implicitly declared on line 437 (VERI-1362)
C:/Users/THUAN/Downloads/joint/encrypt.v(796): WARNING: 'sel_r1_hr2' is already implicitly declared on line 470 (VERI-1362)
C:/Users/THUAN/Downloads/joint/encrypt.v(180): WARNING: identifier 'rd_fw' is used before its declaration (VERI-1875)
C:/Users/THUAN/Downloads/joint/encrypt.v(180): WARNING: identifier 'sel_e' is used before its declaration (VERI-1875)
C:/Users/THUAN/Downloads/joint/encrypt.v(182): WARNING: identifier 'fw_addr' is used before its declaration (VERI-1875)
C:/Users/THUAN/Downloads/joint/encrypt.v(183): WARNING: identifier 'sel_e' is used before its declaration (VERI-1875)
C:/Users/THUAN/Downloads/joint/encrypt.v(183): WARNING: identifier 'r1_e_rd_addr' is used before its declaration (VERI-1875)
C:/Users/THUAN/Downloads/joint/encrypt.v(298): WARNING: identifier 'pm_out' is used before its declaration (VERI-1875)
C:/Users/THUAN/Downloads/joint/encrypt.v(298): WARNING: identifier 'u_out' is used before its declaration (VERI-1875)
C:/Users/THUAN/Downloads/joint/encrypt.v(520): WARNING: parameter 's_wait_start' becomes localparam in 'encrypt' with formal parameter declaration list (VERI-1199)
C:/Users/THUAN/Downloads/joint/encrypt.v(521): WARNING: parameter 's_gen_r1' becomes localparam in 'encrypt' with formal parameter declaration list (VERI-1199)
C:/Users/THUAN/Downloads/joint/encrypt.v(522): WARNING: parameter 's_gen_r2' becomes localparam in 'encrypt' with formal parameter declaration list (VERI-1199)
C:/Users/THUAN/Downloads/joint/encrypt.v(523): WARNING: parameter 's_gen_e' becomes localparam in 'encrypt' with formal parameter declaration list (VERI-1199)
C:/Users/THUAN/Downloads/joint/encrypt.v(524): WARNING: parameter 's_done' becomes localparam in 'encrypt' with formal parameter declaration list (VERI-1199)
C:/Users/THUAN/Downloads/joint/encrypt.v(525): WARNING: parameter 's_wait_r1_transfer' becomes localparam in 'encrypt' with formal parameter declaration list (VERI-1199)
C:/Users/THUAN/Downloads/joint/encrypt.v(526): WARNING: parameter 's_wait_r2_transfer' becomes localparam in 'encrypt' with formal parameter declaration list (VERI-1199)
C:/Users/THUAN/Downloads/joint/encrypt.v(543): WARNING: identifier 'r2_done' is used before its declaration (VERI-1875)
C:/Users/THUAN/Downloads/joint/encrypt.v(549): WARNING: identifier 'start_fw_transfer' is used before its declaration (VERI-1875)
C:/Users/THUAN/Downloads/joint/encrypt.v(560): WARNING: identifier 'r2_done' is used before its declaration (VERI-1875)
C:/Users/THUAN/Downloads/joint/encrypt.v(565): WARNING: identifier 'start_fw_transfer' is used before its declaration (VERI-1875)
C:/Users/THUAN/Downloads/joint/encrypt.v(579): WARNING: identifier 'r2_done' is used before its declaration (VERI-1875)
C:/Users/THUAN/Downloads/joint/encrypt.v(584): WARNING: identifier 'start_fw_transfer' is used before its declaration (VERI-1875)
C:/Users/THUAN/Downloads/joint/encrypt.v(597): WARNING: identifier 'start_fw_transfer' is used before its declaration (VERI-1875)
C:/Users/THUAN/Downloads/joint/encrypt.v(605): WARNING: identifier 'start_fw_transfer' is used before its declaration (VERI-1875)
C:/Users/THUAN/Downloads/joint/encrypt.v(606): WARNING: identifier 'done_fw_transfer' is used before its declaration (VERI-1875)
C:/Users/THUAN/Downloads/joint/encrypt.v(614): WARNING: identifier 'r2_done' is used before its declaration (VERI-1875)
C:/Users/THUAN/Downloads/joint/encrypt.v(616): WARNING: identifier 'done_fw_transfer' is used before its declaration (VERI-1875)
C:/Users/THUAN/Downloads/joint/encrypt.v(622): WARNING: identifier 'start_fw_transfer' is used before its declaration (VERI-1875)
C:/Users/THUAN/Downloads/joint/encrypt.v(635): WARNING: identifier 'start_fw_transfer' is used before its declaration (VERI-1875)
C:/Users/THUAN/Downloads/joint/encrypt.v(643): WARNING: identifier 'start_fw_transfer' is used before its declaration (VERI-1875)
C:/Users/THUAN/Downloads/joint/encrypt.v(644): WARNING: identifier 'done_fw_transfer' is used before its declaration (VERI-1875)
C:/Users/THUAN/Downloads/joint/encrypt.v(648): WARNING: identifier 'r2_done' is used before its declaration (VERI-1875)
C:/Users/THUAN/Downloads/joint/encrypt.v(655): WARNING: identifier 'done_fw_transfer' is used before its declaration (VERI-1875)
C:/Users/THUAN/Downloads/joint/encrypt.v(657): WARNING: identifier 'r2_done' is used before its declaration (VERI-1875)
C:/Users/THUAN/Downloads/joint/encrypt.v(660): WARNING: identifier 'r2_done' is used before its declaration (VERI-1875)
C:/Users/THUAN/Downloads/joint/encrypt.v(678): WARNING: identifier 'r2_done' is used before its declaration (VERI-1875)
C:/Users/THUAN/Downloads/joint/encrypt.v(691): WARNING: parameter 'trx_wait_start' becomes localparam in 'encrypt' with formal parameter declaration list (VERI-1199)
C:/Users/THUAN/Downloads/joint/encrypt.v(692): WARNING: parameter 'trx_tranfer' becomes localparam in 'encrypt' with formal parameter declaration list (VERI-1199)
C:/Users/THUAN/Downloads/joint/encrypt.v(693): WARNING: parameter 'trx_done' becomes localparam in 'encrypt' with formal parameter declaration list (VERI-1199)
C:/Users/THUAN/Downloads/joint/encrypt.v(786): WARNING: parameter 'u_wait_start' becomes localparam in 'encrypt' with formal parameter declaration list (VERI-1199)
C:/Users/THUAN/Downloads/joint/encrypt.v(787): WARNING: parameter 'u_r2_mul_h' becomes localparam in 'encrypt' with formal parameter declaration list (VERI-1199)
C:/Users/THUAN/Downloads/joint/encrypt.v(788): WARNING: parameter 'u_r1_plus_r2h' becomes localparam in 'encrypt' with formal parameter declaration list (VERI-1199)
C:/Users/THUAN/Downloads/joint/encrypt.v(789): WARNING: parameter 'u_move_u_bram' becomes localparam in 'encrypt' with formal parameter declaration list (VERI-1199)
C:/Users/THUAN/Downloads/joint/encrypt.v(918): WARNING: parameter 'v_wait_start' becomes localparam in 'encrypt' with formal parameter declaration list (VERI-1199)
C:/Users/THUAN/Downloads/joint/encrypt.v(919): WARNING: parameter 'v_s_mul_r2' becomes localparam in 'encrypt' with formal parameter declaration list (VERI-1199)
C:/Users/THUAN/Downloads/joint/encrypt.v(920): WARNING: parameter 'v_e_plus_sr2' becomes localparam in 'encrypt' with formal parameter declaration list (VERI-1199)
C:/Users/THUAN/Downloads/joint/encrypt.v(921): WARNING: parameter 'v_mG_plus_sr2_plus_e' becomes localparam in 'encrypt' with formal parameter declaration list (VERI-1199)
INFO: analyzing module encrypt_parallel (VERI-9002)
C:/Users/THUAN/Downloads/joint/encrypt_parallel.v(350): INFO: undeclared symbol 'xor_add_en', assumed default net type 'wire' (VERI-2561)
C:/Users/THUAN/Downloads/joint/encrypt_parallel.v(360): INFO: undeclared symbol 'rd_fw', assumed default net type 'wire' (VERI-2561)
C:/Users/THUAN/Downloads/joint/encrypt_parallel.v(360): INFO: undeclared symbol 'fw_addr_reg', assumed default net type 'wire' (VERI-2561)
C:/Users/THUAN/Downloads/joint/encrypt_parallel.v(360): INFO: undeclared symbol 'r1_e_rd_addr', assumed default net type 'wire' (VERI-2561)
C:/Users/THUAN/Downloads/joint/encrypt_parallel.v(361): INFO: undeclared symbol 'wen_fw', assumed default net type 'wire' (VERI-2561)
C:/Users/THUAN/Downloads/joint/encrypt_parallel.v(361): INFO: undeclared symbol 'en_r1', assumed default net type 'wire' (VERI-2561)
C:/Users/THUAN/Downloads/joint/encrypt_parallel.v(362): INFO: undeclared symbol 'r1_internal', assumed default net type 'wire' (VERI-2561)
C:/Users/THUAN/Downloads/joint/encrypt_parallel.v(380): INFO: undeclared symbol 'loc_addr_hr2', assumed default net type 'wire' (VERI-2561)
C:/Users/THUAN/Downloads/joint/encrypt_parallel.v(381): INFO: undeclared symbol 'loc_addr_sr2', assumed default net type 'wire' (VERI-2561)
C:/Users/THUAN/Downloads/joint/encrypt_parallel.v(382): INFO: undeclared symbol 'en_r2', assumed default net type 'wire' (VERI-2561)
C:/Users/THUAN/Downloads/joint/encrypt_parallel.v(384): INFO: undeclared symbol 'r2_internal_hr2', assumed default net type 'wire' (VERI-2561)
C:/Users/THUAN/Downloads/joint/encrypt_parallel.v(385): INFO: undeclared symbol 'r2_internal_sr2', assumed default net type 'wire' (VERI-2561)
C:/Users/THUAN/Downloads/joint/encrypt_parallel.v(406): WARNING: 'r1_internal' is already implicitly declared on line 362 (VERI-1362)
C:/Users/THUAN/Downloads/joint/encrypt_parallel.v(408): WARNING: 'r2_internal_hr2' is already implicitly declared on line 384 (VERI-1362)
C:/Users/THUAN/Downloads/joint/encrypt_parallel.v(409): WARNING: 'r2_internal_sr2' is already implicitly declared on line 385 (VERI-1362)
C:/Users/THUAN/Downloads/joint/encrypt_parallel.v(411): WARNING: 'loc_addr_hr2' is already implicitly declared on line 380 (VERI-1362)
C:/Users/THUAN/Downloads/joint/encrypt_parallel.v(411): WARNING: 'r1_e_rd_addr' is already implicitly declared on line 360 (VERI-1362)
C:/Users/THUAN/Downloads/joint/encrypt_parallel.v(412): WARNING: 'loc_addr_sr2' is already implicitly declared on line 381 (VERI-1362)
C:/Users/THUAN/Downloads/joint/encrypt_parallel.v(500): INFO: undeclared symbol 'pm_rd_addr', assumed default net type 'wire' (VERI-2561)
C:/Users/THUAN/Downloads/joint/encrypt_parallel.v(501): INFO: undeclared symbol 'pm_rd_en', assumed default net type 'wire' (VERI-2561)
C:/Users/THUAN/Downloads/joint/encrypt_parallel.v(504): INFO: undeclared symbol 'add_out', assumed default net type 'wire' (VERI-2561)
C:/Users/THUAN/Downloads/joint/encrypt_parallel.v(505): INFO: undeclared symbol 'add_out_addr', assumed default net type 'wire' (VERI-2561)
C:/Users/THUAN/Downloads/joint/encrypt_parallel.v(506): INFO: undeclared symbol 'add_out_valid', assumed default net type 'wire' (VERI-2561)
C:/Users/THUAN/Downloads/joint/encrypt_parallel.v(539): INFO: undeclared symbol 'xor_add_addr', assumed default net type 'wire' (VERI-2561)
C:/Users/THUAN/Downloads/joint/encrypt_parallel.v(539): INFO: undeclared symbol 'pm_rd_addr_sr2', assumed default net type 'wire' (VERI-2561)
C:/Users/THUAN/Downloads/joint/encrypt_parallel.v(540): INFO: undeclared symbol 'pm_rd_en_sr2', assumed default net type 'wire' (VERI-2561)
C:/Users/THUAN/Downloads/joint/encrypt_parallel.v(543): INFO: undeclared symbol 'xor_add_out', assumed default net type 'wire' (VERI-2561)
C:/Users/THUAN/Downloads/joint/encrypt_parallel.v(543): INFO: undeclared symbol 'add_out_sr2', assumed default net type 'wire' (VERI-2561)
C:/Users/THUAN/Downloads/joint/encrypt_parallel.v(544): INFO: undeclared symbol 'xor_add_out_addr', assumed default net type 'wire' (VERI-2561)
C:/Users/THUAN/Downloads/joint/encrypt_parallel.v(544): INFO: undeclared symbol 'add_out_addr_sr2', assumed default net type 'wire' (VERI-2561)
C:/Users/THUAN/Downloads/joint/encrypt_parallel.v(545): INFO: undeclared symbol 'xor_add_out_valid', assumed default net type 'wire' (VERI-2561)
C:/Users/THUAN/Downloads/joint/encrypt_parallel.v(545): INFO: undeclared symbol 'add_out_valid_sr2', assumed default net type 'wire' (VERI-2561)
C:/Users/THUAN/Downloads/joint/encrypt_parallel.v(549): WARNING: data object 'pm_out' is already declared (VERI-2170)
C:/Users/THUAN/Downloads/joint/encrypt_parallel.v(413): INFO: previous declaration of 'pm_out' is from here (VERI-1967)
C:/Users/THUAN/Downloads/joint/encrypt_parallel.v(549): WARNING: second declaration of 'pm_out' is ignored (VERI-1329)
C:/Users/THUAN/Downloads/joint/encrypt_parallel.v(550): WARNING: 'pm_rd_addr' is already implicitly declared on line 500 (VERI-1362)
C:/Users/THUAN/Downloads/joint/encrypt_parallel.v(550): WARNING: 'pm_rd_addr_sr2' is already implicitly declared on line 539 (VERI-1362)
C:/Users/THUAN/Downloads/joint/encrypt_parallel.v(551): WARNING: 'pm_rd_en' is already implicitly declared on line 501 (VERI-1362)
C:/Users/THUAN/Downloads/joint/encrypt_parallel.v(551): WARNING: 'pm_rd_en_sr2' is already implicitly declared on line 540 (VERI-1362)
C:/Users/THUAN/Downloads/joint/encrypt_parallel.v(553): WARNING: 'add_out' is already implicitly declared on line 504 (VERI-1362)
C:/Users/THUAN/Downloads/joint/encrypt_parallel.v(553): WARNING: 'add_out_sr2' is already implicitly declared on line 543 (VERI-1362)
C:/Users/THUAN/Downloads/joint/encrypt_parallel.v(554): WARNING: 'add_out_addr' is already implicitly declared on line 505 (VERI-1362)
C:/Users/THUAN/Downloads/joint/encrypt_parallel.v(554): WARNING: 'add_out_addr_sr2' is already implicitly declared on line 544 (VERI-1362)
C:/Users/THUAN/Downloads/joint/encrypt_parallel.v(555): WARNING: 'add_out_valid' is already implicitly declared on line 506 (VERI-1362)
C:/Users/THUAN/Downloads/joint/encrypt_parallel.v(555): WARNING: 'add_out_valid_sr2' is already implicitly declared on line 545 (VERI-1362)
C:/Users/THUAN/Downloads/joint/encrypt_parallel.v(613): WARNING: 'xor_add_en' is already implicitly declared on line 350 (VERI-1362)
C:/Users/THUAN/Downloads/joint/encrypt_parallel.v(614): WARNING: 'xor_add_addr' is already implicitly declared on line 539 (VERI-1362)
C:/Users/THUAN/Downloads/joint/encrypt_parallel.v(616): WARNING: 'xor_add_out' is already implicitly declared on line 543 (VERI-1362)
C:/Users/THUAN/Downloads/joint/encrypt_parallel.v(617): WARNING: 'xor_add_out_addr' is already implicitly declared on line 544 (VERI-1362)
C:/Users/THUAN/Downloads/joint/encrypt_parallel.v(618): WARNING: 'xor_add_out_valid' is already implicitly declared on line 545 (VERI-1362)
C:/Users/THUAN/Downloads/joint/encrypt_parallel.v(654): WARNING: 'en_r1' is already implicitly declared on line 361 (VERI-1362)
C:/Users/THUAN/Downloads/joint/encrypt_parallel.v(655): WARNING: 'en_r2' is already implicitly declared on line 382 (VERI-1362)
C:/Users/THUAN/Downloads/joint/encrypt_parallel.v(672): WARNING: empty statement in sequential block (VERI-1988)
C:/Users/THUAN/Downloads/joint/encrypt_parallel.v(856): WARNING: 'wen_fw' is already implicitly declared on line 361 (VERI-1362)
C:/Users/THUAN/Downloads/joint/encrypt_parallel.v(856): WARNING: data object 'sel_fw' is already declared (VERI-2170)
C:/Users/THUAN/Downloads/joint/encrypt_parallel.v(195): INFO: previous declaration of 'sel_fw' is from here (VERI-1967)
C:/Users/THUAN/Downloads/joint/encrypt_parallel.v(856): WARNING: second declaration of 'sel_fw' is ignored (VERI-1329)
C:/Users/THUAN/Downloads/joint/encrypt_parallel.v(856): WARNING: 'rd_fw' is already implicitly declared on line 360 (VERI-1362)
C:/Users/THUAN/Downloads/joint/encrypt_parallel.v(863): WARNING: 'fw_addr_reg' is already implicitly declared on line 360 (VERI-1362)
C:/Users/THUAN/Downloads/joint/encrypt_parallel.v(209): WARNING: identifier 'rd_fw' is used before its declaration (VERI-1875)
C:/Users/THUAN/Downloads/joint/encrypt_parallel.v(209): WARNING: identifier 'sel_e' is used before its declaration (VERI-1875)
C:/Users/THUAN/Downloads/joint/encrypt_parallel.v(211): WARNING: identifier 'fw_addr' is used before its declaration (VERI-1875)
C:/Users/THUAN/Downloads/joint/encrypt_parallel.v(212): WARNING: identifier 'sel_e' is used before its declaration (VERI-1875)
C:/Users/THUAN/Downloads/joint/encrypt_parallel.v(212): WARNING: identifier 'e_rd_addr' is used before its declaration (VERI-1875)
C:/Users/THUAN/Downloads/joint/encrypt_parallel.v(335): WARNING: identifier 'pm_out_sr2' is used before its declaration (VERI-1875)
C:/Users/THUAN/Downloads/joint/encrypt_parallel.v(335): WARNING: identifier 'pm_out' is used before its declaration (VERI-1875)
C:/Users/THUAN/Downloads/joint/encrypt_parallel.v(646): WARNING: parameter 's_wait_start' becomes localparam in 'encrypt_parallel' with formal parameter declaration list (VERI-1199)
C:/Users/THUAN/Downloads/joint/encrypt_parallel.v(647): WARNING: parameter 's_gen_r1' becomes localparam in 'encrypt_parallel' with formal parameter declaration list (VERI-1199)
C:/Users/THUAN/Downloads/joint/encrypt_parallel.v(648): WARNING: parameter 's_gen_r2' becomes localparam in 'encrypt_parallel' with formal parameter declaration list (VERI-1199)
C:/Users/THUAN/Downloads/joint/encrypt_parallel.v(649): WARNING: parameter 's_gen_e' becomes localparam in 'encrypt_parallel' with formal parameter declaration list (VERI-1199)
C:/Users/THUAN/Downloads/joint/encrypt_parallel.v(650): WARNING: parameter 's_done' becomes localparam in 'encrypt_parallel' with formal parameter declaration list (VERI-1199)
C:/Users/THUAN/Downloads/joint/encrypt_parallel.v(651): WARNING: parameter 's_wait_r1_transfer' becomes localparam in 'encrypt_parallel' with formal parameter declaration list (VERI-1199)
C:/Users/THUAN/Downloads/joint/encrypt_parallel.v(652): WARNING: parameter 's_wait_r2_transfer' becomes localparam in 'encrypt_parallel' with formal parameter declaration list (VERI-1199)
C:/Users/THUAN/Downloads/joint/encrypt_parallel.v(668): WARNING: identifier 'r2_done' is used before its declaration (VERI-1875)
C:/Users/THUAN/Downloads/joint/encrypt_parallel.v(676): WARNING: identifier 'r2_done' is used before its declaration (VERI-1875)
C:/Users/THUAN/Downloads/joint/encrypt_parallel.v(688): WARNING: identifier 'r2_done' is used before its declaration (VERI-1875)
C:/Users/THUAN/Downloads/joint/encrypt_parallel.v(710): WARNING: identifier 'done_fw_transfer' is used before its declaration (VERI-1875)
C:/Users/THUAN/Downloads/joint/encrypt_parallel.v(718): WARNING: identifier 'r2_done' is used before its declaration (VERI-1875)
C:/Users/THUAN/Downloads/joint/encrypt_parallel.v(720): WARNING: identifier 'done_fw_transfer' is used before its declaration (VERI-1875)
C:/Users/THUAN/Downloads/joint/encrypt_parallel.v(744): WARNING: identifier 'done_fw_transfer' is used before its declaration (VERI-1875)
C:/Users/THUAN/Downloads/joint/encrypt_parallel.v(748): WARNING: identifier 'r2_done' is used before its declaration (VERI-1875)
C:/Users/THUAN/Downloads/joint/encrypt_parallel.v(755): WARNING: identifier 'done_fw_transfer' is used before its declaration (VERI-1875)
C:/Users/THUAN/Downloads/joint/encrypt_parallel.v(757): WARNING: identifier 'r2_done' is used before its declaration (VERI-1875)
C:/Users/THUAN/Downloads/joint/encrypt_parallel.v(760): WARNING: identifier 'r2_done' is used before its declaration (VERI-1875)
C:/Users/THUAN/Downloads/joint/encrypt_parallel.v(777): WARNING: identifier 'r2_done' is used before its declaration (VERI-1875)
C:/Users/THUAN/Downloads/joint/encrypt_parallel.v(789): WARNING: identifier 'start_fw_transfer' is used before its declaration (VERI-1875)
C:/Users/THUAN/Downloads/joint/encrypt_parallel.v(805): WARNING: identifier 'start_fw_transfer' is used before its declaration (VERI-1875)
C:/Users/THUAN/Downloads/joint/encrypt_parallel.v(808): WARNING: identifier 'start_fw_transfer' is used before its declaration (VERI-1875)
C:/Users/THUAN/Downloads/joint/encrypt_parallel.v(814): WARNING: identifier 'start_fw_transfer' is used before its declaration (VERI-1875)
C:/Users/THUAN/Downloads/joint/encrypt_parallel.v(822): WARNING: identifier 'start_fw_transfer' is used before its declaration (VERI-1875)
C:/Users/THUAN/Downloads/joint/encrypt_parallel.v(825): WARNING: identifier 'start_fw_transfer' is used before its declaration (VERI-1875)
C:/Users/THUAN/Downloads/joint/encrypt_parallel.v(831): WARNING: identifier 'start_fw_transfer' is used before its declaration (VERI-1875)
C:/Users/THUAN/Downloads/joint/encrypt_parallel.v(838): WARNING: identifier 'start_fw_transfer' is used before its declaration (VERI-1875)
C:/Users/THUAN/Downloads/joint/encrypt_parallel.v(848): WARNING: identifier 'start_fw_transfer' is used before its declaration (VERI-1875)
C:/Users/THUAN/Downloads/joint/encrypt_parallel.v(860): WARNING: parameter 'trx_wait_start' becomes localparam in 'encrypt_parallel' with formal parameter declaration list (VERI-1199)
C:/Users/THUAN/Downloads/joint/encrypt_parallel.v(861): WARNING: parameter 'trx_tranfer' becomes localparam in 'encrypt_parallel' with formal parameter declaration list (VERI-1199)
C:/Users/THUAN/Downloads/joint/encrypt_parallel.v(862): WARNING: parameter 'trx_done' becomes localparam in 'encrypt_parallel' with formal parameter declaration list (VERI-1199)
C:/Users/THUAN/Downloads/joint/encrypt_parallel.v(955): WARNING: parameter 'u_wait_start' becomes localparam in 'encrypt_parallel' with formal parameter declaration list (VERI-1199)
C:/Users/THUAN/Downloads/joint/encrypt_parallel.v(956): WARNING: parameter 'u_r2_mul_h' becomes localparam in 'encrypt_parallel' with formal parameter declaration list (VERI-1199)
C:/Users/THUAN/Downloads/joint/encrypt_parallel.v(957): WARNING: parameter 'u_r1_plus_r2h' becomes localparam in 'encrypt_parallel' with formal parameter declaration list (VERI-1199)
C:/Users/THUAN/Downloads/joint/encrypt_parallel.v(958): WARNING: parameter 'u_move_u_bram' becomes localparam in 'encrypt_parallel' with formal parameter declaration list (VERI-1199)
C:/Users/THUAN/Downloads/joint/encrypt_parallel.v(1088): WARNING: parameter 'v_wait_start' becomes localparam in 'encrypt_parallel' with formal parameter declaration list (VERI-1199)
C:/Users/THUAN/Downloads/joint/encrypt_parallel.v(1089): WARNING: parameter 'v_s_mul_r2' becomes localparam in 'encrypt_parallel' with formal parameter declaration list (VERI-1199)
C:/Users/THUAN/Downloads/joint/encrypt_parallel.v(1090): WARNING: parameter 'v_e_plus_sr2' becomes localparam in 'encrypt_parallel' with formal parameter declaration list (VERI-1199)
C:/Users/THUAN/Downloads/joint/encrypt_parallel.v(1091): WARNING: parameter 'v_mG_plus_sr2_plus_e' becomes localparam in 'encrypt_parallel' with formal parameter declaration list (VERI-1199)
INFO: analyzing module fft_leaves_butterfly (VERI-9002)
INFO: analyzing module fft_part1 (VERI-9002)
C:/Users/THUAN/Downloads/joint/fft_part1.v(61): WARNING: identifier 'gf_out_d3' is used before its declaration (VERI-1875)
C:/Users/THUAN/Downloads/joint/fft_part1.v(61): WARNING: identifier 'gf_out_d2' is used before its declaration (VERI-1875)
C:/Users/THUAN/Downloads/joint/fft_part1.v(61): WARNING: identifier 'gf_out_d1' is used before its declaration (VERI-1875)
C:/Users/THUAN/Downloads/joint/fft_part1.v(61): WARNING: identifier 'gf_out' is used before its declaration (VERI-1875)
INFO: analyzing module fft_part2 (VERI-9002)
INFO: analyzing module fft_part2_round (VERI-9002)
INFO: analyzing module fft_retrieve_error_poly (VERI-9002)
INFO: analyzing module fixed_weight (VERI-9002)
C:/Users/THUAN/Downloads/joint/fixed_weight.v(161): WARNING: redeclaration of ANSI port 'din_shake' is not allowed (VERI-1372)
C:/Users/THUAN/Downloads/joint/fixed_weight.v(146): WARNING: parameter 's_initialize' becomes localparam in 'fixed_weight' with formal parameter declaration list (VERI-1199)
C:/Users/THUAN/Downloads/joint/fixed_weight.v(147): WARNING: parameter 's_wait_start' becomes localparam in 'fixed_weight' with formal parameter declaration list (VERI-1199)
C:/Users/THUAN/Downloads/joint/fixed_weight.v(148): WARNING: parameter 's_load_shake' becomes localparam in 'fixed_weight' with formal parameter declaration list (VERI-1199)
C:/Users/THUAN/Downloads/joint/fixed_weight.v(149): WARNING: parameter 's_stall_1' becomes localparam in 'fixed_weight' with formal parameter declaration list (VERI-1199)
C:/Users/THUAN/Downloads/joint/fixed_weight.v(150): WARNING: parameter 's_wait_sort' becomes localparam in 'fixed_weight' with formal parameter declaration list (VERI-1199)
C:/Users/THUAN/Downloads/joint/fixed_weight.v(151): WARNING: parameter 's_wait_onegen' becomes localparam in 'fixed_weight' with formal parameter declaration list (VERI-1199)
C:/Users/THUAN/Downloads/joint/fixed_weight.v(152): WARNING: parameter 's_stall_first' becomes localparam in 'fixed_weight' with formal parameter declaration list (VERI-1199)
C:/Users/THUAN/Downloads/joint/fixed_weight.v(153): WARNING: parameter 's_test' becomes localparam in 'fixed_weight' with formal parameter declaration list (VERI-1199)
C:/Users/THUAN/Downloads/joint/fixed_weight.v(233): WARNING: identifier 'sel_ctx' is used before its declaration (VERI-1875)
C:/Users/THUAN/Downloads/joint/fixed_weight.v(234): WARNING: identifier 'sel_ctx' is used before its declaration (VERI-1875)
C:/Users/THUAN/Downloads/joint/fixed_weight.v(235): WARNING: identifier 'sel_ctx' is used before its declaration (VERI-1875)
C:/Users/THUAN/Downloads/joint/fixed_weight.v(376): WARNING: parameter 's_ctx_wait_valid' becomes localparam in 'fixed_weight' with formal parameter declaration list (VERI-1199)
C:/Users/THUAN/Downloads/joint/fixed_weight.v(377): WARNING: parameter 's_ctx_first' becomes localparam in 'fixed_weight' with formal parameter declaration list (VERI-1199)
C:/Users/THUAN/Downloads/joint/fixed_weight.v(378): WARNING: parameter 's_ctx_second' becomes localparam in 'fixed_weight' with formal parameter declaration list (VERI-1199)
C:/Users/THUAN/Downloads/joint/fixed_weight.v(379): WARNING: parameter 's_ctx_third' becomes localparam in 'fixed_weight' with formal parameter declaration list (VERI-1199)
C:/Users/THUAN/Downloads/joint/fixed_weight.v(380): WARNING: parameter 's_ctx_fourth' becomes localparam in 'fixed_weight' with formal parameter declaration list (VERI-1199)
C:/Users/THUAN/Downloads/joint/fixed_weight.v(381): WARNING: parameter 's_ctx_done' becomes localparam in 'fixed_weight' with formal parameter declaration list (VERI-1199)
C:/Users/THUAN/Downloads/joint/fixed_weight.v(506): WARNING: identifier 'start_red' is used before its declaration (VERI-1875)
C:/Users/THUAN/Downloads/joint/fixed_weight.v(518): WARNING: identifier 'start_red' is used before its declaration (VERI-1875)
C:/Users/THUAN/Downloads/joint/fixed_weight.v(529): WARNING: identifier 'start_red' is used before its declaration (VERI-1875)
C:/Users/THUAN/Downloads/joint/fixed_weight.v(540): WARNING: identifier 'start_red' is used before its declaration (VERI-1875)
C:/Users/THUAN/Downloads/joint/fixed_weight.v(546): WARNING: identifier 'start_red' is used before its declaration (VERI-1875)
C:/Users/THUAN/Downloads/joint/fixed_weight.v(552): WARNING: identifier 'start_red' is used before its declaration (VERI-1875)
C:/Users/THUAN/Downloads/joint/fixed_weight.v(563): WARNING: parameter 's_red_wait' becomes localparam in 'fixed_weight' with formal parameter declaration list (VERI-1199)
C:/Users/THUAN/Downloads/joint/fixed_weight.v(564): WARNING: parameter 's_red_stall_0' becomes localparam in 'fixed_weight' with formal parameter declaration list (VERI-1199)
C:/Users/THUAN/Downloads/joint/fixed_weight.v(565): WARNING: parameter 's_red_move' becomes localparam in 'fixed_weight' with formal parameter declaration list (VERI-1199)
C:/Users/THUAN/Downloads/joint/fixed_weight.v(566): WARNING: parameter 's_red_stall_1' becomes localparam in 'fixed_weight' with formal parameter declaration list (VERI-1199)
C:/Users/THUAN/Downloads/joint/fixed_weight.v(567): WARNING: parameter 's_red_stall_1_1' becomes localparam in 'fixed_weight' with formal parameter declaration list (VERI-1199)
C:/Users/THUAN/Downloads/joint/fixed_weight.v(568): WARNING: parameter 's_red_stall_1_2' becomes localparam in 'fixed_weight' with formal parameter declaration list (VERI-1199)
C:/Users/THUAN/Downloads/joint/fixed_weight.v(569): WARNING: parameter 's_red_check_weight' becomes localparam in 'fixed_weight' with formal parameter declaration list (VERI-1199)
C:/Users/THUAN/Downloads/joint/fixed_weight.v(570): WARNING: parameter 's_red_wait_2' becomes localparam in 'fixed_weight' with formal parameter declaration list (VERI-1199)
C:/Users/THUAN/Downloads/joint/fixed_weight.v(571): WARNING: parameter 's_red_wait_for_collision' becomes localparam in 'fixed_weight' with formal parameter declaration list (VERI-1199)
C:/Users/THUAN/Downloads/joint/fixed_weight.v(572): WARNING: parameter 's_red_move_2' becomes localparam in 'fixed_weight' with formal parameter declaration list (VERI-1199)
C:/Users/THUAN/Downloads/joint/fixed_weight.v(573): WARNING: parameter 's_red_done' becomes localparam in 'fixed_weight' with formal parameter declaration list (VERI-1199)
C:/Users/THUAN/Downloads/joint/fixed_weight.v(574): WARNING: parameter 's_red_stall_2' becomes localparam in 'fixed_weight' with formal parameter declaration list (VERI-1199)
C:/Users/THUAN/Downloads/joint/fixed_weight.v(575): WARNING: parameter 's_red_move_3' becomes localparam in 'fixed_weight' with formal parameter declaration list (VERI-1199)
C:/Users/THUAN/Downloads/joint/fixed_weight.v(576): WARNING: parameter 's_red_wait_3' becomes localparam in 'fixed_weight' with formal parameter declaration list (VERI-1199)
C:/Users/THUAN/Downloads/joint/fixed_weight.v(894): WARNING: parameter 's_init_shake' becomes localparam in 'fixed_weight' with formal parameter declaration list (VERI-1199)
C:/Users/THUAN/Downloads/joint/fixed_weight.v(895): WARNING: parameter 's_wait_for_shake_out_ready' becomes localparam in 'fixed_weight' with formal parameter declaration list (VERI-1199)
C:/Users/THUAN/Downloads/joint/fixed_weight.v(896): WARNING: parameter 's_shake_out_w' becomes localparam in 'fixed_weight' with formal parameter declaration list (VERI-1199)
C:/Users/THUAN/Downloads/joint/fixed_weight.v(897): WARNING: parameter 's_shake_in_w' becomes localparam in 'fixed_weight' with formal parameter declaration list (VERI-1199)
C:/Users/THUAN/Downloads/joint/fixed_weight.v(898): WARNING: parameter 's_load_new_seed' becomes localparam in 'fixed_weight' with formal parameter declaration list (VERI-1199)
C:/Users/THUAN/Downloads/joint/fixed_weight.v(899): WARNING: parameter 's_stall_0' becomes localparam in 'fixed_weight' with formal parameter declaration list (VERI-1199)
C:/Users/THUAN/Downloads/joint/fixed_weight.v(900): WARNING: parameter 's_load_domain_sep' becomes localparam in 'fixed_weight' with formal parameter declaration list (VERI-1199)
C:/Users/THUAN/Downloads/joint/fixed_weight.v(901): WARNING: parameter 's_wait_for_collision_1' becomes localparam in 'fixed_weight' with formal parameter declaration list (VERI-1199)
C:/Users/THUAN/Downloads/joint/fixed_weight.v(902): WARNING: parameter 's_wait_for_collision_2' becomes localparam in 'fixed_weight' with formal parameter declaration list (VERI-1199)
C:/Users/THUAN/Downloads/joint/fixed_weight.v(903): WARNING: parameter 's_wait_for_collision_3' becomes localparam in 'fixed_weight' with formal parameter declaration list (VERI-1199)
C:/Users/THUAN/Downloads/joint/fixed_weight.v(904): WARNING: parameter 's_wait_for_collision_4' becomes localparam in 'fixed_weight' with formal parameter declaration list (VERI-1199)
INFO: analyzing module fixed_weight_ct (VERI-9002)
C:/Users/THUAN/AppData/Local/Temp/VivadoEditorAssist971317118402450174.tmp(153): WARNING: redeclaration of ANSI port 'din_shake' is not allowed (VERI-1372)
C:/Users/THUAN/AppData/Local/Temp/VivadoEditorAssist971317118402450174.tmp(139): WARNING: parameter 's_initialize' becomes localparam in 'fixed_weight_ct' with formal parameter declaration list (VERI-1199)
C:/Users/THUAN/AppData/Local/Temp/VivadoEditorAssist971317118402450174.tmp(140): WARNING: parameter 's_wait_start' becomes localparam in 'fixed_weight_ct' with formal parameter declaration list (VERI-1199)
C:/Users/THUAN/AppData/Local/Temp/VivadoEditorAssist971317118402450174.tmp(141): WARNING: parameter 's_load_shake' becomes localparam in 'fixed_weight_ct' with formal parameter declaration list (VERI-1199)
C:/Users/THUAN/AppData/Local/Temp/VivadoEditorAssist971317118402450174.tmp(142): WARNING: parameter 's_stall_1' becomes localparam in 'fixed_weight_ct' with formal parameter declaration list (VERI-1199)
C:/Users/THUAN/AppData/Local/Temp/VivadoEditorAssist971317118402450174.tmp(143): WARNING: parameter 's_wait_sort' becomes localparam in 'fixed_weight_ct' with formal parameter declaration list (VERI-1199)
C:/Users/THUAN/AppData/Local/Temp/VivadoEditorAssist971317118402450174.tmp(144): WARNING: parameter 's_wait_onegen' becomes localparam in 'fixed_weight_ct' with formal parameter declaration list (VERI-1199)
C:/Users/THUAN/AppData/Local/Temp/VivadoEditorAssist971317118402450174.tmp(145): WARNING: parameter 's_stall_first' becomes localparam in 'fixed_weight_ct' with formal parameter declaration list (VERI-1199)
C:/Users/THUAN/AppData/Local/Temp/VivadoEditorAssist971317118402450174.tmp(146): WARNING: parameter 's_test' becomes localparam in 'fixed_weight_ct' with formal parameter declaration list (VERI-1199)
C:/Users/THUAN/AppData/Local/Temp/VivadoEditorAssist971317118402450174.tmp(222): WARNING: identifier 'sel_ctx' is used before its declaration (VERI-1875)
C:/Users/THUAN/AppData/Local/Temp/VivadoEditorAssist971317118402450174.tmp(223): WARNING: identifier 'sel_ctx' is used before its declaration (VERI-1875)
C:/Users/THUAN/AppData/Local/Temp/VivadoEditorAssist971317118402450174.tmp(224): WARNING: identifier 'sel_ctx' is used before its declaration (VERI-1875)
C:/Users/THUAN/AppData/Local/Temp/VivadoEditorAssist971317118402450174.tmp(349): WARNING: parameter 's_ctx_wait_valid' becomes localparam in 'fixed_weight_ct' with formal parameter declaration list (VERI-1199)
C:/Users/THUAN/AppData/Local/Temp/VivadoEditorAssist971317118402450174.tmp(350): WARNING: parameter 's_ctx_first' becomes localparam in 'fixed_weight_ct' with formal parameter declaration list (VERI-1199)
C:/Users/THUAN/AppData/Local/Temp/VivadoEditorAssist971317118402450174.tmp(351): WARNING: parameter 's_ctx_second' becomes localparam in 'fixed_weight_ct' with formal parameter declaration list (VERI-1199)
C:/Users/THUAN/AppData/Local/Temp/VivadoEditorAssist971317118402450174.tmp(352): WARNING: parameter 's_ctx_third' becomes localparam in 'fixed_weight_ct' with formal parameter declaration list (VERI-1199)
C:/Users/THUAN/AppData/Local/Temp/VivadoEditorAssist971317118402450174.tmp(353): WARNING: parameter 's_ctx_fourth' becomes localparam in 'fixed_weight_ct' with formal parameter declaration list (VERI-1199)
C:/Users/THUAN/AppData/Local/Temp/VivadoEditorAssist971317118402450174.tmp(354): WARNING: parameter 's_ctx_done' becomes localparam in 'fixed_weight_ct' with formal parameter declaration list (VERI-1199)
C:/Users/THUAN/AppData/Local/Temp/VivadoEditorAssist971317118402450174.tmp(355): WARNING: parameter 's_ctx_reset' becomes localparam in 'fixed_weight_ct' with formal parameter declaration list (VERI-1199)
C:/Users/THUAN/AppData/Local/Temp/VivadoEditorAssist971317118402450174.tmp(462): WARNING: identifier 'start_red' is used before its declaration (VERI-1875)
C:/Users/THUAN/AppData/Local/Temp/VivadoEditorAssist971317118402450174.tmp(475): WARNING: identifier 'start_red' is used before its declaration (VERI-1875)
C:/Users/THUAN/AppData/Local/Temp/VivadoEditorAssist971317118402450174.tmp(493): WARNING: identifier 'start_red' is used before its declaration (VERI-1875)
C:/Users/THUAN/AppData/Local/Temp/VivadoEditorAssist971317118402450174.tmp(512): WARNING: identifier 'start_red' is used before its declaration (VERI-1875)
C:/Users/THUAN/AppData/Local/Temp/VivadoEditorAssist971317118402450174.tmp(519): WARNING: identifier 'start_red' is used before its declaration (VERI-1875)
C:/Users/THUAN/AppData/Local/Temp/VivadoEditorAssist971317118402450174.tmp(526): WARNING: identifier 'start_red' is used before its declaration (VERI-1875)
C:/Users/THUAN/AppData/Local/Temp/VivadoEditorAssist971317118402450174.tmp(533): WARNING: identifier 'start_red' is used before its declaration (VERI-1875)
C:/Users/THUAN/AppData/Local/Temp/VivadoEditorAssist971317118402450174.tmp(543): WARNING: parameter 's_red_wait' becomes localparam in 'fixed_weight_ct' with formal parameter declaration list (VERI-1199)
C:/Users/THUAN/AppData/Local/Temp/VivadoEditorAssist971317118402450174.tmp(544): WARNING: parameter 's_red_stall_0' becomes localparam in 'fixed_weight_ct' with formal parameter declaration list (VERI-1199)
C:/Users/THUAN/AppData/Local/Temp/VivadoEditorAssist971317118402450174.tmp(545): WARNING: parameter 's_red_move' becomes localparam in 'fixed_weight_ct' with formal parameter declaration list (VERI-1199)
C:/Users/THUAN/AppData/Local/Temp/VivadoEditorAssist971317118402450174.tmp(546): WARNING: parameter 's_red_stall_1' becomes localparam in 'fixed_weight_ct' with formal parameter declaration list (VERI-1199)
C:/Users/THUAN/AppData/Local/Temp/VivadoEditorAssist971317118402450174.tmp(547): WARNING: parameter 's_red_stall_1_1' becomes localparam in 'fixed_weight_ct' with formal parameter declaration list (VERI-1199)
C:/Users/THUAN/AppData/Local/Temp/VivadoEditorAssist971317118402450174.tmp(548): WARNING: parameter 's_red_stall_1_2' becomes localparam in 'fixed_weight_ct' with formal parameter declaration list (VERI-1199)
C:/Users/THUAN/AppData/Local/Temp/VivadoEditorAssist971317118402450174.tmp(549): WARNING: parameter 's_red_check_weight' becomes localparam in 'fixed_weight_ct' with formal parameter declaration list (VERI-1199)
C:/Users/THUAN/AppData/Local/Temp/VivadoEditorAssist971317118402450174.tmp(550): WARNING: parameter 's_red_wait_2' becomes localparam in 'fixed_weight_ct' with formal parameter declaration list (VERI-1199)
C:/Users/THUAN/AppData/Local/Temp/VivadoEditorAssist971317118402450174.tmp(551): WARNING: parameter 's_red_wait_for_collision' becomes localparam in 'fixed_weight_ct' with formal parameter declaration list (VERI-1199)
C:/Users/THUAN/AppData/Local/Temp/VivadoEditorAssist971317118402450174.tmp(552): WARNING: parameter 's_red_move_2' becomes localparam in 'fixed_weight_ct' with formal parameter declaration list (VERI-1199)
C:/Users/THUAN/AppData/Local/Temp/VivadoEditorAssist971317118402450174.tmp(553): WARNING: parameter 's_red_done' becomes localparam in 'fixed_weight_ct' with formal parameter declaration list (VERI-1199)
C:/Users/THUAN/AppData/Local/Temp/VivadoEditorAssist971317118402450174.tmp(554): WARNING: parameter 's_red_stall_2' becomes localparam in 'fixed_weight_ct' with formal parameter declaration list (VERI-1199)
C:/Users/THUAN/AppData/Local/Temp/VivadoEditorAssist971317118402450174.tmp(555): WARNING: parameter 's_red_move_3' becomes localparam in 'fixed_weight_ct' with formal parameter declaration list (VERI-1199)
C:/Users/THUAN/AppData/Local/Temp/VivadoEditorAssist971317118402450174.tmp(556): WARNING: parameter 's_red_wait_3' becomes localparam in 'fixed_weight_ct' with formal parameter declaration list (VERI-1199)
C:/Users/THUAN/AppData/Local/Temp/VivadoEditorAssist971317118402450174.tmp(557): WARNING: parameter 's_red_wait_from_second' becomes localparam in 'fixed_weight_ct' with formal parameter declaration list (VERI-1199)
C:/Users/THUAN/AppData/Local/Temp/VivadoEditorAssist971317118402450174.tmp(880): WARNING: parameter 's_init_shake' becomes localparam in 'fixed_weight_ct' with formal parameter declaration list (VERI-1199)
C:/Users/THUAN/AppData/Local/Temp/VivadoEditorAssist971317118402450174.tmp(881): WARNING: parameter 's_wait_for_shake_out_ready' becomes localparam in 'fixed_weight_ct' with formal parameter declaration list (VERI-1199)
C:/Users/THUAN/AppData/Local/Temp/VivadoEditorAssist971317118402450174.tmp(882): WARNING: parameter 's_shake_out_w' becomes localparam in 'fixed_weight_ct' with formal parameter declaration list (VERI-1199)
C:/Users/THUAN/AppData/Local/Temp/VivadoEditorAssist971317118402450174.tmp(883): WARNING: parameter 's_shake_in_w' becomes localparam in 'fixed_weight_ct' with formal parameter declaration list (VERI-1199)
C:/Users/THUAN/AppData/Local/Temp/VivadoEditorAssist971317118402450174.tmp(884): WARNING: parameter 's_load_new_seed' becomes localparam in 'fixed_weight_ct' with formal parameter declaration list (VERI-1199)
C:/Users/THUAN/AppData/Local/Temp/VivadoEditorAssist971317118402450174.tmp(885): WARNING: parameter 's_stall_0' becomes localparam in 'fixed_weight_ct' with formal parameter declaration list (VERI-1199)
C:/Users/THUAN/AppData/Local/Temp/VivadoEditorAssist971317118402450174.tmp(886): WARNING: parameter 's_load_domain_sep' becomes localparam in 'fixed_weight_ct' with formal parameter declaration list (VERI-1199)
C:/Users/THUAN/AppData/Local/Temp/VivadoEditorAssist971317118402450174.tmp(887): WARNING: parameter 's_wait_for_collision_1' becomes localparam in 'fixed_weight_ct' with formal parameter declaration list (VERI-1199)
C:/Users/THUAN/AppData/Local/Temp/VivadoEditorAssist971317118402450174.tmp(888): WARNING: parameter 's_wait_for_collision_2' becomes localparam in 'fixed_weight_ct' with formal parameter declaration list (VERI-1199)
C:/Users/THUAN/AppData/Local/Temp/VivadoEditorAssist971317118402450174.tmp(889): WARNING: parameter 's_wait_for_collision_3' becomes localparam in 'fixed_weight_ct' with formal parameter declaration list (VERI-1199)
C:/Users/THUAN/AppData/Local/Temp/VivadoEditorAssist971317118402450174.tmp(890): WARNING: parameter 's_wait_for_collision_4' becomes localparam in 'fixed_weight_ct' with formal parameter declaration list (VERI-1199)
INFO: analyzing module fixed_weight_cww (VERI-9002)
C:/Users/THUAN/Downloads/joint/fixed_weight_cww.v(141): WARNING: redeclaration of ANSI port 'din_shake' is not allowed (VERI-1372)
C:/Users/THUAN/Downloads/joint/fixed_weight_cww.v(241): INFO: undeclared symbol 'dout_reduced_valid', assumed default net type 'wire' (VERI-2561)
C:/Users/THUAN/Downloads/joint/fixed_weight_cww.v(244): INFO: undeclared symbol 'n_minus_i', assumed default net type 'wire' (VERI-2561)
C:/Users/THUAN/Downloads/joint/fixed_weight_cww.v(245): INFO: undeclared symbol 'dout_shake_reduced', assumed default net type 'wire' (VERI-2561)
C:/Users/THUAN/Downloads/joint/fixed_weight_cww.v(270): WARNING: 'dout_shake_reduced' is already implicitly declared on line 245 (VERI-1362)
C:/Users/THUAN/Downloads/joint/fixed_weight_cww.v(309): WARNING: 'n_minus_i' is already implicitly declared on line 244 (VERI-1362)
C:/Users/THUAN/Downloads/joint/fixed_weight_cww.v(322): WARNING: 'dout_reduced_valid' is already implicitly declared on line 241 (VERI-1362)
C:/Users/THUAN/Downloads/joint/fixed_weight_cww.v(190): WARNING: parameter 'BARRETT_CONSTANTS' becomes localparam in 'fixed_weight_cww' with formal parameter declaration list (VERI-1199)
C:/Users/THUAN/Downloads/joint/fixed_weight_cww.v(229): WARNING: identifier 'n_minus_i' is used before its declaration (VERI-1875)
C:/Users/THUAN/Downloads/joint/fixed_weight_cww.v(232): WARNING: identifier 'n_minus_i' is used before its declaration (VERI-1875)
C:/Users/THUAN/Downloads/joint/fixed_weight_cww.v(232): WARNING: identifier 'n_minus_i' is used before its declaration (VERI-1875)
C:/Users/THUAN/Downloads/joint/fixed_weight_cww.v(272): WARNING: identifier 'count' is used before its declaration (VERI-1875)
C:/Users/THUAN/Downloads/joint/fixed_weight_cww.v(313): WARNING: parameter 's_wait_for_shake' becomes localparam in 'fixed_weight_cww' with formal parameter declaration list (VERI-1199)
C:/Users/THUAN/Downloads/joint/fixed_weight_cww.v(314): WARNING: parameter 's_init_mem' becomes localparam in 'fixed_weight_cww' with formal parameter declaration list (VERI-1199)
C:/Users/THUAN/Downloads/joint/fixed_weight_cww.v(315): WARNING: parameter 's_load_shake' becomes localparam in 'fixed_weight_cww' with formal parameter declaration list (VERI-1199)
C:/Users/THUAN/Downloads/joint/fixed_weight_cww.v(316): WARNING: parameter 's_stall' becomes localparam in 'fixed_weight_cww' with formal parameter declaration list (VERI-1199)
C:/Users/THUAN/Downloads/joint/fixed_weight_cww.v(317): WARNING: parameter 's_swap' becomes localparam in 'fixed_weight_cww' with formal parameter declaration list (VERI-1199)
C:/Users/THUAN/Downloads/joint/fixed_weight_cww.v(318): WARNING: parameter 's_wait_onegen' becomes localparam in 'fixed_weight_cww' with formal parameter declaration list (VERI-1199)
C:/Users/THUAN/Downloads/joint/fixed_weight_cww.v(319): WARNING: parameter 's_stall_first' becomes localparam in 'fixed_weight_cww' with formal parameter declaration list (VERI-1199)
C:/Users/THUAN/Downloads/joint/fixed_weight_cww.v(320): WARNING: parameter 's_done' becomes localparam in 'fixed_weight_cww' with formal parameter declaration list (VERI-1199)
C:/Users/THUAN/Downloads/joint/fixed_weight_cww.v(490): WARNING: parameter 's_init_shake' becomes localparam in 'fixed_weight_cww' with formal parameter declaration list (VERI-1199)
C:/Users/THUAN/Downloads/joint/fixed_weight_cww.v(491): WARNING: parameter 's_wait_for_shake_out_ready' becomes localparam in 'fixed_weight_cww' with formal parameter declaration list (VERI-1199)
C:/Users/THUAN/Downloads/joint/fixed_weight_cww.v(492): WARNING: parameter 's_shake_out_w' becomes localparam in 'fixed_weight_cww' with formal parameter declaration list (VERI-1199)
C:/Users/THUAN/Downloads/joint/fixed_weight_cww.v(493): WARNING: parameter 's_shake_in_w' becomes localparam in 'fixed_weight_cww' with formal parameter declaration list (VERI-1199)
C:/Users/THUAN/Downloads/joint/fixed_weight_cww.v(494): WARNING: parameter 's_load_new_seed' becomes localparam in 'fixed_weight_cww' with formal parameter declaration list (VERI-1199)
C:/Users/THUAN/Downloads/joint/fixed_weight_cww.v(495): WARNING: parameter 's_stall_0' becomes localparam in 'fixed_weight_cww' with formal parameter declaration list (VERI-1199)
C:/Users/THUAN/Downloads/joint/fixed_weight_cww.v(496): WARNING: parameter 's_load_domain_sep' becomes localparam in 'fixed_weight_cww' with formal parameter declaration list (VERI-1199)
C:/Users/THUAN/Downloads/joint/fixed_weight_cww.v(497): WARNING: parameter 's_wait' becomes localparam in 'fixed_weight_cww' with formal parameter declaration list (VERI-1199)
C:/Users/THUAN/Downloads/joint/fixed_weight_cww.v(498): WARNING: parameter 's_wait_for_collision_2' becomes localparam in 'fixed_weight_cww' with formal parameter declaration list (VERI-1199)
C:/Users/THUAN/Downloads/joint/fixed_weight_cww.v(499): WARNING: parameter 's_wait_for_collision_3' becomes localparam in 'fixed_weight_cww' with formal parameter declaration list (VERI-1199)
C:/Users/THUAN/Downloads/joint/fixed_weight_cww.v(500): WARNING: parameter 's_wait_for_collision_4' becomes localparam in 'fixed_weight_cww' with formal parameter declaration list (VERI-1199)
INFO: analyzing module gf_mul (VERI-9002)
INFO: analyzing module gfmul (VERI-9002)
INFO: analyzing module hqc_barrett_red (VERI-9002)
INFO: analyzing module hqc_decod_top (VERI-9002)
INFO: analyzing module hqc_rmdecod_ctrl (VERI-9002)
INFO: analyzing module hqc_rmdecod_expnsum (VERI-9002)
INFO: analyzing module hqc_rmdecod_findpeaks (VERI-9002)
INFO: analyzing module findpeaks_core (VERI-9002)
C:/Users/THUAN/Downloads/joint/hqc_rmdecod_findpeaks.v(176): INFO: undeclared symbol 'last_din', assumed default net type 'wire' (VERI-2561)
INFO: analyzing module hqc_rmdecod_hadamard (VERI-9002)
INFO: analyzing module hadamard_layer (VERI-9002)
INFO: analyzing module hqc_rmdecod_top (VERI-9002)
INFO: analyzing module hqc_rsdecod_elp (VERI-9002)
C:/Users/THUAN/Downloads/joint/hqc_rsdecod_elp.v(186): INFO: undeclared symbol 'last_cnt', assumed default net type 'wire' (VERI-2561)
INFO: analyzing module hqc_rsdecod_err_val (VERI-9002)
INFO: analyzing module hqc_rsdecod_roots (VERI-9002)
C:/Users/THUAN/Downloads/joint/hqc_rsdecod_roots.v(47): WARNING: data object 'fft_done' is already declared (VERI-2170)
C:/Users/THUAN/Downloads/joint/hqc_rsdecod_roots.v(44): INFO: previous declaration of 'fft_done' is from here (VERI-1967)
C:/Users/THUAN/Downloads/joint/hqc_rsdecod_roots.v(47): WARNING: second declaration of 'fft_done' is ignored (VERI-1329)
INFO: analyzing module hqc_rsdecod_syndromes (VERI-9002)
INFO: analyzing module hqc_rsdecod_top (VERI-9002)
C:/Users/THUAN/Downloads/joint/hqc_rsdecod_top.v(147): INFO: undeclared symbol 'err_val_valid', assumed default net type 'wire' (VERI-2561)
INFO: analyzing module hqc_rsdecod_zpoly (VERI-9002)
INFO: analyzing module karatsuba_small (VERI-9002)
C:/Users/THUAN/Downloads/joint/keccak_top.v(31): INFO: Compiling verilog file "C:/Users/THUAN/Downloads/joint/clog2.v" included at line 31. (VERI-9003)
C:/Users/THUAN/Downloads/joint/keccak_top.v(31): INFO: back to file 'C:/Users/THUAN/Downloads/joint/keccak_top.v' (VERI-2320)
C:/Users/THUAN/Downloads/joint/keccak_top.v(33): INFO: Compiling verilog file "C:/Users/THUAN/Downloads/joint/keccak_pkg.v" included at line 33. (VERI-9003)
C:/Users/THUAN/Downloads/joint/keccak_top.v(33): INFO: back to file 'C:/Users/THUAN/Downloads/joint/keccak_top.v' (VERI-2320)
INFO: analyzing module keccak_top (VERI-9002)
C:/Users/THUAN/AppData/Local/Temp/VivadoEditorAssist2272742347543655779.tmp(23): INFO: Compiling verilog file "C:/Users/THUAN/Downloads/joint/clog2.v" included at line 23. (VERI-9003)
C:/Users/THUAN/AppData/Local/Temp/VivadoEditorAssist2272742347543655779.tmp(23): INFO: back to file 'C:/Users/THUAN/AppData/Local/Temp/VivadoEditorAssist2272742347543655779.tmp' (VERI-2320)
INFO: analyzing module keygen (VERI-9002)
C:/Users/THUAN/AppData/Local/Temp/VivadoEditorAssist2272742347543655779.tmp(317): INFO: undeclared symbol 'x_addr_reg', assumed default net type 'wire' (VERI-2561)
C:/Users/THUAN/AppData/Local/Temp/VivadoEditorAssist2272742347543655779.tmp(387): INFO: undeclared symbol 'pm_rd_addr', assumed default net type 'wire' (VERI-2561)
C:/Users/THUAN/AppData/Local/Temp/VivadoEditorAssist2272742347543655779.tmp(388): INFO: undeclared symbol 'pm_rd_en', assumed default net type 'wire' (VERI-2561)
C:/Users/THUAN/AppData/Local/Temp/VivadoEditorAssist2272742347543655779.tmp(390): INFO: undeclared symbol 'pm_out', assumed default net type 'wire' (VERI-2561)
C:/Users/THUAN/AppData/Local/Temp/VivadoEditorAssist2272742347543655779.tmp(392): INFO: undeclared symbol 'add_out', assumed default net type 'wire' (VERI-2561)
C:/Users/THUAN/AppData/Local/Temp/VivadoEditorAssist2272742347543655779.tmp(393): INFO: undeclared symbol 'add_out_addr', assumed default net type 'wire' (VERI-2561)
C:/Users/THUAN/AppData/Local/Temp/VivadoEditorAssist2272742347543655779.tmp(394): INFO: undeclared symbol 'add_out_valid', assumed default net type 'wire' (VERI-2561)
C:/Users/THUAN/AppData/Local/Temp/VivadoEditorAssist2272742347543655779.tmp(398): WARNING: 'pm_out' is already implicitly declared on line 390 (VERI-1362)
C:/Users/THUAN/AppData/Local/Temp/VivadoEditorAssist2272742347543655779.tmp(399): WARNING: 'pm_rd_addr' is already implicitly declared on line 387 (VERI-1362)
C:/Users/THUAN/AppData/Local/Temp/VivadoEditorAssist2272742347543655779.tmp(400): WARNING: 'pm_rd_en' is already implicitly declared on line 388 (VERI-1362)
C:/Users/THUAN/AppData/Local/Temp/VivadoEditorAssist2272742347543655779.tmp(402): WARNING: 'add_out' is already implicitly declared on line 392 (VERI-1362)
C:/Users/THUAN/AppData/Local/Temp/VivadoEditorAssist2272742347543655779.tmp(403): WARNING: 'add_out_addr' is already implicitly declared on line 393 (VERI-1362)
C:/Users/THUAN/AppData/Local/Temp/VivadoEditorAssist2272742347543655779.tmp(404): WARNING: 'add_out_valid' is already implicitly declared on line 394 (VERI-1362)
C:/Users/THUAN/AppData/Local/Temp/VivadoEditorAssist2272742347543655779.tmp(702): WARNING: 'x_addr_reg' is already implicitly declared on line 317 (VERI-1362)
C:/Users/THUAN/AppData/Local/Temp/VivadoEditorAssist2272742347543655779.tmp(193): WARNING: identifier 'pm_out' is used before its declaration (VERI-1875)
C:/Users/THUAN/AppData/Local/Temp/VivadoEditorAssist2272742347543655779.tmp(221): WARNING: identifier 'x_addr' is used before its declaration (VERI-1875)
C:/Users/THUAN/AppData/Local/Temp/VivadoEditorAssist2272742347543655779.tmp(221): WARNING: identifier 'y_addr' is used before its declaration (VERI-1875)
C:/Users/THUAN/AppData/Local/Temp/VivadoEditorAssist2272742347543655779.tmp(436): WARNING: parameter 's_wait_start' becomes localparam in 'keygen' with formal parameter declaration list (VERI-1199)
C:/Users/THUAN/AppData/Local/Temp/VivadoEditorAssist2272742347543655779.tmp(437): WARNING: parameter 's_gen_x' becomes localparam in 'keygen' with formal parameter declaration list (VERI-1199)
C:/Users/THUAN/AppData/Local/Temp/VivadoEditorAssist2272742347543655779.tmp(438): WARNING: parameter 's_gen_y' becomes localparam in 'keygen' with formal parameter declaration list (VERI-1199)
C:/Users/THUAN/AppData/Local/Temp/VivadoEditorAssist2272742347543655779.tmp(439): WARNING: parameter 's_clear_shake' becomes localparam in 'keygen' with formal parameter declaration list (VERI-1199)
C:/Users/THUAN/AppData/Local/Temp/VivadoEditorAssist2272742347543655779.tmp(440): WARNING: parameter 's_gen_vec_random' becomes localparam in 'keygen' with formal parameter declaration list (VERI-1199)
C:/Users/THUAN/AppData/Local/Temp/VivadoEditorAssist2272742347543655779.tmp(441): WARNING: parameter 's_h_mul_y' becomes localparam in 'keygen' with formal parameter declaration list (VERI-1199)
C:/Users/THUAN/AppData/Local/Temp/VivadoEditorAssist2272742347543655779.tmp(442): WARNING: parameter 's_x_plus_hy' becomes localparam in 'keygen' with formal parameter declaration list (VERI-1199)
C:/Users/THUAN/AppData/Local/Temp/VivadoEditorAssist2272742347543655779.tmp(443): WARNING: parameter 's_done' becomes localparam in 'keygen' with formal parameter declaration list (VERI-1199)
C:/Users/THUAN/AppData/Local/Temp/VivadoEditorAssist2272742347543655779.tmp(444): WARNING: parameter 's_wait_for_x_transfer' becomes localparam in 'keygen' with formal parameter declaration list (VERI-1199)
C:/Users/THUAN/AppData/Local/Temp/VivadoEditorAssist2272742347543655779.tmp(490): WARNING: identifier 'x_transfer_done' is used before its declaration (VERI-1875)
C:/Users/THUAN/AppData/Local/Temp/VivadoEditorAssist2272742347543655779.tmp(699): WARNING: parameter 'trx_wait_start' becomes localparam in 'keygen' with formal parameter declaration list (VERI-1199)
C:/Users/THUAN/AppData/Local/Temp/VivadoEditorAssist2272742347543655779.tmp(700): WARNING: parameter 'trx_tranfer' becomes localparam in 'keygen' with formal parameter declaration list (VERI-1199)
C:/Users/THUAN/AppData/Local/Temp/VivadoEditorAssist2272742347543655779.tmp(701): WARNING: parameter 'trx_done' becomes localparam in 'keygen' with formal parameter declaration list (VERI-1199)
INFO: analyzing module loc_based_adder (VERI-9002)
C:/Users/THUAN/Downloads/joint/loc_based_adder.v(68): WARNING: parameter 's_wait_start' becomes localparam in 'loc_based_adder' with formal parameter declaration list (VERI-1199)
C:/Users/THUAN/Downloads/joint/loc_based_adder.v(69): WARNING: parameter 's_load_loc' becomes localparam in 'loc_based_adder' with formal parameter declaration list (VERI-1199)
C:/Users/THUAN/Downloads/joint/loc_based_adder.v(70): WARNING: parameter 's_stall' becomes localparam in 'loc_based_adder' with formal parameter declaration list (VERI-1199)
C:/Users/THUAN/Downloads/joint/loc_based_adder.v(71): WARNING: parameter 's_stall_1' becomes localparam in 'loc_based_adder' with formal parameter declaration list (VERI-1199)
INFO: analyzing module mem_dual (VERI-9002)
INFO: analyzing module mem_single (VERI-9002)
INFO: analyzing module mod34 (VERI-9002)
INFO: analyzing module onegen (VERI-9002)
C:/Users/THUAN/Downloads/joint/onegen.v(165): INFO: undeclared symbol 'error_1', assumed default net type 'wire' (VERI-2561)
C:/Users/THUAN/Downloads/joint/onegen.v(83): WARNING: parameter 's_wait_for_init_mem' becomes localparam in 'onegen' with formal parameter declaration list (VERI-1199)
C:/Users/THUAN/Downloads/joint/onegen.v(84): WARNING: parameter 's_initialize' becomes localparam in 'onegen' with formal parameter declaration list (VERI-1199)
C:/Users/THUAN/Downloads/joint/onegen.v(85): WARNING: parameter 's_init_done' becomes localparam in 'onegen' with formal parameter declaration list (VERI-1199)
C:/Users/THUAN/Downloads/joint/onegen.v(86): WARNING: parameter 's_wait_start' becomes localparam in 'onegen' with formal parameter declaration list (VERI-1199)
C:/Users/THUAN/Downloads/joint/onegen.v(87): WARNING: parameter 's_load_loc' becomes localparam in 'onegen' with formal parameter declaration list (VERI-1199)
C:/Users/THUAN/Downloads/joint/onegen.v(88): WARNING: parameter 's_wait_last_2' becomes localparam in 'onegen' with formal parameter declaration list (VERI-1199)
C:/Users/THUAN/Downloads/joint/onegen.v(89): WARNING: parameter 's_read_out' becomes localparam in 'onegen' with formal parameter declaration list (VERI-1199)
C:/Users/THUAN/Downloads/joint/onegen.v(90): WARNING: parameter 's_done' becomes localparam in 'onegen' with formal parameter declaration list (VERI-1199)
C:/Users/THUAN/Downloads/joint/onegen.v(91): WARNING: parameter 's_stall_for_ram' becomes localparam in 'onegen' with formal parameter declaration list (VERI-1199)
C:/Users/THUAN/Downloads/joint/onegen.v(92): WARNING: parameter 's_stall_for_ram_2' becomes localparam in 'onegen' with formal parameter declaration list (VERI-1199)
INFO: analyzing module onegen_ct (VERI-9002)
C:/Users/THUAN/Downloads/joint/onegen_ct.v(165): INFO: undeclared symbol 'error_1', assumed default net type 'wire' (VERI-2561)
C:/Users/THUAN/Downloads/joint/onegen_ct.v(79): WARNING: parameter 's_wait_for_init_mem' becomes localparam in 'onegen_ct' with formal parameter declaration list (VERI-1199)
C:/Users/THUAN/Downloads/joint/onegen_ct.v(80): WARNING: parameter 's_initialize' becomes localparam in 'onegen_ct' with formal parameter declaration list (VERI-1199)
C:/Users/THUAN/Downloads/joint/onegen_ct.v(81): WARNING: parameter 's_init_done' becomes localparam in 'onegen_ct' with formal parameter declaration list (VERI-1199)
C:/Users/THUAN/Downloads/joint/onegen_ct.v(82): WARNING: parameter 's_wait_start' becomes localparam in 'onegen_ct' with formal parameter declaration list (VERI-1199)
C:/Users/THUAN/Downloads/joint/onegen_ct.v(83): WARNING: parameter 's_load_loc' becomes localparam in 'onegen_ct' with formal parameter declaration list (VERI-1199)
C:/Users/THUAN/Downloads/joint/onegen_ct.v(84): WARNING: parameter 's_wait_last_2' becomes localparam in 'onegen_ct' with formal parameter declaration list (VERI-1199)
C:/Users/THUAN/Downloads/joint/onegen_ct.v(85): WARNING: parameter 's_read_out' becomes localparam in 'onegen_ct' with formal parameter declaration list (VERI-1199)
C:/Users/THUAN/Downloads/joint/onegen_ct.v(86): WARNING: parameter 's_done' becomes localparam in 'onegen_ct' with formal parameter declaration list (VERI-1199)
C:/Users/THUAN/Downloads/joint/onegen_ct.v(87): WARNING: parameter 's_stall_for_ram' becomes localparam in 'onegen_ct' with formal parameter declaration list (VERI-1199)
C:/Users/THUAN/Downloads/joint/onegen_ct.v(88): WARNING: parameter 's_stall_for_ram_2' becomes localparam in 'onegen_ct' with formal parameter declaration list (VERI-1199)
C:/Users/THUAN/Downloads/joint/onegen_ct.v(89): WARNING: parameter 's_simulate_wait_start' becomes localparam in 'onegen_ct' with formal parameter declaration list (VERI-1199)
C:/Users/THUAN/Downloads/joint/onegen_ct.v(90): WARNING: parameter 's_simulate_wait_start_last' becomes localparam in 'onegen_ct' with formal parameter declaration list (VERI-1199)
INFO: analyzing module poly_mult (VERI-9002)
C:/Users/THUAN/Downloads/joint/poly_mult.v(103): WARNING: redeclaration of ANSI port 'mux_word_0' is not allowed (VERI-1372)
C:/Users/THUAN/Downloads/joint/poly_mult.v(104): WARNING: redeclaration of ANSI port 'mux_word_1' is not allowed (VERI-1372)
C:/Users/THUAN/Downloads/joint/poly_mult.v(202): WARNING: parameter 'DIFF_BITS' becomes localparam in 'poly_mult' with formal parameter declaration list (VERI-1199)
C:/Users/THUAN/Downloads/joint/poly_mult.v(218): WARNING: identifier 'addr_0_intermediate' is used before its declaration (VERI-1875)
C:/Users/THUAN/Downloads/joint/poly_mult.v(229): WARNING: identifier 'addr_0_intermediate' is used before its declaration (VERI-1875)
C:/Users/THUAN/Downloads/joint/poly_mult.v(230): WARNING: identifier 'addr_0_intermediate' is used before its declaration (VERI-1875)
C:/Users/THUAN/Downloads/joint/poly_mult.v(233): WARNING: identifier 'state' is used before its declaration (VERI-1875)
C:/Users/THUAN/Downloads/joint/poly_mult.v(233): WARNING: identifier 'S_CLEAR_INTER_MEM' is used before its declaration (VERI-1875)
C:/Users/THUAN/Downloads/joint/poly_mult.v(263): WARNING: parameter 'S_WAIT_START_L' becomes localparam in 'poly_mult' with formal parameter declaration list (VERI-1199)
C:/Users/THUAN/Downloads/joint/poly_mult.v(264): WARNING: parameter 'S_CLEAR_INTER_MEM' becomes localparam in 'poly_mult' with formal parameter declaration list (VERI-1199)
C:/Users/THUAN/Downloads/joint/poly_mult.v(265): WARNING: parameter 'S_LOAD_DONE_L' becomes localparam in 'poly_mult' with formal parameter declaration list (VERI-1199)
C:/Users/THUAN/Downloads/joint/poly_mult.v(266): WARNING: parameter 'S_ADDR_SETTING' becomes localparam in 'poly_mult' with formal parameter declaration list (VERI-1199)
C:/Users/THUAN/Downloads/joint/poly_mult.v(267): WARNING: parameter 'S_SHIFT_L' becomes localparam in 'poly_mult' with formal parameter declaration list (VERI-1199)
C:/Users/THUAN/Downloads/joint/poly_mult.v(268): WARNING: parameter 'S_MUL_DONE' becomes localparam in 'poly_mult' with formal parameter declaration list (VERI-1199)
C:/Users/THUAN/Downloads/joint/poly_mult.v(269): WARNING: parameter 'S_REDUCTION_START' becomes localparam in 'poly_mult' with formal parameter declaration list (VERI-1199)
C:/Users/THUAN/Downloads/joint/poly_mult.v(270): WARNING: parameter 'S_WAIT_REDUCTION' becomes localparam in 'poly_mult' with formal parameter declaration list (VERI-1199)
C:/Users/THUAN/Downloads/joint/poly_mult.v(271): WARNING: parameter 'S_REDUCTION_DONE' becomes localparam in 'poly_mult' with formal parameter declaration list (VERI-1199)
C:/Users/THUAN/Downloads/joint/poly_mult.v(273): WARNING: parameter 'S_STALL' becomes localparam in 'poly_mult' with formal parameter declaration list (VERI-1199)
C:/Users/THUAN/Downloads/joint/rc.v(26): INFO: Compiling verilog file "C:/Users/THUAN/Downloads/joint/clog2.v" included at line 26. (VERI-9003)
C:/Users/THUAN/Downloads/joint/rc.v(26): INFO: back to file 'C:/Users/THUAN/Downloads/joint/rc.v' (VERI-2320)
C:/Users/THUAN/Downloads/joint/rc.v(28): INFO: Compiling verilog file "C:/Users/THUAN/Downloads/joint/keccak_pkg.v" included at line 28. (VERI-9003)
C:/Users/THUAN/Downloads/joint/rc.v(28): INFO: back to file 'C:/Users/THUAN/Downloads/joint/rc.v' (VERI-2320)
INFO: analyzing module rc (VERI-9002)
INFO: analyzing module reed_muller_encode (VERI-9002)
C:/Users/THUAN/Downloads/joint/reed_muller_encode.v(93): INFO: undeclared symbol 'wr_en', assumed default net type 'wire' (VERI-2561)
C:/Users/THUAN/Downloads/joint/reed_muller_encode.v(101): WARNING: 'wr_en' is already implicitly declared on line 93 (VERI-1362)
C:/Users/THUAN/Downloads/joint/reed_muller_encode.v(67): WARNING: identifier 'init' is used before its declaration (VERI-1875)
C:/Users/THUAN/Downloads/joint/reed_muller_encode.v(70): WARNING: identifier 'shift_cdw' is used before its declaration (VERI-1875)
C:/Users/THUAN/Downloads/joint/reed_muller_encode.v(86): WARNING: identifier 'count_cdw_bytes' is used before its declaration (VERI-1875)
C:/Users/THUAN/Downloads/joint/reed_muller_encode.v(105): WARNING: parameter 's_wait_start' becomes localparam in 'reed_muller_encode' with formal parameter declaration list (VERI-1199)
C:/Users/THUAN/Downloads/joint/reed_muller_encode.v(106): WARNING: parameter 's_encode' becomes localparam in 'reed_muller_encode' with formal parameter declaration list (VERI-1199)
C:/Users/THUAN/Downloads/joint/reed_muller_encode.v(107): WARNING: parameter 's_done' becomes localparam in 'reed_muller_encode' with formal parameter declaration list (VERI-1199)
INFO: analyzing module reed_solomon_encode (VERI-9002)
C:/Users/THUAN/Downloads/joint/reed_solomon_encode.v(75): WARNING: identifier 'init_msg' is used before its declaration (VERI-1875)
C:/Users/THUAN/Downloads/joint/reed_solomon_encode.v(78): WARNING: identifier 'shift_msg' is used before its declaration (VERI-1875)
C:/Users/THUAN/Downloads/joint/reed_solomon_encode.v(88): WARNING: identifier 'init_msg' is used before its declaration (VERI-1875)
C:/Users/THUAN/Downloads/joint/reed_solomon_encode.v(131): WARNING: parameter 's_wait_start' becomes localparam in 'reed_solomon_encode' with formal parameter declaration list (VERI-1199)
C:/Users/THUAN/Downloads/joint/reed_solomon_encode.v(132): WARNING: parameter 's_gf_mult' becomes localparam in 'reed_solomon_encode' with formal parameter declaration list (VERI-1199)
C:/Users/THUAN/Downloads/joint/reed_solomon_encode.v(133): WARNING: parameter 's_mult_done' becomes localparam in 'reed_solomon_encode' with formal parameter declaration list (VERI-1199)
C:/Users/THUAN/Downloads/joint/reed_solomon_encode.v(134): WARNING: parameter 's_update_count' becomes localparam in 'reed_solomon_encode' with formal parameter declaration list (VERI-1199)
C:/Users/THUAN/Downloads/joint/reed_solomon_encode.v(135): WARNING: parameter 's_done' becomes localparam in 'reed_solomon_encode' with formal parameter declaration list (VERI-1199)
INFO: analyzing module rm_encoder (VERI-9002)
C:/Users/THUAN/Downloads/joint/state_ram.v(49): INFO: Compiling verilog file "C:/Users/THUAN/Downloads/joint/clog2.v" included at line 49. (VERI-9003)
C:/Users/THUAN/Downloads/joint/state_ram.v(49): INFO: back to file 'C:/Users/THUAN/Downloads/joint/state_ram.v' (VERI-2320)
C:/Users/THUAN/Downloads/joint/state_ram.v(51): INFO: Compiling verilog file "C:/Users/THUAN/Downloads/joint/keccak_pkg.v" included at line 51. (VERI-9003)
C:/Users/THUAN/Downloads/joint/state_ram.v(51): INFO: back to file 'C:/Users/THUAN/Downloads/joint/state_ram.v' (VERI-2320)
C:/Users/THUAN/Downloads/joint/state_ram.v(53): INFO: Compiling verilog file "C:/Users/THUAN/Downloads/joint/keccak_math.v" included at line 53. (VERI-9003)
C:/Users/THUAN/Downloads/joint/state_ram.v(53): INFO: back to file 'C:/Users/THUAN/Downloads/joint/state_ram.v' (VERI-2320)
INFO: analyzing module state_ram (VERI-9002)
C:/Users/THUAN/Downloads/joint/state_ram.v(122): WARNING: event expressions must result in a singular type (VERI-1445)
C:/Users/THUAN/Downloads/joint/state_ram.v(122): WARNING: event expressions must result in a singular type (VERI-1445)
C:/Users/THUAN/Downloads/joint/state_ram.v(228): WARNING: event expressions must result in a singular type (VERI-1445)
C:/Users/THUAN/Downloads/joint/state_ram.v(278): WARNING: event expressions must result in a singular type (VERI-1445)
C:/Users/THUAN/Downloads/joint/state_ram.v(278): WARNING: event expressions must result in a singular type (VERI-1445)
C:/Users/THUAN/Downloads/joint/state_ram.v(379): WARNING: event expressions must result in a singular type (VERI-1445)
C:/Users/THUAN/Downloads/joint/state_ram.v(379): WARNING: event expressions must result in a singular type (VERI-1445)
C:/Users/THUAN/Downloads/joint/stateram_inference.v(30): INFO: Compiling verilog file "C:/Users/THUAN/Downloads/joint/clog2.v" included at line 30. (VERI-9003)
C:/Users/THUAN/Downloads/joint/stateram_inference.v(30): INFO: back to file 'C:/Users/THUAN/Downloads/joint/stateram_inference.v' (VERI-2320)
C:/Users/THUAN/Downloads/joint/stateram_inference.v(32): INFO: Compiling verilog file "C:/Users/THUAN/Downloads/joint/keccak_pkg.v" included at line 32. (VERI-9003)
C:/Users/THUAN/Downloads/joint/stateram_inference.v(32): INFO: back to file 'C:/Users/THUAN/Downloads/joint/stateram_inference.v' (VERI-2320)
C:/Users/THUAN/Downloads/joint/stateram_inference.v(34): INFO: Compiling verilog file "C:/Users/THUAN/Downloads/joint/keccak_math.v" included at line 34. (VERI-9003)
C:/Users/THUAN/Downloads/joint/stateram_inference.v(34): INFO: back to file 'C:/Users/THUAN/Downloads/joint/stateram_inference.v' (VERI-2320)
INFO: analyzing module stateram_inference (VERI-9002)
INFO: analyzing module syncfifo (VERI-9002)
C:/Users/THUAN/Downloads/joint/transform.v(26): INFO: Compiling verilog file "C:/Users/THUAN/Downloads/joint/clog2.v" included at line 26. (VERI-9003)
C:/Users/THUAN/Downloads/joint/transform.v(26): INFO: back to file 'C:/Users/THUAN/Downloads/joint/transform.v' (VERI-2320)
C:/Users/THUAN/Downloads/joint/transform.v(28): INFO: Compiling verilog file "C:/Users/THUAN/Downloads/joint/keccak_pkg.v" included at line 28. (VERI-9003)
C:/Users/THUAN/Downloads/joint/transform.v(28): INFO: back to file 'C:/Users/THUAN/Downloads/joint/transform.v' (VERI-2320)
INFO: analyzing module transform (VERI-9002)
INFO: analyzing module v_minus_uy (VERI-9002)
C:/Users/THUAN/Downloads/joint/v_minus_uy.v(219): WARNING: data object 'pm_out' is already declared (VERI-2170)
C:/Users/THUAN/Downloads/joint/v_minus_uy.v(136): INFO: previous declaration of 'pm_out' is from here (VERI-1967)
C:/Users/THUAN/Downloads/joint/v_minus_uy.v(219): WARNING: second declaration of 'pm_out' is ignored (VERI-1329)
C:/Users/THUAN/Downloads/joint/v_minus_uy.v(145): WARNING: identifier 'xor_add_addr' is used before its declaration (VERI-1875)
C:/Users/THUAN/Downloads/joint/v_minus_uy.v(168): WARNING: identifier 'xor_add_en' is used before its declaration (VERI-1875)
C:/Users/THUAN/Downloads/joint/v_minus_uy.v(169): WARNING: identifier 'xor_add_addr' is used before its declaration (VERI-1875)
C:/Users/THUAN/Downloads/joint/v_minus_uy.v(170): WARNING: identifier 'xor_add_out_valid' is used before its declaration (VERI-1875)
C:/Users/THUAN/Downloads/joint/v_minus_uy.v(171): WARNING: identifier 'xor_add_out_addr' is used before its declaration (VERI-1875)
C:/Users/THUAN/Downloads/joint/v_minus_uy.v(172): WARNING: identifier 'xor_add_out' is used before its declaration (VERI-1875)
C:/Users/THUAN/Downloads/joint/v_minus_uy.v(265): WARNING: parameter 's_wait_start' becomes localparam in 'v_minus_uy' with formal parameter declaration list (VERI-1199)
C:/Users/THUAN/Downloads/joint/v_minus_uy.v(266): WARNING: parameter 's_u_mul_y' becomes localparam in 'v_minus_uy' with formal parameter declaration list (VERI-1199)
C:/Users/THUAN/Downloads/joint/v_minus_uy.v(267): WARNING: parameter 's_v_minus_uy' becomes localparam in 'v_minus_uy' with formal parameter declaration list (VERI-1199)
C:/Users/THUAN/Downloads/joint/v_minus_uy.v(268): WARNING: parameter 's_done' becomes localparam in 'v_minus_uy' with formal parameter declaration list (VERI-1199)
C:/Users/THUAN/Downloads/joint/vect_set_random.v(26): INFO: Compiling verilog file "C:/Users/THUAN/Downloads/joint/keccak_pkg.v" included at line 26. (VERI-9003)
C:/Users/THUAN/Downloads/joint/vect_set_random.v(26): INFO: back to file 'C:/Users/THUAN/Downloads/joint/vect_set_random.v' (VERI-2320)
INFO: analyzing module vect_set_random (VERI-9002)
C:/Users/THUAN/Downloads/joint/vect_set_random.v(104): WARNING: redeclaration of ANSI port 'shake_din' is not allowed (VERI-1372)
C:/Users/THUAN/Downloads/joint/vect_set_random.v(151): INFO: undeclared symbol 'rand_mem_in', assumed default net type 'wire' (VERI-2561)
C:/Users/THUAN/Downloads/joint/vect_set_random.v(155): INFO: undeclared symbol 'wr_en_rand', assumed default net type 'wire' (VERI-2561)
C:/Users/THUAN/Downloads/joint/vect_set_random.v(167): WARNING: 'rand_mem_in' is already implicitly declared on line 151 (VERI-1362)
C:/Users/THUAN/Downloads/joint/vect_set_random.v(168): WARNING: 'wr_en_rand' is already implicitly declared on line 155 (VERI-1362)
C:/Users/THUAN/Downloads/joint/vect_set_random.v(97): WARNING: parameter 'BLOCKS_IN_MEM_WIDTH' becomes localparam in 'vect_set_random' with formal parameter declaration list (VERI-1199)
C:/Users/THUAN/Downloads/joint/vect_set_random.v(98): WARNING: parameter 'LOG_BIM' becomes localparam in 'vect_set_random' with formal parameter declaration list (VERI-1199)
C:/Users/THUAN/Downloads/joint/vect_set_random.v(146): WARNING: identifier 'pk_rand_addr' is used before its declaration (VERI-1875)
C:/Users/THUAN/Downloads/joint/vect_set_random.v(174): WARNING: identifier 'pk_rand_addr' is used before its declaration (VERI-1875)
C:/Users/THUAN/Downloads/joint/vect_set_random.v(200): WARNING: identifier 'pk_rand_addr_reg' is used before its declaration (VERI-1875)
C:/Users/THUAN/Downloads/joint/vect_set_random.v(200): WARNING: identifier 'pk_rand_addr' is used before its declaration (VERI-1875)
C:/Users/THUAN/Downloads/joint/vect_set_random.v(201): WARNING: identifier 'pk_rand_addr' is used before its declaration (VERI-1875)
C:/Users/THUAN/Downloads/joint/vect_set_random.v(208): WARNING: identifier 'pk_rand_addr' is used before its declaration (VERI-1875)
C:/Users/THUAN/Downloads/joint/vect_set_random.v(219): WARNING: identifier 'pk_rand_addr_reg' is used before its declaration (VERI-1875)
C:/Users/THUAN/Downloads/joint/vect_set_random.v(219): WARNING: identifier 'pk_rand_addr' is used before its declaration (VERI-1875)
C:/Users/THUAN/Downloads/joint/vect_set_random.v(242): WARNING: parameter 'pk_wait_start' becomes localparam in 'vect_set_random' with formal parameter declaration list (VERI-1199)
C:/Users/THUAN/Downloads/joint/vect_set_random.v(243): WARNING: parameter 'pk_load_rand' becomes localparam in 'vect_set_random' with formal parameter declaration list (VERI-1199)
C:/Users/THUAN/Downloads/joint/vect_set_random.v(244): WARNING: parameter 'pk_stall_0' becomes localparam in 'vect_set_random' with formal parameter declaration list (VERI-1199)
C:/Users/THUAN/Downloads/joint/vect_set_random.v(340): WARNING: parameter 's_init_shake' becomes localparam in 'vect_set_random' with formal parameter declaration list (VERI-1199)
C:/Users/THUAN/Downloads/joint/vect_set_random.v(341): WARNING: parameter 's_wait_for_shake_out_ready' becomes localparam in 'vect_set_random' with formal parameter declaration list (VERI-1199)
C:/Users/THUAN/Downloads/joint/vect_set_random.v(342): WARNING: parameter 's_shake_out_w' becomes localparam in 'vect_set_random' with formal parameter declaration list (VERI-1199)
C:/Users/THUAN/Downloads/joint/vect_set_random.v(343): WARNING: parameter 's_shake_in_w' becomes localparam in 'vect_set_random' with formal parameter declaration list (VERI-1199)
C:/Users/THUAN/Downloads/joint/vect_set_random.v(344): WARNING: parameter 's_load_new_seed' becomes localparam in 'vect_set_random' with formal parameter declaration list (VERI-1199)
C:/Users/THUAN/Downloads/joint/vect_set_random.v(345): WARNING: parameter 's_stall_0' becomes localparam in 'vect_set_random' with formal parameter declaration list (VERI-1199)
INFO: analyzing module xor_based_adder (VERI-9002)
C:/Users/THUAN/Downloads/joint/xor_based_adder.v(87): WARNING: parameter 's_wait_start' becomes localparam in 'xor_based_adder' with formal parameter declaration list (VERI-1199)
C:/Users/THUAN/Downloads/joint/xor_based_adder.v(88): WARNING: parameter 's_load_loc' becomes localparam in 'xor_based_adder' with formal parameter declaration list (VERI-1199)
C:/Users/THUAN/Downloads/joint/xor_based_adder.v(89): WARNING: parameter 's_stall' becomes localparam in 'xor_based_adder' with formal parameter declaration list (VERI-1199)
C:/Users/THUAN/AppData/Local/Temp/VivadoEditorAssist12862218047772026365.tmp(24): INFO: Compiling verilog file "C:/Users/THUAN/Downloads/joint/clog2.v" included at line 24. (VERI-9003)
C:/Users/THUAN/AppData/Local/Temp/VivadoEditorAssist12862218047772026365.tmp(24): INFO: back to file 'C:/Users/THUAN/AppData/Local/Temp/VivadoEditorAssist12862218047772026365.tmp' (VERI-2320)
INFO: analyzing module hqc_kem_joint_design (VERI-9002)
C:/Users/THUAN/AppData/Local/Temp/VivadoEditorAssist12862218047772026365.tmp(197): WARNING: parameter 'KEYGEN' becomes localparam in 'hqc_kem_joint_design' with formal parameter declaration list (VERI-1199)
C:/Users/THUAN/AppData/Local/Temp/VivadoEditorAssist12862218047772026365.tmp(198): WARNING: parameter 'ENCAPSULATION' becomes localparam in 'hqc_kem_joint_design' with formal parameter declaration list (VERI-1199)
C:/Users/THUAN/AppData/Local/Temp/VivadoEditorAssist12862218047772026365.tmp(199): WARNING: parameter 'DECAPSULATION' becomes localparam in 'hqc_kem_joint_design' with formal parameter declaration list (VERI-1199)
srcscan exits with return value 0
