Copyright 1986-2022 Xilinx, Inc. All Rights Reserved.
----------------------------------------------------------------------------------------
| Tool Version : Vivado v.2022.2 (win64) Build 3671981 Fri Oct 14 05:00:03 MDT 2022
| Date         : Sun Feb  8 18:45:43 2026
| Host         : MSI running 64-bit major release  (build 9200)
| Command      : report_control_sets -verbose -file HQC_wrapper_control_sets_placed.rpt
| Design       : HQC_wrapper
| Device       : xck26
----------------------------------------------------------------------------------------

Control Set Information

Table of Contents
-----------------
1. Summary
2. Histogram
3. Flip-Flop Distribution
4. Detailed Control Set Information

1. Summary
----------

+----------------------------------------------------------+-------+
|                          Status                          | Count |
+----------------------------------------------------------+-------+
| Total control sets                                       |   532 |
|    Minimum number of control sets                        |   532 |
|    Addition due to synthesis replication                 |     0 |
|    Addition due to physical synthesis replication        |     0 |
| Unused register locations in slices containing registers |   696 |
+----------------------------------------------------------+-------+
* Control sets can be merged at opt_design using control_set_merge or merge_equivalent_drivers
** Run report_qor_suggestions for automated merging and remapping suggestions


2. Histogram
------------

+--------------------+-------+
|       Fanout       | Count |
+--------------------+-------+
| Total control sets |   532 |
| >= 0 to < 4        |   112 |
| >= 4 to < 6        |    54 |
| >= 6 to < 8        |    61 |
| >= 8 to < 10       |   106 |
| >= 10 to < 12      |   102 |
| >= 12 to < 14      |     3 |
| >= 14 to < 16      |     3 |
| >= 16              |    91 |
+--------------------+-------+
* Control sets can be remapped at either synth_design or opt_design


3. Flip-Flop Distribution
-------------------------

+--------------+-----------------------+------------------------+-----------------+--------------+
| Clock Enable | Synchronous Set/Reset | Asynchronous Set/Reset | Total Registers | Total Slices |
+--------------+-----------------------+------------------------+-----------------+--------------+
| No           | No                    | No                     |            1544 |          640 |
| No           | No                    | Yes                    |               0 |            0 |
| No           | Yes                   | No                     |            1302 |          683 |
| Yes          | No                    | No                     |            4011 |          797 |
| Yes          | No                    | Yes                    |               0 |            0 |
| Yes          | Yes                   | No                     |            3107 |          898 |
+--------------+-----------------------+------------------------+-----------------+--------------+


4. Detailed Control Set Information
-----------------------------------

+-----------------------------------------------------------------------------------------------------+-----------------------------------------------------------------------------------------------------------------------------------+-------------------------------------------------------------------------------------------------------------------+------------------+----------------+--------------+
|                                             Clock Signal                                            |                                                           Enable Signal                                                           |                                                  Set/Reset Signal                                                 | Slice Load Count | Bel Load Count | Bels / Slice |
+-----------------------------------------------------------------------------------------------------+-----------------------------------------------------------------------------------------------------------------------------------+-------------------------------------------------------------------------------------------------------------------+------------------+----------------+--------------+
|  DUT/DECAP_MODULE/ENCAP_FOR_RENCRYPT/block_capture_reg_i_2__0_n_2                                   |                                                                                                                                   |                                                                                                                   |                1 |              1 |         1.00 |
|  DUT/KEYGEN_MODULE/FIXEDWEIGHT/onegen_instance/reading_out_reg_i_2_n_2                              |                                                                                                                                   |                                                                                                                   |                1 |              1 |         1.00 |
|  DUT/DECAP_MODULE/ENCAP_FOR_RENCRYPT/d_wen_reg_i_2__0_n_2                                           |                                                                                                                                   |                                                                                                                   |                1 |              1 |         1.00 |
|  DUT/DECAP_MODULE/ENCAP_FOR_RENCRYPT/hash_mem_wen_reg_i_2__0_n_2                                    |                                                                                                                                   |                                                                                                                   |                1 |              1 |         1.00 |
|  DUT/KEYGEN_MODULE/FIXEDWEIGHT/onegen_instance/rd_en_reg_i_2_n_2                                    |                                                                                                                                   |                                                                                                                   |                1 |              1 |         1.00 |
|  DUT/DECAP_MODULE/ENCAP_FOR_RENCRYPT/last_block_capture_reg_i_1__0_n_2                              |                                                                                                                                   |                                                                                                                   |                1 |              1 |         1.00 |
|  DUT/DECAP_MODULE/ENCAP_FOR_RENCRYPT/ENCRYPT/FIXEDWEIGHT/onegen_instance/wren_1_reg_i_2__1_n_2      |                                                                                                                                   |                                                                                                                   |                1 |              1 |         1.00 |
|  DUT/DECAP_MODULE/ENCAP_FOR_RENCRYPT/start_hash_reg_i_2__0_n_2                                      |                                                                                                                                   |                                                                                                                   |                1 |              1 |         1.00 |
|  DUT/DECAP_MODULE/ENCAP_FOR_RENCRYPT/theta_wen_reg_i_2__0_n_2                                       |                                                                                                                                   |                                                                                                                   |                1 |              1 |         1.00 |
|  DUT/DECAP_MODULE/ENCAP_FOR_RENCRYPT/start_encrypt_reg_i_1__0_n_2                                   |                                                                                                                                   |                                                                                                                   |                1 |              1 |         1.00 |
|  DUT/ENCAP_MODULE/ENCRYPT/ENCODE/REED_SOLOMON_CODE/capture_cdw__0                                   |                                                                                                                                   |                                                                                                                   |                1 |              1 |         1.00 |
|  DUT/ENCAP_MODULE/ENCRYPT/FIXEDWEIGHT/squeeze_ctrl_reg_i_2__0_n_2                                   |                                                                                                                                   |                                                                                                                   |                1 |              1 |         1.00 |
|  DUT/KEYGEN_MODULE/FIXEDWEIGHT/onegen_instance/wren_1_reg_i_2_n_2                                   |                                                                                                                                   |                                                                                                                   |                1 |              1 |         1.00 |
|  DUT/ENCAP_MODULE/ENCRYPT/FIXEDWEIGHT/onegen_instance/init_reg_i_2__0_n_2                           |                                                                                                                                   |                                                                                                                   |                1 |              1 |         1.00 |
|  DUT/ENCAP_MODULE/ENCRYPT/FIXEDWEIGHT/onegen_instance/reading_out_reg_i_2__0_n_2                    |                                                                                                                                   |                                                                                                                   |                1 |              1 |         1.00 |
|  DUT/ENCAP_MODULE/ENCRYPT/FIXEDWEIGHT/onegen_instance/rd_en_reg_i_2__0_n_2                          |                                                                                                                                   |                                                                                                                   |                1 |              1 |         1.00 |
|  DUT/ENCAP_MODULE/ENCRYPT/FIXEDWEIGHT/onegen_instance/wren_0_reg_i_2__0_n_2                         |                                                                                                                                   |                                                                                                                   |                1 |              1 |         1.00 |
|  DUT/ENCAP_MODULE/ENCRYPT/FIXEDWEIGHT/onegen_instance/wren_1_reg_i_2__0_n_2                         |                                                                                                                                   |                                                                                                                   |                1 |              1 |         1.00 |
|  DUT/KEYGEN_MODULE/FIXEDWEIGHT/onegen_instance/wren_0_reg_i_2_n_2                                   |                                                                                                                                   |                                                                                                                   |                1 |              1 |         1.00 |
|  DUT/ENCAP_MODULE/ENCRYPT/FIXEDWEIGHT/init_mem_onegen__0                                            |                                                                                                                                   |                                                                                                                   |                1 |              1 |         1.00 |
|  DUT/KEYGEN_MODULE/sel_x_reg_i_2_n_2                                                                |                                                                                                                                   |                                                                                                                   |                1 |              1 |         1.00 |
|  DUT/ENCAP_MODULE/ENCRYPT/sel_fw_reg_i_2_n_2                                                        |                                                                                                                                   |                                                                                                                   |                1 |              1 |         1.00 |
|  DUT/ENCAP_MODULE/d_wen_reg_i_2_n_2                                                                 |                                                                                                                                   |                                                                                                                   |                1 |              1 |         1.00 |
|  DUT/ENCAP_MODULE/block_capture_reg_i_2_n_2                                                         |                                                                                                                                   |                                                                                                                   |                1 |              1 |         1.00 |
|  DUT/KEYGEN_MODULE/FIXEDWEIGHT/squeeze_ctrl_reg_i_2_n_2                                             |                                                                                                                                   |                                                                                                                   |                1 |              1 |         1.00 |
|  DUT/ENCAP_MODULE/hash_mem_wen_reg_i_2_n_2                                                          |                                                                                                                                   |                                                                                                                   |                1 |              1 |         1.00 |
|  DUT/DECAP_MODULE/ENCAP_FOR_RENCRYPT/ENCRYPT/ENCODE/REED_SOLOMON_CODE/capture_cdw__0                |                                                                                                                                   |                                                                                                                   |                1 |              1 |         1.00 |
|  DUT/ENCAP_MODULE/last_block_capture_reg_i_1_n_2                                                    |                                                                                                                                   |                                                                                                                   |                1 |              1 |         1.00 |
|  DUT/DECAP_MODULE/ENCAP_FOR_RENCRYPT/ENCRYPT/sel_fw_reg_i_2__0_n_2                                  |                                                                                                                                   |                                                                                                                   |                1 |              1 |         1.00 |
|  DUT/ENCAP_MODULE/theta_wen_reg_i_2_n_2                                                             |                                                                                                                                   |                                                                                                                   |                1 |              1 |         1.00 |
|  DUT/ENCAP_MODULE/start_hash_reg_i_2_n_2                                                            |                                                                                                                                   |                                                                                                                   |                1 |              1 |         1.00 |
|  DUT/ENCAP_MODULE/start_encrypt_reg_i_1_n_2                                                         |                                                                                                                                   |                                                                                                                   |                1 |              1 |         1.00 |
|  DUT/SHAKE256/control_path_instance/din_ready_internal_reg_i_2_n_2                                  |                                                                                                                                   |                                                                                                                   |                1 |              1 |         1.00 |
|  DUT/DECAP_MODULE/ENCAP_FOR_RENCRYPT/ENCRYPT/FIXEDWEIGHT/onegen_instance/wren_0_reg_i_2__1_n_2      |                                                                                                                                   |                                                                                                                   |                1 |              1 |         1.00 |
|  DUT/KEYGEN_MODULE/start_poly_mult_reg_i_2_n_2                                                      |                                                                                                                                   |                                                                                                                   |                1 |              1 |         1.00 |
|  DUT/KEYGEN_MODULE/FIXEDWEIGHT/init_mem_onegen__0                                                   |                                                                                                                                   |                                                                                                                   |                1 |              1 |         1.00 |
|  DUT/KEYGEN_MODULE/start_adder_reg_i_2_n_2                                                          |                                                                                                                                   |                                                                                                                   |                1 |              1 |         1.00 |
|  DUT/KEYGEN_MODULE/FIXEDWEIGHT/onegen_instance/done_s_reg_1                                         |                                                                                                                                   |                                                                                                                   |                1 |              1 |         1.00 |
|  DUT/KEYGEN_MODULE/FIXEDWEIGHT/onegen_instance/init_reg_i_2_n_2                                     |                                                                                                                                   |                                                                                                                   |                1 |              1 |         1.00 |
|  DUT/DECAP_MODULE/ENCAP_FOR_RENCRYPT/ENCRYPT/FIXEDWEIGHT/onegen_instance/rd_en_reg_i_2__1_n_2       |                                                                                                                                   |                                                                                                                   |                1 |              1 |         1.00 |
|  DUT/DECAP_MODULE/ENCAP_FOR_RENCRYPT/ENCRYPT/FIXEDWEIGHT/onegen_instance/reading_out_reg_i_2__1_n_2 |                                                                                                                                   |                                                                                                                   |                1 |              1 |         1.00 |
|  DUT/DECAP_MODULE/ENCAP_FOR_RENCRYPT/ENCRYPT/FIXEDWEIGHT/onegen_instance/init_reg_i_2__1_n_2        |                                                                                                                                   |                                                                                                                   |                1 |              1 |         1.00 |
|  DUT/DECAP_MODULE/ENCAP_FOR_RENCRYPT/ENCRYPT/FIXEDWEIGHT/squeeze_ctrl_reg_i_2__1_n_2                |                                                                                                                                   |                                                                                                                   |                1 |              1 |         1.00 |
|  DUT/DECAP_MODULE/ENCAP_FOR_RENCRYPT/ENCRYPT/FIXEDWEIGHT/init_mem_onegen__0                         |                                                                                                                                   |                                                                                                                   |                1 |              1 |         1.00 |
|  DUT/ENCAP_MODULE/cap_uv_reg_i_2_n_2                                                                |                                                                                                                                   |                                                                                                                   |                1 |              2 |         2.00 |
|  DUT/ENCAP_MODULE/init_msg_in_reg_i_1_n_2                                                           |                                                                                                                                   |                                                                                                                   |                1 |              2 |         2.00 |
|  DUT/DECAP_MODULE/ENCAP_FOR_RENCRYPT/ENCRYPT/FIXEDWEIGHT/decrease_weight_count_reg_i_2__1_n_2       |                                                                                                                                   |                                                                                                                   |                1 |              2 |         2.00 |
|  DUT/KEYGEN_MODULE/FIXEDWEIGHT/decrease_weight_count_reg_i_2_n_2                                    |                                                                                                                                   |                                                                                                                   |                1 |              2 |         2.00 |
|  DUT/KEYGEN_MODULE/FIXEDWEIGHT/shake_input_type__0                                                  |                                                                                                                                   |                                                                                                                   |                1 |              2 |         2.00 |
|  DUT/KEYGEN_MODULE/FIXEDWEIGHT/sel_ctx__0                                                           |                                                                                                                                   |                                                                                                                   |                1 |              2 |         2.00 |
|  DUT/KEYGEN_MODULE/VECTSETRAND/shake_input_type_reg[1]_i_2__0_n_2                                   |                                                                                                                                   |                                                                                                                   |                1 |              2 |         2.00 |
|  DUT/KEYGEN_MODULE/start_x_transfer_reg_i_2_n_2                                                     |                                                                                                                                   |                                                                                                                   |                1 |              2 |         2.00 |
|  clk_IBUF_BUFG                                                                                      |                                                                                                                                   | DUT/ENCAP_MODULE/ENCRYPT/start_fw_transfer                                                                        |                1 |              2 |         2.00 |
|  clk_IBUF_BUFG                                                                                      | DUT/DECAP_MODULE/DECRYPT/DECODE/RS_DECOD/COMPUTE_ROOTS/ADD_FFT/FFT_PART1/k_en                                                     | DUT/DECAP_MODULE/DECRYPT/DECODE/RS_DECOD/COMPUTE_ELP/dout_valid_reg_2[0]                                          |                1 |              2 |         2.00 |
|  clk_IBUF_BUFG                                                                                      |                                                                                                                                   | DUT/KEYGEN_MODULE/rd_y                                                                                            |                1 |              2 |         2.00 |
|  clk_IBUF_BUFG                                                                                      | DUT/KEYGEN_MODULE/POLY_MULT/inter_mem_wr_delay                                                                                    | DUT/KEYGEN_MODULE/POLY_MULT/FSM_sequential_inter_mem_wr_delay[1]_i_1_n_2                                          |                1 |              2 |         2.00 |
|  clk_IBUF_BUFG                                                                                      |                                                                                                                                   | DUT/DECAP_MODULE/ENCAP_FOR_RENCRYPT/ENCRYPT/start_fw_transfer                                                     |                2 |              2 |         1.00 |
|  clk_IBUF_BUFG                                                                                      | DUT/DECAP_MODULE/ENCAP_FOR_RENCRYPT/ENCRYPT/POLY_MULT/E[0]                                                                        | gpio_ctrl_IBUF[0]_inst/O                                                                                          |                1 |              2 |         2.00 |
|  clk_IBUF_BUFG                                                                                      | DUT/SHAKE256/control_path_instance/raddr_high_offset0                                                                             | DUT/SHAKE256/control_path_instance/reset_ram                                                                      |                1 |              2 |         2.00 |
|  clk_IBUF_BUFG                                                                                      | DUT/DECAP_MODULE/ENCAP_FOR_RENCRYPT/count_uv_blocks[1]_i_1__0_n_2                                                                 |                                                                                                                   |                1 |              2 |         2.00 |
|  clk_IBUF_BUFG                                                                                      | DUT/ENCAP_MODULE/ENCRYPT/POLY_MULT/E[0]                                                                                           | gpio_ctrl_IBUF[0]_inst/O                                                                                          |                1 |              2 |         2.00 |
|  clk_IBUF_BUFG                                                                                      | DUT/ENCAP_MODULE/ENCRYPT/POLY_MULT/inter_mem_wr_delay                                                                             | DUT/ENCAP_MODULE/ENCRYPT/POLY_MULT/FSM_sequential_inter_mem_wr_delay[1]_i_1__0_n_2                                |                1 |              2 |         2.00 |
|  clk_IBUF_BUFG                                                                                      | DUT/DECAP_MODULE/ENCAP_FOR_RENCRYPT/m_addr_int[1]_i_2__0_n_2                                                                      | DUT/DECAP_MODULE/ENCAP_FOR_RENCRYPT/m_addr_int[1]_i_1__0_n_2                                                      |                1 |              2 |         2.00 |
|  clk_IBUF_BUFG                                                                                      | DUT/KEYGEN_MODULE/VECTSETRAND/FSM_sequential_pk_state[1]_i_1_n_2                                                                  | gpio_ctrl_IBUF[0]_inst/O                                                                                          |                1 |              2 |         2.00 |
|  clk_IBUF_BUFG                                                                                      | DUT/DECAP_MODULE/ENCAP_FOR_RENCRYPT/shake_support_vector[31]_i_1__0_n_2                                                           | gpio_ctrl_IBUF[0]_inst/O                                                                                          |                2 |              2 |         1.00 |
|  clk_IBUF_BUFG                                                                                      | DUT/ENCAP_MODULE/ENCRYPT/POLY_MULT/valid_reg_2[0]                                                                                 | gpio_ctrl_IBUF[0]_inst/O                                                                                          |                1 |              2 |         2.00 |
|  clk_IBUF_BUFG                                                                                      | DUT/DECAP_MODULE/DECRYPT/DECODE/RS_DECOD/COMPUTE_ROOTS/ADD_FFT/FFT_PART1/E[0]                                                     | DUT/DECAP_MODULE/DECRYPT/DECODE/RS_DECOD/COMPUTE_ELP/dout_valid_reg_1[0]                                          |                1 |              2 |         2.00 |
|  clk_IBUF_BUFG                                                                                      | DUT/DECAP_MODULE/DECRYPT/DECODE/RS_DECOD/COMPUTE_ELP/busy_reg_n_2                                                                 | DUT/DECAP_MODULE/DECRYPT/DECODE/RS_DECOD/COMPUTE_ELP/cnt_en_buf[1]                                                |                1 |              2 |         2.00 |
|  clk_IBUF_BUFG                                                                                      | DUT/DECAP_MODULE/DECRYPT/V_MINUS_UY/XOR_BASED_ADDER/FSM_sequential_state_reg[1][0]                                                | gpio_ctrl_IBUF[0]_inst/O                                                                                          |                1 |              2 |         2.00 |
|  clk_IBUF_BUFG                                                                                      | DUT/DECAP_MODULE/POLY_MULT/inter_mem_wr_delay                                                                                     | DUT/DECAP_MODULE/POLY_MULT/FSM_sequential_inter_mem_wr_delay[1]_i_1__2_n_2                                        |                1 |              2 |         2.00 |
|  clk_IBUF_BUFG                                                                                      | DUT/ENCAP_MODULE/count_uv_blocks[1]_i_1_n_2                                                                                       |                                                                                                                   |                1 |              2 |         2.00 |
|  clk_IBUF_BUFG                                                                                      | DUT/KEYGEN_MODULE/request_another_vector[1]_i_2_n_2                                                                               | DUT/KEYGEN_MODULE/request_another_vector[1]_i_1_n_2                                                               |                1 |              2 |         2.00 |
|  clk_IBUF_BUFG                                                                                      | DUT/ENCAP_MODULE/m_addr_int[1]_i_2_n_2                                                                                            | DUT/ENCAP_MODULE/m_addr_int[1]_i_1_n_2                                                                            |                1 |              2 |         2.00 |
|  clk_IBUF_BUFG                                                                                      | DUT/ENCAP_MODULE/shake_support_vector[31]_i_1_n_2                                                                                 | gpio_ctrl_IBUF[0]_inst/O                                                                                          |                1 |              2 |         2.00 |
|  clk_IBUF_BUFG                                                                                      | DUT/DECAP_MODULE/ENCAP_FOR_RENCRYPT/MSG_MEM/WEA[0]                                                                                | DUT/DECAP_MODULE/m_addr[1]_i_1_n_2                                                                                |                1 |              2 |         2.00 |
|  clk_IBUF_BUFG                                                                                      | DUT/DECAP_MODULE/ENCAP_FOR_RENCRYPT/ENCRYPT/POLY_MULT/valid_reg_2[0]                                                              | gpio_ctrl_IBUF[0]_inst/O                                                                                          |                2 |              2 |         1.00 |
|  clk_IBUF_BUFG                                                                                      | DUT/DECAP_MODULE/ENCAP_FOR_RENCRYPT/ENCRYPT/POLY_MULT/inter_mem_wr_delay                                                          | DUT/DECAP_MODULE/ENCAP_FOR_RENCRYPT/ENCRYPT/POLY_MULT/FSM_sequential_inter_mem_wr_delay[1]_i_1__1_n_2             |                1 |              2 |         2.00 |
|  clk_IBUF_BUFG                                                                                      | DUT/ENCAP_MODULE/ENCRYPT/LOC_BASED_ADDER/E[0]                                                                                     | gpio_ctrl_IBUF[0]_inst/O                                                                                          |                1 |              2 |         2.00 |
|  DUT/DECAP_MODULE/ENCAP_FOR_RENCRYPT/cap_uv_reg_i_2__0_n_2                                          |                                                                                                                                   |                                                                                                                   |                1 |              2 |         2.00 |
|  DUT/DECAP_MODULE/ENCAP_FOR_RENCRYPT/init_msg_in_reg_i_1__0_n_2                                     |                                                                                                                                   |                                                                                                                   |                1 |              2 |         2.00 |
|  clk_IBUF_BUFG                                                                                      | DUT/KEYGEN_MODULE/LOC_BASED_ADDER/FSM_sequential_state[1]_i_1__0_n_2                                                              | gpio_ctrl_IBUF[0]_inst/O                                                                                          |                1 |              2 |         2.00 |
|  DUT/ENCAP_MODULE/ENCRYPT/FIXEDWEIGHT/shake_input_type__0                                           |                                                                                                                                   |                                                                                                                   |                1 |              2 |         2.00 |
|  DUT/ENCAP_MODULE/ENCRYPT/FIXEDWEIGHT/decrease_weight_count_reg_i_2__0_n_2                          |                                                                                                                                   |                                                                                                                   |                1 |              2 |         2.00 |
|  clk_IBUF_BUFG                                                                                      | DUT/DECAP_MODULE/ENCAP_FOR_RENCRYPT/ENCRYPT/LOC_BASED_ADDER/E[0]                                                                  | gpio_ctrl_IBUF[0]_inst/O                                                                                          |                1 |              2 |         2.00 |
|  DUT/DECAP_MODULE/ENCAP_FOR_RENCRYPT/ENCRYPT/FIXEDWEIGHT/shake_input_type__0                        |                                                                                                                                   |                                                                                                                   |                1 |              2 |         2.00 |
|  DUT/DECAP_MODULE/ENCAP_FOR_RENCRYPT/ENCRYPT/FIXEDWEIGHT/sel_ctx__0                                 |                                                                                                                                   |                                                                                                                   |                1 |              2 |         2.00 |
|  DUT/ENCAP_MODULE/ENCRYPT/FIXEDWEIGHT/sel_ctx__0                                                    |                                                                                                                                   |                                                                                                                   |                1 |              2 |         2.00 |
|  clk_IBUF_BUFG                                                                                      | DUT/DECAP_MODULE/ENCAP_FOR_RENCRYPT/ENCRYPT/FSM_sequential_state[2]_i_1__3_n_2                                                    | gpio_ctrl_IBUF[0]_inst/O                                                                                          |                2 |              3 |         1.50 |
|  clk_IBUF_BUFG                                                                                      | DUT/DECAP_MODULE/DECRYPT/DECODE/RM_DECOD/HADAMARD/HADAMARD_LAYER[0].HL/FIFO_S0/wr_data                                            |                                                                                                                   |                2 |              3 |         1.50 |
|  clk_IBUF_BUFG                                                                                      | DUT/DECAP_MODULE/DECRYPT/DECODE/RM_DECOD/HADAMARD/HADAMARD_LAYER[0].HL/FIFO_F1/wr_data                                            |                                                                                                                   |                1 |              3 |         3.00 |
|  clk_IBUF_BUFG                                                                                      | DUT/ENCAP_MODULE/ENCRYPT/XOR_BASED_ADDER/FSM_onehot_state[2]_i_1_n_2                                                              | gpio_ctrl_IBUF[0]_inst/O                                                                                          |                1 |              3 |         3.00 |
|  clk_IBUF_BUFG                                                                                      | DUT/DECAP_MODULE/DECRYPT/V_MINUS_UY/XOR_BASED_ADDER/FSM_onehot_state[2]_i_1__3_n_2                                                | gpio_ctrl_IBUF[0]_inst/O                                                                                          |                1 |              3 |         3.00 |
|  clk_IBUF_BUFG                                                                                      | DUT/DECAP_MODULE/ENCAP_FOR_RENCRYPT/ENCRYPT/XOR_BASED_ADDER/FSM_onehot_state[2]_i_1__1_n_2                                        | gpio_ctrl_IBUF[0]_inst/O                                                                                          |                1 |              3 |         3.00 |
|  clk_IBUF_BUFG                                                                                      | DUT/DECAP_MODULE/DECRYPT/DECODE/RM_DECOD/HADAMARD/HADAMARD_LAYER[0].HL/FIFO_F0/wr_data                                            |                                                                                                                   |                1 |              3 |         3.00 |
|  clk_IBUF_BUFG                                                                                      | DUT/KEYGEN_MODULE/FSM_onehot_trx_state[2]_i_1_n_2                                                                                 | gpio_ctrl_IBUF[0]_inst/O                                                                                          |                1 |              3 |         3.00 |
|  DUT/ENCAP_MODULE/shake_in_type_reg[2]_i_2_n_2                                                      |                                                                                                                                   |                                                                                                                   |                3 |              3 |         1.00 |
|  DUT/DECAP_MODULE/ENCAP_FOR_RENCRYPT/shake_in_type_reg[2]_i_2__0_n_2                                |                                                                                                                                   |                                                                                                                   |                2 |              3 |         1.50 |
|  clk_IBUF_BUFG                                                                                      | DUT/ENCAP_MODULE/ENCRYPT/FSM_sequential_state[2]_i_1__1_n_2                                                                       | gpio_ctrl_IBUF[0]_inst/O                                                                                          |                1 |              3 |         3.00 |
|  clk_IBUF_BUFG                                                                                      | DUT/DECAP_MODULE/ENCAP_FOR_RENCRYPT/ENCRYPT/FIXEDWEIGHT/FSM_sequential_ctx_state[2]_i_1__1_n_2                                    | gpio_ctrl_IBUF[0]_inst/O                                                                                          |                1 |              3 |         3.00 |
|  clk_IBUF_BUFG                                                                                      | DUT/DECAP_MODULE/POLY_MULT/FSM_sequential_state[2]_i_1__4_n_2                                                                     | gpio_ctrl_IBUF[0]_inst/O                                                                                          |                1 |              3 |         3.00 |
|  clk_IBUF_BUFG                                                                                      | DUT/ENCAP_MODULE/hash_in_addr[2]_i_1_n_2                                                                                          |                                                                                                                   |                2 |              3 |         1.50 |
|  clk_IBUF_BUFG                                                                                      | DUT/KEYGEN_MODULE/VECTSETRAND/state_shake[2]_i_1_n_2                                                                              | gpio_ctrl_IBUF[0]_inst/O                                                                                          |                2 |              3 |         1.50 |
|  clk_IBUF_BUFG                                                                                      | DUT/ENCAP_MODULE/ENCRYPT/FSM_onehot_trx_state[2]_i_1__0_n_2                                                                       | gpio_ctrl_IBUF[0]_inst/O                                                                                          |                1 |              3 |         3.00 |
|  clk_IBUF_BUFG                                                                                      | DUT/KEYGEN_MODULE/LOC_BASED_ADDER/E[0]                                                                                            | gpio_ctrl_IBUF[0]_inst/O                                                                                          |                1 |              3 |         3.00 |
|  clk_IBUF_BUFG                                                                                      | DUT/DECAP_MODULE/DECRYPT/DECODE/RM_DECOD/RM_DECOD_CTRL/ram_din_ack_reg_0[0]                                                       | DUT/DECAP_MODULE/DECRYPT/DECODE/RM_DECOD/EXPANSE_AND_SUM/cnt0                                                     |                1 |              3 |         3.00 |
|  clk_IBUF_BUFG                                                                                      | DUT/ENCAP_MODULE/ENCRYPT/FIXEDWEIGHT/FSM_sequential_ctx_state[2]_i_1__0_n_2                                                       | gpio_ctrl_IBUF[0]_inst/O                                                                                          |                1 |              3 |         3.00 |
|  clk_IBUF_BUFG                                                                                      | DUT/ENCAP_MODULE/ENCRYPT/LOC_BASED_ADDER/u_v_out_en_int_reg[0]                                                                    | gpio_ctrl_IBUF[0]_inst/O                                                                                          |                1 |              3 |         3.00 |
|  clk_IBUF_BUFG                                                                                      | DUT/DECAP_MODULE/ENCAP_FOR_RENCRYPT/hash_in_addr[2]_i_1__0_n_2                                                                    |                                                                                                                   |                2 |              3 |         1.50 |
|  clk_IBUF_BUFG                                                                                      | DUT/DECAP_MODULE/ENCAP_FOR_RENCRYPT/ENCRYPT/LOC_BASED_ADDER/u_v_out_en_int_reg[0]                                                 | gpio_ctrl_IBUF[0]_inst/O                                                                                          |                1 |              3 |         3.00 |
|  clk_IBUF_BUFG                                                                                      | DUT/KEYGEN_MODULE/FIXEDWEIGHT/FSM_sequential_ctx_state[2]_i_1_n_2                                                                 | gpio_ctrl_IBUF[0]_inst/O                                                                                          |                1 |              3 |         3.00 |
|  clk_IBUF_BUFG                                                                                      | DUT/DECAP_MODULE/ENCAP_FOR_RENCRYPT/ENCRYPT/FSM_onehot_trx_state[2]_i_1__1_n_2                                                    | gpio_ctrl_IBUF[0]_inst/O                                                                                          |                1 |              3 |         3.00 |
|  clk_IBUF_BUFG                                                                                      | DUT/DECAP_MODULE/DECRYPT/DECODE/RM_DECOD/HADAMARD/HADAMARD_LAYER[0].HL/FIFO_S1/wr_data                                            |                                                                                                                   |                1 |              3 |         3.00 |
|  clk_IBUF_BUFG                                                                                      | DUT/DECAP_MODULE/DECRYPT/DECODE/RS_DECOD/COMPUTE_ROOTS/FFT_RETRIEVE_ERROR/done_reg[0]                                             |                                                                                                                   |                1 |              4 |         4.00 |
|  clk_IBUF_BUFG                                                                                      | DUT/DECAP_MODULE/DECRYPT/DECODE/RM_DECOD/EXPANSE_AND_SUM/cnt_out_en                                                               |                                                                                                                   |                2 |              4 |         2.00 |
|  clk_IBUF_BUFG                                                                                      | DUT/DECAP_MODULE/DECRYPT/DECODE/RM_DECOD/HADAMARD/HADAMARD_LAYER[0].HL/FIFO_F0/cnt_out_reg[5]                                     |                                                                                                                   |                1 |              4 |         4.00 |
|  clk_IBUF_BUFG                                                                                      | DUT/ENCAP_MODULE/ENCRYPT/ENCODE/REED_SOLOMON_CODE/FSM_onehot_state[3]_i_1_n_2                                                     | gpio_ctrl_IBUF[0]_inst/O                                                                                          |                1 |              4 |         4.00 |
|  clk_IBUF_BUFG                                                                                      | DUT/KEYGEN_MODULE/FIXEDWEIGHT/onegen_instance/state[3]_i_1_n_2                                                                    | gpio_ctrl_IBUF[0]_inst/O                                                                                          |                4 |              4 |         1.00 |
|  clk_IBUF_BUFG                                                                                      | DUT/ENCAP_MODULE/ENCRYPT/ENCODE/REED_SOLOMON_CODE/p_0_out                                                                         | DUT/ENCAP_MODULE/ENCRYPT/ENCODE/REED_SOLOMON_CODE/count_msg_bytes[3]_i_1_n_2                                      |                1 |              4 |         4.00 |
|  clk_IBUF_BUFG                                                                                      | DUT/SHAKE256/control_path_instance/re                                                                                             | DUT/SHAKE256/control_path_instance/reset_ram                                                                      |                1 |              4 |         4.00 |
|  clk_IBUF_BUFG                                                                                      | DUT/DECAP_MODULE/DECRYPT/DECODE/RM_DECOD/HADAMARD/HADAMARD_LAYER[0].HL/FIFO_F1/cnt_out_reg[5]                                     |                                                                                                                   |                1 |              4 |         4.00 |
|  clk_IBUF_BUFG                                                                                      | DUT/KEYGEN_MODULE/FIXEDWEIGHT/onegen_instance/E[0]                                                                                | gpio_ctrl_IBUF[0]_inst/O                                                                                          |                3 |              4 |         1.33 |
|  clk_IBUF_BUFG                                                                                      | DUT/SHAKE256/control_path_instance/FSM_onehot_state_reg[12]_0[0]                                                                  | DUT/DECAP_MODULE/ENCAP_FOR_RENCRYPT/d_addr[3]_i_1__0_n_2                                                          |                1 |              4 |         4.00 |
|  clk_IBUF_BUFG                                                                                      | DUT/SHAKE256/control_path_instance/FSM_onehot_state_reg[12][0]                                                                    | DUT/ENCAP_MODULE/d_addr[3]_i_1_n_2                                                                                |                2 |              4 |         2.00 |
|  clk_IBUF_BUFG                                                                                      | DUT/ENCAP_MODULE/ENCRYPT/FIXEDWEIGHT/onegen_instance/count_sim_cycles[3]_i_2__0_n_2                                               | DUT/ENCAP_MODULE/ENCRYPT/FIXEDWEIGHT/onegen_instance/count_sim_cycles[3]_i_1__0_n_2                               |                1 |              4 |         4.00 |
|  clk_IBUF_BUFG                                                                                      | DUT/DECAP_MODULE/ENCAP_FOR_RENCRYPT/ENCRYPT/ENCODE/REED_SOLOMON_CODE/FSM_onehot_state[3]_i_1__1_n_2                               | gpio_ctrl_IBUF[0]_inst/O                                                                                          |                1 |              4 |         4.00 |
|  clk_IBUF_BUFG                                                                                      | DUT/DECAP_MODULE/DECRYPT/DECODE/RM_DECOD/HADAMARD/HADAMARD_LAYER[0].HL/FIFO_S0/cnt_out_reg[5]                                     |                                                                                                                   |                1 |              4 |         4.00 |
|  clk_IBUF_BUFG                                                                                      | DUT/DECAP_MODULE/ENCAP_FOR_RENCRYPT/theta_addr[3]_i_2__0_n_2                                                                      | DUT/DECAP_MODULE/ENCAP_FOR_RENCRYPT/theta_addr[3]_i_1__0_n_2                                                      |                1 |              4 |         4.00 |
|  clk_IBUF_BUFG                                                                                      | DUT/ENCAP_MODULE/ENCRYPT/FIXEDWEIGHT/onegen_instance/state[3]_i_1__0_n_2                                                          | gpio_ctrl_IBUF[0]_inst/O                                                                                          |                3 |              4 |         1.33 |
|  clk_IBUF_BUFG                                                                                      | DUT/ENCAP_MODULE/ENCRYPT/FIXEDWEIGHT/onegen_instance/E[0]                                                                         | gpio_ctrl_IBUF[0]_inst/O                                                                                          |                3 |              4 |         1.33 |
|  clk_IBUF_BUFG                                                                                      | DUT/DECAP_MODULE/ENCAP_FOR_RENCRYPT/ENCRYPT/ENCODE/REED_SOLOMON_CODE/p_0_out                                                      | DUT/DECAP_MODULE/ENCAP_FOR_RENCRYPT/ENCRYPT/ENCODE/REED_SOLOMON_CODE/count_msg_bytes[3]_i_1__0_n_2                |                1 |              4 |         4.00 |
|  clk_IBUF_BUFG                                                                                      | DUT/DECAP_MODULE/DECRYPT/DECODE/RM_DECOD/HADAMARD/HADAMARD_LAYER[0].HL/FIFO_S1/cnt_out_reg[5]                                     |                                                                                                                   |                1 |              4 |         4.00 |
|  clk_IBUF_BUFG                                                                                      | DUT/DECAP_MODULE/DECRYPT/DECODE/RS_DECOD/COMPUTE_ROOTS/ADD_FFT/FFT_PART1/busy_reg_n_2                                             | DUT/DECAP_MODULE/DECRYPT/DECODE/RS_DECOD/COMPUTE_ROOTS/ADD_FFT/FFT_PART1/cnt0                                     |                1 |              4 |         4.00 |
|  clk_IBUF_BUFG                                                                                      | DUT/ENCAP_MODULE/theta_addr[3]_i_2_n_2                                                                                            | DUT/ENCAP_MODULE/theta_addr[3]_i_1_n_2                                                                            |                1 |              4 |         4.00 |
|  clk_IBUF_BUFG                                                                                      | DUT/DECAP_MODULE/ENCAP_FOR_RENCRYPT/ENCRYPT/FIXEDWEIGHT/onegen_instance/count_sim_cycles[3]_i_2__1_n_2                            | DUT/DECAP_MODULE/ENCAP_FOR_RENCRYPT/ENCRYPT/FIXEDWEIGHT/onegen_instance/count_sim_cycles[3]_i_1__1_n_2            |                1 |              4 |         4.00 |
|  clk_IBUF_BUFG                                                                                      | DUT/DECAP_MODULE/ENCAP_FOR_RENCRYPT/ENCRYPT/FIXEDWEIGHT/onegen_instance/state[3]_i_1__1_n_2                                       | gpio_ctrl_IBUF[0]_inst/O                                                                                          |                4 |              4 |         1.00 |
|  clk_IBUF_BUFG                                                                                      | DUT/DECAP_MODULE/POLY_MULT/addr_0_reg[8]_i_1__2_n_2                                                                               | DUT/DECAP_MODULE/POLY_MULT/addr_0_reg[3]_i_1__2_n_2                                                               |                2 |              4 |         2.00 |
|  clk_IBUF_BUFG                                                                                      | DUT/DECAP_MODULE/ENCAP_FOR_RENCRYPT/ENCRYPT/FIXEDWEIGHT/onegen_instance/E[0]                                                      | gpio_ctrl_IBUF[0]_inst/O                                                                                          |                3 |              4 |         1.33 |
|  clk_IBUF_BUFG                                                                                      | DUT/KEYGEN_MODULE/FIXEDWEIGHT/onegen_instance/count_sim_cycles[3]_i_2_n_2                                                         | DUT/KEYGEN_MODULE/FIXEDWEIGHT/onegen_instance/count_sim_cycles[3]_i_1_n_2                                         |                1 |              4 |         4.00 |
|  clk_IBUF_BUFG                                                                                      | DUT/DECAP_MODULE/ENCAP_FOR_RENCRYPT/ENCRYPT/FSM_sequential_state_reg[0]_0[0]                                                      | gpio_ctrl_IBUF[0]_inst/O                                                                                          |                3 |              4 |         1.33 |
|  clk_IBUF_BUFG                                                                                      | DUT/SHAKE256/control_path_instance/FSM_sequential_current_state[3]_i_1_n_2                                                        | gpio_ctrl_IBUF[0]_inst/O                                                                                          |                3 |              4 |         1.33 |
|  DUT/SHAKE256/control_path_instance/prev_start_addr_reg[5]_i_1_n_2                                  |                                                                                                                                   |                                                                                                                   |                3 |              5 |         1.67 |
|  DUT/SHAKE256/control_path_instance/start_addr_reg[5]_i_2_n_2                                       |                                                                                                                                   |                                                                                                                   |                3 |              5 |         1.67 |
|  clk_IBUF_BUFG                                                                                      | DUT/DECAP_MODULE/DECRYPT/DECODE/RM_DECOD/HADAMARD/HADAMARD_LAYER[1].HL/FIFO_F1/next_rd_addr[4]_i_1__6_n_2                         |                                                                                                                   |                1 |              5 |         5.00 |
|  clk_IBUF_BUFG                                                                                      |                                                                                                                                   | DUT/SHAKE256/control_path_instance/counter_reg[2]_rep_1                                                           |                5 |              5 |         1.00 |
|  clk_IBUF_BUFG                                                                                      | DUT/SHAKE256/control_path_instance/computation_en                                                                                 | DUT/SHAKE256/control_path_instance/SR[0]                                                                          |                3 |              5 |         1.67 |
|  clk_IBUF_BUFG                                                                                      | DUT/ENCAP_MODULE/ENCRYPT/ENCODE/REED_MULLER_ENCODE/FSM_onehot_state[2]_i_1__0_n_2                                                 | gpio_ctrl_IBUF[0]_inst/O                                                                                          |                1 |              5 |         5.00 |
|  clk_IBUF_BUFG                                                                                      | DUT/DECAP_MODULE/DECRYPT/DECODE/RM_DECOD/EXPANSE_AND_SUM/eas_dout_valid                                                           |                                                                                                                   |                1 |              5 |         5.00 |
|  clk_IBUF_BUFG                                                                                      | DUT/DECAP_MODULE/DECRYPT/DECODE/RM_DECOD/HADAMARD/HADAMARD_LAYER[1].HL/FIFO_F0/wr_data                                            |                                                                                                                   |                1 |              5 |         5.00 |
|  clk_IBUF_BUFG                                                                                      | DUT/ENCAP_MODULE/ENCRYPT/FIXEDWEIGHT/FSM_onehot_state_shake_reg_n_2_[3]                                                           | DUT/ENCAP_MODULE/ENCRYPT/FIXEDWEIGHT/seed_addr[4]_i_1__1_n_2                                                      |                2 |              5 |         2.50 |
|  clk_IBUF_BUFG                                                                                      | DUT/DECAP_MODULE/DECRYPT/DECODE/RM_DECOD/HADAMARD/HADAMARD_LAYER[1].HL/FIFO_F0/next_rd_addr[4]_i_1__7_n_2                         |                                                                                                                   |                1 |              5 |         5.00 |
|  clk_IBUF_BUFG                                                                                      | DUT/KEYGEN_MODULE/FIXEDWEIGHT/onegen_instance/red_state_reg[0]                                                                    | DUT/KEYGEN_MODULE/FIXEDWEIGHT/onegen_instance/red_state_reg[0]_0                                                  |                2 |              5 |         2.50 |
|  clk_IBUF_BUFG                                                                                      | DUT/DECAP_MODULE/DECRYPT/DECODE/RM_DECOD/HADAMARD/HADAMARD_LAYER[1].HL/FIFO_F1/wr_data                                            |                                                                                                                   |                2 |              5 |         2.50 |
|  clk_IBUF_BUFG                                                                                      | DUT/DECAP_MODULE/DECRYPT/DECODE/RS_DECOD/COMPUTE_ERRVALS/delta_cnt0                                                               | DUT/DECAP_MODULE/DECRYPT/DECODE/RS_DECOD/COMPUTE_ERRVALS/delta_cnt[4]_i_1_n_2                                     |                1 |              5 |         5.00 |
|  clk_IBUF_BUFG                                                                                      | DUT/DECAP_MODULE/DECRYPT/DECODE/RM_DECOD/HADAMARD/HADAMARD_LAYER[1].HL/FIFO_S1/next_rd_addr[4]_i_1__9_n_2                         |                                                                                                                   |                1 |              5 |         5.00 |
|  clk_IBUF_BUFG                                                                                      | DUT/DECAP_MODULE/DECRYPT/DECODE/RM_DECOD/HADAMARD/HADAMARD_LAYER[1].HL/FIFO_S1/wr_data                                            |                                                                                                                   |                2 |              5 |         2.50 |
|  clk_IBUF_BUFG                                                                                      | DUT/DECAP_MODULE/DECRYPT/DECODE/RM_DECOD/HADAMARD/HADAMARD_LAYER[1].HL/FIFO_S0/wr_data                                            |                                                                                                                   |                2 |              5 |         2.50 |
|  clk_IBUF_BUFG                                                                                      | DUT/DECAP_MODULE/DECRYPT/DECODE/RM_DECOD/HADAMARD/HADAMARD_LAYER[1].HL/FIFO_S0/next_rd_addr[4]_i_1__8_n_2                         |                                                                                                                   |                1 |              5 |         5.00 |
|  clk_IBUF_BUFG                                                                                      | DUT/KEYGEN_MODULE/VECTSETRAND/rand_out_rearrange[95]_i_2_n_2                                                                      | DUT/KEYGEN_MODULE/VECTSETRAND/rand_out_rearrange[100]_i_1_n_2                                                     |                3 |              5 |         1.67 |
|  clk_IBUF_BUFG                                                                                      | DUT/KEYGEN_MODULE/VECTSETRAND/seed_addr[4]_i_2__0_n_2                                                                             | DUT/KEYGEN_MODULE/VECTSETRAND/seed_addr[4]_i_1__0_n_2                                                             |                2 |              5 |         2.50 |
|  clk_IBUF_BUFG                                                                                      | DUT/KEYGEN_MODULE/FIXEDWEIGHT/onegen_instance/red_state_reg[0]                                                                    |                                                                                                                   |                2 |              5 |         2.50 |
|  clk_IBUF_BUFG                                                                                      | DUT/DECAP_MODULE/ENCAP_FOR_RENCRYPT/ENCRYPT/ENCODE/REED_MULLER_ENCODE/FSM_onehot_state[2]_i_1__2_n_2                              | gpio_ctrl_IBUF[0]_inst/O                                                                                          |                1 |              5 |         5.00 |
|  clk_IBUF_BUFG                                                                                      | DUT/DECAP_MODULE/ENCAP_FOR_RENCRYPT/ENCRYPT/FIXEDWEIGHT/FSM_onehot_state_shake_reg_n_2_[3]                                        | DUT/DECAP_MODULE/ENCAP_FOR_RENCRYPT/ENCRYPT/FIXEDWEIGHT/seed_addr[4]_i_1__2_n_2                                   |                1 |              5 |         5.00 |
|  clk_IBUF_BUFG                                                                                      | DUT/DECAP_MODULE/DECRYPT/DECODE/RS_DECOD/COMPUTE_ERRVALS/jj_cnt_end_d_i_1_n_2                                                     | DUT/DECAP_MODULE/DECRYPT/DECODE/RS_DECOD/COMPUTE_ERRVALS/ii_cnt0                                                  |                2 |              5 |         2.50 |
|  clk_IBUF_BUFG                                                                                      | DUT/DECAP_MODULE/DECRYPT/DECODE/RS_DECOD/COMPUTE_ERRVALS/ik_cnt_en                                                                | DUT/DECAP_MODULE/DECRYPT/DECODE/RS_DECOD/COMPUTE_ERRVALS/ik_cnt0                                                  |                1 |              5 |         5.00 |
|  clk_IBUF_BUFG                                                                                      | DUT/DECAP_MODULE/DECRYPT/DECODE/RS_DECOD/COMPUTE_ERRVALS/jj_cnt_en                                                                | DUT/DECAP_MODULE/DECRYPT/DECODE/RS_DECOD/COMPUTE_ERRVALS/jj_cnt0                                                  |                2 |              5 |         2.50 |
|  clk_IBUF_BUFG                                                                                      | DUT/KEYGEN_MODULE/FIXEDWEIGHT/seed_addr[4]_i_2_n_2                                                                                | DUT/KEYGEN_MODULE/FIXEDWEIGHT/seed_addr[4]_i_1_n_2                                                                |                1 |              5 |         5.00 |
|  clk_IBUF_BUFG                                                                                      | DUT/DECAP_MODULE/DECRYPT/DECODE/RM_DECOD/HADAMARD/HADAMARD_LAYER[5].HL/cnt_out_en                                                 | DUT/DECAP_MODULE/DECRYPT/DECODE/RM_DECOD/HADAMARD/HADAMARD_LAYER[5].HL/cnt_out0                                   |                1 |              6 |         6.00 |
|  clk_IBUF_BUFG                                                                                      |                                                                                                                                   | DUT/DECAP_MODULE/DECRYPT/DECODE/RS_DECOD/COMPUTE_ELP/SR[0]                                                        |                2 |              6 |         3.00 |
|  clk_IBUF_BUFG                                                                                      | DUT/DECAP_MODULE/ENCAP_FOR_RENCRYPT/FSM_onehot_h_state[5]_i_1__0_n_2                                                              | gpio_ctrl_IBUF[0]_inst/O                                                                                          |                1 |              6 |         6.00 |
|  clk_IBUF_BUFG                                                                                      | DUT/DECAP_MODULE/DECRYPT/DECODE/RM_DECOD/HADAMARD/HADAMARD_LAYER[5].HL/data_valid[6]_36                                           | DUT/DECAP_MODULE/DECRYPT/DECODE/RM_DECOD/HADAMARD/HADAMARD_LAYER[6].HL/cnt_in0                                    |                2 |              6 |         3.00 |
|  clk_IBUF_BUFG                                                                                      | DUT/DECAP_MODULE/DECRYPT/DECODE/RM_DECOD/HADAMARD/HADAMARD_LAYER[0].HL/data_valid[1]_26                                           | DUT/DECAP_MODULE/DECRYPT/DECODE/RM_DECOD/HADAMARD/HADAMARD_LAYER[1].HL/cnt_in0                                    |                2 |              6 |         3.00 |
|  clk_IBUF_BUFG                                                                                      | DUT/DECAP_MODULE/DECRYPT/DECODE/RM_DECOD/HADAMARD/HADAMARD_LAYER[2].HL/FIFO_S0/next_rd_addr[4]_i_1__12_n_2                        |                                                                                                                   |                1 |              6 |         6.00 |
|  clk_IBUF_BUFG                                                                                      | DUT/DECAP_MODULE/DECRYPT/DECODE/RM_DECOD/HADAMARD/HADAMARD_LAYER[2].HL/FIFO_S1/next_rd_addr[4]_i_1__13_n_2                        |                                                                                                                   |                1 |              6 |         6.00 |
|  clk_IBUF_BUFG                                                                                      | DUT/ENCAP_MODULE/FSM_onehot_h_state[5]_i_1_n_2                                                                                    | gpio_ctrl_IBUF[0]_inst/O                                                                                          |                1 |              6 |         6.00 |
|  clk_IBUF_BUFG                                                                                      | DUT/DECAP_MODULE/DECRYPT/DECODE/RM_DECOD/HADAMARD/HADAMARD_LAYER[0].HL/cnt_out_en                                                 | DUT/DECAP_MODULE/DECRYPT/DECODE/RM_DECOD/HADAMARD/HADAMARD_LAYER[0].HL/cnt_out0                                   |                1 |              6 |         6.00 |
|  clk_IBUF_BUFG                                                                                      | DUT/DECAP_MODULE/DECRYPT/DECODE/RM_DECOD/HADAMARD/HADAMARD_LAYER[2].HL/data_valid[3]_30                                           | DUT/DECAP_MODULE/DECRYPT/DECODE/RM_DECOD/HADAMARD/HADAMARD_LAYER[3].HL/cnt_in0                                    |                2 |              6 |         3.00 |
|  clk_IBUF_BUFG                                                                                      | DUT/DECAP_MODULE/DECRYPT/DECODE/RM_DECOD/HADAMARD/HADAMARD_LAYER[2].HL/FIFO_S0/wr_data                                            |                                                                                                                   |                2 |              6 |         3.00 |
|  clk_IBUF_BUFG                                                                                      | DUT/DECAP_MODULE/DECRYPT/DECODE/RM_DECOD/HADAMARD/HADAMARD_LAYER[2].HL/cnt_out_en                                                 | DUT/DECAP_MODULE/DECRYPT/DECODE/RM_DECOD/HADAMARD/HADAMARD_LAYER[2].HL/cnt_out0                                   |                1 |              6 |         6.00 |
|  clk_IBUF_BUFG                                                                                      | DUT/DECAP_MODULE/DECRYPT/DECODE/RM_DECOD/HADAMARD/HADAMARD_LAYER[2].HL/FIFO_S1/wr_data                                            |                                                                                                                   |                2 |              6 |         3.00 |
|  clk_IBUF_BUFG                                                                                      | DUT/ENCAP_MODULE/ENCRYPT/ENCODE/REED_MULLER_ENCODE/count_cdw_bytes[5]_i_2_n_2                                                     | DUT/ENCAP_MODULE/ENCRYPT/ENCODE/REED_MULLER_ENCODE/count_cdw_bytes[5]_i_1_n_2                                     |                1 |              6 |         6.00 |
|  clk_IBUF_BUFG                                                                                      | DUT/DECAP_MODULE/DECRYPT/DECODE/RM_DECOD/HADAMARD/HADAMARD_LAYER[3].HL/cnt_out_en                                                 | DUT/DECAP_MODULE/DECRYPT/DECODE/RM_DECOD/HADAMARD/HADAMARD_LAYER[3].HL/cnt_out0                                   |                1 |              6 |         6.00 |
|  clk_IBUF_BUFG                                                                                      | DUT/DECAP_MODULE/DECRYPT/DECODE/RM_DECOD/HADAMARD/HADAMARD_LAYER[1].HL/data_valid[2]_28                                           | DUT/DECAP_MODULE/DECRYPT/DECODE/RM_DECOD/HADAMARD/HADAMARD_LAYER[2].HL/cnt_in0                                    |                2 |              6 |         3.00 |
|  clk_IBUF_BUFG                                                                                      | DUT/DECAP_MODULE/DECRYPT/DECODE/RM_DECOD/HADAMARD/HADAMARD_LAYER[3].HL/data_valid[4]_32                                           | DUT/DECAP_MODULE/DECRYPT/DECODE/RM_DECOD/HADAMARD/HADAMARD_LAYER[4].HL/cnt_in0                                    |                2 |              6 |         3.00 |
|  clk_IBUF_BUFG                                                                                      | DUT/DECAP_MODULE/DECRYPT/DECODE/RM_DECOD/HADAMARD/HADAMARD_LAYER[2].HL/FIFO_F1/next_rd_addr[4]_i_1__10_n_2                        |                                                                                                                   |                1 |              6 |         6.00 |
|  clk_IBUF_BUFG                                                                                      | DUT/DECAP_MODULE/DECRYPT/DECODE/RM_DECOD/HADAMARD/HADAMARD_LAYER[4].HL/cnt_out_en                                                 | DUT/DECAP_MODULE/DECRYPT/DECODE/RM_DECOD/HADAMARD/HADAMARD_LAYER[4].HL/cnt_out0                                   |                1 |              6 |         6.00 |
|  clk_IBUF_BUFG                                                                                      | DUT/DECAP_MODULE/DECRYPT/DECODE/RM_DECOD/HADAMARD/HADAMARD_LAYER[4].HL/data_valid[5]_34                                           | DUT/DECAP_MODULE/DECRYPT/DECODE/RM_DECOD/HADAMARD/HADAMARD_LAYER[5].HL/cnt_in0                                    |                2 |              6 |         3.00 |
|  clk_IBUF_BUFG                                                                                      | DUT/DECAP_MODULE/ENCAP_FOR_RENCRYPT/ENCRYPT/ENCODE/REED_MULLER_ENCODE/count_cdw_bytes[5]_i_2__0_n_2                               | DUT/DECAP_MODULE/ENCAP_FOR_RENCRYPT/ENCRYPT/ENCODE/REED_MULLER_ENCODE/count_cdw_bytes[5]_i_1__0_n_2               |                2 |              6 |         3.00 |
|  clk_IBUF_BUFG                                                                                      | DUT/DECAP_MODULE/DECRYPT/DECODE/RM_DECOD/HADAMARD/HADAMARD_LAYER[6].HL/cnt_out_en                                                 | DUT/DECAP_MODULE/DECRYPT/DECODE/RM_DECOD/HADAMARD/HADAMARD_LAYER[6].HL/cnt_out0                                   |                1 |              6 |         6.00 |
|  clk_IBUF_BUFG                                                                                      | DUT/DECAP_MODULE/DECRYPT/DECODE/RM_DECOD/HADAMARD/HADAMARD_LAYER[2].HL/FIFO_F0/wr_data                                            |                                                                                                                   |                3 |              6 |         2.00 |
|  clk_IBUF_BUFG                                                                                      | DUT/DECAP_MODULE/DECRYPT/DECODE/RM_DECOD/HADAMARD/had_dout_valid                                                                  | DUT/DECAP_MODULE/DECRYPT/DECODE/RM_DECOD/FIND_PEAKS/FIND_PEAKS_0/cnt_in[6]_i_1__4_n_2                             |                1 |              6 |         6.00 |
|  clk_IBUF_BUFG                                                                                      | DUT/DECAP_MODULE/DECRYPT/DECODE/RM_DECOD/HADAMARD/had_dout_valid                                                                  | DUT/DECAP_MODULE/DECRYPT/DECODE/RM_DECOD/FIND_PEAKS/FIND_PEAKS_1/cnt_in[6]_i_1__5_n_2                             |                1 |              6 |         6.00 |
|  clk_IBUF_BUFG                                                                                      | DUT/DECAP_MODULE/DECRYPT/DECODE/RM_DECOD/HADAMARD/dout_valid_d_reg_0[0]                                                           | DUT/DECAP_MODULE/DECRYPT/DECODE/RM_DECOD/FIND_PEAKS/FIND_PEAKS_1/peak_pos[6]_i_1_n_2                              |                1 |              6 |         6.00 |
|  clk_IBUF_BUFG                                                                                      | DUT/DECAP_MODULE/DECRYPT/DECODE/RS_DECOD/COMPUTE_ELP/cnt_en_buf_reg_n_2_[2]                                                       | DUT/DECAP_MODULE/DECRYPT/DECODE/RS_DECOD/COMPUTE_ELP/cnt_en_buf[1]                                                |                1 |              6 |         6.00 |
|  clk_IBUF_BUFG                                                                                      | DUT/DECAP_MODULE/DECRYPT/DECODE/RM_DECOD/HADAMARD/HADAMARD_LAYER[1].HL/cnt_out_en                                                 | DUT/DECAP_MODULE/DECRYPT/DECODE/RM_DECOD/HADAMARD/HADAMARD_LAYER[1].HL/cnt_out0                                   |                1 |              6 |         6.00 |
|  clk_IBUF_BUFG                                                                                      | DUT/DECAP_MODULE/DECRYPT/DECODE/RM_DECOD/HADAMARD/HADAMARD_LAYER[2].HL/FIFO_F1/wr_data                                            |                                                                                                                   |                2 |              6 |         3.00 |
|  clk_IBUF_BUFG                                                                                      | DUT/DECAP_MODULE/DECRYPT/DECODE/RS_DECOD/COMPUTE_SYNDROMES/cnt_en                                                                 | DUT/DECAP_MODULE/DECRYPT/DECODE/RS_DECOD/COMPUTE_SYNDROMES/cnt0                                                   |                1 |              6 |         6.00 |
|  clk_IBUF_BUFG                                                                                      | DUT/DECAP_MODULE/DECRYPT/DECODE/RM_DECOD/EXPANSE_AND_SUM/eas_dout_valid                                                           | DUT/DECAP_MODULE/DECRYPT/DECODE/RM_DECOD/HADAMARD/HADAMARD_LAYER[0].HL/cnt_in0                                    |                2 |              6 |         3.00 |
|  clk_IBUF_BUFG                                                                                      | DUT/DECAP_MODULE/DECRYPT/DECODE/RM_DECOD/HADAMARD/HADAMARD_LAYER[2].HL/FIFO_F0/next_rd_addr[4]_i_1__11_n_2                        |                                                                                                                   |                1 |              6 |         6.00 |
|  clk_IBUF_BUFG                                                                                      | DUT/DECAP_MODULE/DECRYPT/DECODE/RM_DECOD/EXPANSE_AND_SUM/dout_buf[381]_i_1_n_2                                                    | DUT/DECAP_MODULE/DECRYPT/DECODE/RM_DECOD/EXPANSE_AND_SUM/dout_buf[383]_i_1_n_2                                    |                3 |              6 |         2.00 |
|  clk_IBUF_BUFG                                                                                      | DUT/DECAP_MODULE/DECRYPT/DECODE/RM_DECOD/FIND_PEAKS/E[0]                                                                          | DUT/DECAP_MODULE/DECRYPT/V_MINUS_UY/done_reg_0[0]                                                                 |                1 |              6 |         6.00 |
|  clk_IBUF_BUFG                                                                                      | DUT/DECAP_MODULE/DECRYPT/DECODE/RM_DECOD/FIND_PEAKS/FIND_PEAKS_0/peak_pos                                                         | DUT/DECAP_MODULE/DECRYPT/DECODE/RM_DECOD/FIND_PEAKS/FIND_PEAKS_0/peak_pos[6]_i_1__0_n_2                           |                1 |              6 |         6.00 |
|  clk_IBUF_BUFG                                                                                      | DUT/DECAP_MODULE/POLY_MULT/addr_0_reg[8]_i_1__2_n_2                                                                               |                                                                                                                   |                4 |              7 |         1.75 |
|  clk_IBUF_BUFG                                                                                      | DUT/DECAP_MODULE/POLY_MULT/addr_0_reg[8]_i_1__2_n_2                                                                               | gpio_ctrl_IBUF[0]_inst/O                                                                                          |                3 |              7 |         2.33 |
|  clk_IBUF_BUFG                                                                                      | DUT/KEYGEN_MODULE/FIXEDWEIGHT/onegen_instance/collision_s_reg_0[0]                                                                |                                                                                                                   |                3 |              7 |         2.33 |
|  clk_IBUF_BUFG                                                                                      | DUT/DECAP_MODULE/DECRYPT/DECODE/RM_DECOD/HADAMARD/HADAMARD_LAYER[3].HL/FIFO_F1/wr_data                                            |                                                                                                                   |                2 |              7 |         3.50 |
|  clk_IBUF_BUFG                                                                                      | DUT/DECAP_MODULE/DECRYPT/DECODE/RM_DECOD/HADAMARD/HADAMARD_LAYER[3].HL/FIFO_F0/next_rd_addr[4]_i_1__15_n_2                        |                                                                                                                   |                1 |              7 |         7.00 |
|  clk_IBUF_BUFG                                                                                      | DUT/DECAP_MODULE/DECRYPT/DECODE/RM_DECOD/HADAMARD/HADAMARD_LAYER[3].HL/FIFO_F0/wr_data                                            |                                                                                                                   |                2 |              7 |         3.50 |
|  clk_IBUF_BUFG                                                                                      | DUT/KEYGEN_MODULE/LOC_BASED_ADDER/loc_rd_addr[6]_i_2_n_2                                                                          | DUT/KEYGEN_MODULE/LOC_BASED_ADDER/loc_rd_addr[6]_i_1_n_2                                                          |                2 |              7 |         3.50 |
|  clk_IBUF_BUFG                                                                                      | DUT/DECAP_MODULE/ENCAP_FOR_RENCRYPT/ENCRYPT/POLY_MULT/addr_0_reg[8]_i_1__1_n_2                                                    | gpio_ctrl_IBUF[0]_inst/O                                                                                          |                6 |              7 |         1.17 |
|  clk_IBUF_BUFG                                                                                      | DUT/ENCAP_MODULE/ENCRYPT/FIXEDWEIGHT/onegen_instance/rd_addr[6]_i_2__0_n_2                                                        | DUT/ENCAP_MODULE/ENCRYPT/FIXEDWEIGHT/onegen_instance/rd_addr[6]_i_1__0_n_2                                        |                2 |              7 |         3.50 |
|  clk_IBUF_BUFG                                                                                      | DUT/KEYGEN_MODULE/POLY_MULT/addr_0_reg[8]_i_1_n_2                                                                                 | gpio_ctrl_IBUF[0]_inst/O                                                                                          |                5 |              7 |         1.40 |
|  clk_IBUF_BUFG                                                                                      | DUT/DECAP_MODULE/ENCAP_FOR_RENCRYPT/ENCRYPT/LOC_BASED_ADDER/loc_rd_addr[6]_i_2__1_n_2                                             | DUT/DECAP_MODULE/ENCAP_FOR_RENCRYPT/ENCRYPT/LOC_BASED_ADDER/loc_rd_addr[6]_i_1__1_n_2                             |                2 |              7 |         3.50 |
|  clk_IBUF_BUFG                                                                                      | DUT/ENCAP_MODULE/ENCRYPT/FIXEDWEIGHT/onegen_instance/red_state_reg[2][0]                                                          |                                                                                                                   |                3 |              7 |         2.33 |
|  clk_IBUF_BUFG                                                                                      | DUT/DECAP_MODULE/DECRYPT/DECODE/RM_DECOD/HADAMARD/HADAMARD_LAYER[3].HL/FIFO_S1/wr_data                                            |                                                                                                                   |                3 |              7 |         2.33 |
|  clk_IBUF_BUFG                                                                                      | DUT/DECAP_MODULE/DECRYPT/DECODE/RM_DECOD/HADAMARD/HADAMARD_LAYER[3].HL/FIFO_S1/next_rd_addr[4]_i_1__17_n_2                        |                                                                                                                   |                1 |              7 |         7.00 |
|  clk_IBUF_BUFG                                                                                      | DUT/DECAP_MODULE/DECRYPT/DECODE/RS_DECOD/COMPUTE_ERRVALS/i_cnt07_out                                                              | DUT/DECAP_MODULE/DECRYPT/DECODE/RS_DECOD/COMPUTE_ERRVALS/i_cnt0                                                   |                2 |              7 |         3.50 |
|  clk_IBUF_BUFG                                                                                      | DUT/ENCAP_MODULE/ENCRYPT/LOC_BASED_ADDER/loc_rd_addr[6]_i_2__0_n_2                                                                | DUT/ENCAP_MODULE/ENCRYPT/LOC_BASED_ADDER/loc_rd_addr[6]_i_1__0_n_2                                                |                2 |              7 |         3.50 |
|  clk_IBUF_BUFG                                                                                      | DUT/DECAP_MODULE/ENCAP_FOR_RENCRYPT/ENCRYPT/FIXEDWEIGHT/onegen_instance/rd_addr[6]_i_2__1_n_2                                     | DUT/DECAP_MODULE/ENCAP_FOR_RENCRYPT/ENCRYPT/FIXEDWEIGHT/onegen_instance/rd_addr[6]_i_1__1_n_2                     |                2 |              7 |         3.50 |
|  clk_IBUF_BUFG                                                                                      | DUT/ENCAP_MODULE/ENCRYPT/fw_addr[6]_i_2_n_2                                                                                       | DUT/ENCAP_MODULE/ENCRYPT/fw_addr[6]_i_1_n_2                                                                       |                1 |              7 |         7.00 |
|  clk_IBUF_BUFG                                                                                      | DUT/ENCAP_MODULE/ENCRYPT/POLY_MULT/addr_0_reg[8]_i_1__0_n_2                                                                       | gpio_ctrl_IBUF[0]_inst/O                                                                                          |                6 |              7 |         1.17 |
|  clk_IBUF_BUFG                                                                                      | DUT/DECAP_MODULE/DECRYPT/DECODE/RM_DECOD/HADAMARD/HADAMARD_LAYER[3].HL/FIFO_F1/next_rd_addr[4]_i_1__14_n_2                        |                                                                                                                   |                1 |              7 |         7.00 |
|  clk_IBUF_BUFG                                                                                      | DUT/DECAP_MODULE/ENCAP_FOR_RENCRYPT/ENCRYPT/fw_addr[6]_i_2__0_n_2                                                                 | DUT/DECAP_MODULE/ENCAP_FOR_RENCRYPT/ENCRYPT/fw_addr[6]_i_1__0_n_2                                                 |                2 |              7 |         3.50 |
|  clk_IBUF_BUFG                                                                                      | DUT/KEYGEN_MODULE/x_addr[6]_i_2_n_2                                                                                               | DUT/KEYGEN_MODULE/x_addr[6]_i_1_n_2                                                                               |                2 |              7 |         3.50 |
|  clk_IBUF_BUFG                                                                                      | DUT/KEYGEN_MODULE/FIXEDWEIGHT/onegen_instance/rd_addr[6]_i_2_n_2                                                                  | DUT/KEYGEN_MODULE/FIXEDWEIGHT/onegen_instance/rd_addr[6]_i_1_n_2                                                  |                2 |              7 |         3.50 |
|  clk_IBUF_BUFG                                                                                      | DUT/DECAP_MODULE/DECRYPT/DECODE/RM_DECOD/HADAMARD/HADAMARD_LAYER[3].HL/FIFO_S0/next_rd_addr[4]_i_1__16_n_2                        |                                                                                                                   |                1 |              7 |         7.00 |
|  clk_IBUF_BUFG                                                                                      | DUT/DECAP_MODULE/DECRYPT/DECODE/RM_DECOD/HADAMARD/HADAMARD_LAYER[3].HL/FIFO_S0/wr_data                                            |                                                                                                                   |                1 |              7 |         7.00 |
|  clk_IBUF_BUFG                                                                                      | DUT/DECAP_MODULE/ENCAP_FOR_RENCRYPT/ENCRYPT/FIXEDWEIGHT/onegen_instance/red_state_reg[2][0]                                       |                                                                                                                   |                4 |              7 |         1.75 |
|  clk_IBUF_BUFG                                                                                      | DUT/DECAP_MODULE/DECRYPT/DECODE/RS_DECOD/COMPUTE_ROOTS/ADD_FFT/FFT_PART2/ROUND[2].FFT_ROUND/dout_en                               | DUT/DECAP_MODULE/DECRYPT/DECODE/RS_DECOD/COMPUTE_ROOTS/ADD_FFT/FFT_PART2/ROUND[2].FFT_ROUND/cnt_out[7]_i_1__3_n_2 |                2 |              8 |         4.00 |
|  clk_IBUF_BUFG                                                                                      | DUT/KEYGEN_MODULE/LOC_BASED_ADDER/pm_rd_en                                                                                        | gpio_ctrl_IBUF[0]_inst/O                                                                                          |                1 |              8 |         8.00 |
|  clk_IBUF_BUFG                                                                                      | DUT/DECAP_MODULE/DECRYPT/DECODE/RS_DECOD/COMPUTE_ROOTS/ADD_FFT/FFT_PART2/ROUND[2].FFT_ROUND/dout_en_d_reg_0[0]                    |                                                                                                                   |                4 |              8 |         2.00 |
|  clk_IBUF_BUFG                                                                                      | DUT/DECAP_MODULE/ENCAP_FOR_RENCRYPT/hash_in_addr[2]_i_1__0_n_2                                                                    | DUT/DECAP_MODULE/ENCAP_FOR_RENCRYPT/hash_in_addr[10]_i_1__0_n_2                                                   |                2 |              8 |         4.00 |
|  clk_IBUF_BUFG                                                                                      | DUT/DECAP_MODULE/DECRYPT/DECODE/RS_DECOD/COMPUTE_ROOTS/ADD_FFT/FFT_PART2/ROUND[2].FFT_ROUND/dout_en_d_reg_0[0]                    | DUT/DECAP_MODULE/DECRYPT/DECODE/RS_DECOD/COMPUTE_ROOTS/ADD_FFT/FFT_PART2/ROUND[3].FFT_ROUND/cnt_in0               |                2 |              8 |         4.00 |
|  clk_IBUF_BUFG                                                                                      | DUT/DECAP_MODULE/ENCAP_FOR_RENCRYPT/shake_support_vector[31]_i_1__0_n_2                                                           |                                                                                                                   |                3 |              8 |         2.67 |
|  clk_IBUF_BUFG                                                                                      | DUT/DECAP_MODULE/ENCAP_FOR_RENCRYPT/u_v_out_addr_int[7]_i_2__0_n_2                                                                | DUT/DECAP_MODULE/ENCAP_FOR_RENCRYPT/u_v_out_addr_int[7]_i_1__0_n_2                                                |                2 |              8 |         4.00 |
|  clk_IBUF_BUFG                                                                                      | DUT/DECAP_MODULE/DECRYPT/DECODE/RS_DECOD/COMPUTE_ROOTS/ADD_FFT/FFT_PART2/ROUND[3].FFT_ROUND/FIFO_FFT/next_rd_addr[6]_i_1_n_2      |                                                                                                                   |                2 |              8 |         4.00 |
|  clk_IBUF_BUFG                                                                                      | DUT/KEYGEN_MODULE/POLY_MULT/addr_1_int_red_mem[8]_i_2_n_2                                                                         | DUT/KEYGEN_MODULE/POLY_MULT/addr_1_int_red_mem[8]_i_1_n_2                                                         |                4 |              8 |         2.00 |
|  clk_IBUF_BUFG                                                                                      | DUT/DECAP_MODULE/DECRYPT/DECODE/RS_DECOD/COMPUTE_ROOTS/ADD_FFT/FFT_PART2/ROUND[3].FFT_ROUND/FIFO_FFT/wr_data[7]_i_1__2_n_2        |                                                                                                                   |                6 |              8 |         1.33 |
|  clk_IBUF_BUFG                                                                                      | DUT/DECAP_MODULE/ENCAP_FOR_RENCRYPT/u_v_reg[7]_i_1__0_n_2                                                                         |                                                                                                                   |                4 |              8 |         2.00 |
|  clk_IBUF_BUFG                                                                                      | DUT/DECAP_MODULE/DECRYPT/DECODE/RS_DECOD/COMPUTE_ROOTS/ADD_FFT/FFT_PART2/ROUND[0].FFT_ROUND/FIFO_FFT/wr_v                         | gpio_ctrl_IBUF[0]_inst/O                                                                                          |                3 |              8 |         2.67 |
|  clk_IBUF_BUFG                                                                                      | DUT/DECAP_MODULE/POLY_MULT/addr_1_int_red_mem[8]_i_2__2_n_2                                                                       | DUT/DECAP_MODULE/POLY_MULT/addr_1_int_red_mem[8]_i_1__2_n_2                                                       |                3 |              8 |         2.67 |
|  clk_IBUF_BUFG                                                                                      | DUT/DECAP_MODULE/DECRYPT/DECODE/RS_DECOD/COMPUTE_ROOTS/ADD_FFT/FFT_PART2/ROUND[0].FFT_ROUND/FIFO_FFT/next_rd_addr[3]_i_1_n_2      |                                                                                                                   |                1 |              8 |         8.00 |
|  clk_IBUF_BUFG                                                                                      | DUT/DECAP_MODULE/DECRYPT/DECODE/RS_DECOD/COMPUTE_ROOTS/ADD_FFT/FFT_PART2/ROUND[0].FFT_ROUND/FIFO_FFT/next_rd_addr[3]_i_1_n_2      | gpio_ctrl_IBUF[0]_inst/O                                                                                          |                2 |              8 |         4.00 |
|  clk_IBUF_BUFG                                                                                      | DUT/DECAP_MODULE/DECRYPT/DECODE/RS_DECOD/COMPUTE_ROOTS/ADD_FFT/FFT_PART2/ROUND[0].FFT_ROUND/FIFO_FFT/wr_data[7]_i_1_n_2           |                                                                                                                   |                2 |              8 |         4.00 |
|  clk_IBUF_BUFG                                                                                      | DUT/DECAP_MODULE/ENCAP_FOR_RENCRYPT/ENCRYPT/FIXEDWEIGHT/onegen_instance/count_reg[7]_i_2__1_n_2                                   | DUT/DECAP_MODULE/ENCAP_FOR_RENCRYPT/ENCRYPT/FIXEDWEIGHT/onegen_instance/count_reg[7]_i_1__1_n_2                   |                4 |              8 |         2.00 |
|  clk_IBUF_BUFG                                                                                      | DUT/DECAP_MODULE/encap_out_addr[7]_i_2_n_2                                                                                        | DUT/DECAP_MODULE/encap_out_addr[7]_i_1_n_2                                                                        |                2 |              8 |         4.00 |
|  clk_IBUF_BUFG                                                                                      | DUT/DECAP_MODULE/u_v_in_addr[7]_i_2_n_2                                                                                           | DUT/DECAP_MODULE/u_v_in_addr[7]_i_1_n_2                                                                           |                3 |              8 |         2.67 |
|  clk_IBUF_BUFG                                                                                      | DUT/DECAP_MODULE/DECRYPT/DECODE/RS_DECOD/COMPUTE_ERRVALS/beta_wr                                                                  |                                                                                                                   |                1 |              8 |         8.00 |
|  clk_IBUF_BUFG                                                                                      | DUT/DECAP_MODULE/DECRYPT/DECODE/RS_DECOD/COMPUTE_ERRVALS/err_val0                                                                 | DUT/DECAP_MODULE/DECRYPT/DECODE/RS_DECOD/COMPUTE_ERRVALS/err_val[127]_i_1_n_2                                     |                3 |              8 |         2.67 |
|  clk_IBUF_BUFG                                                                                      | DUT/DECAP_MODULE/DECRYPT/DECODE/RS_DECOD/COMPUTE_ERRVALS/e_wr                                                                     |                                                                                                                   |                1 |              8 |         8.00 |
|  clk_IBUF_BUFG                                                                                      | DUT/ENCAP_MODULE/ENCRYPT/FIXEDWEIGHT/shake_ctx/E[0]                                                                               | DUT/ENCAP_MODULE/ENCRYPT/FIXEDWEIGHT/weight_counter_init                                                          |                2 |              8 |         4.00 |
|  clk_IBUF_BUFG                                                                                      | DUT/DECAP_MODULE/DECRYPT/DECODE/RS_DECOD/COMPUTE_ERRVALS/jj_cnt_en                                                                | DUT/DECAP_MODULE/DECRYPT/DECODE/RS_DECOD/COMPUTE_ERRVALS/tmp2                                                     |                5 |              8 |         1.60 |
|  clk_IBUF_BUFG                                                                                      | DUT/DECAP_MODULE/DECRYPT/DECODE/RS_DECOD/COMPUTE_ERRVALS/tmp20                                                                    | DUT/DECAP_MODULE/DECRYPT/DECODE/RS_DECOD/COMPUTE_ERRVALS/tmp2                                                     |                4 |              8 |         2.00 |
|  clk_IBUF_BUFG                                                                                      | DUT/DECAP_MODULE/DECRYPT/DECODE/RS_DECOD/COMPUTE_ERRVALS/ik_cnt_en                                                                | DUT/DECAP_MODULE/DECRYPT/DECODE/RS_DECOD/COMPUTE_ERRVALS/tmp2                                                     |                6 |              8 |         1.33 |
|  clk_IBUF_BUFG                                                                                      | DUT/ENCAP_MODULE/ENCRYPT/FIXEDWEIGHT/onegen_instance/count_reg[7]_i_2__0_n_2                                                      | DUT/ENCAP_MODULE/ENCRYPT/FIXEDWEIGHT/onegen_instance/count_reg[7]_i_1__0_n_2                                      |                3 |              8 |         2.67 |
|  clk_IBUF_BUFG                                                                                      | DUT/DECAP_MODULE/ENCAP_FOR_RENCRYPT/ENCRYPT/FIXEDWEIGHT/shake_ctx/E[0]                                                            | DUT/DECAP_MODULE/ENCAP_FOR_RENCRYPT/ENCRYPT/FIXEDWEIGHT/weight_counter_init                                       |                2 |              8 |         4.00 |
|  clk_IBUF_BUFG                                                                                      | DUT/DECAP_MODULE/ENCAP_FOR_RENCRYPT/ENCRYPT/LOC_BASED_ADDER/done_reg__0_1[0]                                                      | DUT/DECAP_MODULE/ENCAP_FOR_RENCRYPT/ENCRYPT/u_cpy_addr[7]_i_1__0_n_2                                              |                1 |              8 |         8.00 |
|  clk_IBUF_BUFG                                                                                      | DUT/DECAP_MODULE/ENCAP_FOR_RENCRYPT/ENCRYPT/LOC_BASED_ADDER/pm_rd_en                                                              | gpio_ctrl_IBUF[0]_inst/O                                                                                          |                5 |              8 |         1.60 |
|  clk_IBUF_BUFG                                                                                      | DUT/ENCAP_MODULE/ENCRYPT/LOC_BASED_ADDER/done_reg__0_1[0]                                                                         | DUT/ENCAP_MODULE/ENCRYPT/u_cpy_addr[7]_i_1_n_2                                                                    |                2 |              8 |         4.00 |
|  clk_IBUF_BUFG                                                                                      | DUT/ENCAP_MODULE/ENCRYPT/LOC_BASED_ADDER/pm_rd_en                                                                                 | gpio_ctrl_IBUF[0]_inst/O                                                                                          |                3 |              8 |         2.67 |
|  clk_IBUF_BUFG                                                                                      | DUT/DECAP_MODULE/DECRYPT/DECODE/RM_DECOD/HADAMARD/HADAMARD_LAYER[4].HL/FIFO_F0/next_rd_addr[4]_i_1__19_n_2                        |                                                                                                                   |                1 |              8 |         8.00 |
|  clk_IBUF_BUFG                                                                                      | DUT/DECAP_MODULE/DECRYPT/DECODE/RM_DECOD/HADAMARD/HADAMARD_LAYER[4].HL/FIFO_F0/wr_data_0                                          |                                                                                                                   |                2 |              8 |         4.00 |
|  clk_IBUF_BUFG                                                                                      | DUT/DECAP_MODULE/DECRYPT/DECODE/RM_DECOD/HADAMARD/HADAMARD_LAYER[4].HL/FIFO_F1/next_rd_addr[4]_i_1__18_n_2                        |                                                                                                                   |                1 |              8 |         8.00 |
|  clk_IBUF_BUFG                                                                                      | DUT/ENCAP_MODULE/ENCRYPT/POLY_MULT/addr_1_int_red_mem[8]_i_2__0_n_2                                                               | DUT/ENCAP_MODULE/ENCRYPT/POLY_MULT/addr_1_int_red_mem[8]_i_1__0_n_2                                               |                4 |              8 |         2.00 |
|  clk_IBUF_BUFG                                                                                      | DUT/DECAP_MODULE/DECRYPT/DECODE/RM_DECOD/HADAMARD/HADAMARD_LAYER[1].HL/FIFO_S0/wr_v                                               |                                                                                                                   |                1 |              8 |         8.00 |
|  clk_IBUF_BUFG                                                                                      | DUT/DECAP_MODULE/DECRYPT/DECODE/RM_DECOD/HADAMARD/HADAMARD_LAYER[4].HL/FIFO_F1/wr_data                                            |                                                                                                                   |                2 |              8 |         4.00 |
|  clk_IBUF_BUFG                                                                                      | DUT/DECAP_MODULE/DECRYPT/DECODE/RM_DECOD/HADAMARD/HADAMARD_LAYER[4].HL/FIFO_S0/next_rd_addr[4]_i_1__20_n_2                        |                                                                                                                   |                1 |              8 |         8.00 |
|  clk_IBUF_BUFG                                                                                      | DUT/ENCAP_MODULE/ENCRYPT/XOR_BASED_ADDER/in_addr[7]_i_2_n_2                                                                       | DUT/ENCAP_MODULE/ENCRYPT/XOR_BASED_ADDER/in_addr[7]_i_1_n_2                                                       |                3 |              8 |         2.67 |
|  clk_IBUF_BUFG                                                                                      | DUT/DECAP_MODULE/DECRYPT/DECODE/RM_DECOD/HADAMARD/HADAMARD_LAYER[4].HL/FIFO_S0/wr_data                                            |                                                                                                                   |                4 |              8 |         2.00 |
|  clk_IBUF_BUFG                                                                                      | DUT/DECAP_MODULE/DECRYPT/DECODE/RM_DECOD/HADAMARD/HADAMARD_LAYER[4].HL/FIFO_S1/next_rd_addr[4]_i_1__21_n_2                        |                                                                                                                   |                1 |              8 |         8.00 |
|  clk_IBUF_BUFG                                                                                      | DUT/ENCAP_MODULE/hash_in_addr[2]_i_1_n_2                                                                                          | DUT/ENCAP_MODULE/hash_in_addr[10]_i_1_n_2                                                                         |                2 |              8 |         4.00 |
|  clk_IBUF_BUFG                                                                                      | DUT/DECAP_MODULE/DECRYPT/DECODE/RM_DECOD/HADAMARD/HADAMARD_LAYER[4].HL/FIFO_S1/wr_data                                            |                                                                                                                   |                2 |              8 |         4.00 |
|  clk_IBUF_BUFG                                                                                      | DUT/ENCAP_MODULE/shake_support_vector[31]_i_1_n_2                                                                                 |                                                                                                                   |                3 |              8 |         2.67 |
|  clk_IBUF_BUFG                                                                                      | DUT/DECAP_MODULE/DECRYPT/DECODE/RM_DECOD/HADAMARD/HADAMARD_LAYER[2].HL/FIFO_F0/wr_v                                               |                                                                                                                   |                1 |              8 |         8.00 |
|  clk_IBUF_BUFG                                                                                      | DUT/DECAP_MODULE/DECRYPT/DECODE/RM_DECOD/HADAMARD/HADAMARD_LAYER[2].HL/FIFO_F1/wr_v                                               |                                                                                                                   |                1 |              8 |         8.00 |
|  clk_IBUF_BUFG                                                                                      | DUT/ENCAP_MODULE/u_v_out_addr_int[7]_i_2_n_2                                                                                      | DUT/ENCAP_MODULE/u_v_out_addr_int[7]_i_1_n_2                                                                      |                3 |              8 |         2.67 |
|  clk_IBUF_BUFG                                                                                      | DUT/DECAP_MODULE/DECRYPT/DECODE/RM_DECOD/HADAMARD/HADAMARD_LAYER[2].HL/FIFO_S0/wr_v                                               |                                                                                                                   |                1 |              8 |         8.00 |
|  clk_IBUF_BUFG                                                                                      | DUT/ENCAP_MODULE/u_v_reg[7]_i_1_n_2                                                                                               |                                                                                                                   |                4 |              8 |         2.00 |
|  clk_IBUF_BUFG                                                                                      | DUT/DECAP_MODULE/DECRYPT/DECODE/RM_DECOD/HADAMARD/HADAMARD_LAYER[2].HL/FIFO_S1/wr_v                                               |                                                                                                                   |                1 |              8 |         8.00 |
|  clk_IBUF_BUFG                                                                                      | DUT/DECAP_MODULE/ENCAP_FOR_RENCRYPT/ENCRYPT/POLY_MULT/addr_1_int_red_mem[8]_i_2__1_n_2                                            | DUT/DECAP_MODULE/ENCAP_FOR_RENCRYPT/ENCRYPT/POLY_MULT/addr_1_int_red_mem[8]_i_1__1_n_2                            |                4 |              8 |         2.00 |
|  clk_IBUF_BUFG                                                                                      | DUT/DECAP_MODULE/DECRYPT/DECODE/RM_DECOD/EXPANSE_AND_SUM/cnt_out_en                                                               | DUT/DECAP_MODULE/DECRYPT/DECODE/RM_DECOD/EXPANSE_AND_SUM/cnt_out0                                                 |                2 |              8 |         4.00 |
|  clk_IBUF_BUFG                                                                                      | DUT/DECAP_MODULE/ENCAP_FOR_RENCRYPT/ENCRYPT/XOR_BASED_ADDER/in_addr[7]_i_2__0_n_2                                                 | DUT/DECAP_MODULE/ENCAP_FOR_RENCRYPT/ENCRYPT/XOR_BASED_ADDER/in_addr[7]_i_1__0_n_2                                 |                3 |              8 |         2.67 |
|  clk_IBUF_BUFG                                                                                      | DUT/DECAP_MODULE/DECRYPT/DECODE/RM_DECOD/HADAMARD/HADAMARD_LAYER[0].HL/FIFO_F0/E[0]                                               |                                                                                                                   |                1 |              8 |         8.00 |
|  clk_IBUF_BUFG                                                                                      | DUT/DECAP_MODULE/DECRYPT/DECODE/RM_DECOD/HADAMARD/HADAMARD_LAYER[1].HL/FIFO_S1/wr_v                                               |                                                                                                                   |                1 |              8 |         8.00 |
|  clk_IBUF_BUFG                                                                                      | DUT/DECAP_MODULE/DECRYPT/DECODE/RM_DECOD/HADAMARD/HADAMARD_LAYER[0].HL/FIFO_F1/E[0]                                               |                                                                                                                   |                1 |              8 |         8.00 |
|  clk_IBUF_BUFG                                                                                      | DUT/DECAP_MODULE/DECRYPT/DECODE/RM_DECOD/HADAMARD/HADAMARD_LAYER[0].HL/FIFO_S0/E[0]                                               |                                                                                                                   |                1 |              8 |         8.00 |
|  clk_IBUF_BUFG                                                                                      | DUT/DECAP_MODULE/DECRYPT/DECODE/RM_DECOD/HADAMARD/HADAMARD_LAYER[0].HL/FIFO_S1/E[0]                                               |                                                                                                                   |                1 |              8 |         8.00 |
|  clk_IBUF_BUFG                                                                                      | DUT/DECAP_MODULE/DECRYPT/DECODE/RM_DECOD/HADAMARD/HADAMARD_LAYER[1].HL/FIFO_F0/wr_v                                               |                                                                                                                   |                1 |              8 |         8.00 |
|  clk_IBUF_BUFG                                                                                      | DUT/DECAP_MODULE/DECRYPT/DECODE/RS_DECOD/COMPUTE_ROOTS/ADD_FFT/FFT_PART2/ROUND[2].FFT_ROUND/FIFO_FFT/wr_data[7]_i_1__1_n_2        |                                                                                                                   |                7 |              8 |         1.14 |
|  clk_IBUF_BUFG                                                                                      | DUT/DECAP_MODULE/DECRYPT/DECODE/RM_DECOD/HADAMARD/HADAMARD_LAYER[1].HL/FIFO_F1/wr_v                                               |                                                                                                                   |                1 |              8 |         8.00 |
|  clk_IBUF_BUFG                                                                                      | DUT/DECAP_MODULE/DECRYPT/DECODE/RM_DECOD/EXPANSE_AND_SUM/E[0]                                                                     | DUT/DECAP_MODULE/DECRYPT/V_MINUS_UY/SR[0]                                                                         |                3 |              8 |         2.67 |
|  clk_IBUF_BUFG                                                                                      | DUT/DECAP_MODULE/DECRYPT/V_MINUS_UY/XOR_BASED_ADDER/in_addr[7]_i_2__1_n_2                                                         | DUT/DECAP_MODULE/DECRYPT/V_MINUS_UY/XOR_BASED_ADDER/in_addr[7]_i_1__1_n_2                                         |                4 |              8 |         2.00 |
|  clk_IBUF_BUFG                                                                                      | DUT/DECAP_MODULE/DECRYPT/DECODE/RS_DECOD/COMPUTE_ROOTS/ADD_FFT/FFT_PART2/ROUND[3].FFT_ROUND/dout_en                               |                                                                                                                   |                6 |              8 |         1.33 |
|  clk_IBUF_BUFG                                                                                      | DUT/DECAP_MODULE/DECRYPT/DECODE/RS_DECOD/COMPUTE_ROOTS/ADD_FFT/FFT_PART2/ROUND[3].FFT_ROUND/dout_en                               | DUT/DECAP_MODULE/DECRYPT/DECODE/RS_DECOD/COMPUTE_ROOTS/ADD_FFT/FFT_PART2/ROUND[3].FFT_ROUND/cnt_out[7]_i_1__4_n_2 |                2 |              8 |         4.00 |
|  clk_IBUF_BUFG                                                                                      | DUT/DECAP_MODULE/DECRYPT/DECODE/RS_DECOD/COMPUTE_ROOTS/ADD_FFT/FFT_PART2/ROUND[3].FFT_ROUND/dout_en_d_reg_0[0]                    | DUT/DECAP_MODULE/DECRYPT/DECODE/RS_DECOD/COMPUTE_ROOTS/ADD_FFT/FFT_PART2/ROUND[3].FFT_ROUND/SR[0]                 |                2 |              8 |         4.00 |
|  clk_IBUF_BUFG                                                                                      | DUT/DECAP_MODULE/DECRYPT/DECODE/RS_DECOD/COMPUTE_ROOTS/ADD_FFT/cnt_en                                                             | DUT/DECAP_MODULE/DECRYPT/DECODE/RS_DECOD/COMPUTE_ROOTS/ADD_FFT/FFT_PART1/SR[0]                                    |                3 |              8 |         2.67 |
|  clk_IBUF_BUFG                                                                                      | DUT/DECAP_MODULE/DECRYPT/DECODE/RS_DECOD/COMPUTE_ROOTS/ADD_FFT/fft2_din_vld                                                       | DUT/DECAP_MODULE/DECRYPT/DECODE/RS_DECOD/COMPUTE_ROOTS/ADD_FFT/fft2_cnt0                                          |                3 |              8 |         2.67 |
|  clk_IBUF_BUFG                                                                                      | DUT/DECAP_MODULE/DECRYPT/DECODE/RS_DECOD/COMPUTE_ROOTS/ADD_FFT/fft2_din_vld                                                       | DUT/DECAP_MODULE/DECRYPT/DECODE/RS_DECOD/COMPUTE_ROOTS/ADD_FFT/FFT_PART2/ROUND[0].FFT_ROUND/cnt_in0               |                2 |              8 |         4.00 |
|  clk_IBUF_BUFG                                                                                      | DUT/DECAP_MODULE/DECRYPT/DECODE/RS_DECOD/COMPUTE_ROOTS/FFT_RETRIEVE_ERROR/cnt_en                                                  | DUT/DECAP_MODULE/DECRYPT/DECODE/RS_DECOD/COMPUTE_ROOTS/FFT_RETRIEVE_ERROR/cnt0                                    |                3 |              8 |         2.67 |
|  clk_IBUF_BUFG                                                                                      | DUT/DECAP_MODULE/DECRYPT/DECODE/RS_DECOD/COMPUTE_ROOTS/ADD_FFT/FFT_PART2/ROUND[0].FFT_ROUND/dout_en                               |                                                                                                                   |                2 |              8 |         4.00 |
|  clk_IBUF_BUFG                                                                                      | DUT/DECAP_MODULE/DECRYPT/DECODE/RS_DECOD/COMPUTE_ROOTS/ADD_FFT/FFT_PART2/ROUND[0].FFT_ROUND/dout_en                               | DUT/DECAP_MODULE/DECRYPT/DECODE/RS_DECOD/COMPUTE_ROOTS/ADD_FFT/FFT_PART2/ROUND[0].FFT_ROUND/cnt_out[7]_i_1__1_n_2 |                2 |              8 |         4.00 |
|  clk_IBUF_BUFG                                                                                      | DUT/DECAP_MODULE/DECRYPT/DECODE/RS_DECOD/COMPUTE_ROOTS/ADD_FFT/FFT_PART2/ROUND[0].FFT_ROUND/dout_en_d_reg_0[0]                    |                                                                                                                   |                2 |              8 |         4.00 |
|  clk_IBUF_BUFG                                                                                      | DUT/DECAP_MODULE/DECRYPT/DECODE/RS_DECOD/COMPUTE_ROOTS/ADD_FFT/FFT_PART2/ROUND[0].FFT_ROUND/dout_en_d_reg_0[0]                    | DUT/DECAP_MODULE/DECRYPT/DECODE/RS_DECOD/COMPUTE_ROOTS/ADD_FFT/FFT_PART2/ROUND[1].FFT_ROUND/cnt_in0               |                2 |              8 |         4.00 |
|  clk_IBUF_BUFG                                                                                      | DUT/DECAP_MODULE/DECRYPT/DECODE/RS_DECOD/COMPUTE_ROOTS/ADD_FFT/FFT_PART2/ROUND[1].FFT_ROUND/FIFO_FFT/next_rd_addr[4]_i_1_n_2      |                                                                                                                   |                1 |              8 |         8.00 |
|  clk_IBUF_BUFG                                                                                      | DUT/DECAP_MODULE/DECRYPT/DECODE/RS_DECOD/COMPUTE_ROOTS/ADD_FFT/FFT_PART2/ROUND[1].FFT_ROUND/FIFO_FFT/wr_data[7]_i_1__0_n_2        |                                                                                                                   |                6 |              8 |         1.33 |
|  clk_IBUF_BUFG                                                                                      | DUT/DECAP_MODULE/DECRYPT/DECODE/RS_DECOD/COMPUTE_ROOTS/ADD_FFT/FFT_PART2/ROUND[1].FFT_ROUND/dout_en_d_reg_0[0]                    |                                                                                                                   |                4 |              8 |         2.00 |
|  clk_IBUF_BUFG                                                                                      | DUT/KEYGEN_MODULE/FIXEDWEIGHT/shake_ctx/E[0]                                                                                      | DUT/KEYGEN_MODULE/FIXEDWEIGHT/weight_counter_init                                                                 |                2 |              8 |         4.00 |
|  clk_IBUF_BUFG                                                                                      | DUT/DECAP_MODULE/DECRYPT/DECODE/RS_DECOD/COMPUTE_ROOTS/ADD_FFT/FFT_PART2/ROUND[1].FFT_ROUND/dout_en_d_reg_0[0]                    | DUT/DECAP_MODULE/DECRYPT/DECODE/RS_DECOD/COMPUTE_ROOTS/ADD_FFT/FFT_PART2/ROUND[2].FFT_ROUND/cnt_in0               |                2 |              8 |         4.00 |
|  clk_IBUF_BUFG                                                                                      | DUT/DECAP_MODULE/DECRYPT/DECODE/RS_DECOD/COMPUTE_ROOTS/ADD_FFT/FFT_PART2/ROUND[1].FFT_ROUND/dout_en                               |                                                                                                                   |                5 |              8 |         1.60 |
|  clk_IBUF_BUFG                                                                                      | DUT/DECAP_MODULE/DECRYPT/DECODE/RS_DECOD/COMPUTE_ROOTS/ADD_FFT/FFT_PART2/ROUND[1].FFT_ROUND/dout_en                               | DUT/DECAP_MODULE/DECRYPT/DECODE/RS_DECOD/COMPUTE_ROOTS/ADD_FFT/FFT_PART2/ROUND[1].FFT_ROUND/cnt_out[7]_i_1__2_n_2 |                2 |              8 |         4.00 |
|  clk_IBUF_BUFG                                                                                      | DUT/KEYGEN_MODULE/FIXEDWEIGHT/onegen_instance/count_reg[7]_i_2_n_2                                                                | DUT/KEYGEN_MODULE/FIXEDWEIGHT/onegen_instance/count_reg[7]_i_1_n_2                                                |                4 |              8 |         2.00 |
|  clk_IBUF_BUFG                                                                                      | DUT/DECAP_MODULE/DECRYPT/DECODE/RS_DECOD/COMPUTE_ROOTS/ADD_FFT/FFT_PART2/ROUND[2].FFT_ROUND/FIFO_FFT/next_rd_addr[5]_i_1_n_2      |                                                                                                                   |                2 |              8 |         4.00 |
|  clk_IBUF_BUFG                                                                                      | DUT/DECAP_MODULE/DECRYPT/DECODE/RS_DECOD/COMPUTE_ROOTS/ADD_FFT/FFT_PART2/ROUND[2].FFT_ROUND/dout_en                               |                                                                                                                   |                5 |              8 |         1.60 |
|  clk_IBUF_BUFG                                                                                      | DUT/ENCAP_MODULE/ENCRYPT/POLY_MULT/addr_0_intermediate[8]_i_2__0_n_2                                                              | DUT/ENCAP_MODULE/ENCRYPT/POLY_MULT/addr_0_intermediate[8]_i_1__0_n_2                                              |                4 |              9 |         2.25 |
|  clk_IBUF_BUFG                                                                                      | DUT/ENCAP_MODULE/ENCRYPT/POLY_MULT/addr_0_int_red_mem[8]_i_2__0_n_2                                                               | DUT/ENCAP_MODULE/ENCRYPT/POLY_MULT/addr_0_int_red_mem[8]_i_1__0_n_2                                               |                5 |              9 |         1.80 |
|  clk_IBUF_BUFG                                                                                      | DUT/DECAP_MODULE/DECRYPT/DECODE/RM_DECOD/HADAMARD/HADAMARD_LAYER[5].HL/FIFO_F0/wr_data_0                                          |                                                                                                                   |                2 |              9 |         4.50 |
|  clk_IBUF_BUFG                                                                                      | DUT/KEYGEN_MODULE/POLY_MULT/E[0]                                                                                                  | gpio_ctrl_IBUF[0]_inst/O                                                                                          |                2 |              9 |         4.50 |
|  clk_IBUF_BUFG                                                                                      | DUT/DECAP_MODULE/DECRYPT/DECODE/RM_DECOD/HADAMARD/HADAMARD_LAYER[0].HL/data_valid[1]_26                                           |                                                                                                                   |                1 |              9 |         9.00 |
|  clk_IBUF_BUFG                                                                                      | DUT/KEYGEN_MODULE/POLY_MULT/addr_0_int_red_mem[8]_i_2_n_2                                                                         | DUT/KEYGEN_MODULE/POLY_MULT/addr_0_int_red_mem[8]_i_1_n_2                                                         |                5 |              9 |         1.80 |
|  clk_IBUF_BUFG                                                                                      | DUT/DECAP_MODULE/DECRYPT/DECODE/RM_DECOD/HADAMARD/HADAMARD_LAYER[5].HL/FIFO_S0/wr_data                                            |                                                                                                                   |                2 |              9 |         4.50 |
|  clk_IBUF_BUFG                                                                                      | DUT/DECAP_MODULE/DECRYPT/DECODE/RM_DECOD/HADAMARD/HADAMARD_LAYER[5].HL/FIFO_S1/next_rd_addr[4]_i_1__25_n_2                        |                                                                                                                   |                1 |              9 |         9.00 |
|  clk_IBUF_BUFG                                                                                      | DUT/KEYGEN_MODULE/FIXEDWEIGHT/FSM_onehot_state_shake[8]_i_1_n_2                                                                   | gpio_ctrl_IBUF[0]_inst/O                                                                                          |                4 |              9 |         2.25 |
|  clk_IBUF_BUFG                                                                                      | DUT/DECAP_MODULE/ENCAP_FOR_RENCRYPT/ENCRYPT/FIXEDWEIGHT/FSM_onehot_state_shake[8]_i_1__1_n_2                                      | gpio_ctrl_IBUF[0]_inst/O                                                                                          |                3 |              9 |         3.00 |
|  clk_IBUF_BUFG                                                                                      | DUT/DECAP_MODULE/POLY_MULT/addr_0_intermediate[8]_i_2__2_n_2                                                                      | DUT/DECAP_MODULE/POLY_MULT/addr_0_intermediate[8]_i_1__2_n_2                                                      |                3 |              9 |         3.00 |
|  clk_IBUF_BUFG                                                                                      | DUT/DECAP_MODULE/POLY_MULT/addr_0_int_red_mem[8]_i_2__2_n_2                                                                       | DUT/DECAP_MODULE/POLY_MULT/addr_0_int_red_mem[8]_i_1__2_n_2                                                       |                5 |              9 |         1.80 |
|  clk_IBUF_BUFG                                                                                      | DUT/DECAP_MODULE/ENCAP_FOR_RENCRYPT/ENCRYPT/POLY_MULT/addr_0_intermediate[8]_i_2__1_n_2                                           | DUT/DECAP_MODULE/ENCAP_FOR_RENCRYPT/ENCRYPT/POLY_MULT/addr_0_intermediate[8]_i_1__1_n_2                           |                4 |              9 |         2.25 |
|  clk_IBUF_BUFG                                                                                      | DUT/DECAP_MODULE/ENCAP_FOR_RENCRYPT/ENCRYPT/POLY_MULT/addr_0_int_red_mem[8]_i_2__1_n_2                                            | DUT/DECAP_MODULE/ENCAP_FOR_RENCRYPT/ENCRYPT/POLY_MULT/addr_0_int_red_mem[8]_i_1__1_n_2                            |                6 |              9 |         1.50 |
|  clk_IBUF_BUFG                                                                                      | DUT/DECAP_MODULE/DECRYPT/DECODE/RM_DECOD/HADAMARD/HADAMARD_LAYER[5].HL/FIFO_F1/next_rd_addr[4]_i_1__22_n_2                        |                                                                                                                   |                1 |              9 |         9.00 |
|  clk_IBUF_BUFG                                                                                      | DUT/DECAP_MODULE/DECRYPT/DECODE/RM_DECOD/HADAMARD/HADAMARD_LAYER[5].HL/FIFO_F1/wr_data                                            |                                                                                                                   |                3 |              9 |         3.00 |
|  clk_IBUF_BUFG                                                                                      | DUT/KEYGEN_MODULE/POLY_MULT/addr_0_intermediate[8]_i_2_n_2                                                                        | DUT/KEYGEN_MODULE/POLY_MULT/addr_0_intermediate[8]_i_1_n_2                                                        |                3 |              9 |         3.00 |
|  clk_IBUF_BUFG                                                                                      | DUT/DECAP_MODULE/DECRYPT/DECODE/RM_DECOD/HADAMARD/HADAMARD_LAYER[5].HL/FIFO_S0/next_rd_addr[4]_i_1__24_n_2                        |                                                                                                                   |                1 |              9 |         9.00 |
|  clk_IBUF_BUFG                                                                                      | DUT/DECAP_MODULE/DECRYPT/DECODE/RM_DECOD/HADAMARD/HADAMARD_LAYER[5].HL/FIFO_S1/wr_data                                            |                                                                                                                   |                2 |              9 |         4.50 |
|  clk_IBUF_BUFG                                                                                      | DUT/DECAP_MODULE/DECRYPT/DECODE/RM_DECOD/HADAMARD/HADAMARD_LAYER[5].HL/FIFO_F0/next_rd_addr[4]_i_1__23_n_2                        |                                                                                                                   |                1 |              9 |         9.00 |
|  clk_IBUF_BUFG                                                                                      | DUT/ENCAP_MODULE/ENCRYPT/FIXEDWEIGHT/FSM_onehot_state_shake[8]_i_1__0_n_2                                                         | gpio_ctrl_IBUF[0]_inst/O                                                                                          |                2 |              9 |         4.50 |
|  clk_IBUF_BUFG                                                                                      | DUT/DECAP_MODULE/DECRYPT/DECODE/RM_DECOD/HADAMARD/HADAMARD_LAYER[0].HL/FIFO_S1/cnt_out_reg[5]                                     | gpio_ctrl_IBUF[0]_inst/O                                                                                          |                3 |             10 |         3.33 |
|  clk_IBUF_BUFG                                                                                      | DUT/DECAP_MODULE/ENCAP_FOR_RENCRYPT/ENCRYPT/FIXEDWEIGHT/onegen_instance/red_state_reg[2]_0[0]                                     | DUT/DECAP_MODULE/ENCAP_FOR_RENCRYPT/ENCRYPT/FIXEDWEIGHT/onegen_instance/SR[0]                                     |                4 |             10 |         2.50 |
|  clk_IBUF_BUFG                                                                                      | DUT/DECAP_MODULE/DECRYPT/DECODE/RM_DECOD/HADAMARD/HADAMARD_LAYER[0].HL/FIFO_S1/E[0]                                               | gpio_ctrl_IBUF[0]_inst/O                                                                                          |                2 |             10 |         5.00 |
|  clk_IBUF_BUFG                                                                                      | DUT/DECAP_MODULE/DECRYPT/DECODE/RM_DECOD/HADAMARD/HADAMARD_LAYER[6].HL/FIFO_F0/wr_data_0                                          |                                                                                                                   |                3 |             10 |         3.33 |
|  clk_IBUF_BUFG                                                                                      | DUT/DECAP_MODULE/DECRYPT/DECODE/RM_DECOD/HADAMARD/HADAMARD_LAYER[6].HL/FIFO_F0/next_rd_addr[4]_i_1__27_n_2                        | gpio_ctrl_IBUF[0]_inst/O                                                                                          |                2 |             10 |         5.00 |
|  clk_IBUF_BUFG                                                                                      | DUT/DECAP_MODULE/DECRYPT/DECODE/RM_DECOD/HADAMARD/HADAMARD_LAYER[3].HL/FIFO_S0/next_rd_addr[4]_i_1__16_n_2                        | gpio_ctrl_IBUF[0]_inst/O                                                                                          |                2 |             10 |         5.00 |
|  clk_IBUF_BUFG                                                                                      | DUT/DECAP_MODULE/DECRYPT/DECODE/RM_DECOD/HADAMARD/HADAMARD_LAYER[1].HL/FIFO_F0/wr_v                                               | gpio_ctrl_IBUF[0]_inst/O                                                                                          |                3 |             10 |         3.33 |
|  clk_IBUF_BUFG                                                                                      | DUT/DECAP_MODULE/POLY_MULT/count_chunks[9]_i_2__2_n_2                                                                             | DUT/DECAP_MODULE/POLY_MULT/count_chunks[9]_i_1__2_n_2                                                             |                3 |             10 |         3.33 |
|  clk_IBUF_BUFG                                                                                      | DUT/DECAP_MODULE/DECRYPT/DECODE/RM_DECOD/HADAMARD/HADAMARD_LAYER[6].HL/FIFO_F0/next_rd_addr[4]_i_1__27_n_2                        |                                                                                                                   |                1 |             10 |        10.00 |
|  clk_IBUF_BUFG                                                                                      | DUT/DECAP_MODULE/DECRYPT/DECODE/RM_DECOD/HADAMARD/HADAMARD_LAYER[5].HL/FIFO_S1/wr_v                                               | gpio_ctrl_IBUF[0]_inst/O                                                                                          |                2 |             10 |         5.00 |
|  clk_IBUF_BUFG                                                                                      | DUT/DECAP_MODULE/DECRYPT/DECODE/RM_DECOD/HADAMARD/HADAMARD_LAYER[1].HL/FIFO_F1/next_rd_addr[4]_i_1__6_n_2                         | gpio_ctrl_IBUF[0]_inst/O                                                                                          |                2 |             10 |         5.00 |
|  clk_IBUF_BUFG                                                                                      | DUT/DECAP_MODULE/DECRYPT/DECODE/RM_DECOD/HADAMARD/HADAMARD_LAYER[3].HL/FIFO_S0/wr_v                                               | gpio_ctrl_IBUF[0]_inst/O                                                                                          |                2 |             10 |         5.00 |
|  clk_IBUF_BUFG                                                                                      | DUT/DECAP_MODULE/DECRYPT/DECODE/RM_DECOD/HADAMARD/HADAMARD_LAYER[1].HL/FIFO_F1/wr_v                                               | gpio_ctrl_IBUF[0]_inst/O                                                                                          |                4 |             10 |         2.50 |
|  clk_IBUF_BUFG                                                                                      | DUT/ENCAP_MODULE/ENCRYPT/FIXEDWEIGHT/wr_addr_ctx[9]_i_1__0_n_2                                                                    |                                                                                                                   |                2 |             10 |         5.00 |
|  clk_IBUF_BUFG                                                                                      | DUT/ENCAP_MODULE/ENCRYPT/FIXEDWEIGHT/onegen_instance/addr_0[9]_i_2__0_n_2                                                         | DUT/ENCAP_MODULE/ENCRYPT/FIXEDWEIGHT/onegen_instance/addr_0[9]_i_1__0_n_2                                         |                3 |             10 |         3.33 |
|  clk_IBUF_BUFG                                                                                      | DUT/ENCAP_MODULE/ENCRYPT/FIXEDWEIGHT/onegen_instance/addr_1[9]_i_1__0_n_2                                                         | DUT/ENCAP_MODULE/ENCRYPT/FIXEDWEIGHT/onegen_instance/count_reg[7]_i_1__0_n_2                                      |                1 |             10 |        10.00 |
|  clk_IBUF_BUFG                                                                                      | DUT/ENCAP_MODULE/ENCRYPT/FIXEDWEIGHT/onegen_instance/red_state_reg[1]_0[0]                                                        |                                                                                                                   |                4 |             10 |         2.50 |
|  clk_IBUF_BUFG                                                                                      | DUT/ENCAP_MODULE/ENCRYPT/FIXEDWEIGHT/onegen_instance/red_state_reg[2]_0[0]                                                        | DUT/ENCAP_MODULE/ENCRYPT/FIXEDWEIGHT/onegen_instance/SR[0]                                                        |                3 |             10 |         3.33 |
|  clk_IBUF_BUFG                                                                                      | DUT/DECAP_MODULE/DECRYPT/DECODE/RM_DECOD/FIND_PEAKS/FIND_PEAKS_0/peak_value_0                                                     | DUT/DECAP_MODULE/DECRYPT/DECODE/RM_DECOD/FIND_PEAKS/FIND_PEAKS_0/peak_value[9]_i_1_n_2                            |                2 |             10 |         5.00 |
|  clk_IBUF_BUFG                                                                                      | DUT/ENCAP_MODULE/ENCRYPT/POLY_MULT/count_chunks[9]_i_2__0_n_2                                                                     | DUT/ENCAP_MODULE/ENCRYPT/POLY_MULT/count_chunks[9]_i_1__0_n_2                                                     |                4 |             10 |         2.50 |
|  clk_IBUF_BUFG                                                                                      | DUT/DECAP_MODULE/DECRYPT/DECODE/RM_DECOD/FIND_PEAKS/FIND_PEAKS_1/peak_value                                                       | DUT/DECAP_MODULE/DECRYPT/DECODE/RM_DECOD/FIND_PEAKS/FIND_PEAKS_0/dout_valid_d_reg                                 |                1 |             10 |        10.00 |
|  clk_IBUF_BUFG                                                                                      | DUT/DECAP_MODULE/DECRYPT/DECODE/RM_DECOD/HADAMARD/HADAMARD_LAYER[5].HL/FIFO_S1/next_rd_addr[4]_i_1__25_n_2                        | gpio_ctrl_IBUF[0]_inst/O                                                                                          |                2 |             10 |         5.00 |
|  clk_IBUF_BUFG                                                                                      | DUT/DECAP_MODULE/DECRYPT/DECODE/RM_DECOD/HADAMARD/HADAMARD_LAYER[6].HL/FIFO_S1/wr_data                                            |                                                                                                                   |                5 |             10 |         2.00 |
|  clk_IBUF_BUFG                                                                                      | DUT/DECAP_MODULE/DECRYPT/DECODE/RM_DECOD/HADAMARD/HADAMARD_LAYER[5].HL/FIFO_S0/wr_v                                               | gpio_ctrl_IBUF[0]_inst/O                                                                                          |                4 |             10 |         2.50 |
|  clk_IBUF_BUFG                                                                                      | DUT/DECAP_MODULE/ENCAP_FOR_RENCRYPT/ENCRYPT/FIXEDWEIGHT/onegen_instance/red_state_reg[1]_0[0]                                     |                                                                                                                   |                5 |             10 |         2.00 |
|  clk_IBUF_BUFG                                                                                      | DUT/DECAP_MODULE/DECRYPT/DECODE/RM_DECOD/HADAMARD/HADAMARD_LAYER[5].HL/FIFO_S0/next_rd_addr[4]_i_1__24_n_2                        | gpio_ctrl_IBUF[0]_inst/O                                                                                          |                2 |             10 |         5.00 |
|  clk_IBUF_BUFG                                                                                      | DUT/DECAP_MODULE/DECRYPT/DECODE/RM_DECOD/HADAMARD/HADAMARD_LAYER[3].HL/FIFO_S1/wr_v                                               | gpio_ctrl_IBUF[0]_inst/O                                                                                          |                2 |             10 |         5.00 |
|  clk_IBUF_BUFG                                                                                      | DUT/DECAP_MODULE/DECRYPT/DECODE/RM_DECOD/HADAMARD/HADAMARD_LAYER[2].HL/FIFO_F0/wr_v                                               | gpio_ctrl_IBUF[0]_inst/O                                                                                          |                2 |             10 |         5.00 |
|  clk_IBUF_BUFG                                                                                      | DUT/DECAP_MODULE/DECRYPT/DECODE/RM_DECOD/HADAMARD/HADAMARD_LAYER[2].HL/FIFO_F0/next_rd_addr[4]_i_1__11_n_2                        | gpio_ctrl_IBUF[0]_inst/O                                                                                          |                2 |             10 |         5.00 |
|  clk_IBUF_BUFG                                                                                      | DUT/DECAP_MODULE/DECRYPT/DECODE/RM_DECOD/HADAMARD/HADAMARD_LAYER[3].HL/FIFO_S1/next_rd_addr[4]_i_1__17_n_2                        | gpio_ctrl_IBUF[0]_inst/O                                                                                          |                4 |             10 |         2.50 |
|  clk_IBUF_BUFG                                                                                      | DUT/DECAP_MODULE/DECRYPT/DECODE/RM_DECOD/HADAMARD/HADAMARD_LAYER[2].HL/FIFO_F1/next_rd_addr[4]_i_1__10_n_2                        | gpio_ctrl_IBUF[0]_inst/O                                                                                          |                3 |             10 |         3.33 |
|  clk_IBUF_BUFG                                                                                      | DUT/DECAP_MODULE/DECRYPT/DECODE/RM_DECOD/HADAMARD/HADAMARD_LAYER[4].HL/FIFO_S0/wr_v                                               | gpio_ctrl_IBUF[0]_inst/O                                                                                          |                3 |             10 |         3.33 |
|  clk_IBUF_BUFG                                                                                      | DUT/DECAP_MODULE/DECRYPT/DECODE/RM_DECOD/HADAMARD/HADAMARD_LAYER[2].HL/FIFO_F1/wr_v                                               | gpio_ctrl_IBUF[0]_inst/O                                                                                          |                3 |             10 |         3.33 |
|  clk_IBUF_BUFG                                                                                      | DUT/DECAP_MODULE/DECRYPT/DECODE/RM_DECOD/HADAMARD/HADAMARD_LAYER[5].HL/FIFO_F0/wr_v                                               | gpio_ctrl_IBUF[0]_inst/O                                                                                          |                3 |             10 |         3.33 |
|  clk_IBUF_BUFG                                                                                      | DUT/DECAP_MODULE/DECRYPT/DECODE/RS_DECOD/COMPUTE_ROOTS/ADD_FFT/FFT_PART2/ROUND[1].FFT_ROUND/FIFO_FFT/next_rd_addr[4]_i_1_n_2      | gpio_ctrl_IBUF[0]_inst/O                                                                                          |                2 |             10 |         5.00 |
|  clk_IBUF_BUFG                                                                                      | DUT/DECAP_MODULE/DECRYPT/DECODE/RS_DECOD/COMPUTE_ROOTS/ADD_FFT/FFT_PART2/ROUND[1].FFT_ROUND/FIFO_FFT/wr_v                         | gpio_ctrl_IBUF[0]_inst/O                                                                                          |                3 |             10 |         3.33 |
|  clk_IBUF_BUFG                                                                                      | DUT/DECAP_MODULE/DECRYPT/DECODE/RM_DECOD/HADAMARD/HADAMARD_LAYER[2].HL/FIFO_S0/next_rd_addr[4]_i_1__12_n_2                        | gpio_ctrl_IBUF[0]_inst/O                                                                                          |                3 |             10 |         3.33 |
|  clk_IBUF_BUFG                                                                                      | DUT/DECAP_MODULE/DECRYPT/DECODE/RM_DECOD/HADAMARD/HADAMARD_LAYER[4].HL/FIFO_S0/next_rd_addr[4]_i_1__20_n_2                        | gpio_ctrl_IBUF[0]_inst/O                                                                                          |                3 |             10 |         3.33 |
|  clk_IBUF_BUFG                                                                                      | DUT/DECAP_MODULE/DECRYPT/DECODE/RM_DECOD/HADAMARD/HADAMARD_LAYER[2].HL/FIFO_S0/wr_v                                               | gpio_ctrl_IBUF[0]_inst/O                                                                                          |                2 |             10 |         5.00 |
|  clk_IBUF_BUFG                                                                                      | DUT/DECAP_MODULE/DECRYPT/DECODE/RM_DECOD/HADAMARD/HADAMARD_LAYER[5].HL/FIFO_F0/next_rd_addr[4]_i_1__23_n_2                        | gpio_ctrl_IBUF[0]_inst/O                                                                                          |                3 |             10 |         3.33 |
|  clk_IBUF_BUFG                                                                                      | DUT/DECAP_MODULE/DECRYPT/DECODE/RM_DECOD/HADAMARD/HADAMARD_LAYER[2].HL/FIFO_S1/next_rd_addr[4]_i_1__13_n_2                        | gpio_ctrl_IBUF[0]_inst/O                                                                                          |                3 |             10 |         3.33 |
|  clk_IBUF_BUFG                                                                                      | DUT/DECAP_MODULE/DECRYPT/DECODE/RM_DECOD/HADAMARD/HADAMARD_LAYER[3].HL/FIFO_F0/wr_v                                               | gpio_ctrl_IBUF[0]_inst/O                                                                                          |                3 |             10 |         3.33 |
|  clk_IBUF_BUFG                                                                                      | DUT/DECAP_MODULE/DECRYPT/DECODE/RS_DECOD/COMPUTE_ROOTS/ADD_FFT/FFT_PART2/ROUND[2].FFT_ROUND/FIFO_FFT/wr_v                         |                                                                                                                   |                2 |             10 |         5.00 |
|  clk_IBUF_BUFG                                                                                      | DUT/DECAP_MODULE/DECRYPT/DECODE/RM_DECOD/HADAMARD/HADAMARD_LAYER[6].HL/FIFO_S0/wr_v                                               | gpio_ctrl_IBUF[0]_inst/O                                                                                          |                3 |             10 |         3.33 |
|  clk_IBUF_BUFG                                                                                      | DUT/DECAP_MODULE/DECRYPT/DECODE/RM_DECOD/HADAMARD/HADAMARD_LAYER[4].HL/FIFO_S1/next_rd_addr[4]_i_1__21_n_2                        | gpio_ctrl_IBUF[0]_inst/O                                                                                          |                3 |             10 |         3.33 |
|  clk_IBUF_BUFG                                                                                      | DUT/DECAP_MODULE/DECRYPT/DECODE/RM_DECOD/HADAMARD/HADAMARD_LAYER[2].HL/FIFO_S1/wr_v                                               | gpio_ctrl_IBUF[0]_inst/O                                                                                          |                2 |             10 |         5.00 |
|  clk_IBUF_BUFG                                                                                      | DUT/DECAP_MODULE/DECRYPT/DECODE/RS_DECOD/COMPUTE_ROOTS/ADD_FFT/FFT_PART2/ROUND[3].FFT_ROUND/FIFO_FFT/fifo_reg_0_63_0_6_i_8__0_n_2 |                                                                                                                   |                2 |             10 |         5.00 |
|  clk_IBUF_BUFG                                                                                      | DUT/DECAP_MODULE/DECRYPT/DECODE/RS_DECOD/COMPUTE_ROOTS/ADD_FFT/FFT_PART2/ROUND[3].FFT_ROUND/FIFO_FFT/fifo_reg_64_127_0_6_i_1_n_2  |                                                                                                                   |                2 |             10 |         5.00 |
|  clk_IBUF_BUFG                                                                                      | DUT/DECAP_MODULE/DECRYPT/DECODE/RM_DECOD/HADAMARD/HADAMARD_LAYER[6].HL/FIFO_S0/wr_data                                            |                                                                                                                   |                3 |             10 |         3.33 |
|  clk_IBUF_BUFG                                                                                      | DUT/DECAP_MODULE/DECRYPT/DECODE/RM_DECOD/HADAMARD/HADAMARD_LAYER[6].HL/FIFO_S0/next_rd_addr[4]_i_1__28_n_2                        | gpio_ctrl_IBUF[0]_inst/O                                                                                          |                3 |             10 |         3.33 |
|  clk_IBUF_BUFG                                                                                      | DUT/DECAP_MODULE/DECRYPT/DECODE/RM_DECOD/HADAMARD/HADAMARD_LAYER[6].HL/FIFO_S0/next_rd_addr[4]_i_1__28_n_2                        |                                                                                                                   |                1 |             10 |        10.00 |
|  clk_IBUF_BUFG                                                                                      | DUT/DECAP_MODULE/DECRYPT/DECODE/RM_DECOD/HADAMARD/HADAMARD_LAYER[3].HL/FIFO_F0/next_rd_addr[4]_i_1__15_n_2                        | gpio_ctrl_IBUF[0]_inst/O                                                                                          |                3 |             10 |         3.33 |
|  clk_IBUF_BUFG                                                                                      | DUT/DECAP_MODULE/DECRYPT/DECODE/RM_DECOD/HADAMARD/HADAMARD_LAYER[6].HL/FIFO_S1/next_rd_addr[4]_i_1__29_n_2                        |                                                                                                                   |                1 |             10 |        10.00 |
|  clk_IBUF_BUFG                                                                                      | DUT/DECAP_MODULE/DECRYPT/DECODE/RM_DECOD/HADAMARD/HADAMARD_LAYER[6].HL/FIFO_F1/wr_v                                               | gpio_ctrl_IBUF[0]_inst/O                                                                                          |                2 |             10 |         5.00 |
|  clk_IBUF_BUFG                                                                                      | DUT/DECAP_MODULE/DECRYPT/DECODE/RM_DECOD/HADAMARD/HADAMARD_LAYER[5].HL/FIFO_F1/wr_v                                               | gpio_ctrl_IBUF[0]_inst/O                                                                                          |                3 |             10 |         3.33 |
|  clk_IBUF_BUFG                                                                                      | DUT/DECAP_MODULE/DECRYPT/DECODE/RM_DECOD/HADAMARD/HADAMARD_LAYER[3].HL/FIFO_F1/next_rd_addr[4]_i_1__14_n_2                        | gpio_ctrl_IBUF[0]_inst/O                                                                                          |                2 |             10 |         5.00 |
|  clk_IBUF_BUFG                                                                                      | DUT/KEYGEN_MODULE/FIXEDWEIGHT/onegen_instance/addr_1[9]_i_1_n_2                                                                   | DUT/KEYGEN_MODULE/FIXEDWEIGHT/onegen_instance/count_reg[7]_i_1_n_2                                                |                2 |             10 |         5.00 |
|  clk_IBUF_BUFG                                                                                      | DUT/KEYGEN_MODULE/FIXEDWEIGHT/onegen_instance/addr_0[9]_i_2_n_2                                                                   | DUT/KEYGEN_MODULE/FIXEDWEIGHT/onegen_instance/addr_0[9]_i_1_n_2                                                   |                3 |             10 |         3.33 |
|  clk_IBUF_BUFG                                                                                      | DUT/KEYGEN_MODULE/FIXEDWEIGHT/onegen_instance/red_state_reg[2][0]                                                                 | DUT/KEYGEN_MODULE/FIXEDWEIGHT/onegen_instance/SR[0]                                                               |                4 |             10 |         2.50 |
|  clk_IBUF_BUFG                                                                                      | DUT/DECAP_MODULE/DECRYPT/DECODE/RM_DECOD/HADAMARD/HADAMARD_LAYER[3].HL/FIFO_F1/wr_v                                               | gpio_ctrl_IBUF[0]_inst/O                                                                                          |                2 |             10 |         5.00 |
|  clk_IBUF_BUFG                                                                                      | DUT/KEYGEN_MODULE/FIXEDWEIGHT/wr_addr_ctx[9]_i_1_n_2                                                                              |                                                                                                                   |                2 |             10 |         5.00 |
|  clk_IBUF_BUFG                                                                                      | DUT/DECAP_MODULE/DECRYPT/DECODE/RM_DECOD/HADAMARD/HADAMARD_LAYER[5].HL/FIFO_F1/next_rd_addr[4]_i_1__22_n_2                        | gpio_ctrl_IBUF[0]_inst/O                                                                                          |                2 |             10 |         5.00 |
|  clk_IBUF_BUFG                                                                                      | DUT/DECAP_MODULE/ENCAP_FOR_RENCRYPT/ENCRYPT/FIXEDWEIGHT/onegen_instance/addr_1[9]_i_1__1_n_2                                      | DUT/DECAP_MODULE/ENCAP_FOR_RENCRYPT/ENCRYPT/FIXEDWEIGHT/onegen_instance/count_reg[7]_i_1__1_n_2                   |                3 |             10 |         3.33 |
|  clk_IBUF_BUFG                                                                                      | DUT/KEYGEN_MODULE/POLY_MULT/count_chunks[9]_i_2_n_2                                                                               | DUT/KEYGEN_MODULE/POLY_MULT/count_chunks[9]_i_1_n_2                                                               |                3 |             10 |         3.33 |
|  clk_IBUF_BUFG                                                                                      | DUT/DECAP_MODULE/ENCAP_FOR_RENCRYPT/ENCRYPT/FIXEDWEIGHT/onegen_instance/addr_0[9]_i_2__1_n_2                                      | DUT/DECAP_MODULE/ENCAP_FOR_RENCRYPT/ENCRYPT/FIXEDWEIGHT/onegen_instance/addr_0[9]_i_1__1_n_2                      |                3 |             10 |         3.33 |
|  clk_IBUF_BUFG                                                                                      | DUT/KEYGEN_MODULE/VECTSETRAND/pk_rand_addr[9]_i_2_n_2                                                                             | DUT/KEYGEN_MODULE/VECTSETRAND/pk_rand_addr[9]_i_1_n_2                                                             |                2 |             10 |         5.00 |
|  clk_IBUF_BUFG                                                                                      | DUT/DECAP_MODULE/DECRYPT/DECODE/RM_DECOD/HADAMARD/HADAMARD_LAYER[4].HL/FIFO_S1/wr_v                                               | gpio_ctrl_IBUF[0]_inst/O                                                                                          |                2 |             10 |         5.00 |
|  clk_IBUF_BUFG                                                                                      | DUT/DECAP_MODULE/ENCAP_FOR_RENCRYPT/ENCRYPT/FIXEDWEIGHT/wr_addr_ctx[9]_i_1__1_n_2                                                 |                                                                                                                   |                4 |             10 |         2.50 |
|  clk_IBUF_BUFG                                                                                      | DUT/DECAP_MODULE/DECRYPT/DECODE/RM_DECOD/HADAMARD/HADAMARD_LAYER[6].HL/FIFO_S1/wr_v                                               | gpio_ctrl_IBUF[0]_inst/O                                                                                          |                2 |             10 |         5.00 |
|  clk_IBUF_BUFG                                                                                      | DUT/DECAP_MODULE/DECRYPT/DECODE/RM_DECOD/HADAMARD/HADAMARD_LAYER[6].HL/FIFO_S1/next_rd_addr[4]_i_1__29_n_2                        | gpio_ctrl_IBUF[0]_inst/O                                                                                          |                3 |             10 |         3.33 |
|  clk_IBUF_BUFG                                                                                      | DUT/DECAP_MODULE/DECRYPT/DECODE/RM_DECOD/HADAMARD/HADAMARD_LAYER[6].HL/FIFO_F1/wr_data                                            |                                                                                                                   |                5 |             10 |         2.00 |
|  clk_IBUF_BUFG                                                                                      | DUT/DECAP_MODULE/DECRYPT/DECODE/RM_DECOD/HADAMARD/HADAMARD_LAYER[1].HL/FIFO_S0/next_rd_addr[4]_i_1__8_n_2                         | gpio_ctrl_IBUF[0]_inst/O                                                                                          |                2 |             10 |         5.00 |
|  clk_IBUF_BUFG                                                                                      | DUT/DECAP_MODULE/DECRYPT/DECODE/RM_DECOD/HADAMARD/HADAMARD_LAYER[1].HL/FIFO_S0/wr_v                                               | gpio_ctrl_IBUF[0]_inst/O                                                                                          |                3 |             10 |         3.33 |
|  clk_IBUF_BUFG                                                                                      | DUT/DECAP_MODULE/DECRYPT/DECODE/RM_DECOD/HADAMARD/HADAMARD_LAYER[6].HL/FIFO_F1/next_rd_addr[4]_i_1__26_n_2                        | gpio_ctrl_IBUF[0]_inst/O                                                                                          |                4 |             10 |         2.50 |
|  clk_IBUF_BUFG                                                                                      | DUT/DECAP_MODULE/DECRYPT/DECODE/RM_DECOD/HADAMARD/HADAMARD_LAYER[6].HL/FIFO_F1/next_rd_addr[4]_i_1__26_n_2                        |                                                                                                                   |                1 |             10 |        10.00 |
|  clk_IBUF_BUFG                                                                                      | DUT/DECAP_MODULE/DECRYPT/DECODE/RM_DECOD/HADAMARD/HADAMARD_LAYER[6].HL/FIFO_F0/wr_v                                               | gpio_ctrl_IBUF[0]_inst/O                                                                                          |                2 |             10 |         5.00 |
|  clk_IBUF_BUFG                                                                                      | DUT/DECAP_MODULE/DECRYPT/DECODE/RM_DECOD/HADAMARD/HADAMARD_LAYER[1].HL/FIFO_S1/next_rd_addr[4]_i_1__9_n_2                         | gpio_ctrl_IBUF[0]_inst/O                                                                                          |                3 |             10 |         3.33 |
|  clk_IBUF_BUFG                                                                                      | DUT/DECAP_MODULE/DECRYPT/DECODE/RM_DECOD/HADAMARD/HADAMARD_LAYER[4].HL/FIFO_F1/wr_v                                               | gpio_ctrl_IBUF[0]_inst/O                                                                                          |                2 |             10 |         5.00 |
|  clk_IBUF_BUFG                                                                                      | DUT/DECAP_MODULE/DECRYPT/DECODE/RM_DECOD/HADAMARD/HADAMARD_LAYER[4].HL/FIFO_F1/next_rd_addr[4]_i_1__18_n_2                        | gpio_ctrl_IBUF[0]_inst/O                                                                                          |                4 |             10 |         2.50 |
|  clk_IBUF_BUFG                                                                                      | DUT/DECAP_MODULE/DECRYPT/DECODE/RM_DECOD/HADAMARD/HADAMARD_LAYER[0].HL/FIFO_F0/E[0]                                               | gpio_ctrl_IBUF[0]_inst/O                                                                                          |                3 |             10 |         3.33 |
|  clk_IBUF_BUFG                                                                                      | DUT/DECAP_MODULE/DECRYPT/DECODE/RM_DECOD/HADAMARD/HADAMARD_LAYER[0].HL/FIFO_F0/cnt_out_reg[5]                                     | gpio_ctrl_IBUF[0]_inst/O                                                                                          |                4 |             10 |         2.50 |
|  clk_IBUF_BUFG                                                                                      | DUT/DECAP_MODULE/DECRYPT/DECODE/RM_DECOD/HADAMARD/HADAMARD_LAYER[1].HL/FIFO_S1/wr_v                                               | gpio_ctrl_IBUF[0]_inst/O                                                                                          |                3 |             10 |         3.33 |
|  clk_IBUF_BUFG                                                                                      | DUT/DECAP_MODULE/ENCAP_FOR_RENCRYPT/ENCRYPT/POLY_MULT/count_chunks[9]_i_2__1_n_2                                                  | DUT/DECAP_MODULE/ENCAP_FOR_RENCRYPT/ENCRYPT/POLY_MULT/count_chunks[9]_i_1__1_n_2                                  |                3 |             10 |         3.33 |
|  clk_IBUF_BUFG                                                                                      | DUT/DECAP_MODULE/DECRYPT/DECODE/RM_DECOD/HADAMARD/HADAMARD_LAYER[0].HL/FIFO_F1/cnt_out_reg[5]                                     | gpio_ctrl_IBUF[0]_inst/O                                                                                          |                3 |             10 |         3.33 |
|  clk_IBUF_BUFG                                                                                      | DUT/DECAP_MODULE/DECRYPT/DECODE/RM_DECOD/HADAMARD/HADAMARD_LAYER[4].HL/FIFO_F0/next_rd_addr[4]_i_1__19_n_2                        | gpio_ctrl_IBUF[0]_inst/O                                                                                          |                3 |             10 |         3.33 |
|  clk_IBUF_BUFG                                                                                      | DUT/DECAP_MODULE/DECRYPT/DECODE/RM_DECOD/HADAMARD/HADAMARD_LAYER[0].HL/FIFO_F1/E[0]                                               | gpio_ctrl_IBUF[0]_inst/O                                                                                          |                3 |             10 |         3.33 |
|  clk_IBUF_BUFG                                                                                      | DUT/DECAP_MODULE/DECRYPT/DECODE/RM_DECOD/HADAMARD/HADAMARD_LAYER[0].HL/FIFO_S0/cnt_out_reg[5]                                     | gpio_ctrl_IBUF[0]_inst/O                                                                                          |                3 |             10 |         3.33 |
|  clk_IBUF_BUFG                                                                                      | DUT/DECAP_MODULE/DECRYPT/DECODE/RM_DECOD/HADAMARD/HADAMARD_LAYER[4].HL/FIFO_F0/wr_v                                               | gpio_ctrl_IBUF[0]_inst/O                                                                                          |                2 |             10 |         5.00 |
|  clk_IBUF_BUFG                                                                                      | DUT/DECAP_MODULE/DECRYPT/DECODE/RM_DECOD/HADAMARD/HADAMARD_LAYER[0].HL/FIFO_S0/E[0]                                               | gpio_ctrl_IBUF[0]_inst/O                                                                                          |                4 |             10 |         2.50 |
|  clk_IBUF_BUFG                                                                                      | DUT/DECAP_MODULE/DECRYPT/DECODE/RM_DECOD/HADAMARD/HADAMARD_LAYER[1].HL/FIFO_F0/next_rd_addr[4]_i_1__7_n_2                         | gpio_ctrl_IBUF[0]_inst/O                                                                                          |                3 |             10 |         3.33 |
|  clk_IBUF_BUFG                                                                                      | DUT/ENCAP_MODULE/ENCRYPT/POLY_MULT/count_chunks_inter_mem[10]_i_1__0_n_2                                                          | DUT/ENCAP_MODULE/ENCRYPT/POLY_MULT/count_chunks[9]_i_1__0_n_2                                                     |                2 |             11 |         5.50 |
|  clk_IBUF_BUFG                                                                                      | DUT/DECAP_MODULE/ENCAP_FOR_RENCRYPT/count_hash_inputs                                                                             | gpio_ctrl_IBUF[0]_inst/O                                                                                          |                2 |             11 |         5.50 |
|  clk_IBUF_BUFG                                                                                      | DUT/DECAP_MODULE/ENCAP_FOR_RENCRYPT/h_addr[10]_i_2__0_n_2                                                                         | DUT/DECAP_MODULE/ENCAP_FOR_RENCRYPT/h_addr[10]_i_1__0_n_2                                                         |                3 |             11 |         3.67 |
|  clk_IBUF_BUFG                                                                                      | DUT/ENCAP_MODULE/ENCRYPT/POLY_MULT/addr_0_reg[8]_i_1__0_n_2                                                                       |                                                                                                                   |                8 |             11 |         1.38 |
|  clk_IBUF_BUFG                                                                                      | DUT/DECAP_MODULE/POLY_MULT/count_chunks_inter_mem[10]_i_1__2_n_2                                                                  | DUT/DECAP_MODULE/POLY_MULT/count_chunks[9]_i_1__2_n_2                                                             |                2 |             11 |         5.50 |
|  clk_IBUF_BUFG                                                                                      | DUT/DECAP_MODULE/ENCAP_FOR_RENCRYPT/ENCRYPT/POLY_MULT/addr_0_reg[8]_i_1__1_n_2                                                    |                                                                                                                   |                8 |             11 |         1.38 |
|  clk_IBUF_BUFG                                                                                      | DUT/KEYGEN_MODULE/POLY_MULT/count_chunks_inter_mem[10]_i_1_n_2                                                                    | DUT/KEYGEN_MODULE/POLY_MULT/count_chunks[9]_i_1_n_2                                                               |                2 |             11 |         5.50 |
|  clk_IBUF_BUFG                                                                                      | DUT/DECAP_MODULE/DECRYPT/DECODE/RM_DECOD/HADAMARD/HADAMARD_LAYER[1].HL/data_valid[2]_28                                           |                                                                                                                   |                2 |             11 |         5.50 |
|  clk_IBUF_BUFG                                                                                      | DUT/KEYGEN_MODULE/POLY_MULT/addr_0_reg[8]_i_1_n_2                                                                                 |                                                                                                                   |                6 |             11 |         1.83 |
|  clk_IBUF_BUFG                                                                                      | DUT/ENCAP_MODULE/count_hash_inputs                                                                                                | gpio_ctrl_IBUF[0]_inst/O                                                                                          |                2 |             11 |         5.50 |
|  clk_IBUF_BUFG                                                                                      | DUT/ENCAP_MODULE/h_addr[10]_i_2_n_2                                                                                               | DUT/ENCAP_MODULE/h_addr[10]_i_1_n_2                                                                               |                3 |             11 |         3.67 |
|  clk_IBUF_BUFG                                                                                      | DUT/DECAP_MODULE/ENCAP_FOR_RENCRYPT/ENCRYPT/POLY_MULT/count_chunks_inter_mem[10]_i_1__1_n_2                                       | DUT/DECAP_MODULE/ENCAP_FOR_RENCRYPT/ENCRYPT/POLY_MULT/count_chunks[9]_i_1__1_n_2                                  |                4 |             11 |         2.75 |
|  clk_IBUF_BUFG                                                                                      | DUT/SHAKE256/control_path_instance/counter_ctrl[0]                                                                                | DUT/SHAKE256/control_path_instance/counter[5]_i_1_n_2                                                             |                2 |             12 |         6.00 |
|  clk_IBUF_BUFG                                                                                      | DUT/DECAP_MODULE/DECRYPT/DECODE/RS_DECOD/COMPUTE_ROOTS/ADD_FFT/FFT_PART2/ROUND[2].FFT_ROUND/FIFO_FFT/next_rd_addr[5]_i_1_n_2      | gpio_ctrl_IBUF[0]_inst/O                                                                                          |                3 |             12 |         4.00 |
|  clk_IBUF_BUFG                                                                                      | DUT/DECAP_MODULE/DECRYPT/DECODE/RS_DECOD/COMPUTE_ROOTS/ADD_FFT/FFT_PART2/ROUND[2].FFT_ROUND/FIFO_FFT/wr_v                         | gpio_ctrl_IBUF[0]_inst/O                                                                                          |                3 |             12 |         4.00 |
|  clk_IBUF_BUFG                                                                                      | DUT/DECAP_MODULE/DECRYPT/DECODE/RS_DECOD/COMPUTE_ROOTS/ADD_FFT/FFT_PART2/ROUND[3].FFT_ROUND/FIFO_FFT/next_rd_addr[6]_i_1_n_2      | gpio_ctrl_IBUF[0]_inst/O                                                                                          |                3 |             14 |         4.67 |
|  clk_IBUF_BUFG                                                                                      | DUT/DECAP_MODULE/DECRYPT/DECODE/RM_DECOD/HADAMARD/HADAMARD_LAYER[2].HL/data_valid[3]_30                                           |                                                                                                                   |                2 |             14 |         7.00 |
|  clk_IBUF_BUFG                                                                                      | DUT/DECAP_MODULE/DECRYPT/DECODE/RS_DECOD/COMPUTE_ROOTS/ADD_FFT/FFT_PART2/ROUND[3].FFT_ROUND/FIFO_FFT/wr_v                         | gpio_ctrl_IBUF[0]_inst/O                                                                                          |                4 |             14 |         3.50 |
|  clk_IBUF_BUFG                                                                                      | DUT/DECAP_MODULE/POLY_MULT/loc_addr[15]_i_2__2_n_2                                                                                | DUT/DECAP_MODULE/POLY_MULT/loc_addr[15]_i_1__2_n_2                                                                |                3 |             16 |         5.33 |
|  clk_IBUF_BUFG                                                                                      | DUT/DECAP_MODULE/DECRYPT/DECODE/RM_DECOD/HADAMARD/HADAMARD_LAYER[3].HL/FIFO_S1/wr_v                                               |                                                                                                                   |                1 |             16 |        16.00 |
|  clk_IBUF_BUFG                                                                                      | DUT/DECAP_MODULE/DECRYPT/DECODE/RM_DECOD/HADAMARD/HADAMARD_LAYER[4].HL/FIFO_F0/wr_v                                               |                                                                                                                   |                1 |             16 |        16.00 |
|  clk_IBUF_BUFG                                                                                      | DUT/DECAP_MODULE/DECRYPT/DECODE/RM_DECOD/HADAMARD/HADAMARD_LAYER[6].HL/FIFO_S0/wr_v                                               |                                                                                                                   |                1 |             16 |        16.00 |
|  clk_IBUF_BUFG                                                                                      | DUT/ENCAP_MODULE/ENCRYPT/POLY_MULT/loc_addr[15]_i_2__0_n_2                                                                        | DUT/ENCAP_MODULE/ENCRYPT/POLY_MULT/loc_addr[15]_i_1__0_n_2                                                        |                3 |             16 |         5.33 |
|  clk_IBUF_BUFG                                                                                      | DUT/DECAP_MODULE/DECRYPT/DECODE/RM_DECOD/HADAMARD/HADAMARD_LAYER[4].HL/FIFO_S0/wr_v                                               |                                                                                                                   |                1 |             16 |        16.00 |
|  clk_IBUF_BUFG                                                                                      | DUT/DECAP_MODULE/DECRYPT/DECODE/RM_DECOD/HADAMARD/HADAMARD_LAYER[6].HL/FIFO_F0/wr_v                                               |                                                                                                                   |                1 |             16 |        16.00 |
|  clk_IBUF_BUFG                                                                                      | DUT/DECAP_MODULE/DECRYPT/DECODE/RM_DECOD/HADAMARD/HADAMARD_LAYER[6].HL/FIFO_S1/wr_v                                               |                                                                                                                   |                1 |             16 |        16.00 |
|  clk_IBUF_BUFG                                                                                      | DUT/DECAP_MODULE/DECRYPT/DECODE/RS_DECOD/COMPUTE_ROOTS/ADD_FFT/FFT_PART2/ROUND[0].FFT_ROUND/FIFO_FFT/wr_v                         |                                                                                                                   |                1 |             16 |        16.00 |
|  clk_IBUF_BUFG                                                                                      | DUT/KEYGEN_MODULE/POLY_MULT/loc_addr[15]_i_2_n_2                                                                                  | DUT/KEYGEN_MODULE/POLY_MULT/loc_addr[15]_i_1_n_2                                                                  |                3 |             16 |         5.33 |
|  clk_IBUF_BUFG                                                                                      | DUT/DECAP_MODULE/DECRYPT/DECODE/RM_DECOD/HADAMARD/HADAMARD_LAYER[3].HL/FIFO_S0/wr_v                                               |                                                                                                                   |                1 |             16 |        16.00 |
|  clk_IBUF_BUFG                                                                                      | DUT/DECAP_MODULE/DECRYPT/DECODE/RM_DECOD/HADAMARD/HADAMARD_LAYER[3].HL/FIFO_F0/wr_v                                               |                                                                                                                   |                1 |             16 |        16.00 |
|  clk_IBUF_BUFG                                                                                      | DUT/DECAP_MODULE/DECRYPT/DECODE/RM_DECOD/HADAMARD/HADAMARD_LAYER[4].HL/FIFO_F1/wr_v                                               |                                                                                                                   |                1 |             16 |        16.00 |
|  clk_IBUF_BUFG                                                                                      | DUT/DECAP_MODULE/ENCAP_FOR_RENCRYPT/ENCRYPT/POLY_MULT/loc_addr[15]_i_2__1_n_2                                                     | DUT/DECAP_MODULE/ENCAP_FOR_RENCRYPT/ENCRYPT/POLY_MULT/loc_addr[15]_i_1__1_n_2                                     |                2 |             16 |         8.00 |
|  clk_IBUF_BUFG                                                                                      | DUT/DECAP_MODULE/DECRYPT/DECODE/RM_DECOD/HADAMARD/HADAMARD_LAYER[6].HL/FIFO_F1/wr_v                                               |                                                                                                                   |                1 |             16 |        16.00 |
|  clk_IBUF_BUFG                                                                                      | DUT/DECAP_MODULE/DECRYPT/DECODE/RM_DECOD/HADAMARD/HADAMARD_LAYER[5].HL/FIFO_S0/wr_v                                               |                                                                                                                   |                1 |             16 |        16.00 |
|  clk_IBUF_BUFG                                                                                      | DUT/DECAP_MODULE/DECRYPT/DECODE/RM_DECOD/HADAMARD/HADAMARD_LAYER[3].HL/FIFO_F1/wr_v                                               |                                                                                                                   |                1 |             16 |        16.00 |
|  clk_IBUF_BUFG                                                                                      | DUT/DECAP_MODULE/DECRYPT/DECODE/RM_DECOD/HADAMARD/HADAMARD_LAYER[5].HL/FIFO_F1/wr_v                                               |                                                                                                                   |                1 |             16 |        16.00 |
|  clk_IBUF_BUFG                                                                                      | DUT/DECAP_MODULE/DECRYPT/DECODE/RM_DECOD/HADAMARD/HADAMARD_LAYER[5].HL/FIFO_F0/wr_v                                               |                                                                                                                   |                1 |             16 |        16.00 |
|  clk_IBUF_BUFG                                                                                      | DUT/DECAP_MODULE/DECRYPT/DECODE/RM_DECOD/HADAMARD/HADAMARD_LAYER[4].HL/FIFO_S1/wr_v                                               |                                                                                                                   |                1 |             16 |        16.00 |
|  clk_IBUF_BUFG                                                                                      | DUT/DECAP_MODULE/DECRYPT/DECODE/RS_DECOD/COMPUTE_ROOTS/ADD_FFT/FFT_PART2/ROUND[1].FFT_ROUND/FIFO_FFT/wr_v                         |                                                                                                                   |                1 |             16 |        16.00 |
|  clk_IBUF_BUFG                                                                                      | DUT/DECAP_MODULE/DECRYPT/DECODE/RM_DECOD/HADAMARD/HADAMARD_LAYER[5].HL/FIFO_S1/wr_v                                               |                                                                                                                   |                1 |             16 |        16.00 |
|  clk_IBUF_BUFG                                                                                      | DUT/DECAP_MODULE/DECRYPT/DECODE/RM_DECOD/HADAMARD/HADAMARD_LAYER[3].HL/data_valid[4]_32                                           |                                                                                                                   |                2 |             16 |         8.00 |
|  clk_IBUF_BUFG                                                                                      | DUT/DECAP_MODULE/DECRYPT/DECODE/RM_DECOD/HADAMARD/HADAMARD_LAYER[4].HL/data_valid[5]_34                                           |                                                                                                                   |                4 |             18 |         4.50 |
|  clk_IBUF_BUFG                                                                                      | DUT/DECAP_MODULE/DECRYPT/DECODE/RM_DECOD/HADAMARD/had_dout_valid                                                                  |                                                                                                                   |                6 |             18 |         3.00 |
|  clk_IBUF_BUFG                                                                                      | DUT/DECAP_MODULE/DECRYPT/DECODE/RM_DECOD/HADAMARD/HADAMARD_LAYER[5].HL/data_valid[6]_36                                           |                                                                                                                   |                4 |             20 |         5.00 |
|  clk_IBUF_BUFG                                                                                      | DUT/SHAKE256/control_path_instance/E[0]                                                                                           |                                                                                                                   |                7 |             24 |         3.43 |
|  clk_IBUF_BUFG                                                                                      | DUT/KEYGEN_MODULE/FIXEDWEIGHT/shake_dout_valid_fw                                                                                 |                                                                                                                   |               10 |             24 |         2.40 |
|  clk_IBUF_BUFG                                                                                      | DUT/SHAKE256/control_path_instance/fixed_weight_processing_reg[0]                                                                 |                                                                                                                   |               11 |             24 |         2.18 |
|  clk_IBUF_BUFG                                                                                      | DUT/SHAKE256/control_path_instance/counter_reg[0]_5[0]                                                                            | DUT/SHAKE256/control_path_instance/reset_ram                                                                      |               10 |             25 |         2.50 |
|  clk_IBUF_BUFG                                                                                      | DUT/SHAKE256/control_path_instance/counter_reg[0]_6[0]                                                                            | DUT/SHAKE256/control_path_instance/reset_ram                                                                      |               10 |             25 |         2.50 |
|  clk_IBUF_BUFG                                                                                      | DUT/ENCAP_MODULE/ENCRYPT/E[0]                                                                                                     | gpio_ctrl_IBUF[0]_inst/O                                                                                          |               10 |             27 |         2.70 |
|  clk_IBUF_BUFG                                                                                      | DUT/DECAP_MODULE/ENCAP_FOR_RENCRYPT/ENCRYPT/E[0]                                                                                  | gpio_ctrl_IBUF[0]_inst/O                                                                                          |               11 |             27 |         2.45 |
|  clk_IBUF_BUFG                                                                                      | DUT/KEYGEN_MODULE/VECTSETRAND/rand_out_rearrange[95]_i_2_n_2                                                                      | DUT/KEYGEN_MODULE/VECTSETRAND/rand_out_rearrange[127]_i_1_n_2                                                     |                9 |             27 |         3.00 |
|  clk_IBUF_BUFG                                                                                      | DUT/SHAKE256/control_path_instance/p_0_in                                                                                         |                                                                                                                   |                2 |             32 |        16.00 |
|  clk_IBUF_BUFG                                                                                      | DUT/SHAKE256/control_path_instance/sel_fw_reg[0]                                                                                  | DUT/KEYGEN_MODULE/VECTSETRAND/rand_out_rearrange[95]                                                              |               16 |             32 |         2.00 |
|  clk_IBUF_BUFG                                                                                      | DUT/KEYGEN_MODULE/E[0]                                                                                                            |                                                                                                                   |               15 |             32 |         2.13 |
|  clk_IBUF_BUFG                                                                                      | DUT/DECAP_MODULE/DECRYPT/DECODE/RS_DECOD/FSM_sequential_state_reg[2]                                                              | DUT/DECAP_MODULE/msg_in[31]_i_1_n_2                                                                               |               10 |             32 |         3.20 |
|  clk_IBUF_BUFG                                                                                      | DUT/DECAP_MODULE/DECRYPT/DECODE/RS_DECOD/COMPUTE_ROOTS/ADD_FFT/FFT_PART2/ROUND[3].FFT_ROUND/dout_en_d_reg_0[0]                    |                                                                                                                   |                4 |             32 |         8.00 |
|  clk_IBUF_BUFG                                                                                      | DUT/DECAP_MODULE/ENCAP_FOR_RENCRYPT/u_v[95]_i_1__0_n_2                                                                            | DUT/DECAP_MODULE/ENCAP_FOR_RENCRYPT/u_v[127]_i_1__0_n_2                                                           |               23 |             32 |         1.39 |
|  clk_IBUF_BUFG                                                                                      | DUT/ENCAP_MODULE/u_v[95]_i_1_n_2                                                                                                  | DUT/ENCAP_MODULE/u_v[127]_i_1_n_2                                                                                 |               15 |             32 |         2.13 |
|  clk_IBUF_BUFG                                                                                      | DUT/SHAKE256/control_path_instance/FSM_sequential_current_state_reg[2]_11                                                         |                                                                                                                   |                3 |             32 |        10.67 |
|  clk_IBUF_BUFG                                                                                      | DUT/SHAKE256/control_path_instance/FSM_sequential_current_state_reg[2]_14                                                         |                                                                                                                   |                3 |             32 |        10.67 |
|  clk_IBUF_BUFG                                                                                      | DUT/SHAKE256/control_path_instance/FSM_sequential_current_state_reg[2]_15                                                         |                                                                                                                   |                3 |             32 |        10.67 |
|  clk_IBUF_BUFG                                                                                      | DUT/SHAKE256/control_path_instance/FSM_sequential_current_state_reg[2]_16                                                         |                                                                                                                   |                3 |             32 |        10.67 |
|  clk_IBUF_BUFG                                                                                      | DUT/SHAKE256/control_path_instance/FSM_sequential_current_state_reg[2]_17                                                         |                                                                                                                   |                3 |             32 |        10.67 |
|  clk_IBUF_BUFG                                                                                      | DUT/SHAKE256/control_path_instance/p_0_in0_out                                                                                    |                                                                                                                   |                3 |             32 |        10.67 |
|  clk_IBUF_BUFG                                                                                      | DUT/SHAKE256/control_path_instance/FSM_sequential_current_state_reg[2]_10                                                         |                                                                                                                   |                3 |             32 |        10.67 |
|  clk_IBUF_BUFG                                                                                      | DUT/SHAKE256/control_path_instance/FSM_sequential_current_state_reg[2]_18                                                         |                                                                                                                   |                3 |             32 |        10.67 |
|  clk_IBUF_BUFG                                                                                      | DUT/SHAKE256/control_path_instance/FSM_sequential_current_state_reg[2]_12                                                         |                                                                                                                   |                3 |             32 |        10.67 |
|  clk_IBUF_BUFG                                                                                      | DUT/SHAKE256/control_path_instance/FSM_sequential_current_state_reg[2]_13                                                         |                                                                                                                   |                3 |             32 |        10.67 |
|  clk_IBUF_BUFG                                                                                      | DUT/SHAKE256/control_path_instance/FSM_sequential_current_state_reg[2]_24                                                         |                                                                                                                   |                3 |             32 |        10.67 |
|  clk_IBUF_BUFG                                                                                      | DUT/SHAKE256/control_path_instance/FSM_sequential_current_state_reg[2]_20                                                         |                                                                                                                   |                3 |             32 |        10.67 |
|  clk_IBUF_BUFG                                                                                      | DUT/SHAKE256/control_path_instance/FSM_sequential_current_state_reg[2]_22                                                         |                                                                                                                   |                3 |             32 |        10.67 |
|  clk_IBUF_BUFG                                                                                      | DUT/SHAKE256/control_path_instance/FSM_sequential_current_state_reg[2]_23                                                         |                                                                                                                   |                3 |             32 |        10.67 |
|  clk_IBUF_BUFG                                                                                      | p_0_in[95]                                                                                                                        | gpio_ctrl_IBUF[0]_inst/O                                                                                          |                6 |             32 |         5.33 |
|  n_1_16596_BUFG                                                                                     |                                                                                                                                   |                                                                                                                   |               23 |             32 |         1.39 |
|  clk_IBUF_BUFG                                                                                      | DUT/SHAKE256/control_path_instance/FSM_sequential_current_state_reg[2]_9                                                          |                                                                                                                   |                3 |             32 |        10.67 |
|  clk_IBUF_BUFG                                                                                      | DUT/SHAKE256/control_path_instance/FSM_sequential_current_state_reg[2]_21                                                         |                                                                                                                   |                3 |             32 |        10.67 |
|  clk_IBUF_BUFG                                                                                      | DUT/SHAKE256/control_path_instance/FSM_sequential_current_state_reg[2]_8                                                          |                                                                                                                   |                3 |             32 |        10.67 |
|  clk_IBUF_BUFG                                                                                      | p_0_in[63]                                                                                                                        | gpio_ctrl_IBUF[0]_inst/O                                                                                          |                6 |             32 |         5.33 |
|  clk_IBUF_BUFG                                                                                      | p_0_in[31]                                                                                                                        | gpio_ctrl_IBUF[0]_inst/O                                                                                          |                4 |             32 |         8.00 |
|  clk_IBUF_BUFG                                                                                      | DUT/SHAKE256/control_path_instance/FSM_sequential_current_state_reg[2]_19                                                         |                                                                                                                   |                3 |             32 |        10.67 |
|  clk_IBUF_BUFG                                                                                      | DUT/SHAKE256/control_path_instance/counter_reg[1]_rep_1                                                                           |                                                                                                                   |                3 |             32 |        10.67 |
|  clk_IBUF_BUFG                                                                                      | p_0_in[127]                                                                                                                       | gpio_ctrl_IBUF[0]_inst/O                                                                                          |                8 |             32 |         4.00 |
|  clk_IBUF_BUFG                                                                                      | DUT/SHAKE256/control_path_instance/counter_reg[3]_1                                                                               |                                                                                                                   |                3 |             32 |        10.67 |
|  DUTn_1_20261_BUFG                                                                                  |                                                                                                                                   |                                                                                                                   |               16 |             33 |         2.06 |
|  clk_IBUF_BUFG                                                                                      | DUT/KEYGEN_MODULE/VECTSETRAND/rand_out_rearrange[95]_i_2_n_2                                                                      | DUT/KEYGEN_MODULE/VECTSETRAND/rand_out_rearrange[95]                                                              |               18 |             64 |         3.56 |
|  clk_IBUF_BUFG                                                                                      | DUT/DECAP_MODULE/ENCAP_FOR_RENCRYPT/u_v[95]_i_1__0_n_2                                                                            |                                                                                                                   |               42 |             80 |         1.90 |
|  clk_IBUF_BUFG                                                                                      | DUT/ENCAP_MODULE/u_v[95]_i_1_n_2                                                                                                  |                                                                                                                   |               40 |             80 |         2.00 |
|  clk_IBUF_BUFG                                                                                      | DUT/DECAP_MODULE/DECRYPT/DECODE/RS_DECOD/FSM_sequential_state_reg[2]                                                              |                                                                                                                   |               20 |             96 |         4.80 |
|  n_0_16595_BUFG                                                                                     |                                                                                                                                   |                                                                                                                   |               64 |             97 |         1.52 |
|  clk_IBUF_BUFG                                                                                      | DUT/DECAP_MODULE/DECRYPT/DECODE/RS_DECOD/COMPUTE_ERRVALS/err_val0                                                                 |                                                                                                                   |               40 |            120 |         3.00 |
|  clk_IBUF_BUFG                                                                                      | DUT/SHAKE256/control_path_instance/FSM_sequential_current_state_reg[1]_0                                                          |                                                                                                                   |               10 |            128 |        12.80 |
|  clk_IBUF_BUFG                                                                                      | DUT/ENCAP_MODULE/shift_msg_in__0                                                                                                  | DUT/ENCAP_MODULE/init_msg_in__0                                                                                   |               39 |            128 |         3.28 |
|  clk_IBUF_BUFG                                                                                      | DUT/DECAP_MODULE/DECRYPT/DECODE/RS_DECOD/COMPUTE_ERRVALS/z_buf[127]_i_1_n_2                                                       |                                                                                                                   |               15 |            128 |         8.53 |
|  clk_IBUF_BUFG                                                                                      | DUT/DECAP_MODULE/DECRYPT/DECODE/RS_DECOD/COMPUTE_ERRVALS/E[0]                                                                     |                                                                                                                   |               47 |            128 |         2.72 |
|  clk_IBUF_BUFG                                                                                      | DUT/DECAP_MODULE/ENCAP_FOR_RENCRYPT/ENCRYPT/ENCODE/REED_SOLOMON_CODE/msg[127]_i_1__0_n_2                                          |                                                                                                                   |               41 |            128 |         3.12 |
|  clk_IBUF_BUFG                                                                                      | DUT/ENCAP_MODULE/ENCRYPT/ENCODE/REED_SOLOMON_CODE/msg[127]_i_1_n_2                                                                |                                                                                                                   |               39 |            128 |         3.28 |
|  clk_IBUF_BUFG                                                                                      | DUT/DECAP_MODULE/ENCAP_FOR_RENCRYPT/shift_msg_in__0                                                                               | DUT/DECAP_MODULE/ENCAP_FOR_RENCRYPT/init_msg_in__0                                                                |               44 |            128 |         2.91 |
|  clk_IBUF_BUFG                                                                                      | DUT/DECAP_MODULE/DECRYPT/DECODE/RM_DECOD/FIND_PEAKS/E[0]                                                                          |                                                                                                                   |               45 |            128 |         2.84 |
|  clk_IBUF_BUFG                                                                                      | DUT/ENCAP_MODULE/ENCRYPT/ENCODE/REED_SOLOMON_CODE/capture_cdw                                                                     | DUT/ENCAP_MODULE/ENCRYPT/ENCODE/REED_SOLOMON_CODE/init_msg                                                        |               63 |            240 |         3.81 |
|  clk_IBUF_BUFG                                                                                      | DUT/DECAP_MODULE/ENCAP_FOR_RENCRYPT/ENCRYPT/ENCODE/REED_SOLOMON_CODE/capture_cdw                                                  | DUT/DECAP_MODULE/ENCAP_FOR_RENCRYPT/ENCRYPT/ENCODE/REED_SOLOMON_CODE/init_msg                                     |               67 |            240 |         3.58 |
|  clk_IBUF_BUFG                                                                                      | DUT/DECAP_MODULE/DECRYPT/DECODE/RM_DECOD/RM_DECOD_CTRL/ram_din_ack_reg_0[0]                                                       |                                                                                                                   |               51 |            256 |         5.02 |
|  clk_IBUF_BUFG                                                                                      | DUT/DECAP_MODULE/DECRYPT/DECODE/RS_DECOD/COMPUTE_ERRVALS/error_buf[367]_i_1__0_n_2                                                |                                                                                                                   |               85 |            368 |         4.33 |
|  clk_IBUF_BUFG                                                                                      | DUT/DECAP_MODULE/DECRYPT/DECODE/RS_DECOD/COMPUTE_ROOTS/FFT_RETRIEVE_ERROR/p_0_in                                                  |                                                                                                                   |               73 |            368 |         5.04 |
|  clk_IBUF_BUFG                                                                                      | DUT/ENCAP_MODULE/ENCRYPT/ENCODE/REED_MULLER_ENCODE/cdw_in[367]_i_1_n_2                                                            |                                                                                                                   |               86 |            368 |         4.28 |
|  clk_IBUF_BUFG                                                                                      | DUT/DECAP_MODULE/ENCAP_FOR_RENCRYPT/ENCRYPT/ENCODE/REED_MULLER_ENCODE/cdw_in[367]_i_1__0_n_2                                      |                                                                                                                   |               96 |            368 |         3.83 |
|  clk_IBUF_BUFG                                                                                      | DUT/DECAP_MODULE/DECRYPT/DECODE/RM_DECOD/EXPANSE_AND_SUM/dout_buf[381]_i_1_n_2                                                    |                                                                                                                   |               63 |            378 |         6.00 |
|  clk_IBUF_BUFG                                                                                      |                                                                                                                                   | gpio_ctrl_IBUF[0]_inst/O                                                                                          |              673 |           1285 |         1.91 |
|  clk_IBUF_BUFG                                                                                      |                                                                                                                                   |                                                                                                                   |              524 |           1295 |         2.47 |
+-----------------------------------------------------------------------------------------------------+-----------------------------------------------------------------------------------------------------------------------------------+-------------------------------------------------------------------------------------------------------------------+------------------+----------------+--------------+


