
*** Running vivado
    with args -log SoC_wrapper.vdi -applog -m64 -product Vivado -messageDb vivado.pb -mode batch -source SoC_wrapper.tcl -notrace



****** Vivado v2022.2 (64-bit)
  **** SW Build 3671981 on Fri Oct 14 05:00:03 MDT 2022
  **** IP Build 3669848 on Fri Oct 14 08:30:02 MDT 2022
    ** Copyright 1986-2022 Xilinx, Inc. All Rights Reserved.

source SoC_wrapper.tcl -notrace
INFO: [IP_Flow 19-234] Refreshing IP repositories
INFO: [IP_Flow 19-1700] Loaded user IP repository 'd:/University/251/DA/wrapper'.
WARNING: [IP_Flow 19-3656] If you move the project, the path for repository 'd:/University/251/DA/wrapper' may become invalid. A better location for the repository would be in a path adjacent to the project. (Current project location is 'd:/University/251/DA/wrapper/wrapper.runs/impl_1'.)
INFO: [IP_Flow 19-2313] Loaded Vivado IP repository 'D:/Apps/Xilinx/Vivado/2022.2/data/ip'.
Command: link_design -top SoC_wrapper -part xck26-sfvc784-2LV-c
Design is defaulting to srcset: sources_1
Design is defaulting to constrset: constrs_1
INFO: [Device 21-403] Loading part xck26-sfvc784-2LV-c
Netlist sorting complete. Time (s): cpu = 00:00:00 ; elapsed = 00:00:00.378 . Memory (MB): peak = 1554.715 ; gain = 0.000
INFO: [Netlist 29-17] Analyzing 3524 Unisim elements for replacement
INFO: [Netlist 29-28] Unisim Transformation completed in 0 CPU seconds
INFO: [Project 1-479] Netlist was created with Vivado 2022.2
INFO: [Project 1-570] Preparing netlist for logic optimization
Parsing XDC File [d:/University/251/DA/wrapper/wrapper.gen/sources_1/bd/SoC/ip/SoC_zynq_ultra_ps_e_0_0/SoC_zynq_ultra_ps_e_0_0.xdc] for cell 'SoC_i/zynq_ultra_ps_e_0/inst'
Finished Parsing XDC File [d:/University/251/DA/wrapper/wrapper.gen/sources_1/bd/SoC/ip/SoC_zynq_ultra_ps_e_0_0/SoC_zynq_ultra_ps_e_0_0.xdc] for cell 'SoC_i/zynq_ultra_ps_e_0/inst'
Parsing XDC File [d:/University/251/DA/wrapper/wrapper.gen/sources_1/bd/SoC/ip/SoC_rst_ps8_0_99M_0/SoC_rst_ps8_0_99M_0_board.xdc] for cell 'SoC_i/rst_ps8_0_99M/U0'
Finished Parsing XDC File [d:/University/251/DA/wrapper/wrapper.gen/sources_1/bd/SoC/ip/SoC_rst_ps8_0_99M_0/SoC_rst_ps8_0_99M_0_board.xdc] for cell 'SoC_i/rst_ps8_0_99M/U0'
Parsing XDC File [d:/University/251/DA/wrapper/wrapper.gen/sources_1/bd/SoC/ip/SoC_rst_ps8_0_99M_0/SoC_rst_ps8_0_99M_0.xdc] for cell 'SoC_i/rst_ps8_0_99M/U0'
Finished Parsing XDC File [d:/University/251/DA/wrapper/wrapper.gen/sources_1/bd/SoC/ip/SoC_rst_ps8_0_99M_0/SoC_rst_ps8_0_99M_0.xdc] for cell 'SoC_i/rst_ps8_0_99M/U0'
Parsing XDC File [d:/University/251/DA/wrapper/wrapper.gen/sources_1/bd/SoC/ip/SoC_system_ila_0_0/bd_0/ip/ip_0/ila_v6_2/constraints/ila_impl.xdc] for cell 'SoC_i/system_ila_0/inst/ila_lib/inst'
Finished Parsing XDC File [d:/University/251/DA/wrapper/wrapper.gen/sources_1/bd/SoC/ip/SoC_system_ila_0_0/bd_0/ip/ip_0/ila_v6_2/constraints/ila_impl.xdc] for cell 'SoC_i/system_ila_0/inst/ila_lib/inst'
Parsing XDC File [d:/University/251/DA/wrapper/wrapper.gen/sources_1/bd/SoC/ip/SoC_system_ila_0_0/bd_0/ip/ip_0/ila_v6_2/constraints/ila.xdc] for cell 'SoC_i/system_ila_0/inst/ila_lib/inst'
Finished Parsing XDC File [d:/University/251/DA/wrapper/wrapper.gen/sources_1/bd/SoC/ip/SoC_system_ila_0_0/bd_0/ip/ip_0/ila_v6_2/constraints/ila.xdc] for cell 'SoC_i/system_ila_0/inst/ila_lib/inst'
Parsing XDC File [d:/University/251/DA/wrapper/wrapper.gen/sources_1/bd/SoC/ip/SoC_auto_ds_0/SoC_auto_ds_0_clocks.xdc] for cell 'SoC_i/ps8_0_axi_periph/s00_couplers/auto_ds/inst'
Finished Parsing XDC File [d:/University/251/DA/wrapper/wrapper.gen/sources_1/bd/SoC/ip/SoC_auto_ds_0/SoC_auto_ds_0_clocks.xdc] for cell 'SoC_i/ps8_0_axi_periph/s00_couplers/auto_ds/inst'
Parsing XDC File [d:/University/251/DA/wrapper/wrapper.gen/sources_1/bd/SoC/ip/SoC_auto_ds_1/SoC_auto_ds_1_clocks.xdc] for cell 'SoC_i/ps8_0_axi_periph/s01_couplers/auto_ds/inst'
Finished Parsing XDC File [d:/University/251/DA/wrapper/wrapper.gen/sources_1/bd/SoC/ip/SoC_auto_ds_1/SoC_auto_ds_1_clocks.xdc] for cell 'SoC_i/ps8_0_axi_periph/s01_couplers/auto_ds/inst'
INFO: [Project 1-1714] 6 XPM XDC files have been applied to the design.
INFO: [Opt 31-138] Pushed 0 inverter(s) to 0 load pin(s).
Netlist sorting complete. Time (s): cpu = 00:00:00 ; elapsed = 00:00:00.010 . Memory (MB): peak = 1770.789 ; gain = 0.000
INFO: [Project 1-111] Unisim Transformation Summary:
  A total of 1006 instances were transformed.
  CFGLUT5 => CFGLUT5 (SRL16E, SRLC32E): 132 instances
  RAM16X1S => RAM32X1S (RAMS32): 816 instances
  RAM256X1S => RAM256X1S (MUXF7(x2), MUXF8, RAMS64E(x4)): 8 instances
  RAM32M => RAM32M (RAMD32(x6), RAMS32(x2)): 12 instances
  RAM32M16 => RAM32M16 (RAMD32(x14), RAMS32(x2)): 28 instances
  RAM32X1D => RAM32X1D (RAMD32(x2)): 4 instances
  RAM64M8 => RAM64M8 (RAMD64E(x8)): 3 instances
  RAM64X1D => RAM64X1D (RAMD64E(x2)): 3 instances

11 Infos, 1 Warnings, 0 Critical Warnings and 0 Errors encountered.
link_design completed successfully
link_design: Time (s): cpu = 00:00:14 ; elapsed = 00:00:18 . Memory (MB): peak = 1770.789 ; gain = 1262.152
Command: opt_design
Attempting to get a license for feature 'Implementation' and/or device 'xck26'
INFO: [Common 17-349] Got license for feature 'Implementation' and/or device 'xck26'
Running DRC as a precondition to command opt_design

Starting DRC Task
INFO: [DRC 23-27] Running DRC with 2 threads
INFO: [Project 1-461] DRC finished with 0 Errors
INFO: [Project 1-462] Please refer to the DRC report (report_drc) for more information.

Time (s): cpu = 00:00:02 ; elapsed = 00:00:01 . Memory (MB): peak = 1791.922 ; gain = 21.133

Starting Cache Timing Information Task
INFO: [Timing 38-35] Done setting XDC timing constraints.
Ending Cache Timing Information Task | Checksum: f508fdfb

Time (s): cpu = 00:00:03 ; elapsed = 00:00:03 . Memory (MB): peak = 2110.227 ; gain = 318.305

Starting Logic Optimization Task

Phase 1 Generate And Synthesize Debug Cores
INFO: [Chipscope 16-329] Generating Script for core instance : dbg_hub 
INFO: [IP_Flow 19-3806] Processing IP xilinx.com:ip:xsdbm:3.0 for cell dbg_hub_CV.
Netlist sorting complete. Time (s): cpu = 00:00:00 ; elapsed = 00:00:00.030 . Memory (MB): peak = 2481.504 ; gain = 0.000
Phase 1 Generate And Synthesize Debug Cores | Checksum: 7f649051

Time (s): cpu = 00:00:04 ; elapsed = 00:01:20 . Memory (MB): peak = 2481.504 ; gain = 20.906

Phase 2 Retarget
INFO: [Opt 31-1287] Pulled Inverter SoC_i/axi_wrapper_0/inst/DUT/DUT/DECAP_MODULE/DECRYPT/DECODE/RM_DECOD/FIND_PEAKS/FIND_PEAKS_1/dout[0]_i_1__3 into driver instance SoC_i/axi_wrapper_0/inst/DUT/DUT/DECAP_MODULE/DECRYPT/DECODE/RM_DECOD/FIND_PEAKS/FIND_PEAKS_1/dout[7]_i_4, which resulted in an inversion of 8 pins
INFO: [Opt 31-1287] Pulled Inverter SoC_i/axi_wrapper_0/inst/DUT/DUT/DECAP_MODULE/DECRYPT/DECODE/RS_DECOD/COMPUTE_ELP/sigma[100]_i_1 into driver instance SoC_i/axi_wrapper_0/inst/DUT/DUT/DECAP_MODULE/DECRYPT/DECODE/RS_DECOD/COMPUTE_ELP/sigma[100]_i_2, which resulted in an inversion of 2 pins
INFO: [Opt 31-1287] Pulled Inverter SoC_i/axi_wrapper_0/inst/DUT/DUT/DECAP_MODULE/DECRYPT/DECODE/RS_DECOD/COMPUTE_ELP/sigma[101]_i_1 into driver instance SoC_i/axi_wrapper_0/inst/DUT/DUT/DECAP_MODULE/DECRYPT/DECODE/RS_DECOD/COMPUTE_ELP/sigma[101]_i_2, which resulted in an inversion of 2 pins
INFO: [Opt 31-1287] Pulled Inverter SoC_i/axi_wrapper_0/inst/DUT/DUT/DECAP_MODULE/DECRYPT/DECODE/RS_DECOD/COMPUTE_ELP/sigma[103]_i_1 into driver instance SoC_i/axi_wrapper_0/inst/DUT/DUT/DECAP_MODULE/DECRYPT/DECODE/RS_DECOD/COMPUTE_ELP/sigma[103]_i_2, which resulted in an inversion of 2 pins
INFO: [Opt 31-1287] Pulled Inverter SoC_i/axi_wrapper_0/inst/DUT/DUT/DECAP_MODULE/DECRYPT/DECODE/RS_DECOD/COMPUTE_ELP/sigma[106]_i_1 into driver instance SoC_i/axi_wrapper_0/inst/DUT/DUT/DECAP_MODULE/DECRYPT/DECODE/RS_DECOD/COMPUTE_ELP/sigma[106]_i_2, which resulted in an inversion of 2 pins
INFO: [Opt 31-1287] Pulled Inverter SoC_i/axi_wrapper_0/inst/DUT/DUT/DECAP_MODULE/DECRYPT/DECODE/RS_DECOD/COMPUTE_ELP/sigma[110]_i_1 into driver instance SoC_i/axi_wrapper_0/inst/DUT/DUT/DECAP_MODULE/DECRYPT/DECODE/RS_DECOD/COMPUTE_ELP/sigma[110]_i_2, which resulted in an inversion of 2 pins
INFO: [Opt 31-1287] Pulled Inverter SoC_i/axi_wrapper_0/inst/DUT/DUT/DECAP_MODULE/DECRYPT/DECODE/RS_DECOD/COMPUTE_ELP/sigma[111]_i_1 into driver instance SoC_i/axi_wrapper_0/inst/DUT/DUT/DECAP_MODULE/DECRYPT/DECODE/RS_DECOD/COMPUTE_ELP/sigma[111]_i_2, which resulted in an inversion of 2 pins
INFO: [Opt 31-1287] Pulled Inverter SoC_i/axi_wrapper_0/inst/DUT/DUT/DECAP_MODULE/DECRYPT/DECODE/RS_DECOD/COMPUTE_ELP/sigma[113]_i_1 into driver instance SoC_i/axi_wrapper_0/inst/DUT/DUT/DECAP_MODULE/DECRYPT/DECODE/RS_DECOD/COMPUTE_ELP/sigma[113]_i_2, which resulted in an inversion of 2 pins
INFO: [Opt 31-1287] Pulled Inverter SoC_i/axi_wrapper_0/inst/DUT/DUT/DECAP_MODULE/DECRYPT/DECODE/RS_DECOD/COMPUTE_ELP/sigma[114]_i_1 into driver instance SoC_i/axi_wrapper_0/inst/DUT/DUT/DECAP_MODULE/DECRYPT/DECODE/RS_DECOD/COMPUTE_ELP/sigma[114]_i_2, which resulted in an inversion of 2 pins
INFO: [Opt 31-1287] Pulled Inverter SoC_i/axi_wrapper_0/inst/DUT/DUT/DECAP_MODULE/DECRYPT/DECODE/RS_DECOD/COMPUTE_ELP/sigma[118]_i_1 into driver instance SoC_i/axi_wrapper_0/inst/DUT/DUT/DECAP_MODULE/DECRYPT/DECODE/RS_DECOD/COMPUTE_ELP/sigma[118]_i_2, which resulted in an inversion of 2 pins
INFO: [Opt 31-1287] Pulled Inverter SoC_i/axi_wrapper_0/inst/DUT/DUT/DECAP_MODULE/DECRYPT/DECODE/RS_DECOD/COMPUTE_ELP/sigma[120]_i_1 into driver instance SoC_i/axi_wrapper_0/inst/DUT/DUT/DECAP_MODULE/DECRYPT/DECODE/RS_DECOD/COMPUTE_ELP/sigma[120]_i_2, which resulted in an inversion of 2 pins
INFO: [Opt 31-1287] Pulled Inverter SoC_i/axi_wrapper_0/inst/DUT/DUT/DECAP_MODULE/DECRYPT/DECODE/RS_DECOD/COMPUTE_ELP/sigma[121]_i_1 into driver instance SoC_i/axi_wrapper_0/inst/DUT/DUT/DECAP_MODULE/DECRYPT/DECODE/RS_DECOD/COMPUTE_ELP/sigma[121]_i_2, which resulted in an inversion of 2 pins
INFO: [Opt 31-1287] Pulled Inverter SoC_i/axi_wrapper_0/inst/DUT/DUT/DECAP_MODULE/DECRYPT/DECODE/RS_DECOD/COMPUTE_ELP/sigma[122]_i_1 into driver instance SoC_i/axi_wrapper_0/inst/DUT/DUT/DECAP_MODULE/DECRYPT/DECODE/RS_DECOD/COMPUTE_ELP/sigma[122]_i_2, which resulted in an inversion of 2 pins
INFO: [Opt 31-1287] Pulled Inverter SoC_i/axi_wrapper_0/inst/DUT/DUT/DECAP_MODULE/DECRYPT/DECODE/RS_DECOD/COMPUTE_ELP/sigma[123]_i_1 into driver instance SoC_i/axi_wrapper_0/inst/DUT/DUT/DECAP_MODULE/DECRYPT/DECODE/RS_DECOD/COMPUTE_ELP/sigma[123]_i_2, which resulted in an inversion of 2 pins
INFO: [Opt 31-1287] Pulled Inverter SoC_i/axi_wrapper_0/inst/DUT/DUT/DECAP_MODULE/DECRYPT/DECODE/RS_DECOD/COMPUTE_ELP/sigma[12]_i_1 into driver instance SoC_i/axi_wrapper_0/inst/DUT/DUT/DECAP_MODULE/DECRYPT/DECODE/RS_DECOD/COMPUTE_ELP/sigma[12]_i_2, which resulted in an inversion of 2 pins
INFO: [Opt 31-1287] Pulled Inverter SoC_i/axi_wrapper_0/inst/DUT/DUT/DECAP_MODULE/DECRYPT/DECODE/RS_DECOD/COMPUTE_ELP/sigma[15]_i_1 into driver instance SoC_i/axi_wrapper_0/inst/DUT/DUT/DECAP_MODULE/DECRYPT/DECODE/RS_DECOD/COMPUTE_ELP/sigma[15]_i_2, which resulted in an inversion of 2 pins
INFO: [Opt 31-1287] Pulled Inverter SoC_i/axi_wrapper_0/inst/DUT/DUT/DECAP_MODULE/DECRYPT/DECODE/RS_DECOD/COMPUTE_ELP/sigma[16]_i_1 into driver instance SoC_i/axi_wrapper_0/inst/DUT/DUT/DECAP_MODULE/DECRYPT/DECODE/RS_DECOD/COMPUTE_ELP/sigma[16]_i_2, which resulted in an inversion of 2 pins
INFO: [Opt 31-1287] Pulled Inverter SoC_i/axi_wrapper_0/inst/DUT/DUT/DECAP_MODULE/DECRYPT/DECODE/RS_DECOD/COMPUTE_ELP/sigma[18]_i_1 into driver instance SoC_i/axi_wrapper_0/inst/DUT/DUT/DECAP_MODULE/DECRYPT/DECODE/RS_DECOD/COMPUTE_ELP/sigma[18]_i_2, which resulted in an inversion of 2 pins
INFO: [Opt 31-1287] Pulled Inverter SoC_i/axi_wrapper_0/inst/DUT/DUT/DECAP_MODULE/DECRYPT/DECODE/RS_DECOD/COMPUTE_ELP/sigma[19]_i_1 into driver instance SoC_i/axi_wrapper_0/inst/DUT/DUT/DECAP_MODULE/DECRYPT/DECODE/RS_DECOD/COMPUTE_ELP/sigma[19]_i_2, which resulted in an inversion of 2 pins
INFO: [Opt 31-1287] Pulled Inverter SoC_i/axi_wrapper_0/inst/DUT/DUT/DECAP_MODULE/DECRYPT/DECODE/RS_DECOD/COMPUTE_ELP/sigma[20]_i_1 into driver instance SoC_i/axi_wrapper_0/inst/DUT/DUT/DECAP_MODULE/DECRYPT/DECODE/RS_DECOD/COMPUTE_ELP/sigma[20]_i_2, which resulted in an inversion of 2 pins
INFO: [Opt 31-1287] Pulled Inverter SoC_i/axi_wrapper_0/inst/DUT/DUT/DECAP_MODULE/DECRYPT/DECODE/RS_DECOD/COMPUTE_ELP/sigma[21]_i_1 into driver instance SoC_i/axi_wrapper_0/inst/DUT/DUT/DECAP_MODULE/DECRYPT/DECODE/RS_DECOD/COMPUTE_ELP/sigma[21]_i_2, which resulted in an inversion of 2 pins
INFO: [Opt 31-1287] Pulled Inverter SoC_i/axi_wrapper_0/inst/DUT/DUT/DECAP_MODULE/DECRYPT/DECODE/RS_DECOD/COMPUTE_ELP/sigma[22]_i_1 into driver instance SoC_i/axi_wrapper_0/inst/DUT/DUT/DECAP_MODULE/DECRYPT/DECODE/RS_DECOD/COMPUTE_ELP/sigma[22]_i_2, which resulted in an inversion of 2 pins
INFO: [Opt 31-1287] Pulled Inverter SoC_i/axi_wrapper_0/inst/DUT/DUT/DECAP_MODULE/DECRYPT/DECODE/RS_DECOD/COMPUTE_ELP/sigma[23]_i_1 into driver instance SoC_i/axi_wrapper_0/inst/DUT/DUT/DECAP_MODULE/DECRYPT/DECODE/RS_DECOD/COMPUTE_ELP/sigma[23]_i_2, which resulted in an inversion of 2 pins
INFO: [Opt 31-1287] Pulled Inverter SoC_i/axi_wrapper_0/inst/DUT/DUT/DECAP_MODULE/DECRYPT/DECODE/RS_DECOD/COMPUTE_ELP/sigma[25]_i_1 into driver instance SoC_i/axi_wrapper_0/inst/DUT/DUT/DECAP_MODULE/DECRYPT/DECODE/RS_DECOD/COMPUTE_ELP/sigma[25]_i_2, which resulted in an inversion of 2 pins
INFO: [Opt 31-1287] Pulled Inverter SoC_i/axi_wrapper_0/inst/DUT/DUT/DECAP_MODULE/DECRYPT/DECODE/RS_DECOD/COMPUTE_ELP/sigma[26]_i_1 into driver instance SoC_i/axi_wrapper_0/inst/DUT/DUT/DECAP_MODULE/DECRYPT/DECODE/RS_DECOD/COMPUTE_ELP/sigma[26]_i_2, which resulted in an inversion of 2 pins
INFO: [Opt 31-1287] Pulled Inverter SoC_i/axi_wrapper_0/inst/DUT/DUT/DECAP_MODULE/DECRYPT/DECODE/RS_DECOD/COMPUTE_ELP/sigma[27]_i_1 into driver instance SoC_i/axi_wrapper_0/inst/DUT/DUT/DECAP_MODULE/DECRYPT/DECODE/RS_DECOD/COMPUTE_ELP/sigma[27]_i_2, which resulted in an inversion of 2 pins
INFO: [Opt 31-1287] Pulled Inverter SoC_i/axi_wrapper_0/inst/DUT/DUT/DECAP_MODULE/DECRYPT/DECODE/RS_DECOD/COMPUTE_ELP/sigma[31]_i_1 into driver instance SoC_i/axi_wrapper_0/inst/DUT/DUT/DECAP_MODULE/DECRYPT/DECODE/RS_DECOD/COMPUTE_ELP/sigma[31]_i_2, which resulted in an inversion of 2 pins
INFO: [Opt 31-1287] Pulled Inverter SoC_i/axi_wrapper_0/inst/DUT/DUT/DECAP_MODULE/DECRYPT/DECODE/RS_DECOD/COMPUTE_ELP/sigma[32]_i_1 into driver instance SoC_i/axi_wrapper_0/inst/DUT/DUT/DECAP_MODULE/DECRYPT/DECODE/RS_DECOD/COMPUTE_ELP/sigma[32]_i_2, which resulted in an inversion of 2 pins
INFO: [Opt 31-1287] Pulled Inverter SoC_i/axi_wrapper_0/inst/DUT/DUT/DECAP_MODULE/DECRYPT/DECODE/RS_DECOD/COMPUTE_ELP/sigma[33]_i_1 into driver instance SoC_i/axi_wrapper_0/inst/DUT/DUT/DECAP_MODULE/DECRYPT/DECODE/RS_DECOD/COMPUTE_ELP/sigma[33]_i_2, which resulted in an inversion of 2 pins
INFO: [Opt 31-1287] Pulled Inverter SoC_i/axi_wrapper_0/inst/DUT/DUT/DECAP_MODULE/DECRYPT/DECODE/RS_DECOD/COMPUTE_ELP/sigma[37]_i_1 into driver instance SoC_i/axi_wrapper_0/inst/DUT/DUT/DECAP_MODULE/DECRYPT/DECODE/RS_DECOD/COMPUTE_ELP/sigma[37]_i_2, which resulted in an inversion of 2 pins
INFO: [Opt 31-1287] Pulled Inverter SoC_i/axi_wrapper_0/inst/DUT/DUT/DECAP_MODULE/DECRYPT/DECODE/RS_DECOD/COMPUTE_ELP/sigma[38]_i_1 into driver instance SoC_i/axi_wrapper_0/inst/DUT/DUT/DECAP_MODULE/DECRYPT/DECODE/RS_DECOD/COMPUTE_ELP/sigma[38]_i_2, which resulted in an inversion of 2 pins
INFO: [Opt 31-1287] Pulled Inverter SoC_i/axi_wrapper_0/inst/DUT/DUT/DECAP_MODULE/DECRYPT/DECODE/RS_DECOD/COMPUTE_ELP/sigma[39]_i_1 into driver instance SoC_i/axi_wrapper_0/inst/DUT/DUT/DECAP_MODULE/DECRYPT/DECODE/RS_DECOD/COMPUTE_ELP/sigma[39]_i_2, which resulted in an inversion of 2 pins
INFO: [Opt 31-1287] Pulled Inverter SoC_i/axi_wrapper_0/inst/DUT/DUT/DECAP_MODULE/DECRYPT/DECODE/RS_DECOD/COMPUTE_ELP/sigma[40]_i_1 into driver instance SoC_i/axi_wrapper_0/inst/DUT/DUT/DECAP_MODULE/DECRYPT/DECODE/RS_DECOD/COMPUTE_ELP/sigma[40]_i_2, which resulted in an inversion of 2 pins
INFO: [Opt 31-1287] Pulled Inverter SoC_i/axi_wrapper_0/inst/DUT/DUT/DECAP_MODULE/DECRYPT/DECODE/RS_DECOD/COMPUTE_ELP/sigma[45]_i_1 into driver instance SoC_i/axi_wrapper_0/inst/DUT/DUT/DECAP_MODULE/DECRYPT/DECODE/RS_DECOD/COMPUTE_ELP/sigma[45]_i_2, which resulted in an inversion of 2 pins
INFO: [Opt 31-1287] Pulled Inverter SoC_i/axi_wrapper_0/inst/DUT/DUT/DECAP_MODULE/DECRYPT/DECODE/RS_DECOD/COMPUTE_ELP/sigma[48]_i_1 into driver instance SoC_i/axi_wrapper_0/inst/DUT/DUT/DECAP_MODULE/DECRYPT/DECODE/RS_DECOD/COMPUTE_ELP/sigma[48]_i_2, which resulted in an inversion of 2 pins
INFO: [Opt 31-1287] Pulled Inverter SoC_i/axi_wrapper_0/inst/DUT/DUT/DECAP_MODULE/DECRYPT/DECODE/RS_DECOD/COMPUTE_ELP/sigma[49]_i_1 into driver instance SoC_i/axi_wrapper_0/inst/DUT/DUT/DECAP_MODULE/DECRYPT/DECODE/RS_DECOD/COMPUTE_ELP/sigma[49]_i_2, which resulted in an inversion of 2 pins
INFO: [Opt 31-1287] Pulled Inverter SoC_i/axi_wrapper_0/inst/DUT/DUT/DECAP_MODULE/DECRYPT/DECODE/RS_DECOD/COMPUTE_ELP/sigma[51]_i_1 into driver instance SoC_i/axi_wrapper_0/inst/DUT/DUT/DECAP_MODULE/DECRYPT/DECODE/RS_DECOD/COMPUTE_ELP/sigma[51]_i_2, which resulted in an inversion of 2 pins
INFO: [Opt 31-1287] Pulled Inverter SoC_i/axi_wrapper_0/inst/DUT/DUT/DECAP_MODULE/DECRYPT/DECODE/RS_DECOD/COMPUTE_ELP/sigma[53]_i_1 into driver instance SoC_i/axi_wrapper_0/inst/DUT/DUT/DECAP_MODULE/DECRYPT/DECODE/RS_DECOD/COMPUTE_ELP/sigma[53]_i_2, which resulted in an inversion of 2 pins
INFO: [Opt 31-1287] Pulled Inverter SoC_i/axi_wrapper_0/inst/DUT/DUT/DECAP_MODULE/DECRYPT/DECODE/RS_DECOD/COMPUTE_ELP/sigma[55]_i_1 into driver instance SoC_i/axi_wrapper_0/inst/DUT/DUT/DECAP_MODULE/DECRYPT/DECODE/RS_DECOD/COMPUTE_ELP/sigma[55]_i_2, which resulted in an inversion of 2 pins
INFO: [Opt 31-1287] Pulled Inverter SoC_i/axi_wrapper_0/inst/DUT/DUT/DECAP_MODULE/DECRYPT/DECODE/RS_DECOD/COMPUTE_ELP/sigma[59]_i_1 into driver instance SoC_i/axi_wrapper_0/inst/DUT/DUT/DECAP_MODULE/DECRYPT/DECODE/RS_DECOD/COMPUTE_ELP/sigma[59]_i_2, which resulted in an inversion of 2 pins
INFO: [Opt 31-1287] Pulled Inverter SoC_i/axi_wrapper_0/inst/DUT/DUT/DECAP_MODULE/DECRYPT/DECODE/RS_DECOD/COMPUTE_ELP/sigma[61]_i_1 into driver instance SoC_i/axi_wrapper_0/inst/DUT/DUT/DECAP_MODULE/DECRYPT/DECODE/RS_DECOD/COMPUTE_ELP/sigma[61]_i_2, which resulted in an inversion of 2 pins
INFO: [Opt 31-1287] Pulled Inverter SoC_i/axi_wrapper_0/inst/DUT/DUT/DECAP_MODULE/DECRYPT/DECODE/RS_DECOD/COMPUTE_ELP/sigma[64]_i_1 into driver instance SoC_i/axi_wrapper_0/inst/DUT/DUT/DECAP_MODULE/DECRYPT/DECODE/RS_DECOD/COMPUTE_ELP/sigma[64]_i_2, which resulted in an inversion of 2 pins
INFO: [Opt 31-1287] Pulled Inverter SoC_i/axi_wrapper_0/inst/DUT/DUT/DECAP_MODULE/DECRYPT/DECODE/RS_DECOD/COMPUTE_ELP/sigma[65]_i_1 into driver instance SoC_i/axi_wrapper_0/inst/DUT/DUT/DECAP_MODULE/DECRYPT/DECODE/RS_DECOD/COMPUTE_ELP/sigma[65]_i_2, which resulted in an inversion of 2 pins
INFO: [Opt 31-1287] Pulled Inverter SoC_i/axi_wrapper_0/inst/DUT/DUT/DECAP_MODULE/DECRYPT/DECODE/RS_DECOD/COMPUTE_ELP/sigma[67]_i_1 into driver instance SoC_i/axi_wrapper_0/inst/DUT/DUT/DECAP_MODULE/DECRYPT/DECODE/RS_DECOD/COMPUTE_ELP/sigma[67]_i_2, which resulted in an inversion of 2 pins
INFO: [Opt 31-1287] Pulled Inverter SoC_i/axi_wrapper_0/inst/DUT/DUT/DECAP_MODULE/DECRYPT/DECODE/RS_DECOD/COMPUTE_ELP/sigma[72]_i_1 into driver instance SoC_i/axi_wrapper_0/inst/DUT/DUT/DECAP_MODULE/DECRYPT/DECODE/RS_DECOD/COMPUTE_ELP/sigma[72]_i_2, which resulted in an inversion of 2 pins
INFO: [Opt 31-1287] Pulled Inverter SoC_i/axi_wrapper_0/inst/DUT/DUT/DECAP_MODULE/DECRYPT/DECODE/RS_DECOD/COMPUTE_ELP/sigma[77]_i_1 into driver instance SoC_i/axi_wrapper_0/inst/DUT/DUT/DECAP_MODULE/DECRYPT/DECODE/RS_DECOD/COMPUTE_ELP/sigma[77]_i_2, which resulted in an inversion of 2 pins
INFO: [Opt 31-1287] Pulled Inverter SoC_i/axi_wrapper_0/inst/DUT/DUT/DECAP_MODULE/DECRYPT/DECODE/RS_DECOD/COMPUTE_ELP/sigma[81]_i_1 into driver instance SoC_i/axi_wrapper_0/inst/DUT/DUT/DECAP_MODULE/DECRYPT/DECODE/RS_DECOD/COMPUTE_ELP/sigma[81]_i_2, which resulted in an inversion of 2 pins
INFO: [Opt 31-1287] Pulled Inverter SoC_i/axi_wrapper_0/inst/DUT/DUT/DECAP_MODULE/DECRYPT/DECODE/RS_DECOD/COMPUTE_ELP/sigma[82]_i_1 into driver instance SoC_i/axi_wrapper_0/inst/DUT/DUT/DECAP_MODULE/DECRYPT/DECODE/RS_DECOD/COMPUTE_ELP/sigma[82]_i_2, which resulted in an inversion of 2 pins
INFO: [Opt 31-1287] Pulled Inverter SoC_i/axi_wrapper_0/inst/DUT/DUT/DECAP_MODULE/DECRYPT/DECODE/RS_DECOD/COMPUTE_ELP/sigma[83]_i_1 into driver instance SoC_i/axi_wrapper_0/inst/DUT/DUT/DECAP_MODULE/DECRYPT/DECODE/RS_DECOD/COMPUTE_ELP/sigma[83]_i_2, which resulted in an inversion of 2 pins
INFO: [Opt 31-1287] Pulled Inverter SoC_i/axi_wrapper_0/inst/DUT/DUT/DECAP_MODULE/DECRYPT/DECODE/RS_DECOD/COMPUTE_ELP/sigma[86]_i_1 into driver instance SoC_i/axi_wrapper_0/inst/DUT/DUT/DECAP_MODULE/DECRYPT/DECODE/RS_DECOD/COMPUTE_ELP/sigma[86]_i_2, which resulted in an inversion of 2 pins
INFO: [Opt 31-1287] Pulled Inverter SoC_i/axi_wrapper_0/inst/DUT/DUT/DECAP_MODULE/DECRYPT/DECODE/RS_DECOD/COMPUTE_ELP/sigma[87]_i_1 into driver instance SoC_i/axi_wrapper_0/inst/DUT/DUT/DECAP_MODULE/DECRYPT/DECODE/RS_DECOD/COMPUTE_ELP/sigma[87]_i_2, which resulted in an inversion of 2 pins
INFO: [Opt 31-1287] Pulled Inverter SoC_i/axi_wrapper_0/inst/DUT/DUT/DECAP_MODULE/DECRYPT/DECODE/RS_DECOD/COMPUTE_ELP/sigma[89]_i_1 into driver instance SoC_i/axi_wrapper_0/inst/DUT/DUT/DECAP_MODULE/DECRYPT/DECODE/RS_DECOD/COMPUTE_ELP/sigma[89]_i_2, which resulted in an inversion of 2 pins
INFO: [Opt 31-1287] Pulled Inverter SoC_i/axi_wrapper_0/inst/DUT/DUT/DECAP_MODULE/DECRYPT/DECODE/RS_DECOD/COMPUTE_ELP/sigma[90]_i_1 into driver instance SoC_i/axi_wrapper_0/inst/DUT/DUT/DECAP_MODULE/DECRYPT/DECODE/RS_DECOD/COMPUTE_ELP/sigma[90]_i_2, which resulted in an inversion of 2 pins
INFO: [Opt 31-1287] Pulled Inverter SoC_i/axi_wrapper_0/inst/DUT/DUT/DECAP_MODULE/DECRYPT/DECODE/RS_DECOD/COMPUTE_ELP/sigma[92]_i_1 into driver instance SoC_i/axi_wrapper_0/inst/DUT/DUT/DECAP_MODULE/DECRYPT/DECODE/RS_DECOD/COMPUTE_ELP/sigma[92]_i_2, which resulted in an inversion of 2 pins
INFO: [Opt 31-1287] Pulled Inverter SoC_i/axi_wrapper_0/inst/DUT/DUT/DECAP_MODULE/DECRYPT/DECODE/RS_DECOD/COMPUTE_ELP/sigma[93]_i_1 into driver instance SoC_i/axi_wrapper_0/inst/DUT/DUT/DECAP_MODULE/DECRYPT/DECODE/RS_DECOD/COMPUTE_ELP/sigma[93]_i_2, which resulted in an inversion of 2 pins
INFO: [Opt 31-1287] Pulled Inverter SoC_i/axi_wrapper_0/inst/DUT/DUT/DECAP_MODULE/DECRYPT/DECODE/RS_DECOD/COMPUTE_ELP/sigma[94]_i_1 into driver instance SoC_i/axi_wrapper_0/inst/DUT/DUT/DECAP_MODULE/DECRYPT/DECODE/RS_DECOD/COMPUTE_ELP/sigma[94]_i_2, which resulted in an inversion of 2 pins
INFO: [Opt 31-1287] Pulled Inverter SoC_i/axi_wrapper_0/inst/DUT/DUT/DECAP_MODULE/DECRYPT/DECODE/RS_DECOD/COMPUTE_ELP/sigma[95]_i_1 into driver instance SoC_i/axi_wrapper_0/inst/DUT/DUT/DECAP_MODULE/DECRYPT/DECODE/RS_DECOD/COMPUTE_ELP/sigma[95]_i_2, which resulted in an inversion of 2 pins
INFO: [Opt 31-1287] Pulled Inverter SoC_i/axi_wrapper_0/inst/DUT/DUT/DECAP_MODULE/DECRYPT/DECODE/RS_DECOD/COMPUTE_ELP/sigma[97]_i_1 into driver instance SoC_i/axi_wrapper_0/inst/DUT/DUT/DECAP_MODULE/DECRYPT/DECODE/RS_DECOD/COMPUTE_ELP/sigma[97]_i_2, which resulted in an inversion of 2 pins
INFO: [Opt 31-1287] Pulled Inverter SoC_i/axi_wrapper_0/inst/DUT/DUT/DECAP_MODULE/DECRYPT/DECODE/RS_DECOD/COMPUTE_ELP/sigma[98]_i_1 into driver instance SoC_i/axi_wrapper_0/inst/DUT/DUT/DECAP_MODULE/DECRYPT/DECODE/RS_DECOD/COMPUTE_ELP/sigma[98]_i_2, which resulted in an inversion of 2 pins
INFO: [Opt 31-1287] Pulled Inverter SoC_i/axi_wrapper_0/inst/DUT/DUT/DECAP_MODULE/DECRYPT/DECODE/RS_DECOD/COMPUTE_ELP/sigma[9]_i_1 into driver instance SoC_i/axi_wrapper_0/inst/DUT/DUT/DECAP_MODULE/DECRYPT/DECODE/RS_DECOD/COMPUTE_ELP/sigma[9]_i_2, which resulted in an inversion of 2 pins
INFO: [Opt 31-1287] Pulled Inverter SoC_i/ps8_0_axi_periph/s00_couplers/auto_ds/inst/gen_downsizer.gen_simple_downsizer.axi_downsizer_inst/USE_WRITE.USE_SPLIT.write_resp_inst/first_mi_word_i_2 into driver instance SoC_i/ps8_0_axi_periph/s00_couplers/auto_ds/inst/gen_downsizer.gen_simple_downsizer.axi_downsizer_inst/USE_WRITE.USE_SPLIT.write_resp_inst/s_axi_bvalid_INST_0_i_1, which resulted in an inversion of 5 pins
INFO: [Opt 31-1287] Pulled Inverter SoC_i/ps8_0_axi_periph/s00_couplers/auto_pc/inst/gen_axilite.gen_b2s_conv.axilite_b2s/RD.ar_channel_0/ar_cmd_fsm_0/axaddr_offset_r[0]_i_1__0 into driver instance SoC_i/ps8_0_axi_periph/s00_couplers/auto_pc/inst/gen_axilite.gen_b2s_conv.axilite_b2s/RD.ar_channel_0/ar_cmd_fsm_0/axaddr_offset_r[0]_i_2__0, which resulted in an inversion of 9 pins
INFO: [Opt 31-1287] Pulled Inverter SoC_i/ps8_0_axi_periph/s00_couplers/auto_pc/inst/gen_axilite.gen_b2s_conv.axilite_b2s/WR.aw_channel_0/aw_cmd_fsm_0/axaddr_offset_r[0]_i_1 into driver instance SoC_i/ps8_0_axi_periph/s00_couplers/auto_pc/inst/gen_axilite.gen_b2s_conv.axilite_b2s/WR.aw_channel_0/aw_cmd_fsm_0/axaddr_offset_r[0]_i_2, which resulted in an inversion of 9 pins
INFO: [Opt 31-1287] Pulled Inverter SoC_i/ps8_0_axi_periph/s01_couplers/auto_ds/inst/gen_downsizer.gen_simple_downsizer.axi_downsizer_inst/USE_WRITE.USE_SPLIT.write_resp_inst/first_mi_word_i_2 into driver instance SoC_i/ps8_0_axi_periph/s01_couplers/auto_ds/inst/gen_downsizer.gen_simple_downsizer.axi_downsizer_inst/USE_WRITE.USE_SPLIT.write_resp_inst/s_axi_bvalid_INST_0_i_1, which resulted in an inversion of 5 pins
INFO: [Opt 31-1287] Pulled Inverter SoC_i/ps8_0_axi_periph/s01_couplers/auto_pc/inst/gen_axilite.gen_b2s_conv.axilite_b2s/RD.ar_channel_0/ar_cmd_fsm_0/axaddr_offset_r[0]_i_1__0 into driver instance SoC_i/ps8_0_axi_periph/s01_couplers/auto_pc/inst/gen_axilite.gen_b2s_conv.axilite_b2s/RD.ar_channel_0/ar_cmd_fsm_0/axaddr_offset_r[0]_i_2__0, which resulted in an inversion of 9 pins
INFO: [Opt 31-1287] Pulled Inverter SoC_i/ps8_0_axi_periph/s01_couplers/auto_pc/inst/gen_axilite.gen_b2s_conv.axilite_b2s/WR.aw_channel_0/aw_cmd_fsm_0/axaddr_offset_r[0]_i_1 into driver instance SoC_i/ps8_0_axi_periph/s01_couplers/auto_pc/inst/gen_axilite.gen_b2s_conv.axilite_b2s/WR.aw_channel_0/aw_cmd_fsm_0/axaddr_offset_r[0]_i_2, which resulted in an inversion of 9 pins
INFO: [Opt 31-1287] Pulled Inverter SoC_i/system_ila_0/inst/ila_lib/inst/ila_core_inst/xsdb_memory_read_inst/current_state[0]_i_1 into driver instance SoC_i/system_ila_0/inst/ila_lib/inst/ila_core_inst/xsdb_memory_read_inst/read_addr[9]_i_4, which resulted in an inversion of 13 pins
INFO: [Opt 31-138] Pushed 16 inverter(s) to 997 load pin(s).
INFO: [Opt 31-422] The CLOCK_DOMAINS attribute on the BRAM cell SoC_i/system_ila_0/inst/ila_lib/inst/ila_core_inst/ila_trace_memory_inst/SUBCORE_RAM_BLK_MEM_1.trace_block_memory/inst_blk_mem_gen/gnbram.gnativebmg.native_blk_mem_gen/valid.cstr/ramloop[0].ram.r/prim_noinit.ram/DEVICE_8SERIES.NO_BMM_INFO.SDP.SIMPLE_PRIM36.ram has been changed from INDEPENDENT to COMMON to match the clocking topology used for the BRAM.
INFO: [Opt 31-422] The CLOCK_DOMAINS attribute on the BRAM cell SoC_i/system_ila_0/inst/ila_lib/inst/ila_core_inst/ila_trace_memory_inst/SUBCORE_RAM_BLK_MEM_1.trace_block_memory/inst_blk_mem_gen/gnbram.gnativebmg.native_blk_mem_gen/valid.cstr/ramloop[1].ram.r/prim_noinit.ram/DEVICE_8SERIES.NO_BMM_INFO.SDP.SIMPLE_PRIM36.ram has been changed from INDEPENDENT to COMMON to match the clocking topology used for the BRAM.
INFO: [Opt 31-422] The CLOCK_DOMAINS attribute on the BRAM cell SoC_i/system_ila_0/inst/ila_lib/inst/ila_core_inst/ila_trace_memory_inst/SUBCORE_RAM_BLK_MEM_1.trace_block_memory/inst_blk_mem_gen/gnbram.gnativebmg.native_blk_mem_gen/valid.cstr/ramloop[2].ram.r/prim_noinit.ram/DEVICE_8SERIES.NO_BMM_INFO.SDP.SIMPLE_PRIM36.ram has been changed from INDEPENDENT to COMMON to match the clocking topology used for the BRAM.
INFO: [Opt 31-49] Retargeted 0 cell(s).
Phase 2 Retarget | Checksum: 157ca18c6

Time (s): cpu = 00:00:06 ; elapsed = 00:01:22 . Memory (MB): peak = 2481.504 ; gain = 20.906
INFO: [Opt 31-389] Phase Retarget created 8 cells and removed 375 cells
INFO: [Opt 31-1021] In phase Retarget, 123 netlist objects are constrained preventing optimization. Please run opt_design with -debug_log to get more detail. 

Phase 3 Constant propagation
INFO: [Opt 31-138] Pushed 0 inverter(s) to 0 load pin(s).
Phase 3 Constant propagation | Checksum: d45e67d7

Time (s): cpu = 00:00:06 ; elapsed = 00:01:22 . Memory (MB): peak = 2481.504 ; gain = 20.906
INFO: [Opt 31-389] Phase Constant propagation created 136 cells and removed 307 cells
INFO: [Opt 31-1021] In phase Constant propagation, 107 netlist objects are constrained preventing optimization. Please run opt_design with -debug_log to get more detail. 

Phase 4 Sweep
Phase 4 Sweep | Checksum: be00284f

Time (s): cpu = 00:00:07 ; elapsed = 00:01:22 . Memory (MB): peak = 2481.504 ; gain = 20.906
INFO: [Opt 31-389] Phase Sweep created 0 cells and removed 3556 cells
INFO: [Opt 31-1021] In phase Sweep, 1324 netlist objects are constrained preventing optimization. Please run opt_design with -debug_log to get more detail. 

Phase 5 BUFG optimization
INFO: [Opt 31-1077] Phase BUFG optimization inserted 0 global clock buffer(s) for CLOCK_LOW_FANOUT.
Phase 5 BUFG optimization | Checksum: be00284f

Time (s): cpu = 00:00:07 ; elapsed = 00:01:23 . Memory (MB): peak = 2481.504 ; gain = 20.906
INFO: [Opt 31-662] Phase BUFG optimization created 0 cells of which 0 are BUFGs and removed 0 cells.

Phase 6 Shift Register Optimization
INFO: [Opt 31-1064] SRL Remap converted 0 SRLs to 0 registers and converted 0 registers of register chains to 0 SRLs
Phase 6 Shift Register Optimization | Checksum: be00284f

Time (s): cpu = 00:00:07 ; elapsed = 00:01:23 . Memory (MB): peak = 2481.504 ; gain = 20.906
INFO: [Opt 31-389] Phase Shift Register Optimization created 0 cells and removed 0 cells

Phase 7 Post Processing Netlist
Phase 7 Post Processing Netlist | Checksum: 14d701f84

Time (s): cpu = 00:00:07 ; elapsed = 00:01:23 . Memory (MB): peak = 2481.504 ; gain = 20.906
INFO: [Opt 31-389] Phase Post Processing Netlist created 0 cells and removed 0 cells
INFO: [Opt 31-1021] In phase Post Processing Netlist, 127 netlist objects are constrained preventing optimization. Please run opt_design with -debug_log to get more detail. 
Opt_design Change Summary
=========================


-------------------------------------------------------------------------------------------------------------------------
|  Phase                        |  #Cells created  |  #Cells Removed  |  #Constrained objects preventing optimizations  |
-------------------------------------------------------------------------------------------------------------------------
|  Retarget                     |               8  |             375  |                                            123  |
|  Constant propagation         |             136  |             307  |                                            107  |
|  Sweep                        |               0  |            3556  |                                           1324  |
|  BUFG optimization            |               0  |               0  |                                              0  |
|  Shift Register Optimization  |               0  |               0  |                                              0  |
|  Post Processing Netlist      |               0  |               0  |                                            127  |
-------------------------------------------------------------------------------------------------------------------------



Starting Connectivity Check Task

Time (s): cpu = 00:00:00 ; elapsed = 00:00:00.061 . Memory (MB): peak = 2481.504 ; gain = 0.000
Ending Logic Optimization Task | Checksum: 195512d0e

Time (s): cpu = 00:00:08 ; elapsed = 00:01:23 . Memory (MB): peak = 2481.504 ; gain = 20.906

Starting Power Optimization Task
INFO: [Pwropt 34-132] Skipping clock gating for clocks with a period < 2.00 ns.
INFO: [Pwropt 34-9] Applying IDT optimizations ...
INFO: [Pwropt 34-10] Applying ODC optimizations ...
INFO: [Timing 38-35] Done setting XDC timing constraints.
Running Vector-less Activity Propagation...

Finished Running Vector-less Activity Propagation


Starting PowerOpt Patch Enables Task
INFO: [Pwropt 34-162] WRITE_MODE attribute of 0 BRAM(s) out of a total of 79 has been updated to save power. Run report_power_opt to get a complete listing of the BRAMs updated.
INFO: [Pwropt 34-201] Structural ODC has moved 4 WE to EN ports
Number of BRAM Ports augmented: 5 newly gated: 26 Total Ports: 158
Ending PowerOpt Patch Enables Task | Checksum: 1be3f0ff8

Time (s): cpu = 00:00:00 ; elapsed = 00:00:00.378 . Memory (MB): peak = 3397.652 ; gain = 0.000
Ending Power Optimization Task | Checksum: 1be3f0ff8

Time (s): cpu = 00:00:22 ; elapsed = 00:00:14 . Memory (MB): peak = 3397.652 ; gain = 916.148

Starting Final Cleanup Task

Starting Logic Optimization Task
INFO: [Timing 38-35] Done setting XDC timing constraints.
Ending Logic Optimization Task | Checksum: ef558549

Time (s): cpu = 00:00:03 ; elapsed = 00:00:02 . Memory (MB): peak = 3397.652 ; gain = 0.000
Ending Final Cleanup Task | Checksum: ef558549

Time (s): cpu = 00:00:05 ; elapsed = 00:00:04 . Memory (MB): peak = 3397.652 ; gain = 0.000

Starting Netlist Obfuscation Task
Netlist sorting complete. Time (s): cpu = 00:00:00 ; elapsed = 00:00:00.008 . Memory (MB): peak = 3397.652 ; gain = 0.000
Ending Netlist Obfuscation Task | Checksum: ef558549

Time (s): cpu = 00:00:00 ; elapsed = 00:00:00.011 . Memory (MB): peak = 3397.652 ; gain = 0.000
INFO: [Common 17-83] Releasing license: Implementation
114 Infos, 1 Warnings, 0 Critical Warnings and 0 Errors encountered.
opt_design completed successfully
opt_design: Time (s): cpu = 00:00:41 ; elapsed = 00:01:48 . Memory (MB): peak = 3397.652 ; gain = 1626.863
INFO: [Timing 38-35] Done setting XDC timing constraints.
INFO: [Timing 38-480] Writing timing data to binary archive.
INFO: [Common 17-1381] The checkpoint 'D:/University/251/DA/wrapper/wrapper.runs/impl_1/SoC_wrapper_opt.dcp' has been generated.
write_checkpoint: Time (s): cpu = 00:00:07 ; elapsed = 00:00:06 . Memory (MB): peak = 3397.652 ; gain = 0.000
INFO: [runtcl-4] Executing : report_drc -file SoC_wrapper_drc_opted.rpt -pb SoC_wrapper_drc_opted.pb -rpx SoC_wrapper_drc_opted.rpx
Command: report_drc -file SoC_wrapper_drc_opted.rpt -pb SoC_wrapper_drc_opted.pb -rpx SoC_wrapper_drc_opted.rpx
INFO: [IP_Flow 19-1839] IP Catalog is up to date.
INFO: [DRC 23-27] Running DRC with 2 threads
INFO: [Vivado_Tcl 2-168] The results of DRC are in file D:/University/251/DA/wrapper/wrapper.runs/impl_1/SoC_wrapper_drc_opted.rpt.
report_drc completed successfully
report_drc: Time (s): cpu = 00:00:20 ; elapsed = 00:00:19 . Memory (MB): peak = 4138.480 ; gain = 740.828
INFO: [Chipscope 16-240] Debug cores have already been implemented
Command: place_design
Attempting to get a license for feature 'Implementation' and/or device 'xck26'
INFO: [Common 17-349] Got license for feature 'Implementation' and/or device 'xck26'
INFO: [DRC 23-27] Running DRC with 2 threads
INFO: [Vivado_Tcl 4-198] DRC finished with 0 Errors
INFO: [Vivado_Tcl 4-199] Please refer to the DRC report (report_drc) for more information.
Running DRC as a precondition to command place_design
INFO: [DRC 23-27] Running DRC with 2 threads
INFO: [Vivado_Tcl 4-198] DRC finished with 0 Errors
INFO: [Vivado_Tcl 4-199] Please refer to the DRC report (report_drc) for more information.

Starting Placer Task
INFO: [Place 30-611] Multithreading enabled for place_design using a maximum of 2 CPUs

Phase 1 Placer Initialization

Phase 1.1 Placer Initialization Netlist Sorting
Netlist sorting complete. Time (s): cpu = 00:00:00 ; elapsed = 00:00:00.010 . Memory (MB): peak = 4138.480 ; gain = 0.000
Phase 1.1 Placer Initialization Netlist Sorting | Checksum: 9e4db9f6

Time (s): cpu = 00:00:00 ; elapsed = 00:00:00.028 . Memory (MB): peak = 4138.480 ; gain = 0.000
Netlist sorting complete. Time (s): cpu = 00:00:00 ; elapsed = 00:00:00.010 . Memory (MB): peak = 4138.480 ; gain = 0.000

Phase 1.2 IO Placement/ Clock Placement/ Build Placer Device
Phase 1.2 IO Placement/ Clock Placement/ Build Placer Device | Checksum: f1c4fd06

Time (s): cpu = 00:00:02 ; elapsed = 00:00:02 . Memory (MB): peak = 4138.480 ; gain = 0.000

Phase 1.3 Build Placer Netlist Model
Phase 1.3 Build Placer Netlist Model | Checksum: 1c36a0e2f

Time (s): cpu = 00:00:10 ; elapsed = 00:00:08 . Memory (MB): peak = 4138.480 ; gain = 0.000

Phase 1.4 Constrain Clocks/Macros
Phase 1.4 Constrain Clocks/Macros | Checksum: 1c36a0e2f

Time (s): cpu = 00:00:10 ; elapsed = 00:00:08 . Memory (MB): peak = 4138.480 ; gain = 0.000
Phase 1 Placer Initialization | Checksum: 1c36a0e2f

Time (s): cpu = 00:00:10 ; elapsed = 00:00:08 . Memory (MB): peak = 4138.480 ; gain = 0.000

Phase 2 Global Placement

Phase 2.1 Floorplanning

Phase 2.1.1 Partition Driven Placement

Phase 2.1.1.1 PBP: Partition Driven Placement
Phase 2.1.1.1 PBP: Partition Driven Placement | Checksum: 15eff3750

Time (s): cpu = 00:00:32 ; elapsed = 00:00:21 . Memory (MB): peak = 4138.480 ; gain = 0.000

Phase 2.1.1.2 PBP: Clock Region Placement
Phase 2.1.1.2 PBP: Clock Region Placement | Checksum: 103a6eb57

Time (s): cpu = 00:00:32 ; elapsed = 00:00:22 . Memory (MB): peak = 4138.480 ; gain = 0.000

Phase 2.1.1.3 PBP: Compute Congestion
Phase 2.1.1.3 PBP: Compute Congestion | Checksum: 103a6eb57

Time (s): cpu = 00:00:33 ; elapsed = 00:00:22 . Memory (MB): peak = 4138.480 ; gain = 0.000

Phase 2.1.1.4 PBP: UpdateTiming
Phase 2.1.1.4 PBP: UpdateTiming | Checksum: 1bb8ec837

Time (s): cpu = 00:00:34 ; elapsed = 00:00:23 . Memory (MB): peak = 4138.480 ; gain = 0.000

Phase 2.1.1.5 PBP: Add part constraints
Phase 2.1.1.5 PBP: Add part constraints | Checksum: 1bb8ec837

Time (s): cpu = 00:00:34 ; elapsed = 00:00:23 . Memory (MB): peak = 4138.480 ; gain = 0.000
Phase 2.1.1 Partition Driven Placement | Checksum: 1bb8ec837

Time (s): cpu = 00:00:34 ; elapsed = 00:00:23 . Memory (MB): peak = 4138.480 ; gain = 0.000
Phase 2.1 Floorplanning | Checksum: 16c3f030a

Time (s): cpu = 00:00:34 ; elapsed = 00:00:23 . Memory (MB): peak = 4138.480 ; gain = 0.000

Phase 2.2 Update Timing before SLR Path Opt
Phase 2.2 Update Timing before SLR Path Opt | Checksum: 16c3f030a

Time (s): cpu = 00:00:34 ; elapsed = 00:00:23 . Memory (MB): peak = 4138.480 ; gain = 0.000

Phase 2.3 Post-Processing in Floorplanning
Phase 2.3 Post-Processing in Floorplanning | Checksum: 16c3f030a

Time (s): cpu = 00:00:35 ; elapsed = 00:00:24 . Memory (MB): peak = 4138.480 ; gain = 0.000

Phase 2.4 Global Placement Core

Phase 2.4.1 UpdateTiming Before Physical Synthesis
Phase 2.4.1 UpdateTiming Before Physical Synthesis | Checksum: 177d56da7

Time (s): cpu = 00:01:03 ; elapsed = 00:00:41 . Memory (MB): peak = 4138.480 ; gain = 0.000

Phase 2.4.2 Physical Synthesis In Placer
INFO: [Physopt 32-1035] Found 0 LUTNM shape to break, 1683 LUT instances to create LUTNM shape
INFO: [Physopt 32-1044] Break lutnm for timing: one critical 0, two critical 0, total 0, new lutff created 0
INFO: [Physopt 32-1138] End 1 Pass. Optimized 713 nets or LUTs. Breaked 0 LUT, combined 713 existing LUTs and moved 0 existing LUT
INFO: [Physopt 32-1030] Pass 1. Identified 32 candidate driver sets for equivalent driver rewiring.
INFO: [Physopt 32-661] Optimized 24 nets.  Re-placed 173 instances.
INFO: [Physopt 32-775] End 1 Pass. Optimized 24 nets or cells. Created 0 new cell, deleted 6 existing cells and moved 173 existing cells
Netlist sorting complete. Time (s): cpu = 00:00:00 ; elapsed = 00:00:00.103 . Memory (MB): peak = 4138.480 ; gain = 0.000
INFO: [Physopt 32-65] No nets found for high-fanout optimization.
INFO: [Physopt 32-232] Optimized 0 net. Created 0 new instance.
INFO: [Physopt 32-775] End 1 Pass. Optimized 0 net or cell. Created 0 new cell, deleted 0 existing cell and moved 0 existing cell
INFO: [Physopt 32-670] No setup violation found.  DSP Register Optimization was not performed.
INFO: [Physopt 32-670] No setup violation found.  Shift Register to Pipeline Optimization was not performed.
INFO: [Physopt 32-670] No setup violation found.  Shift Register Optimization was not performed.
INFO: [Physopt 32-670] No setup violation found.  BRAM Register Optimization was not performed.
INFO: [Physopt 32-670] No setup violation found.  URAM Register Optimization was not performed.
INFO: [Physopt 32-949] No candidate nets found for dynamic/static region interface net replication
INFO: [Physopt 32-775] End 1 Pass. Optimized 0 net or cell. Created 0 new cell, deleted 0 existing cell and moved 0 existing cell
Netlist sorting complete. Time (s): cpu = 00:00:00 ; elapsed = 00:00:00.010 . Memory (MB): peak = 4138.480 ; gain = 0.000

Summary of Physical Synthesis Optimizations
============================================


-----------------------------------------------------------------------------------------------------------------------------------------------------------
|  Optimization                                     |  Added Cells  |  Removed Cells  |  Optimized Cells/Nets  |  Dont Touch  |  Iterations  |  Elapsed   |
-----------------------------------------------------------------------------------------------------------------------------------------------------------
|  LUT Combining                                    |            0  |            713  |                   713  |           0  |           1  |  00:00:01  |
|  Retime                                           |            0  |              0  |                     0  |           0  |           1  |  00:00:00  |
|  Equivalent Driver Rewiring                       |            0  |              6  |                    24  |           0  |           1  |  00:00:02  |
|  Very High Fanout                                 |            0  |              0  |                     0  |           0  |           1  |  00:00:00  |
|  DSP Register                                     |            0  |              0  |                     0  |           0  |           0  |  00:00:00  |
|  Shift Register to Pipeline                       |            0  |              0  |                     0  |           0  |           0  |  00:00:00  |
|  Shift Register                                   |            0  |              0  |                     0  |           0  |           0  |  00:00:00  |
|  BRAM Register                                    |            0  |              0  |                     0  |           0  |           0  |  00:00:00  |
|  URAM Register                                    |            0  |              0  |                     0  |           0  |           0  |  00:00:00  |
|  Dynamic/Static Region Interface Net Replication  |            0  |              0  |                     0  |           0  |           1  |  00:00:00  |
|  Total                                            |            0  |            719  |                   737  |           0  |           5  |  00:00:03  |
-----------------------------------------------------------------------------------------------------------------------------------------------------------


Phase 2.4.2 Physical Synthesis In Placer | Checksum: 1b48e893f

Time (s): cpu = 00:01:08 ; elapsed = 00:00:46 . Memory (MB): peak = 4138.480 ; gain = 0.000
Phase 2.4 Global Placement Core | Checksum: 1715b93e8

Time (s): cpu = 00:01:10 ; elapsed = 00:00:47 . Memory (MB): peak = 4138.480 ; gain = 0.000
Phase 2 Global Placement | Checksum: 1715b93e8

Time (s): cpu = 00:01:10 ; elapsed = 00:00:47 . Memory (MB): peak = 4138.480 ; gain = 0.000

Phase 3 Detail Placement

Phase 3.1 Commit Multi Column Macros
Phase 3.1 Commit Multi Column Macros | Checksum: 1aac8de6d

Time (s): cpu = 00:01:12 ; elapsed = 00:00:49 . Memory (MB): peak = 4138.480 ; gain = 0.000

Phase 3.2 Commit Most Macros & LUTRAMs
Phase 3.2 Commit Most Macros & LUTRAMs | Checksum: 20e61915a

Time (s): cpu = 00:01:14 ; elapsed = 00:00:50 . Memory (MB): peak = 4138.480 ; gain = 0.000

Phase 3.3 Small Shape DP

Phase 3.3.1 Small Shape Clustering
Phase 3.3.1 Small Shape Clustering | Checksum: 16178be68

Time (s): cpu = 00:01:16 ; elapsed = 00:00:52 . Memory (MB): peak = 4138.480 ; gain = 0.000

Phase 3.3.2 Flow Legalize Slice Clusters
Phase 3.3.2 Flow Legalize Slice Clusters | Checksum: 1c94846d4

Time (s): cpu = 00:01:17 ; elapsed = 00:00:52 . Memory (MB): peak = 4138.480 ; gain = 0.000

Phase 3.3.3 Slice Area Swap

Phase 3.3.3.1 Slice Area Swap Initial
Phase 3.3.3.1 Slice Area Swap Initial | Checksum: 1ecc25d50

Time (s): cpu = 00:01:19 ; elapsed = 00:00:55 . Memory (MB): peak = 4138.480 ; gain = 0.000
Phase 3.3.3 Slice Area Swap | Checksum: 1ecc25d50

Time (s): cpu = 00:01:19 ; elapsed = 00:00:55 . Memory (MB): peak = 4138.480 ; gain = 0.000
Phase 3.3 Small Shape DP | Checksum: 1d88ba588

Time (s): cpu = 00:01:26 ; elapsed = 00:00:59 . Memory (MB): peak = 4138.480 ; gain = 0.000

Phase 3.4 Re-assign LUT pins
Phase 3.4 Re-assign LUT pins | Checksum: 1f1182bee

Time (s): cpu = 00:01:28 ; elapsed = 00:01:02 . Memory (MB): peak = 4138.480 ; gain = 0.000

Phase 3.5 Pipeline Register Optimization
Phase 3.5 Pipeline Register Optimization | Checksum: 165c55fd5

Time (s): cpu = 00:01:28 ; elapsed = 00:01:02 . Memory (MB): peak = 4138.480 ; gain = 0.000
Phase 3 Detail Placement | Checksum: 165c55fd5

Time (s): cpu = 00:01:29 ; elapsed = 00:01:02 . Memory (MB): peak = 4138.480 ; gain = 0.000

Phase 4 Post Placement Optimization and Clean-Up

Phase 4.1 Post Commit Optimization
INFO: [Timing 38-35] Done setting XDC timing constraints.

Phase 4.1.1 Post Placement Optimization
Post Placement Optimization Initialization | Checksum: 167e736e2

Phase 4.1.1.1 BUFG Insertion

Starting Physical Synthesis Task

Phase 1 Physical Synthesis Initialization
INFO: [Physopt 32-721] Multithreading enabled for phys_opt_design using a maximum of 2 CPUs
INFO: [Physopt 32-619] Estimated Timing Summary | WNS=2.639 | TNS=0.000 |
Phase 1 Physical Synthesis Initialization | Checksum: 1328b9894

Time (s): cpu = 00:00:01 ; elapsed = 00:00:00.712 . Memory (MB): peak = 4138.480 ; gain = 0.000
INFO: [Place 46-35] Processed net SoC_i/axi_wrapper_0/inst/axi_wrapper_slave_lite_v1_0_S00_AXI_inst/Q[0], inserted BUFG to drive 2420 loads.
INFO: [Place 46-45] Replicated bufg driver SoC_i/axi_wrapper_0/inst/axi_wrapper_slave_lite_v1_0_S00_AXI_inst/slv_reg0_reg[0]_replica
INFO: [Place 46-56] BUFG insertion identified 1 candidate nets. Inserted BUFG: 1, Replicated BUFG Driver: 1, Skipped due to Placement/Routing Conflicts: 0, Skipped due to Timing Degradation: 0, Skipped due to Illegal Netlist: 0.
Ending Physical Synthesis Task | Checksum: 1306e6918

Time (s): cpu = 00:00:03 ; elapsed = 00:00:03 . Memory (MB): peak = 4138.480 ; gain = 0.000
Phase 4.1.1.1 BUFG Insertion | Checksum: 1493504f2

Time (s): cpu = 00:01:43 ; elapsed = 00:01:13 . Memory (MB): peak = 4138.480 ; gain = 0.000

Phase 4.1.1.2 Post Placement Timing Optimization
INFO: [Place 30-746] Post Placement Timing Summary WNS=2.639. For the most accurate timing information please run report_timing.
Phase 4.1.1.2 Post Placement Timing Optimization | Checksum: 181546f2b

Time (s): cpu = 00:01:43 ; elapsed = 00:01:13 . Memory (MB): peak = 4138.480 ; gain = 0.000

Time (s): cpu = 00:01:43 ; elapsed = 00:01:13 . Memory (MB): peak = 4138.480 ; gain = 0.000
Phase 4.1 Post Commit Optimization | Checksum: 181546f2b

Time (s): cpu = 00:01:43 ; elapsed = 00:01:13 . Memory (MB): peak = 4138.480 ; gain = 0.000
Netlist sorting complete. Time (s): cpu = 00:00:00 ; elapsed = 00:00:00.164 . Memory (MB): peak = 4138.480 ; gain = 0.000

Phase 4.2 Post Placement Cleanup
Phase 4.2 Post Placement Cleanup | Checksum: 1b84c6348

Time (s): cpu = 00:01:46 ; elapsed = 00:01:16 . Memory (MB): peak = 4138.480 ; gain = 0.000

Phase 4.3 Placer Reporting

Phase 4.3.1 Print Estimated Congestion
INFO: [Place 30-612] Post-Placement Estimated Congestion 
 ________________________________________________________________________
|           | Global Congestion | Long Congestion   | Short Congestion  |
| Direction | Region Size       | Region Size       | Region Size       |
|___________|___________________|___________________|___________________|
|      North|                1x1|                2x2|                2x2|
|___________|___________________|___________________|___________________|
|      South|                1x1|                4x4|                4x4|
|___________|___________________|___________________|___________________|
|       East|                1x1|                1x1|                2x2|
|___________|___________________|___________________|___________________|
|       West|                1x1|                1x1|                4x4|
|___________|___________________|___________________|___________________|

Phase 4.3.1 Print Estimated Congestion | Checksum: 1b84c6348

Time (s): cpu = 00:01:46 ; elapsed = 00:01:16 . Memory (MB): peak = 4138.480 ; gain = 0.000
Phase 4.3 Placer Reporting | Checksum: 1b84c6348

Time (s): cpu = 00:01:46 ; elapsed = 00:01:16 . Memory (MB): peak = 4138.480 ; gain = 0.000

Phase 4.4 Final Placement Cleanup
Netlist sorting complete. Time (s): cpu = 00:00:00 ; elapsed = 00:00:00.009 . Memory (MB): peak = 4138.480 ; gain = 0.000

Time (s): cpu = 00:01:46 ; elapsed = 00:01:16 . Memory (MB): peak = 4138.480 ; gain = 0.000
Phase 4 Post Placement Optimization and Clean-Up | Checksum: 1a0d97bd9

Time (s): cpu = 00:01:46 ; elapsed = 00:01:16 . Memory (MB): peak = 4138.480 ; gain = 0.000
Ending Placer Task | Checksum: 14866b2c3

Time (s): cpu = 00:01:46 ; elapsed = 00:01:16 . Memory (MB): peak = 4138.480 ; gain = 0.000
INFO: [Common 17-83] Releasing license: Implementation
155 Infos, 1 Warnings, 0 Critical Warnings and 0 Errors encountered.
place_design completed successfully
place_design: Time (s): cpu = 00:01:49 ; elapsed = 00:01:18 . Memory (MB): peak = 4138.480 ; gain = 0.000
INFO: [Timing 38-480] Writing timing data to binary archive.
Writing XDEF routing.
Writing XDEF routing logical nets.
Writing XDEF routing special nets.
Write XDEF Complete: Time (s): cpu = 00:00:09 ; elapsed = 00:00:03 . Memory (MB): peak = 4138.480 ; gain = 0.000
INFO: [Common 17-1381] The checkpoint 'D:/University/251/DA/wrapper/wrapper.runs/impl_1/SoC_wrapper_placed.dcp' has been generated.
write_checkpoint: Time (s): cpu = 00:00:13 ; elapsed = 00:00:09 . Memory (MB): peak = 4138.480 ; gain = 0.000
INFO: [runtcl-4] Executing : report_io -file SoC_wrapper_io_placed.rpt
report_io: Time (s): cpu = 00:00:00 ; elapsed = 00:00:00.083 . Memory (MB): peak = 4138.480 ; gain = 0.000
INFO: [runtcl-4] Executing : report_utilization -file SoC_wrapper_utilization_placed.rpt -pb SoC_wrapper_utilization_placed.pb
INFO: [runtcl-4] Executing : report_control_sets -verbose -file SoC_wrapper_control_sets_placed.rpt
report_control_sets: Time (s): cpu = 00:00:00 ; elapsed = 00:00:00.069 . Memory (MB): peak = 4138.480 ; gain = 0.000
Command: phys_opt_design
Attempting to get a license for feature 'Implementation' and/or device 'xck26'
INFO: [Common 17-349] Got license for feature 'Implementation' and/or device 'xck26'

Starting Initial Update Timing Task

Time (s): cpu = 00:00:09 ; elapsed = 00:00:05 . Memory (MB): peak = 4138.480 ; gain = 0.000
INFO: [Vivado_Tcl 4-383] Design worst setup slack (WNS) is greater than or equal to 0.000 ns. Skipping all physical synthesis optimizations.
INFO: [Vivado_Tcl 4-232] No setup violation found. The netlist was not modified.
INFO: [Common 17-83] Releasing license: Implementation
164 Infos, 1 Warnings, 0 Critical Warnings and 0 Errors encountered.
phys_opt_design completed successfully
phys_opt_design: Time (s): cpu = 00:00:09 ; elapsed = 00:00:05 . Memory (MB): peak = 4138.480 ; gain = 0.000
INFO: [Timing 38-480] Writing timing data to binary archive.
Writing XDEF routing.
Writing XDEF routing logical nets.
Writing XDEF routing special nets.
Write XDEF Complete: Time (s): cpu = 00:00:08 ; elapsed = 00:00:03 . Memory (MB): peak = 4138.480 ; gain = 0.000
INFO: [Common 17-1381] The checkpoint 'D:/University/251/DA/wrapper/wrapper.runs/impl_1/SoC_wrapper_physopt.dcp' has been generated.
write_checkpoint: Time (s): cpu = 00:00:10 ; elapsed = 00:00:06 . Memory (MB): peak = 4138.480 ; gain = 0.000
Command: route_design
Attempting to get a license for feature 'Implementation' and/or device 'xck26'
INFO: [Common 17-349] Got license for feature 'Implementation' and/or device 'xck26'
Running DRC as a precondition to command route_design
INFO: [DRC 23-27] Running DRC with 2 threads
INFO: [Vivado_Tcl 4-198] DRC finished with 0 Errors
INFO: [Vivado_Tcl 4-199] Please refer to the DRC report (report_drc) for more information.


Starting Routing Task
INFO: [Route 35-254] Multithreading enabled for route_design using a maximum of 2 CPUs

Phase 1 Build RT Design
Checksum: PlaceDB: c5bb3a05 ConstDB: 0 ShapeSum: 4bb384a1 RouteDB: 36f7f41d
Nodegraph reading from file.  Time (s): cpu = 00:00:00 ; elapsed = 00:00:00.679 . Memory (MB): peak = 4138.480 ; gain = 0.000
Post Restoration Checksum: NetGraph: 29b4fb93 NumContArr: f43e8b30 Constraints: a5392054 Timing: 0
Phase 1 Build RT Design | Checksum: 1c32ca717

Time (s): cpu = 00:00:12 ; elapsed = 00:00:09 . Memory (MB): peak = 4138.480 ; gain = 0.000

Phase 2 Router Initialization

Phase 2.1 Fix Topology Constraints
Phase 2.1 Fix Topology Constraints | Checksum: 1c32ca717

Time (s): cpu = 00:00:13 ; elapsed = 00:00:09 . Memory (MB): peak = 4138.480 ; gain = 0.000

Phase 2.2 Pre Route Cleanup
Phase 2.2 Pre Route Cleanup | Checksum: 1c32ca717

Time (s): cpu = 00:00:13 ; elapsed = 00:00:09 . Memory (MB): peak = 4138.480 ; gain = 0.000

Phase 2.3 Global Clock Net Routing
 Number of Nodes with overlaps = 0
Phase 2.3 Global Clock Net Routing | Checksum: e4b7a9c1

Time (s): cpu = 00:00:15 ; elapsed = 00:00:12 . Memory (MB): peak = 4138.480 ; gain = 0.000

Phase 2.4 Update Timing
Phase 2.4 Update Timing | Checksum: 203e98b0a

Time (s): cpu = 00:00:22 ; elapsed = 00:00:16 . Memory (MB): peak = 4138.480 ; gain = 0.000
INFO: [Route 35-416] Intermediate Timing Summary | WNS=2.882  | TNS=0.000  | WHS=-0.085 | THS=-105.925|


Phase 2.5 Update Timing for Bus Skew

Phase 2.5.1 Update Timing
Phase 2.5.1 Update Timing | Checksum: 1a659346a

Time (s): cpu = 00:00:37 ; elapsed = 00:00:26 . Memory (MB): peak = 4138.480 ; gain = 0.000
INFO: [Route 35-416] Intermediate Timing Summary | WNS=2.882  | TNS=0.000  | WHS=N/A    | THS=N/A    |

Phase 2.5 Update Timing for Bus Skew | Checksum: 1ff575e5e

Time (s): cpu = 00:00:37 ; elapsed = 00:00:26 . Memory (MB): peak = 4138.480 ; gain = 0.000

Router Utilization Summary
  Global Vertical Routing Utilization    = 0.0228652 %
  Global Horizontal Routing Utilization  = 0.0222304 %
  Routable Net Status*
  *Does not include unroutable nets such as driverless and loadless.
  Run report_route_status for detailed report.
  Number of Failed Nets               = 42731
    (Failed Nets is the sum of unrouted and partially routed nets)
  Number of Unrouted Nets             = 26438
  Number of Partially Routed Nets     = 16293
  Number of Node Overlaps             = 562

Phase 2 Router Initialization | Checksum: 1bc4fce44

Time (s): cpu = 00:00:39 ; elapsed = 00:00:27 . Memory (MB): peak = 4138.480 ; gain = 0.000

Phase 3 Initial Routing

Phase 3.1 Global Routing
Phase 3.1 Global Routing | Checksum: 1bc4fce44

Time (s): cpu = 00:00:39 ; elapsed = 00:00:27 . Memory (MB): peak = 4138.480 ; gain = 0.000
Phase 3 Initial Routing | Checksum: 1f3f132f1

Time (s): cpu = 00:00:50 ; elapsed = 00:00:34 . Memory (MB): peak = 4138.480 ; gain = 0.000

Phase 4 Rip-up And Reroute

Phase 4.1 Global Iteration 0
 Number of Nodes with overlaps = 11136
 Number of Nodes with overlaps = 848
 Number of Nodes with overlaps = 32
 Number of Nodes with overlaps = 7
 Number of Nodes with overlaps = 0
INFO: [Route 35-416] Intermediate Timing Summary | WNS=2.353  | TNS=0.000  | WHS=-0.049 | THS=-0.189 |

Phase 4.1 Global Iteration 0 | Checksum: 2121cd664

Time (s): cpu = 00:01:41 ; elapsed = 00:01:07 . Memory (MB): peak = 4138.480 ; gain = 0.000

Phase 4.2 Global Iteration 1
 Number of Nodes with overlaps = 1
 Number of Nodes with overlaps = 0
INFO: [Route 35-416] Intermediate Timing Summary | WNS=2.353  | TNS=0.000  | WHS=N/A    | THS=N/A    |

Phase 4.2 Global Iteration 1 | Checksum: 2b5c3afa6

Time (s): cpu = 00:01:45 ; elapsed = 00:01:10 . Memory (MB): peak = 4138.480 ; gain = 0.000
Phase 4 Rip-up And Reroute | Checksum: 2b5c3afa6

Time (s): cpu = 00:01:45 ; elapsed = 00:01:10 . Memory (MB): peak = 4138.480 ; gain = 0.000

Phase 5 Delay and Skew Optimization

Phase 5.1 Delay CleanUp

Phase 5.1.1 Update Timing
Phase 5.1.1 Update Timing | Checksum: 1db40a32b

Time (s): cpu = 00:01:51 ; elapsed = 00:01:14 . Memory (MB): peak = 4138.480 ; gain = 0.000
INFO: [Route 35-416] Intermediate Timing Summary | WNS=2.353  | TNS=0.000  | WHS=0.010  | THS=0.000  |


Phase 5.1.2 Update Timing
Phase 5.1.2 Update Timing | Checksum: 22ae973d1

Time (s): cpu = 00:01:55 ; elapsed = 00:01:17 . Memory (MB): peak = 4138.480 ; gain = 0.000
INFO: [Route 35-416] Intermediate Timing Summary | WNS=2.353  | TNS=0.000  | WHS=0.010  | THS=0.000  |

Phase 5.1 Delay CleanUp | Checksum: 2701e2bf9

Time (s): cpu = 00:01:55 ; elapsed = 00:01:17 . Memory (MB): peak = 4138.480 ; gain = 0.000

Phase 5.2 Clock Skew Optimization
Phase 5.2 Clock Skew Optimization | Checksum: 2701e2bf9

Time (s): cpu = 00:01:55 ; elapsed = 00:01:17 . Memory (MB): peak = 4138.480 ; gain = 0.000
Phase 5 Delay and Skew Optimization | Checksum: 2701e2bf9

Time (s): cpu = 00:01:55 ; elapsed = 00:01:17 . Memory (MB): peak = 4138.480 ; gain = 0.000

Phase 6 Post Hold Fix

Phase 6.1 Hold Fix Iter

Phase 6.1.1 Update Timing
Phase 6.1.1 Update Timing | Checksum: 260143430

Time (s): cpu = 00:01:59 ; elapsed = 00:01:20 . Memory (MB): peak = 4138.480 ; gain = 0.000
INFO: [Route 35-416] Intermediate Timing Summary | WNS=2.353  | TNS=0.000  | WHS=0.010  | THS=0.000  |

Phase 6.1 Hold Fix Iter | Checksum: 265c18f14

Time (s): cpu = 00:01:59 ; elapsed = 00:01:20 . Memory (MB): peak = 4138.480 ; gain = 0.000
Phase 6 Post Hold Fix | Checksum: 265c18f14

Time (s): cpu = 00:01:59 ; elapsed = 00:01:20 . Memory (MB): peak = 4138.480 ; gain = 0.000

Phase 7 Route finalize

Router Utilization Summary
  Global Vertical Routing Utilization    = 6.47959 %
  Global Horizontal Routing Utilization  = 6.25873 %
  Routable Net Status*
  *Does not include unroutable nets such as driverless and loadless.
  Run report_route_status for detailed report.
  Number of Failed Nets               = 0
    (Failed Nets is the sum of unrouted and partially routed nets)
  Number of Unrouted Nets             = 0
  Number of Partially Routed Nets     = 0
  Number of Node Overlaps             = 0

Phase 7 Route finalize | Checksum: 1f8f6ab02

Time (s): cpu = 00:02:00 ; elapsed = 00:01:20 . Memory (MB): peak = 4138.480 ; gain = 0.000

Phase 8 Verifying routed nets

 Verification completed successfully
Phase 8 Verifying routed nets | Checksum: 1f8f6ab02

Time (s): cpu = 00:02:00 ; elapsed = 00:01:20 . Memory (MB): peak = 4138.480 ; gain = 0.000

Phase 9 Depositing Routes
Phase 9 Depositing Routes | Checksum: 1f8f6ab02

Time (s): cpu = 00:02:03 ; elapsed = 00:01:24 . Memory (MB): peak = 4138.480 ; gain = 0.000

Phase 10 Resolve XTalk
Phase 10 Resolve XTalk | Checksum: 1f8f6ab02

Time (s): cpu = 00:02:03 ; elapsed = 00:01:24 . Memory (MB): peak = 4138.480 ; gain = 0.000

Phase 11 Post Router Timing
INFO: [Route 35-57] Estimated Timing Summary | WNS=2.353  | TNS=0.000  | WHS=0.010  | THS=0.000  |

INFO: [Route 35-327] The final timing numbers are based on the router estimated timing analysis. For a complete and accurate timing signoff, please run report_timing_summary.
Phase 11 Post Router Timing | Checksum: 1f8f6ab02

Time (s): cpu = 00:02:05 ; elapsed = 00:01:25 . Memory (MB): peak = 4138.480 ; gain = 0.000
INFO: [Route 35-16] Router Completed Successfully

Time (s): cpu = 00:02:05 ; elapsed = 00:01:26 . Memory (MB): peak = 4138.480 ; gain = 0.000

Routing Is Done.
INFO: [Common 17-83] Releasing license: Implementation
182 Infos, 1 Warnings, 0 Critical Warnings and 0 Errors encountered.
route_design completed successfully
route_design: Time (s): cpu = 00:02:11 ; elapsed = 00:01:29 . Memory (MB): peak = 4138.480 ; gain = 0.000
INFO: [Timing 38-480] Writing timing data to binary archive.
Writing XDEF routing.
Writing XDEF routing logical nets.
Writing XDEF routing special nets.
Write XDEF Complete: Time (s): cpu = 00:00:08 ; elapsed = 00:00:04 . Memory (MB): peak = 4138.480 ; gain = 0.000
INFO: [Common 17-1381] The checkpoint 'D:/University/251/DA/wrapper/wrapper.runs/impl_1/SoC_wrapper_routed.dcp' has been generated.
write_checkpoint: Time (s): cpu = 00:00:14 ; elapsed = 00:00:11 . Memory (MB): peak = 4138.480 ; gain = 0.000
INFO: [runtcl-4] Executing : report_drc -file SoC_wrapper_drc_routed.rpt -pb SoC_wrapper_drc_routed.pb -rpx SoC_wrapper_drc_routed.rpx
Command: report_drc -file SoC_wrapper_drc_routed.rpt -pb SoC_wrapper_drc_routed.pb -rpx SoC_wrapper_drc_routed.rpx
INFO: [IP_Flow 19-1839] IP Catalog is up to date.
INFO: [DRC 23-27] Running DRC with 2 threads
INFO: [Vivado_Tcl 2-168] The results of DRC are in file D:/University/251/DA/wrapper/wrapper.runs/impl_1/SoC_wrapper_drc_routed.rpt.
report_drc completed successfully
report_drc: Time (s): cpu = 00:00:13 ; elapsed = 00:00:08 . Memory (MB): peak = 4138.480 ; gain = 0.000
INFO: [runtcl-4] Executing : report_methodology -file SoC_wrapper_methodology_drc_routed.rpt -pb SoC_wrapper_methodology_drc_routed.pb -rpx SoC_wrapper_methodology_drc_routed.rpx
Command: report_methodology -file SoC_wrapper_methodology_drc_routed.rpt -pb SoC_wrapper_methodology_drc_routed.pb -rpx SoC_wrapper_methodology_drc_routed.rpx
INFO: [Timing 38-35] Done setting XDC timing constraints.
INFO: [DRC 23-133] Running Methodology with 2 threads
INFO: [Vivado_Tcl 2-1520] The results of Report Methodology are in file D:/University/251/DA/wrapper/wrapper.runs/impl_1/SoC_wrapper_methodology_drc_routed.rpt.
report_methodology completed successfully
report_methodology: Time (s): cpu = 00:00:09 ; elapsed = 00:00:05 . Memory (MB): peak = 4138.480 ; gain = 0.000
INFO: [runtcl-4] Executing : report_power -file SoC_wrapper_power_routed.rpt -pb SoC_wrapper_power_summary_routed.pb -rpx SoC_wrapper_power_routed.rpx
Command: report_power -file SoC_wrapper_power_routed.rpt -pb SoC_wrapper_power_summary_routed.pb -rpx SoC_wrapper_power_routed.rpx
INFO: [Timing 38-35] Done setting XDC timing constraints.
Running Vector-less Activity Propagation...

Finished Running Vector-less Activity Propagation
WARNING: [Power 33-332] Found switching activity that implies high-fanout reset nets being asserted for excessive periods of time which may result in inaccurate power analysis.
Resolution: To review and fix problems, please run Power Constraints Advisor in the GUI from Tools > Power Constraints Advisor or run report_power with the -advisory option to generate a text report.
194 Infos, 2 Warnings, 0 Critical Warnings and 0 Errors encountered.
report_power completed successfully
report_power: Time (s): cpu = 00:00:21 ; elapsed = 00:00:15 . Memory (MB): peak = 4138.480 ; gain = 0.000
INFO: [runtcl-4] Executing : report_route_status -file SoC_wrapper_route_status.rpt -pb SoC_wrapper_route_status.pb
INFO: [runtcl-4] Executing : report_timing_summary -max_paths 10 -report_unconstrained -file SoC_wrapper_timing_summary_routed.rpt -pb SoC_wrapper_timing_summary_routed.pb -rpx SoC_wrapper_timing_summary_routed.rpx -warn_on_violation 
INFO: [Timing 38-91] UpdateTimingParams: Speed grade: -2LV, Temperature grade: C, Delay Type: min_max.
INFO: [Timing 38-191] Multithreading enabled for timing update using a maximum of 2 CPUs
WARNING: [Timing 38-436] There are set_bus_skew constraint(s) in this design. Please run report_bus_skew to ensure that bus skew requirements are met.
INFO: [runtcl-4] Executing : report_incremental_reuse -file SoC_wrapper_incremental_reuse_routed.rpt
INFO: [Vivado_Tcl 4-1062] Incremental flow is disabled. No incremental reuse Info to report.
INFO: [runtcl-4] Executing : report_clock_utilization -file SoC_wrapper_clock_utilization_routed.rpt
INFO: [runtcl-4] Executing : report_bus_skew -warn_on_violation -file SoC_wrapper_bus_skew_routed.rpt -pb SoC_wrapper_bus_skew_routed.pb -rpx SoC_wrapper_bus_skew_routed.rpx
INFO: [Timing 38-91] UpdateTimingParams: Speed grade: -2LV, Temperature grade: C, Delay Type: min_max.
INFO: [Timing 38-191] Multithreading enabled for timing update using a maximum of 2 CPUs

WARNING::74 - Unsupported FPGA device name 'xck26-sfvc784-2LV-c'. Verify that the specified device is a valid customer supported device.
-p xck26-sfvc784-2LV-c
   ^

Command: write_bitstream -force SoC_wrapper.bit
Attempting to get a license for feature 'Implementation' and/or device 'xck26'
INFO: [Common 17-349] Got license for feature 'Implementation' and/or device 'xck26'
Running DRC as a precondition to command write_bitstream
INFO: [IP_Flow 19-1839] IP Catalog is up to date.
INFO: [DRC 23-27] Running DRC with 2 threads
WARNING: [DRC PDCN-1569] LUT equation term check: Used physical LUT pin 'A1' of cell SoC_i/ps8_0_axi_periph/s00_couplers/auto_ds/inst/gen_downsizer.gen_simple_downsizer.axi_downsizer_inst/USE_READ.read_addr_inst/cmd_queue/inst/fifo_gen_inst/inst_fifo_gen/gconvfifo.rf/grf.rf/gntv_or_sync_fifo.gl0.rd/gr1.gr1_int.rfwft/gpregsm1.user_valid_i_1 (pin SoC_i/ps8_0_axi_periph/s00_couplers/auto_ds/inst/gen_downsizer.gen_simple_downsizer.axi_downsizer_inst/USE_READ.read_addr_inst/cmd_queue/inst/fifo_gen_inst/inst_fifo_gen/gconvfifo.rf/grf.rf/gntv_or_sync_fifo.gl0.rd/gr1.gr1_int.rfwft/gpregsm1.user_valid_i_1/I1) is not included in the LUT equation: 'O5=(A5)+((~A5)*(~A3)*A4)'. If this cell is a user instantiated LUT in the design, please remove connectivity to the pin or change the equation and/or INIT string of the LUT to prevent this issue. If the cell is inferred or IP created LUT, please regenerate the IP and/or resynthesize the design to attempt to correct the issue.
WARNING: [DRC PDCN-1569] LUT equation term check: Used physical LUT pin 'A2' of cell SoC_i/ps8_0_axi_periph/s00_couplers/auto_ds/inst/gen_downsizer.gen_simple_downsizer.axi_downsizer_inst/USE_WRITE.write_addr_inst/USE_B_CHANNEL.cmd_b_queue/inst/fifo_gen_inst/inst_fifo_gen/gconvfifo.rf/grf.rf/gntv_or_sync_fifo.gl0.rd/gr1.gr1_int.rfwft/gpregsm1.user_valid_i_1 (pin SoC_i/ps8_0_axi_periph/s00_couplers/auto_ds/inst/gen_downsizer.gen_simple_downsizer.axi_downsizer_inst/USE_WRITE.write_addr_inst/USE_B_CHANNEL.cmd_b_queue/inst/fifo_gen_inst/inst_fifo_gen/gconvfifo.rf/grf.rf/gntv_or_sync_fifo.gl0.rd/gr1.gr1_int.rfwft/gpregsm1.user_valid_i_1/I1) is not included in the LUT equation: 'O5=(A3)+((~A3)*(~A1)*A4)'. If this cell is a user instantiated LUT in the design, please remove connectivity to the pin or change the equation and/or INIT string of the LUT to prevent this issue. If the cell is inferred or IP created LUT, please regenerate the IP and/or resynthesize the design to attempt to correct the issue.
WARNING: [DRC PDCN-1569] LUT equation term check: Used physical LUT pin 'A2' of cell SoC_i/ps8_0_axi_periph/s01_couplers/auto_ds/inst/gen_downsizer.gen_simple_downsizer.axi_downsizer_inst/USE_READ.read_addr_inst/cmd_queue/inst/fifo_gen_inst/inst_fifo_gen/gconvfifo.rf/grf.rf/gntv_or_sync_fifo.gl0.rd/gr1.gr1_int.rfwft/gpregsm1.user_valid_i_1 (pin SoC_i/ps8_0_axi_periph/s01_couplers/auto_ds/inst/gen_downsizer.gen_simple_downsizer.axi_downsizer_inst/USE_READ.read_addr_inst/cmd_queue/inst/fifo_gen_inst/inst_fifo_gen/gconvfifo.rf/grf.rf/gntv_or_sync_fifo.gl0.rd/gr1.gr1_int.rfwft/gpregsm1.user_valid_i_1/I1) is not included in the LUT equation: 'O5=(A5)+((~A5)*(~A1)*A4)'. If this cell is a user instantiated LUT in the design, please remove connectivity to the pin or change the equation and/or INIT string of the LUT to prevent this issue. If the cell is inferred or IP created LUT, please regenerate the IP and/or resynthesize the design to attempt to correct the issue.
WARNING: [DRC PDCN-1569] LUT equation term check: Used physical LUT pin 'A2' of cell SoC_i/ps8_0_axi_periph/s01_couplers/auto_ds/inst/gen_downsizer.gen_simple_downsizer.axi_downsizer_inst/USE_WRITE.write_addr_inst/cmd_queue/inst/fifo_gen_inst/inst_fifo_gen/gconvfifo.rf/grf.rf/gntv_or_sync_fifo.gl0.rd/gr1.gr1_int.rfwft/gpregsm1.user_valid_i_1 (pin SoC_i/ps8_0_axi_periph/s01_couplers/auto_ds/inst/gen_downsizer.gen_simple_downsizer.axi_downsizer_inst/USE_WRITE.write_addr_inst/cmd_queue/inst/fifo_gen_inst/inst_fifo_gen/gconvfifo.rf/grf.rf/gntv_or_sync_fifo.gl0.rd/gr1.gr1_int.rfwft/gpregsm1.user_valid_i_1/I1) is not included in the LUT equation: 'O5=(A3)+((~A3)*(~A1)*A4)'. If this cell is a user instantiated LUT in the design, please remove connectivity to the pin or change the equation and/or INIT string of the LUT to prevent this issue. If the cell is inferred or IP created LUT, please regenerate the IP and/or resynthesize the design to attempt to correct the issue.
WARNING: [DRC PDCN-1569] LUT equation term check: Used physical LUT pin 'A2' of cell dbg_hub/inst/BSCANID.u_xsdbm_id/SWITCH_N_EXT_BSCAN.bscan_switch/temp_curid[31]_i_1 (pin dbg_hub/inst/BSCANID.u_xsdbm_id/SWITCH_N_EXT_BSCAN.bscan_switch/temp_curid[31]_i_1/I1) is not included in the LUT equation: 'O5=(A1*A3)+(A1*(~A3)*(~A4))+((~A1))'. If this cell is a user instantiated LUT in the design, please remove connectivity to the pin or change the equation and/or INIT string of the LUT to prevent this issue. If the cell is inferred or IP created LUT, please regenerate the IP and/or resynthesize the design to attempt to correct the issue.
WARNING: [DRC PDCN-1569] LUT equation term check: Used physical LUT pin 'A5' of cell SoC_i/ps8_0_axi_periph/s00_couplers/auto_ds/inst/gen_downsizer.gen_simple_downsizer.axi_downsizer_inst/USE_WRITE.write_addr_inst/cmd_queue/inst/fifo_gen_inst/inst_fifo_gen/gconvfifo.rf/grf.rf/gntv_or_sync_fifo.gl0.rd/gr1.gr1_int.rfwft/gpregsm1.user_valid_i_1 (pin SoC_i/ps8_0_axi_periph/s00_couplers/auto_ds/inst/gen_downsizer.gen_simple_downsizer.axi_downsizer_inst/USE_WRITE.write_addr_inst/cmd_queue/inst/fifo_gen_inst/inst_fifo_gen/gconvfifo.rf/grf.rf/gntv_or_sync_fifo.gl0.rd/gr1.gr1_int.rfwft/gpregsm1.user_valid_i_1/I1) is not included in the LUT equation: 'O5=(A3)+((~A3)*(~A2)*A4)'. If this cell is a user instantiated LUT in the design, please remove connectivity to the pin or change the equation and/or INIT string of the LUT to prevent this issue. If the cell is inferred or IP created LUT, please regenerate the IP and/or resynthesize the design to attempt to correct the issue.
WARNING: [DRC PDCN-1569] LUT equation term check: Used physical LUT pin 'A5' of cell SoC_i/ps8_0_axi_periph/s01_couplers/auto_ds/inst/gen_downsizer.gen_simple_downsizer.axi_downsizer_inst/USE_WRITE.write_addr_inst/USE_B_CHANNEL.cmd_b_queue/inst/fifo_gen_inst/inst_fifo_gen/gconvfifo.rf/grf.rf/gntv_or_sync_fifo.gl0.rd/gr1.gr1_int.rfwft/gpregsm1.user_valid_i_1 (pin SoC_i/ps8_0_axi_periph/s01_couplers/auto_ds/inst/gen_downsizer.gen_simple_downsizer.axi_downsizer_inst/USE_WRITE.write_addr_inst/USE_B_CHANNEL.cmd_b_queue/inst/fifo_gen_inst/inst_fifo_gen/gconvfifo.rf/grf.rf/gntv_or_sync_fifo.gl0.rd/gr1.gr1_int.rfwft/gpregsm1.user_valid_i_1/I1) is not included in the LUT equation: 'O5=(A3)+((~A3)*(~A1)*A4)'. If this cell is a user instantiated LUT in the design, please remove connectivity to the pin or change the equation and/or INIT string of the LUT to prevent this issue. If the cell is inferred or IP created LUT, please regenerate the IP and/or resynthesize the design to attempt to correct the issue.
WARNING: [DRC PDCN-1569] LUT equation term check: Used physical LUT pin 'A5' of cell dbg_hub/inst/BSCANID.u_xsdbm_id/SWITCH_N_EXT_BSCAN.bscan_switch/temp_curid[31]_i_1 (pin dbg_hub/inst/BSCANID.u_xsdbm_id/SWITCH_N_EXT_BSCAN.bscan_switch/temp_curid[31]_i_1/I0) is not included in the LUT equation: 'O5=(A1*A3)+(A1*(~A3)*(~A4))+((~A1))'. If this cell is a user instantiated LUT in the design, please remove connectivity to the pin or change the equation and/or INIT string of the LUT to prevent this issue. If the cell is inferred or IP created LUT, please regenerate the IP and/or resynthesize the design to attempt to correct the issue.
WARNING: [DRC PDCN-1569] LUT equation term check: Used physical LUT pin 'A5' of cell dbg_hub/inst/BSCANID.u_xsdbm_id/SWITCH_N_EXT_BSCAN.id_state[0]_i_1 (pin dbg_hub/inst/BSCANID.u_xsdbm_id/SWITCH_N_EXT_BSCAN.id_state[0]_i_1/I0) is not included in the LUT equation: 'O6=(A6+~A6)*((A1))'. If this cell is a user instantiated LUT in the design, please remove connectivity to the pin or change the equation and/or INIT string of the LUT to prevent this issue. If the cell is inferred or IP created LUT, please regenerate the IP and/or resynthesize the design to attempt to correct the issue.
WARNING: [DRC PDRC-153] Gated clock check: Net SoC_i/axi_wrapper_0/inst/DUT/DUT/DECAP_MODULE/ENCAP_FOR_RENCRYPT/ENCRYPT/ENCODE/REED_SOLOMON_CODE/capture_cdw__0 is a gated clock net sourced by a combinational pin SoC_i/axi_wrapper_0/inst/DUT/DUT/DECAP_MODULE/ENCAP_FOR_RENCRYPT/ENCRYPT/ENCODE/REED_SOLOMON_CODE/capture_cdw_reg_i_1__0/O, cell SoC_i/axi_wrapper_0/inst/DUT/DUT/DECAP_MODULE/ENCAP_FOR_RENCRYPT/ENCRYPT/ENCODE/REED_SOLOMON_CODE/capture_cdw_reg_i_1__0. This is not good design practice and will likely impact performance. For SLICE registers, for example, use the CE pin to control the loading of data.
WARNING: [DRC PDRC-153] Gated clock check: Net SoC_i/axi_wrapper_0/inst/DUT/DUT/DECAP_MODULE/ENCAP_FOR_RENCRYPT/ENCRYPT/FIXEDWEIGHT/decrease_weight_count_reg_i_2__1_n_3 is a gated clock net sourced by a combinational pin SoC_i/axi_wrapper_0/inst/DUT/DUT/DECAP_MODULE/ENCAP_FOR_RENCRYPT/ENCRYPT/FIXEDWEIGHT/decrease_weight_count_reg_i_2__1/O, cell SoC_i/axi_wrapper_0/inst/DUT/DUT/DECAP_MODULE/ENCAP_FOR_RENCRYPT/ENCRYPT/FIXEDWEIGHT/decrease_weight_count_reg_i_2__1. This is not good design practice and will likely impact performance. For SLICE registers, for example, use the CE pin to control the loading of data.
WARNING: [DRC PDRC-153] Gated clock check: Net SoC_i/axi_wrapper_0/inst/DUT/DUT/DECAP_MODULE/ENCAP_FOR_RENCRYPT/ENCRYPT/FIXEDWEIGHT/init_mem_onegen__0 is a gated clock net sourced by a combinational pin SoC_i/axi_wrapper_0/inst/DUT/DUT/DECAP_MODULE/ENCAP_FOR_RENCRYPT/ENCRYPT/FIXEDWEIGHT/init_mem_onegen_reg_i_2__1/O, cell SoC_i/axi_wrapper_0/inst/DUT/DUT/DECAP_MODULE/ENCAP_FOR_RENCRYPT/ENCRYPT/FIXEDWEIGHT/init_mem_onegen_reg_i_2__1. This is not good design practice and will likely impact performance. For SLICE registers, for example, use the CE pin to control the loading of data.
WARNING: [DRC PDRC-153] Gated clock check: Net SoC_i/axi_wrapper_0/inst/DUT/DUT/DECAP_MODULE/ENCAP_FOR_RENCRYPT/ENCRYPT/FIXEDWEIGHT/onegen_instance/init_reg_i_2__1_n_3 is a gated clock net sourced by a combinational pin SoC_i/axi_wrapper_0/inst/DUT/DUT/DECAP_MODULE/ENCAP_FOR_RENCRYPT/ENCRYPT/FIXEDWEIGHT/onegen_instance/init_reg_i_2__1/O, cell SoC_i/axi_wrapper_0/inst/DUT/DUT/DECAP_MODULE/ENCAP_FOR_RENCRYPT/ENCRYPT/FIXEDWEIGHT/onegen_instance/init_reg_i_2__1. This is not good design practice and will likely impact performance. For SLICE registers, for example, use the CE pin to control the loading of data.
WARNING: [DRC PDRC-153] Gated clock check: Net SoC_i/axi_wrapper_0/inst/DUT/DUT/DECAP_MODULE/ENCAP_FOR_RENCRYPT/ENCRYPT/FIXEDWEIGHT/onegen_instance/rd_en_reg_i_2__1_n_3 is a gated clock net sourced by a combinational pin SoC_i/axi_wrapper_0/inst/DUT/DUT/DECAP_MODULE/ENCAP_FOR_RENCRYPT/ENCRYPT/FIXEDWEIGHT/onegen_instance/rd_en_reg_i_2__1/O, cell SoC_i/axi_wrapper_0/inst/DUT/DUT/DECAP_MODULE/ENCAP_FOR_RENCRYPT/ENCRYPT/FIXEDWEIGHT/onegen_instance/rd_en_reg_i_2__1. This is not good design practice and will likely impact performance. For SLICE registers, for example, use the CE pin to control the loading of data.
WARNING: [DRC PDRC-153] Gated clock check: Net SoC_i/axi_wrapper_0/inst/DUT/DUT/DECAP_MODULE/ENCAP_FOR_RENCRYPT/ENCRYPT/FIXEDWEIGHT/onegen_instance/reading_out_reg_i_2__1_n_3 is a gated clock net sourced by a combinational pin SoC_i/axi_wrapper_0/inst/DUT/DUT/DECAP_MODULE/ENCAP_FOR_RENCRYPT/ENCRYPT/FIXEDWEIGHT/onegen_instance/reading_out_reg_i_2__1/O, cell SoC_i/axi_wrapper_0/inst/DUT/DUT/DECAP_MODULE/ENCAP_FOR_RENCRYPT/ENCRYPT/FIXEDWEIGHT/onegen_instance/reading_out_reg_i_2__1. This is not good design practice and will likely impact performance. For SLICE registers, for example, use the CE pin to control the loading of data.
WARNING: [DRC PDRC-153] Gated clock check: Net SoC_i/axi_wrapper_0/inst/DUT/DUT/DECAP_MODULE/ENCAP_FOR_RENCRYPT/ENCRYPT/FIXEDWEIGHT/onegen_instance/wren_0_reg_i_2__1_n_3 is a gated clock net sourced by a combinational pin SoC_i/axi_wrapper_0/inst/DUT/DUT/DECAP_MODULE/ENCAP_FOR_RENCRYPT/ENCRYPT/FIXEDWEIGHT/onegen_instance/wren_0_reg_i_2__1/O, cell SoC_i/axi_wrapper_0/inst/DUT/DUT/DECAP_MODULE/ENCAP_FOR_RENCRYPT/ENCRYPT/FIXEDWEIGHT/onegen_instance/wren_0_reg_i_2__1. This is not good design practice and will likely impact performance. For SLICE registers, for example, use the CE pin to control the loading of data.
WARNING: [DRC PDRC-153] Gated clock check: Net SoC_i/axi_wrapper_0/inst/DUT/DUT/DECAP_MODULE/ENCAP_FOR_RENCRYPT/ENCRYPT/FIXEDWEIGHT/onegen_instance/wren_1_reg_i_2__1_n_3 is a gated clock net sourced by a combinational pin SoC_i/axi_wrapper_0/inst/DUT/DUT/DECAP_MODULE/ENCAP_FOR_RENCRYPT/ENCRYPT/FIXEDWEIGHT/onegen_instance/wren_1_reg_i_2__1/O, cell SoC_i/axi_wrapper_0/inst/DUT/DUT/DECAP_MODULE/ENCAP_FOR_RENCRYPT/ENCRYPT/FIXEDWEIGHT/onegen_instance/wren_1_reg_i_2__1. This is not good design practice and will likely impact performance. For SLICE registers, for example, use the CE pin to control the loading of data.
WARNING: [DRC PDRC-153] Gated clock check: Net SoC_i/axi_wrapper_0/inst/DUT/DUT/DECAP_MODULE/ENCAP_FOR_RENCRYPT/ENCRYPT/FIXEDWEIGHT/sel_ctx__0 is a gated clock net sourced by a combinational pin SoC_i/axi_wrapper_0/inst/DUT/DUT/DECAP_MODULE/ENCAP_FOR_RENCRYPT/ENCRYPT/FIXEDWEIGHT/sel_ctx_reg[1]_i_1__1/O, cell SoC_i/axi_wrapper_0/inst/DUT/DUT/DECAP_MODULE/ENCAP_FOR_RENCRYPT/ENCRYPT/FIXEDWEIGHT/sel_ctx_reg[1]_i_1__1. This is not good design practice and will likely impact performance. For SLICE registers, for example, use the CE pin to control the loading of data.
WARNING: [DRC PDRC-153] Gated clock check: Net SoC_i/axi_wrapper_0/inst/DUT/DUT/DECAP_MODULE/ENCAP_FOR_RENCRYPT/ENCRYPT/FIXEDWEIGHT/shake_input_type__0 is a gated clock net sourced by a combinational pin SoC_i/axi_wrapper_0/inst/DUT/DUT/DECAP_MODULE/ENCAP_FOR_RENCRYPT/ENCRYPT/FIXEDWEIGHT/shake_input_type_reg[1]_i_2__2/O, cell SoC_i/axi_wrapper_0/inst/DUT/DUT/DECAP_MODULE/ENCAP_FOR_RENCRYPT/ENCRYPT/FIXEDWEIGHT/shake_input_type_reg[1]_i_2__2. This is not good design practice and will likely impact performance. For SLICE registers, for example, use the CE pin to control the loading of data.
WARNING: [DRC PDRC-153] Gated clock check: Net SoC_i/axi_wrapper_0/inst/DUT/DUT/DECAP_MODULE/ENCAP_FOR_RENCRYPT/ENCRYPT/FIXEDWEIGHT/squeeze_ctrl_reg_i_2__1_n_3 is a gated clock net sourced by a combinational pin SoC_i/axi_wrapper_0/inst/DUT/DUT/DECAP_MODULE/ENCAP_FOR_RENCRYPT/ENCRYPT/FIXEDWEIGHT/squeeze_ctrl_reg_i_2__1/O, cell SoC_i/axi_wrapper_0/inst/DUT/DUT/DECAP_MODULE/ENCAP_FOR_RENCRYPT/ENCRYPT/FIXEDWEIGHT/squeeze_ctrl_reg_i_2__1. This is not good design practice and will likely impact performance. For SLICE registers, for example, use the CE pin to control the loading of data.
WARNING: [DRC PDRC-153] Gated clock check: Net SoC_i/axi_wrapper_0/inst/DUT/DUT/DECAP_MODULE/ENCAP_FOR_RENCRYPT/ENCRYPT/sel_fw_reg_i_2__0_n_3 is a gated clock net sourced by a combinational pin SoC_i/axi_wrapper_0/inst/DUT/DUT/DECAP_MODULE/ENCAP_FOR_RENCRYPT/ENCRYPT/sel_fw_reg_i_2__0/O, cell SoC_i/axi_wrapper_0/inst/DUT/DUT/DECAP_MODULE/ENCAP_FOR_RENCRYPT/ENCRYPT/sel_fw_reg_i_2__0. This is not good design practice and will likely impact performance. For SLICE registers, for example, use the CE pin to control the loading of data.
WARNING: [DRC PDRC-153] Gated clock check: Net SoC_i/axi_wrapper_0/inst/DUT/DUT/DECAP_MODULE/ENCAP_FOR_RENCRYPT/block_capture_reg_i_2__0_n_3 is a gated clock net sourced by a combinational pin SoC_i/axi_wrapper_0/inst/DUT/DUT/DECAP_MODULE/ENCAP_FOR_RENCRYPT/block_capture_reg_i_2__0/O, cell SoC_i/axi_wrapper_0/inst/DUT/DUT/DECAP_MODULE/ENCAP_FOR_RENCRYPT/block_capture_reg_i_2__0. This is not good design practice and will likely impact performance. For SLICE registers, for example, use the CE pin to control the loading of data.
WARNING: [DRC PDRC-153] Gated clock check: Net SoC_i/axi_wrapper_0/inst/DUT/DUT/DECAP_MODULE/ENCAP_FOR_RENCRYPT/cap_uv_reg_i_2__0_n_3 is a gated clock net sourced by a combinational pin SoC_i/axi_wrapper_0/inst/DUT/DUT/DECAP_MODULE/ENCAP_FOR_RENCRYPT/cap_uv_reg_i_2__0/O, cell SoC_i/axi_wrapper_0/inst/DUT/DUT/DECAP_MODULE/ENCAP_FOR_RENCRYPT/cap_uv_reg_i_2__0. This is not good design practice and will likely impact performance. For SLICE registers, for example, use the CE pin to control the loading of data.
WARNING: [DRC PDRC-153] Gated clock check: Net SoC_i/axi_wrapper_0/inst/DUT/DUT/DECAP_MODULE/ENCAP_FOR_RENCRYPT/d_wen_reg_i_2__0_n_3 is a gated clock net sourced by a combinational pin SoC_i/axi_wrapper_0/inst/DUT/DUT/DECAP_MODULE/ENCAP_FOR_RENCRYPT/d_wen_reg_i_2__0/O, cell SoC_i/axi_wrapper_0/inst/DUT/DUT/DECAP_MODULE/ENCAP_FOR_RENCRYPT/d_wen_reg_i_2__0. This is not good design practice and will likely impact performance. For SLICE registers, for example, use the CE pin to control the loading of data.
WARNING: [DRC PDRC-153] Gated clock check: Net SoC_i/axi_wrapper_0/inst/DUT/DUT/DECAP_MODULE/ENCAP_FOR_RENCRYPT/hash_mem_wen_reg_i_2__0_n_3 is a gated clock net sourced by a combinational pin SoC_i/axi_wrapper_0/inst/DUT/DUT/DECAP_MODULE/ENCAP_FOR_RENCRYPT/hash_mem_wen_reg_i_2__0/O, cell SoC_i/axi_wrapper_0/inst/DUT/DUT/DECAP_MODULE/ENCAP_FOR_RENCRYPT/hash_mem_wen_reg_i_2__0. This is not good design practice and will likely impact performance. For SLICE registers, for example, use the CE pin to control the loading of data.
WARNING: [DRC PDRC-153] Gated clock check: Net SoC_i/axi_wrapper_0/inst/DUT/DUT/DECAP_MODULE/ENCAP_FOR_RENCRYPT/init_msg_in_reg_i_1__0_n_3 is a gated clock net sourced by a combinational pin SoC_i/axi_wrapper_0/inst/DUT/DUT/DECAP_MODULE/ENCAP_FOR_RENCRYPT/init_msg_in_reg_i_1__0/O, cell SoC_i/axi_wrapper_0/inst/DUT/DUT/DECAP_MODULE/ENCAP_FOR_RENCRYPT/init_msg_in_reg_i_1__0. This is not good design practice and will likely impact performance. For SLICE registers, for example, use the CE pin to control the loading of data.
WARNING: [DRC PDRC-153] Gated clock check: Net SoC_i/axi_wrapper_0/inst/DUT/DUT/DECAP_MODULE/ENCAP_FOR_RENCRYPT/last_block_capture_reg_i_1__0_n_3 is a gated clock net sourced by a combinational pin SoC_i/axi_wrapper_0/inst/DUT/DUT/DECAP_MODULE/ENCAP_FOR_RENCRYPT/last_block_capture_reg_i_1__0/O, cell SoC_i/axi_wrapper_0/inst/DUT/DUT/DECAP_MODULE/ENCAP_FOR_RENCRYPT/last_block_capture_reg_i_1__0. This is not good design practice and will likely impact performance. For SLICE registers, for example, use the CE pin to control the loading of data.
WARNING: [DRC PDRC-153] Gated clock check: Net SoC_i/axi_wrapper_0/inst/DUT/DUT/DECAP_MODULE/ENCAP_FOR_RENCRYPT/shake_in_type_reg[2]_i_2__0_n_3 is a gated clock net sourced by a combinational pin SoC_i/axi_wrapper_0/inst/DUT/DUT/DECAP_MODULE/ENCAP_FOR_RENCRYPT/shake_in_type_reg[2]_i_2__0/O, cell SoC_i/axi_wrapper_0/inst/DUT/DUT/DECAP_MODULE/ENCAP_FOR_RENCRYPT/shake_in_type_reg[2]_i_2__0. This is not good design practice and will likely impact performance. For SLICE registers, for example, use the CE pin to control the loading of data.
WARNING: [DRC PDRC-153] Gated clock check: Net SoC_i/axi_wrapper_0/inst/DUT/DUT/DECAP_MODULE/ENCAP_FOR_RENCRYPT/start_encrypt_reg_i_1__0_n_3 is a gated clock net sourced by a combinational pin SoC_i/axi_wrapper_0/inst/DUT/DUT/DECAP_MODULE/ENCAP_FOR_RENCRYPT/start_encrypt_reg_i_1__0/O, cell SoC_i/axi_wrapper_0/inst/DUT/DUT/DECAP_MODULE/ENCAP_FOR_RENCRYPT/start_encrypt_reg_i_1__0. This is not good design practice and will likely impact performance. For SLICE registers, for example, use the CE pin to control the loading of data.
WARNING: [DRC PDRC-153] Gated clock check: Net SoC_i/axi_wrapper_0/inst/DUT/DUT/DECAP_MODULE/ENCAP_FOR_RENCRYPT/start_hash_reg_i_2__0_n_3 is a gated clock net sourced by a combinational pin SoC_i/axi_wrapper_0/inst/DUT/DUT/DECAP_MODULE/ENCAP_FOR_RENCRYPT/start_hash_reg_i_2__0/O, cell SoC_i/axi_wrapper_0/inst/DUT/DUT/DECAP_MODULE/ENCAP_FOR_RENCRYPT/start_hash_reg_i_2__0. This is not good design practice and will likely impact performance. For SLICE registers, for example, use the CE pin to control the loading of data.
WARNING: [DRC PDRC-153] Gated clock check: Net SoC_i/axi_wrapper_0/inst/DUT/DUT/DECAP_MODULE/ENCAP_FOR_RENCRYPT/theta_wen_reg_i_2__0_n_3 is a gated clock net sourced by a combinational pin SoC_i/axi_wrapper_0/inst/DUT/DUT/DECAP_MODULE/ENCAP_FOR_RENCRYPT/theta_wen_reg_i_2__0/O, cell SoC_i/axi_wrapper_0/inst/DUT/DUT/DECAP_MODULE/ENCAP_FOR_RENCRYPT/theta_wen_reg_i_2__0. This is not good design practice and will likely impact performance. For SLICE registers, for example, use the CE pin to control the loading of data.
WARNING: [DRC PDRC-153] Gated clock check: Net SoC_i/axi_wrapper_0/inst/DUT/DUT/ENCAP_MODULE/ENCRYPT/ENCODE/REED_SOLOMON_CODE/capture_cdw__0 is a gated clock net sourced by a combinational pin SoC_i/axi_wrapper_0/inst/DUT/DUT/ENCAP_MODULE/ENCRYPT/ENCODE/REED_SOLOMON_CODE/capture_cdw_reg_i_1/O, cell SoC_i/axi_wrapper_0/inst/DUT/DUT/ENCAP_MODULE/ENCRYPT/ENCODE/REED_SOLOMON_CODE/capture_cdw_reg_i_1. This is not good design practice and will likely impact performance. For SLICE registers, for example, use the CE pin to control the loading of data.
WARNING: [DRC PDRC-153] Gated clock check: Net SoC_i/axi_wrapper_0/inst/DUT/DUT/ENCAP_MODULE/ENCRYPT/FIXEDWEIGHT/decrease_weight_count_reg_i_2__0_n_3 is a gated clock net sourced by a combinational pin SoC_i/axi_wrapper_0/inst/DUT/DUT/ENCAP_MODULE/ENCRYPT/FIXEDWEIGHT/decrease_weight_count_reg_i_2__0/O, cell SoC_i/axi_wrapper_0/inst/DUT/DUT/ENCAP_MODULE/ENCRYPT/FIXEDWEIGHT/decrease_weight_count_reg_i_2__0. This is not good design practice and will likely impact performance. For SLICE registers, for example, use the CE pin to control the loading of data.
WARNING: [DRC PDRC-153] Gated clock check: Net SoC_i/axi_wrapper_0/inst/DUT/DUT/ENCAP_MODULE/ENCRYPT/FIXEDWEIGHT/init_mem_onegen__0 is a gated clock net sourced by a combinational pin SoC_i/axi_wrapper_0/inst/DUT/DUT/ENCAP_MODULE/ENCRYPT/FIXEDWEIGHT/init_mem_onegen_reg_i_2__0/O, cell SoC_i/axi_wrapper_0/inst/DUT/DUT/ENCAP_MODULE/ENCRYPT/FIXEDWEIGHT/init_mem_onegen_reg_i_2__0. This is not good design practice and will likely impact performance. For SLICE registers, for example, use the CE pin to control the loading of data.
WARNING: [DRC PDRC-153] Gated clock check: Net SoC_i/axi_wrapper_0/inst/DUT/DUT/ENCAP_MODULE/ENCRYPT/FIXEDWEIGHT/onegen_instance/init_reg_i_2__0_n_3 is a gated clock net sourced by a combinational pin SoC_i/axi_wrapper_0/inst/DUT/DUT/ENCAP_MODULE/ENCRYPT/FIXEDWEIGHT/onegen_instance/init_reg_i_2__0/O, cell SoC_i/axi_wrapper_0/inst/DUT/DUT/ENCAP_MODULE/ENCRYPT/FIXEDWEIGHT/onegen_instance/init_reg_i_2__0. This is not good design practice and will likely impact performance. For SLICE registers, for example, use the CE pin to control the loading of data.
WARNING: [DRC PDRC-153] Gated clock check: Net SoC_i/axi_wrapper_0/inst/DUT/DUT/ENCAP_MODULE/ENCRYPT/FIXEDWEIGHT/onegen_instance/rd_en_reg_i_2__0_n_3 is a gated clock net sourced by a combinational pin SoC_i/axi_wrapper_0/inst/DUT/DUT/ENCAP_MODULE/ENCRYPT/FIXEDWEIGHT/onegen_instance/rd_en_reg_i_2__0/O, cell SoC_i/axi_wrapper_0/inst/DUT/DUT/ENCAP_MODULE/ENCRYPT/FIXEDWEIGHT/onegen_instance/rd_en_reg_i_2__0. This is not good design practice and will likely impact performance. For SLICE registers, for example, use the CE pin to control the loading of data.
WARNING: [DRC PDRC-153] Gated clock check: Net SoC_i/axi_wrapper_0/inst/DUT/DUT/ENCAP_MODULE/ENCRYPT/FIXEDWEIGHT/onegen_instance/reading_out_reg_i_2__0_n_3 is a gated clock net sourced by a combinational pin SoC_i/axi_wrapper_0/inst/DUT/DUT/ENCAP_MODULE/ENCRYPT/FIXEDWEIGHT/onegen_instance/reading_out_reg_i_2__0/O, cell SoC_i/axi_wrapper_0/inst/DUT/DUT/ENCAP_MODULE/ENCRYPT/FIXEDWEIGHT/onegen_instance/reading_out_reg_i_2__0. This is not good design practice and will likely impact performance. For SLICE registers, for example, use the CE pin to control the loading of data.
WARNING: [DRC PDRC-153] Gated clock check: Net SoC_i/axi_wrapper_0/inst/DUT/DUT/ENCAP_MODULE/ENCRYPT/FIXEDWEIGHT/onegen_instance/wren_0_reg_i_2__0_n_3 is a gated clock net sourced by a combinational pin SoC_i/axi_wrapper_0/inst/DUT/DUT/ENCAP_MODULE/ENCRYPT/FIXEDWEIGHT/onegen_instance/wren_0_reg_i_2__0/O, cell SoC_i/axi_wrapper_0/inst/DUT/DUT/ENCAP_MODULE/ENCRYPT/FIXEDWEIGHT/onegen_instance/wren_0_reg_i_2__0. This is not good design practice and will likely impact performance. For SLICE registers, for example, use the CE pin to control the loading of data.
WARNING: [DRC PDRC-153] Gated clock check: Net SoC_i/axi_wrapper_0/inst/DUT/DUT/ENCAP_MODULE/ENCRYPT/FIXEDWEIGHT/onegen_instance/wren_1_reg_i_2__0_n_3 is a gated clock net sourced by a combinational pin SoC_i/axi_wrapper_0/inst/DUT/DUT/ENCAP_MODULE/ENCRYPT/FIXEDWEIGHT/onegen_instance/wren_1_reg_i_2__0/O, cell SoC_i/axi_wrapper_0/inst/DUT/DUT/ENCAP_MODULE/ENCRYPT/FIXEDWEIGHT/onegen_instance/wren_1_reg_i_2__0. This is not good design practice and will likely impact performance. For SLICE registers, for example, use the CE pin to control the loading of data.
WARNING: [DRC PDRC-153] Gated clock check: Net SoC_i/axi_wrapper_0/inst/DUT/DUT/ENCAP_MODULE/ENCRYPT/FIXEDWEIGHT/sel_ctx__0 is a gated clock net sourced by a combinational pin SoC_i/axi_wrapper_0/inst/DUT/DUT/ENCAP_MODULE/ENCRYPT/FIXEDWEIGHT/sel_ctx_reg[1]_i_1__0/O, cell SoC_i/axi_wrapper_0/inst/DUT/DUT/ENCAP_MODULE/ENCRYPT/FIXEDWEIGHT/sel_ctx_reg[1]_i_1__0. This is not good design practice and will likely impact performance. For SLICE registers, for example, use the CE pin to control the loading of data.
WARNING: [DRC PDRC-153] Gated clock check: Net SoC_i/axi_wrapper_0/inst/DUT/DUT/ENCAP_MODULE/ENCRYPT/FIXEDWEIGHT/shake_input_type__0 is a gated clock net sourced by a combinational pin SoC_i/axi_wrapper_0/inst/DUT/DUT/ENCAP_MODULE/ENCRYPT/FIXEDWEIGHT/shake_input_type_reg[1]_i_2__1/O, cell SoC_i/axi_wrapper_0/inst/DUT/DUT/ENCAP_MODULE/ENCRYPT/FIXEDWEIGHT/shake_input_type_reg[1]_i_2__1. This is not good design practice and will likely impact performance. For SLICE registers, for example, use the CE pin to control the loading of data.
WARNING: [DRC PDRC-153] Gated clock check: Net SoC_i/axi_wrapper_0/inst/DUT/DUT/ENCAP_MODULE/ENCRYPT/FIXEDWEIGHT/squeeze_ctrl_reg_i_2__0_n_3 is a gated clock net sourced by a combinational pin SoC_i/axi_wrapper_0/inst/DUT/DUT/ENCAP_MODULE/ENCRYPT/FIXEDWEIGHT/squeeze_ctrl_reg_i_2__0/O, cell SoC_i/axi_wrapper_0/inst/DUT/DUT/ENCAP_MODULE/ENCRYPT/FIXEDWEIGHT/squeeze_ctrl_reg_i_2__0. This is not good design practice and will likely impact performance. For SLICE registers, for example, use the CE pin to control the loading of data.
WARNING: [DRC PDRC-153] Gated clock check: Net SoC_i/axi_wrapper_0/inst/DUT/DUT/ENCAP_MODULE/ENCRYPT/sel_fw_reg_i_2_n_3 is a gated clock net sourced by a combinational pin SoC_i/axi_wrapper_0/inst/DUT/DUT/ENCAP_MODULE/ENCRYPT/sel_fw_reg_i_2/O, cell SoC_i/axi_wrapper_0/inst/DUT/DUT/ENCAP_MODULE/ENCRYPT/sel_fw_reg_i_2. This is not good design practice and will likely impact performance. For SLICE registers, for example, use the CE pin to control the loading of data.
WARNING: [DRC PDRC-153] Gated clock check: Net SoC_i/axi_wrapper_0/inst/DUT/DUT/ENCAP_MODULE/block_capture_reg_i_2_n_3 is a gated clock net sourced by a combinational pin SoC_i/axi_wrapper_0/inst/DUT/DUT/ENCAP_MODULE/block_capture_reg_i_2/O, cell SoC_i/axi_wrapper_0/inst/DUT/DUT/ENCAP_MODULE/block_capture_reg_i_2. This is not good design practice and will likely impact performance. For SLICE registers, for example, use the CE pin to control the loading of data.
WARNING: [DRC PDRC-153] Gated clock check: Net SoC_i/axi_wrapper_0/inst/DUT/DUT/ENCAP_MODULE/cap_uv_reg_i_2_n_3 is a gated clock net sourced by a combinational pin SoC_i/axi_wrapper_0/inst/DUT/DUT/ENCAP_MODULE/cap_uv_reg_i_2/O, cell SoC_i/axi_wrapper_0/inst/DUT/DUT/ENCAP_MODULE/cap_uv_reg_i_2. This is not good design practice and will likely impact performance. For SLICE registers, for example, use the CE pin to control the loading of data.
WARNING: [DRC PDRC-153] Gated clock check: Net SoC_i/axi_wrapper_0/inst/DUT/DUT/ENCAP_MODULE/d_wen_reg_i_2_n_3 is a gated clock net sourced by a combinational pin SoC_i/axi_wrapper_0/inst/DUT/DUT/ENCAP_MODULE/d_wen_reg_i_2/O, cell SoC_i/axi_wrapper_0/inst/DUT/DUT/ENCAP_MODULE/d_wen_reg_i_2. This is not good design practice and will likely impact performance. For SLICE registers, for example, use the CE pin to control the loading of data.
WARNING: [DRC PDRC-153] Gated clock check: Net SoC_i/axi_wrapper_0/inst/DUT/DUT/ENCAP_MODULE/hash_mem_wen_reg_i_2_n_3 is a gated clock net sourced by a combinational pin SoC_i/axi_wrapper_0/inst/DUT/DUT/ENCAP_MODULE/hash_mem_wen_reg_i_2/O, cell SoC_i/axi_wrapper_0/inst/DUT/DUT/ENCAP_MODULE/hash_mem_wen_reg_i_2. This is not good design practice and will likely impact performance. For SLICE registers, for example, use the CE pin to control the loading of data.
WARNING: [DRC PDRC-153] Gated clock check: Net SoC_i/axi_wrapper_0/inst/DUT/DUT/ENCAP_MODULE/init_msg_in_reg_i_1_n_3 is a gated clock net sourced by a combinational pin SoC_i/axi_wrapper_0/inst/DUT/DUT/ENCAP_MODULE/init_msg_in_reg_i_1/O, cell SoC_i/axi_wrapper_0/inst/DUT/DUT/ENCAP_MODULE/init_msg_in_reg_i_1. This is not good design practice and will likely impact performance. For SLICE registers, for example, use the CE pin to control the loading of data.
WARNING: [DRC PDRC-153] Gated clock check: Net SoC_i/axi_wrapper_0/inst/DUT/DUT/ENCAP_MODULE/last_block_capture_reg_i_1_n_3 is a gated clock net sourced by a combinational pin SoC_i/axi_wrapper_0/inst/DUT/DUT/ENCAP_MODULE/last_block_capture_reg_i_1/O, cell SoC_i/axi_wrapper_0/inst/DUT/DUT/ENCAP_MODULE/last_block_capture_reg_i_1. This is not good design practice and will likely impact performance. For SLICE registers, for example, use the CE pin to control the loading of data.
WARNING: [DRC PDRC-153] Gated clock check: Net SoC_i/axi_wrapper_0/inst/DUT/DUT/ENCAP_MODULE/shake_in_type_reg[2]_i_2_n_3 is a gated clock net sourced by a combinational pin SoC_i/axi_wrapper_0/inst/DUT/DUT/ENCAP_MODULE/shake_in_type_reg[2]_i_2/O, cell SoC_i/axi_wrapper_0/inst/DUT/DUT/ENCAP_MODULE/shake_in_type_reg[2]_i_2. This is not good design practice and will likely impact performance. For SLICE registers, for example, use the CE pin to control the loading of data.
WARNING: [DRC PDRC-153] Gated clock check: Net SoC_i/axi_wrapper_0/inst/DUT/DUT/ENCAP_MODULE/start_encrypt_reg_i_1_n_3 is a gated clock net sourced by a combinational pin SoC_i/axi_wrapper_0/inst/DUT/DUT/ENCAP_MODULE/start_encrypt_reg_i_1/O, cell SoC_i/axi_wrapper_0/inst/DUT/DUT/ENCAP_MODULE/start_encrypt_reg_i_1. This is not good design practice and will likely impact performance. For SLICE registers, for example, use the CE pin to control the loading of data.
WARNING: [DRC PDRC-153] Gated clock check: Net SoC_i/axi_wrapper_0/inst/DUT/DUT/ENCAP_MODULE/start_hash_reg_i_2_n_3 is a gated clock net sourced by a combinational pin SoC_i/axi_wrapper_0/inst/DUT/DUT/ENCAP_MODULE/start_hash_reg_i_2/O, cell SoC_i/axi_wrapper_0/inst/DUT/DUT/ENCAP_MODULE/start_hash_reg_i_2. This is not good design practice and will likely impact performance. For SLICE registers, for example, use the CE pin to control the loading of data.
WARNING: [DRC PDRC-153] Gated clock check: Net SoC_i/axi_wrapper_0/inst/DUT/DUT/ENCAP_MODULE/theta_wen_reg_i_2_n_3 is a gated clock net sourced by a combinational pin SoC_i/axi_wrapper_0/inst/DUT/DUT/ENCAP_MODULE/theta_wen_reg_i_2/O, cell SoC_i/axi_wrapper_0/inst/DUT/DUT/ENCAP_MODULE/theta_wen_reg_i_2. This is not good design practice and will likely impact performance. For SLICE registers, for example, use the CE pin to control the loading of data.
WARNING: [DRC PDRC-153] Gated clock check: Net SoC_i/axi_wrapper_0/inst/DUT/DUT/KEYGEN_MODULE/FIXEDWEIGHT/decrease_weight_count_reg_i_2_n_3 is a gated clock net sourced by a combinational pin SoC_i/axi_wrapper_0/inst/DUT/DUT/KEYGEN_MODULE/FIXEDWEIGHT/decrease_weight_count_reg_i_2/O, cell SoC_i/axi_wrapper_0/inst/DUT/DUT/KEYGEN_MODULE/FIXEDWEIGHT/decrease_weight_count_reg_i_2. This is not good design practice and will likely impact performance. For SLICE registers, for example, use the CE pin to control the loading of data.
WARNING: [DRC PDRC-153] Gated clock check: Net SoC_i/axi_wrapper_0/inst/DUT/DUT/KEYGEN_MODULE/FIXEDWEIGHT/init_mem_onegen__0 is a gated clock net sourced by a combinational pin SoC_i/axi_wrapper_0/inst/DUT/DUT/KEYGEN_MODULE/FIXEDWEIGHT/init_mem_onegen_reg_i_2/O, cell SoC_i/axi_wrapper_0/inst/DUT/DUT/KEYGEN_MODULE/FIXEDWEIGHT/init_mem_onegen_reg_i_2. This is not good design practice and will likely impact performance. For SLICE registers, for example, use the CE pin to control the loading of data.
WARNING: [DRC PDRC-153] Gated clock check: Net SoC_i/axi_wrapper_0/inst/DUT/DUT/KEYGEN_MODULE/FIXEDWEIGHT/onegen_instance/done_s_reg_1 is a gated clock net sourced by a combinational pin SoC_i/axi_wrapper_0/inst/DUT/DUT/KEYGEN_MODULE/FIXEDWEIGHT/onegen_instance/start_fw_reg_i_2/O, cell SoC_i/axi_wrapper_0/inst/DUT/DUT/KEYGEN_MODULE/FIXEDWEIGHT/onegen_instance/start_fw_reg_i_2. This is not good design practice and will likely impact performance. For SLICE registers, for example, use the CE pin to control the loading of data.
WARNING: [DRC PDRC-153] Gated clock check: Net SoC_i/axi_wrapper_0/inst/DUT/DUT/KEYGEN_MODULE/FIXEDWEIGHT/onegen_instance/init_reg_i_2_n_3 is a gated clock net sourced by a combinational pin SoC_i/axi_wrapper_0/inst/DUT/DUT/KEYGEN_MODULE/FIXEDWEIGHT/onegen_instance/init_reg_i_2/O, cell SoC_i/axi_wrapper_0/inst/DUT/DUT/KEYGEN_MODULE/FIXEDWEIGHT/onegen_instance/init_reg_i_2. This is not good design practice and will likely impact performance. For SLICE registers, for example, use the CE pin to control the loading of data.
WARNING: [DRC PDRC-153] Gated clock check: Net SoC_i/axi_wrapper_0/inst/DUT/DUT/KEYGEN_MODULE/FIXEDWEIGHT/onegen_instance/rd_en_reg_i_2_n_3 is a gated clock net sourced by a combinational pin SoC_i/axi_wrapper_0/inst/DUT/DUT/KEYGEN_MODULE/FIXEDWEIGHT/onegen_instance/rd_en_reg_i_2/O, cell SoC_i/axi_wrapper_0/inst/DUT/DUT/KEYGEN_MODULE/FIXEDWEIGHT/onegen_instance/rd_en_reg_i_2. This is not good design practice and will likely impact performance. For SLICE registers, for example, use the CE pin to control the loading of data.
WARNING: [DRC PDRC-153] Gated clock check: Net SoC_i/axi_wrapper_0/inst/DUT/DUT/KEYGEN_MODULE/FIXEDWEIGHT/onegen_instance/reading_out_reg_i_2_n_3 is a gated clock net sourced by a combinational pin SoC_i/axi_wrapper_0/inst/DUT/DUT/KEYGEN_MODULE/FIXEDWEIGHT/onegen_instance/reading_out_reg_i_2/O, cell SoC_i/axi_wrapper_0/inst/DUT/DUT/KEYGEN_MODULE/FIXEDWEIGHT/onegen_instance/reading_out_reg_i_2. This is not good design practice and will likely impact performance. For SLICE registers, for example, use the CE pin to control the loading of data.
WARNING: [DRC PDRC-153] Gated clock check: Net SoC_i/axi_wrapper_0/inst/DUT/DUT/KEYGEN_MODULE/FIXEDWEIGHT/onegen_instance/wren_0_reg_i_2_n_3 is a gated clock net sourced by a combinational pin SoC_i/axi_wrapper_0/inst/DUT/DUT/KEYGEN_MODULE/FIXEDWEIGHT/onegen_instance/wren_0_reg_i_2/O, cell SoC_i/axi_wrapper_0/inst/DUT/DUT/KEYGEN_MODULE/FIXEDWEIGHT/onegen_instance/wren_0_reg_i_2. This is not good design practice and will likely impact performance. For SLICE registers, for example, use the CE pin to control the loading of data.
WARNING: [DRC PDRC-153] Gated clock check: Net SoC_i/axi_wrapper_0/inst/DUT/DUT/KEYGEN_MODULE/FIXEDWEIGHT/onegen_instance/wren_1_reg_i_2_n_3 is a gated clock net sourced by a combinational pin SoC_i/axi_wrapper_0/inst/DUT/DUT/KEYGEN_MODULE/FIXEDWEIGHT/onegen_instance/wren_1_reg_i_2/O, cell SoC_i/axi_wrapper_0/inst/DUT/DUT/KEYGEN_MODULE/FIXEDWEIGHT/onegen_instance/wren_1_reg_i_2. This is not good design practice and will likely impact performance. For SLICE registers, for example, use the CE pin to control the loading of data.
WARNING: [DRC PDRC-153] Gated clock check: Net SoC_i/axi_wrapper_0/inst/DUT/DUT/KEYGEN_MODULE/FIXEDWEIGHT/sel_ctx__0 is a gated clock net sourced by a combinational pin SoC_i/axi_wrapper_0/inst/DUT/DUT/KEYGEN_MODULE/FIXEDWEIGHT/sel_ctx_reg[1]_i_1/O, cell SoC_i/axi_wrapper_0/inst/DUT/DUT/KEYGEN_MODULE/FIXEDWEIGHT/sel_ctx_reg[1]_i_1. This is not good design practice and will likely impact performance. For SLICE registers, for example, use the CE pin to control the loading of data.
WARNING: [DRC PDRC-153] Gated clock check: Net SoC_i/axi_wrapper_0/inst/DUT/DUT/KEYGEN_MODULE/FIXEDWEIGHT/shake_input_type__0 is a gated clock net sourced by a combinational pin SoC_i/axi_wrapper_0/inst/DUT/DUT/KEYGEN_MODULE/FIXEDWEIGHT/shake_input_type_reg[1]_i_2/O, cell SoC_i/axi_wrapper_0/inst/DUT/DUT/KEYGEN_MODULE/FIXEDWEIGHT/shake_input_type_reg[1]_i_2. This is not good design practice and will likely impact performance. For SLICE registers, for example, use the CE pin to control the loading of data.
WARNING: [DRC PDRC-153] Gated clock check: Net SoC_i/axi_wrapper_0/inst/DUT/DUT/KEYGEN_MODULE/FIXEDWEIGHT/squeeze_ctrl_reg_i_2_n_3 is a gated clock net sourced by a combinational pin SoC_i/axi_wrapper_0/inst/DUT/DUT/KEYGEN_MODULE/FIXEDWEIGHT/squeeze_ctrl_reg_i_2/O, cell SoC_i/axi_wrapper_0/inst/DUT/DUT/KEYGEN_MODULE/FIXEDWEIGHT/squeeze_ctrl_reg_i_2. This is not good design practice and will likely impact performance. For SLICE registers, for example, use the CE pin to control the loading of data.
WARNING: [DRC PDRC-153] Gated clock check: Net SoC_i/axi_wrapper_0/inst/DUT/DUT/KEYGEN_MODULE/VECTSETRAND/shake_input_type_reg[1]_i_2__0_n_3 is a gated clock net sourced by a combinational pin SoC_i/axi_wrapper_0/inst/DUT/DUT/KEYGEN_MODULE/VECTSETRAND/shake_input_type_reg[1]_i_2__0/O, cell SoC_i/axi_wrapper_0/inst/DUT/DUT/KEYGEN_MODULE/VECTSETRAND/shake_input_type_reg[1]_i_2__0. This is not good design practice and will likely impact performance. For SLICE registers, for example, use the CE pin to control the loading of data.
WARNING: [DRC PDRC-153] Gated clock check: Net SoC_i/axi_wrapper_0/inst/DUT/DUT/KEYGEN_MODULE/sel_x_reg_i_2_n_3 is a gated clock net sourced by a combinational pin SoC_i/axi_wrapper_0/inst/DUT/DUT/KEYGEN_MODULE/sel_x_reg_i_2/O, cell SoC_i/axi_wrapper_0/inst/DUT/DUT/KEYGEN_MODULE/sel_x_reg_i_2. This is not good design practice and will likely impact performance. For SLICE registers, for example, use the CE pin to control the loading of data.
WARNING: [DRC PDRC-153] Gated clock check: Net SoC_i/axi_wrapper_0/inst/DUT/DUT/KEYGEN_MODULE/start_adder_reg_i_2_n_3 is a gated clock net sourced by a combinational pin SoC_i/axi_wrapper_0/inst/DUT/DUT/KEYGEN_MODULE/start_adder_reg_i_2/O, cell SoC_i/axi_wrapper_0/inst/DUT/DUT/KEYGEN_MODULE/start_adder_reg_i_2. This is not good design practice and will likely impact performance. For SLICE registers, for example, use the CE pin to control the loading of data.
WARNING: [DRC PDRC-153] Gated clock check: Net SoC_i/axi_wrapper_0/inst/DUT/DUT/KEYGEN_MODULE/start_poly_mult_reg_i_2_n_3 is a gated clock net sourced by a combinational pin SoC_i/axi_wrapper_0/inst/DUT/DUT/KEYGEN_MODULE/start_poly_mult_reg_i_2/O, cell SoC_i/axi_wrapper_0/inst/DUT/DUT/KEYGEN_MODULE/start_poly_mult_reg_i_2. This is not good design practice and will likely impact performance. For SLICE registers, for example, use the CE pin to control the loading of data.
WARNING: [DRC PDRC-153] Gated clock check: Net SoC_i/axi_wrapper_0/inst/DUT/DUT/KEYGEN_MODULE/start_x_transfer_reg_i_2_n_3 is a gated clock net sourced by a combinational pin SoC_i/axi_wrapper_0/inst/DUT/DUT/KEYGEN_MODULE/start_x_transfer_reg_i_2/O, cell SoC_i/axi_wrapper_0/inst/DUT/DUT/KEYGEN_MODULE/start_x_transfer_reg_i_2. This is not good design practice and will likely impact performance. For SLICE registers, for example, use the CE pin to control the loading of data.
WARNING: [DRC PDRC-153] Gated clock check: Net SoC_i/axi_wrapper_0/inst/DUT/DUT/SHAKE256/control_path_instance/din_ready_internal_reg_i_2_n_3 is a gated clock net sourced by a combinational pin SoC_i/axi_wrapper_0/inst/DUT/DUT/SHAKE256/control_path_instance/din_ready_internal_reg_i_2/O, cell SoC_i/axi_wrapper_0/inst/DUT/DUT/SHAKE256/control_path_instance/din_ready_internal_reg_i_2. This is not good design practice and will likely impact performance. For SLICE registers, for example, use the CE pin to control the loading of data.
WARNING: [DRC PDRC-153] Gated clock check: Net SoC_i/axi_wrapper_0/inst/DUT/DUT/SHAKE256/control_path_instance/prev_start_addr__0 is a gated clock net sourced by a combinational pin SoC_i/axi_wrapper_0/inst/DUT/DUT/SHAKE256/control_path_instance/prev_start_addr_reg[5]_i_1/O, cell SoC_i/axi_wrapper_0/inst/DUT/DUT/SHAKE256/control_path_instance/prev_start_addr_reg[5]_i_1. This is not good design practice and will likely impact performance. For SLICE registers, for example, use the CE pin to control the loading of data.
WARNING: [DRC PDRC-153] Gated clock check: Net SoC_i/axi_wrapper_0/inst/DUT/DUT/SHAKE256/control_path_instance/start_addr_reg[5]_i_2_n_3 is a gated clock net sourced by a combinational pin SoC_i/axi_wrapper_0/inst/DUT/DUT/SHAKE256/control_path_instance/start_addr_reg[5]_i_2/O, cell SoC_i/axi_wrapper_0/inst/DUT/DUT/SHAKE256/control_path_instance/start_addr_reg[5]_i_2. This is not good design practice and will likely impact performance. For SLICE registers, for example, use the CE pin to control the loading of data.
WARNING: [DRC RTSTAT-10] No routable loads: 91 net(s) have no routable loads. The problem bus(es) and/or net(s) are dbg_hub/inst/BSCANID.u_xsdbm_id/SWITCH_N_EXT_BSCAN.bscan_inst/TMS, SoC_i/ps8_0_axi_periph/s01_couplers/auto_ds/inst/gen_downsizer.gen_simple_downsizer.axi_downsizer_inst/USE_READ.read_addr_inst/cmd_queue/inst/fifo_gen_inst/inst_fifo_gen/gconvfifo.rf/grf.rf/gntv_or_sync_fifo.gl0.rd/gr1.gr1_int.rfwft/aempty_fwft_i, SoC_i/ps8_0_axi_periph/s00_couplers/auto_ds/inst/gen_downsizer.gen_simple_downsizer.axi_downsizer_inst/USE_WRITE.write_addr_inst/cmd_queue/inst/fifo_gen_inst/inst_fifo_gen/gconvfifo.rf/grf.rf/gntv_or_sync_fifo.gl0.rd/gr1.gr1_int.rfwft/aempty_fwft_i, dbg_hub/inst/BSCANID.u_xsdbm_id/CORE_XSDB.UUT_MASTER/U_ICON_INTERFACE/U_CMD6_RD/U_RD_FIFO/SUBCORE_FIFO.xsdbm_v3_0_0_rdfifo_inst/inst_fifo_gen/gconvfifo.rf/grf.rf/gntv_or_sync_fifo.gl0.rd/gr1.gr1_int.rfwft/aempty_fwft_i, SoC_i/ps8_0_axi_periph/s01_couplers/auto_ds/inst/gen_downsizer.gen_simple_downsizer.axi_downsizer_inst/USE_WRITE.write_addr_inst/cmd_queue/inst/fifo_gen_inst/inst_fifo_gen/gconvfifo.rf/grf.rf/gntv_or_sync_fifo.gl0.rd/gr1.gr1_int.rfwft/aempty_fwft_i, SoC_i/ps8_0_axi_periph/s00_couplers/auto_ds/inst/gen_downsizer.gen_simple_downsizer.axi_downsizer_inst/USE_READ.read_addr_inst/cmd_queue/inst/fifo_gen_inst/inst_fifo_gen/gconvfifo.rf/grf.rf/gntv_or_sync_fifo.gl0.rd/gr1.gr1_int.rfwft/aempty_fwft_i, SoC_i/ps8_0_axi_periph/s00_couplers/auto_ds/inst/gen_downsizer.gen_simple_downsizer.axi_downsizer_inst/USE_WRITE.write_addr_inst/USE_B_CHANNEL.cmd_b_queue/inst/fifo_gen_inst/inst_fifo_gen/gconvfifo.rf/grf.rf/gntv_or_sync_fifo.gl0.rd/gr1.gr1_int.rfwft/aempty_fwft_i, SoC_i/ps8_0_axi_periph/s01_couplers/auto_ds/inst/gen_downsizer.gen_simple_downsizer.axi_downsizer_inst/USE_WRITE.write_addr_inst/USE_B_CHANNEL.cmd_b_queue/inst/fifo_gen_inst/inst_fifo_gen/gconvfifo.rf/grf.rf/gntv_or_sync_fifo.gl0.rd/gr1.gr1_int.rfwft/aempty_fwft_i, dbg_hub/inst/BSCANID.u_xsdbm_id/CORE_XSDB.UUT_MASTER/U_ICON_INTERFACE/U_CMD7_CTL/ctl_reg[2:0], dbg_hub/inst/BSCANID.u_xsdbm_id/CORE_XSDB.UUT_MASTER/U_ICON_INTERFACE/U_CMD7_CTL/ctl_reg_en_2[1], dbg_hub/inst/BSCANID.u_xsdbm_id/CORE_XSDB.UUT_MASTER/U_ICON_INTERFACE/U_CMD1/ctl_reg_en_2[1], dbg_hub/inst/BSCANID.u_xsdbm_id/SWITCH_N_EXT_BSCAN.bscan_switch/m_bscan_capture[0], dbg_hub/inst/BSCANID.u_xsdbm_id/SWITCH_N_EXT_BSCAN.bscan_switch/m_bscan_drck[0], dbg_hub/inst/BSCANID.u_xsdbm_id/SWITCH_N_EXT_BSCAN.bscan_switch/m_bscan_runtest[0], SoC_i/ps8_0_axi_periph/s00_couplers/auto_ds/inst/gen_downsizer.gen_simple_downsizer.axi_downsizer_inst/USE_WRITE.write_addr_inst/cmd_queue/inst/fifo_gen_inst/inst_fifo_gen/gconvfifo.rf/grf.rf/rstblk/ngwrdrst.grst.rd_rst_reg[2:0]... and (the first 15 of 65 listed).
INFO: [Vivado 12-3199] DRC finished with 0 Errors, 73 Warnings
INFO: [Vivado 12-3200] Please refer to the DRC report (report_drc) for more information.
INFO: [Designutils 20-2272] Running write_bitstream with 2 threads.
Loading data files...
Loading site data...
Loading route data...
Processing options...
Creating bitmap...
Creating bitstream...
Writing bitstream ./SoC_wrapper.bit...
INFO: [Vivado 12-1842] Bitgen Completed Successfully.
INFO: [Project 1-1876] WebTalk data collection is mandatory when using a ULT device. To see the specific WebTalk data collected for your design, open the usage_statistics_webtalk.html or usage_statistics_webtalk.xml file in the implementation directory.
INFO: [Common 17-83] Releasing license: Implementation
12 Infos, 73 Warnings, 0 Critical Warnings and 0 Errors encountered.
write_bitstream completed successfully
write_bitstream: Time (s): cpu = 00:00:35 ; elapsed = 00:00:30 . Memory (MB): peak = 4438.473 ; gain = 299.992
INFO: [Common 17-206] Exiting Vivado at Wed Mar 25 18:43:25 2026...
