Copyright 1986-2022 Xilinx, Inc. All Rights Reserved.
-----------------------------------------------------------------------------------------------------------------------------------------------------------------------
| Tool Version : Vivado v.2022.2 (win64) Build 3671981 Fri Oct 14 05:00:03 MDT 2022
| Date         : Wed Mar 25 18:42:36 2026
| Host         : MSI running 64-bit major release  (build 9200)
| Command      : report_methodology -file SoC_wrapper_methodology_drc_routed.rpt -pb SoC_wrapper_methodology_drc_routed.pb -rpx SoC_wrapper_methodology_drc_routed.rpx
| Design       : SoC_wrapper
| Device       : xck26-sfvc784-2LV-c
| Speed File   : -2LV
| Design State : Fully Routed
-----------------------------------------------------------------------------------------------------------------------------------------------------------------------

Report Methodology

Table of Contents
-----------------
1. REPORT SUMMARY
2. REPORT DETAILS

1. REPORT SUMMARY
-----------------
            Netlist: netlist
          Floorplan: design_1
      Design limits: <entire design considered>
             Max violations: <unlimited>
             Violations found: 266
+-----------+----------+--------------------------------+------------+
| Rule      | Severity | Description                    | Violations |
+-----------+----------+--------------------------------+------------+
| LUTAR-1   | Warning  | LUT drives async reset alert   | 7          |
| TIMING-20 | Warning  | Non-clocked latch              | 258        |
| LATCH-1   | Advisory | Existing latches in the design | 1          |
+-----------+----------+--------------------------------+------------+

2. REPORT DETAILS
-----------------
LUTAR-1#1 Warning
LUT drives async reset alert  
LUT cell SoC_i/ps8_0_axi_periph/s00_couplers/auto_ds/inst/gen_downsizer.gen_simple_downsizer.axi_downsizer_inst/USE_READ.read_addr_inst/cmd_queue/inst/fifo_gen_inst/inst_fifo_gen/gconvfifo.rf/grf.rf/rstblk/gpregsm1.curr_fwft_state[1]_i_2, with 2 or more inputs, drives asynchronous preset/clear pin(s) SoC_i/ps8_0_axi_periph/s00_couplers/auto_ds/inst/gen_downsizer.gen_simple_downsizer.axi_downsizer_inst/USE_READ.read_addr_inst/cmd_queue/inst/fifo_gen_inst/inst_fifo_gen/gconvfifo.rf/grf.rf/gntv_or_sync_fifo.gl0.rd/gr1.gr1_int.rfwft/gpregsm1.user_valid_reg/CLR,
SoC_i/ps8_0_axi_periph/s00_couplers/auto_ds/inst/gen_downsizer.gen_simple_downsizer.axi_downsizer_inst/USE_READ.read_addr_inst/cmd_queue/inst/fifo_gen_inst/inst_fifo_gen/gconvfifo.rf/grf.rf/gntv_or_sync_fifo.gl0.rd/grss.rsts/ram_empty_fb_i_reg/PRE,
SoC_i/ps8_0_axi_periph/s00_couplers/auto_ds/inst/gen_downsizer.gen_simple_downsizer.axi_downsizer_inst/USE_READ.read_addr_inst/cmd_queue/inst/fifo_gen_inst/inst_fifo_gen/gconvfifo.rf/grf.rf/gntv_or_sync_fifo.gl0.rd/grss.rsts/ram_empty_i_reg/PRE,
SoC_i/ps8_0_axi_periph/s00_couplers/auto_ds/inst/gen_downsizer.gen_simple_downsizer.axi_downsizer_inst/USE_READ.read_addr_inst/cmd_queue/inst/fifo_gen_inst/inst_fifo_gen/gconvfifo.rf/grf.rf/gntv_or_sync_fifo.gl0.wr/gwss.wsts/ram_full_fb_i_reg/CLR,
SoC_i/ps8_0_axi_periph/s00_couplers/auto_ds/inst/gen_downsizer.gen_simple_downsizer.axi_downsizer_inst/USE_READ.read_addr_inst/cmd_queue/inst/fifo_gen_inst/inst_fifo_gen/gconvfifo.rf/grf.rf/gntv_or_sync_fifo.gl0.wr/gwss.wsts/ram_full_i_reg/CLR,
SoC_i/ps8_0_axi_periph/s00_couplers/auto_ds/inst/gen_downsizer.gen_simple_downsizer.axi_downsizer_inst/USE_READ.read_addr_inst/cmd_queue/inst/fifo_gen_inst/inst_fifo_gen/gconvfifo.rf/grf.rf/gntv_or_sync_fifo.gl0.wr/wpntr/gcc0.gc0.count_d1_reg[0]/CLR,
SoC_i/ps8_0_axi_periph/s00_couplers/auto_ds/inst/gen_downsizer.gen_simple_downsizer.axi_downsizer_inst/USE_READ.read_addr_inst/cmd_queue/inst/fifo_gen_inst/inst_fifo_gen/gconvfifo.rf/grf.rf/gntv_or_sync_fifo.gl0.wr/wpntr/gcc0.gc0.count_d1_reg[1]/CLR,
SoC_i/ps8_0_axi_periph/s00_couplers/auto_ds/inst/gen_downsizer.gen_simple_downsizer.axi_downsizer_inst/USE_READ.read_addr_inst/cmd_queue/inst/fifo_gen_inst/inst_fifo_gen/gconvfifo.rf/grf.rf/gntv_or_sync_fifo.gl0.wr/wpntr/gcc0.gc0.count_d1_reg[2]/CLR,
SoC_i/ps8_0_axi_periph/s00_couplers/auto_ds/inst/gen_downsizer.gen_simple_downsizer.axi_downsizer_inst/USE_READ.read_addr_inst/cmd_queue/inst/fifo_gen_inst/inst_fifo_gen/gconvfifo.rf/grf.rf/gntv_or_sync_fifo.gl0.wr/wpntr/gcc0.gc0.count_d1_reg[3]/CLR,
SoC_i/ps8_0_axi_periph/s00_couplers/auto_ds/inst/gen_downsizer.gen_simple_downsizer.axi_downsizer_inst/USE_READ.read_addr_inst/cmd_queue/inst/fifo_gen_inst/inst_fifo_gen/gconvfifo.rf/grf.rf/gntv_or_sync_fifo.gl0.wr/wpntr/gcc0.gc0.count_d1_reg[4]/CLR,
SoC_i/ps8_0_axi_periph/s00_couplers/auto_ds/inst/gen_downsizer.gen_simple_downsizer.axi_downsizer_inst/USE_READ.read_addr_inst/cmd_queue/inst/fifo_gen_inst/inst_fifo_gen/gconvfifo.rf/grf.rf/gntv_or_sync_fifo.gl0.wr/wpntr/gcc0.gc0.count_reg[0]/PRE,
SoC_i/ps8_0_axi_periph/s00_couplers/auto_ds/inst/gen_downsizer.gen_simple_downsizer.axi_downsizer_inst/USE_READ.read_addr_inst/cmd_queue/inst/fifo_gen_inst/inst_fifo_gen/gconvfifo.rf/grf.rf/gntv_or_sync_fifo.gl0.wr/wpntr/gcc0.gc0.count_reg[1]/CLR,
SoC_i/ps8_0_axi_periph/s00_couplers/auto_ds/inst/gen_downsizer.gen_simple_downsizer.axi_downsizer_inst/USE_READ.read_addr_inst/cmd_queue/inst/fifo_gen_inst/inst_fifo_gen/gconvfifo.rf/grf.rf/gntv_or_sync_fifo.gl0.wr/wpntr/gcc0.gc0.count_reg[2]/CLR,
SoC_i/ps8_0_axi_periph/s00_couplers/auto_ds/inst/gen_downsizer.gen_simple_downsizer.axi_downsizer_inst/USE_READ.read_addr_inst/cmd_queue/inst/fifo_gen_inst/inst_fifo_gen/gconvfifo.rf/grf.rf/gntv_or_sync_fifo.gl0.wr/wpntr/gcc0.gc0.count_reg[3]/CLR,
SoC_i/ps8_0_axi_periph/s00_couplers/auto_ds/inst/gen_downsizer.gen_simple_downsizer.axi_downsizer_inst/USE_READ.read_addr_inst/cmd_queue/inst/fifo_gen_inst/inst_fifo_gen/gconvfifo.rf/grf.rf/gntv_or_sync_fifo.gl0.wr/wpntr/gcc0.gc0.count_reg[4]/CLR
 (the first 15 of 32 listed). The LUT may glitch and trigger an unexpected reset, even if it is a properly timed path.
Related violations: <none>

LUTAR-1#2 Warning
LUT drives async reset alert  
LUT cell SoC_i/ps8_0_axi_periph/s00_couplers/auto_ds/inst/gen_downsizer.gen_simple_downsizer.axi_downsizer_inst/USE_WRITE.write_addr_inst/USE_B_CHANNEL.cmd_b_queue/inst/fifo_gen_inst/inst_fifo_gen/gconvfifo.rf/grf.rf/rstblk/gpregsm1.curr_fwft_state[1]_i_2, with 2 or more inputs, drives asynchronous preset/clear pin(s) SoC_i/ps8_0_axi_periph/s00_couplers/auto_ds/inst/gen_downsizer.gen_simple_downsizer.axi_downsizer_inst/USE_WRITE.write_addr_inst/USE_B_CHANNEL.cmd_b_queue/inst/fifo_gen_inst/inst_fifo_gen/gconvfifo.rf/grf.rf/gntv_or_sync_fifo.gl0.rd/gr1.gr1_int.rfwft/gpregsm1.user_valid_reg/CLR,
SoC_i/ps8_0_axi_periph/s00_couplers/auto_ds/inst/gen_downsizer.gen_simple_downsizer.axi_downsizer_inst/USE_WRITE.write_addr_inst/USE_B_CHANNEL.cmd_b_queue/inst/fifo_gen_inst/inst_fifo_gen/gconvfifo.rf/grf.rf/gntv_or_sync_fifo.gl0.rd/grss.rsts/ram_empty_fb_i_reg/PRE,
SoC_i/ps8_0_axi_periph/s00_couplers/auto_ds/inst/gen_downsizer.gen_simple_downsizer.axi_downsizer_inst/USE_WRITE.write_addr_inst/USE_B_CHANNEL.cmd_b_queue/inst/fifo_gen_inst/inst_fifo_gen/gconvfifo.rf/grf.rf/gntv_or_sync_fifo.gl0.rd/grss.rsts/ram_empty_i_reg/PRE,
SoC_i/ps8_0_axi_periph/s00_couplers/auto_ds/inst/gen_downsizer.gen_simple_downsizer.axi_downsizer_inst/USE_WRITE.write_addr_inst/USE_B_CHANNEL.cmd_b_queue/inst/fifo_gen_inst/inst_fifo_gen/gconvfifo.rf/grf.rf/gntv_or_sync_fifo.gl0.wr/gwss.wsts/ram_full_fb_i_reg/CLR,
SoC_i/ps8_0_axi_periph/s00_couplers/auto_ds/inst/gen_downsizer.gen_simple_downsizer.axi_downsizer_inst/USE_WRITE.write_addr_inst/USE_B_CHANNEL.cmd_b_queue/inst/fifo_gen_inst/inst_fifo_gen/gconvfifo.rf/grf.rf/gntv_or_sync_fifo.gl0.wr/gwss.wsts/ram_full_i_reg/CLR,
SoC_i/ps8_0_axi_periph/s00_couplers/auto_ds/inst/gen_downsizer.gen_simple_downsizer.axi_downsizer_inst/USE_WRITE.write_addr_inst/USE_B_CHANNEL.cmd_b_queue/inst/fifo_gen_inst/inst_fifo_gen/gconvfifo.rf/grf.rf/gntv_or_sync_fifo.gl0.wr/wpntr/gcc0.gc0.count_d1_reg[0]/CLR,
SoC_i/ps8_0_axi_periph/s00_couplers/auto_ds/inst/gen_downsizer.gen_simple_downsizer.axi_downsizer_inst/USE_WRITE.write_addr_inst/USE_B_CHANNEL.cmd_b_queue/inst/fifo_gen_inst/inst_fifo_gen/gconvfifo.rf/grf.rf/gntv_or_sync_fifo.gl0.wr/wpntr/gcc0.gc0.count_d1_reg[1]/CLR,
SoC_i/ps8_0_axi_periph/s00_couplers/auto_ds/inst/gen_downsizer.gen_simple_downsizer.axi_downsizer_inst/USE_WRITE.write_addr_inst/USE_B_CHANNEL.cmd_b_queue/inst/fifo_gen_inst/inst_fifo_gen/gconvfifo.rf/grf.rf/gntv_or_sync_fifo.gl0.wr/wpntr/gcc0.gc0.count_d1_reg[2]/CLR,
SoC_i/ps8_0_axi_periph/s00_couplers/auto_ds/inst/gen_downsizer.gen_simple_downsizer.axi_downsizer_inst/USE_WRITE.write_addr_inst/USE_B_CHANNEL.cmd_b_queue/inst/fifo_gen_inst/inst_fifo_gen/gconvfifo.rf/grf.rf/gntv_or_sync_fifo.gl0.wr/wpntr/gcc0.gc0.count_d1_reg[3]/CLR,
SoC_i/ps8_0_axi_periph/s00_couplers/auto_ds/inst/gen_downsizer.gen_simple_downsizer.axi_downsizer_inst/USE_WRITE.write_addr_inst/USE_B_CHANNEL.cmd_b_queue/inst/fifo_gen_inst/inst_fifo_gen/gconvfifo.rf/grf.rf/gntv_or_sync_fifo.gl0.wr/wpntr/gcc0.gc0.count_d1_reg[4]/CLR,
SoC_i/ps8_0_axi_periph/s00_couplers/auto_ds/inst/gen_downsizer.gen_simple_downsizer.axi_downsizer_inst/USE_WRITE.write_addr_inst/USE_B_CHANNEL.cmd_b_queue/inst/fifo_gen_inst/inst_fifo_gen/gconvfifo.rf/grf.rf/gntv_or_sync_fifo.gl0.wr/wpntr/gcc0.gc0.count_reg[0]/PRE,
SoC_i/ps8_0_axi_periph/s00_couplers/auto_ds/inst/gen_downsizer.gen_simple_downsizer.axi_downsizer_inst/USE_WRITE.write_addr_inst/USE_B_CHANNEL.cmd_b_queue/inst/fifo_gen_inst/inst_fifo_gen/gconvfifo.rf/grf.rf/gntv_or_sync_fifo.gl0.wr/wpntr/gcc0.gc0.count_reg[1]/CLR,
SoC_i/ps8_0_axi_periph/s00_couplers/auto_ds/inst/gen_downsizer.gen_simple_downsizer.axi_downsizer_inst/USE_WRITE.write_addr_inst/USE_B_CHANNEL.cmd_b_queue/inst/fifo_gen_inst/inst_fifo_gen/gconvfifo.rf/grf.rf/gntv_or_sync_fifo.gl0.wr/wpntr/gcc0.gc0.count_reg[2]/CLR,
SoC_i/ps8_0_axi_periph/s00_couplers/auto_ds/inst/gen_downsizer.gen_simple_downsizer.axi_downsizer_inst/USE_WRITE.write_addr_inst/USE_B_CHANNEL.cmd_b_queue/inst/fifo_gen_inst/inst_fifo_gen/gconvfifo.rf/grf.rf/gntv_or_sync_fifo.gl0.wr/wpntr/gcc0.gc0.count_reg[3]/CLR,
SoC_i/ps8_0_axi_periph/s00_couplers/auto_ds/inst/gen_downsizer.gen_simple_downsizer.axi_downsizer_inst/USE_WRITE.write_addr_inst/USE_B_CHANNEL.cmd_b_queue/inst/fifo_gen_inst/inst_fifo_gen/gconvfifo.rf/grf.rf/gntv_or_sync_fifo.gl0.wr/wpntr/gcc0.gc0.count_reg[4]/CLR
 (the first 15 of 32 listed). The LUT may glitch and trigger an unexpected reset, even if it is a properly timed path.
Related violations: <none>

LUTAR-1#3 Warning
LUT drives async reset alert  
LUT cell SoC_i/ps8_0_axi_periph/s00_couplers/auto_ds/inst/gen_downsizer.gen_simple_downsizer.axi_downsizer_inst/USE_WRITE.write_addr_inst/cmd_queue/inst/fifo_gen_inst/inst_fifo_gen/gconvfifo.rf/grf.rf/rstblk/gpregsm1.curr_fwft_state[1]_i_2, with 2 or more inputs, drives asynchronous preset/clear pin(s) SoC_i/ps8_0_axi_periph/s00_couplers/auto_ds/inst/gen_downsizer.gen_simple_downsizer.axi_downsizer_inst/USE_WRITE.write_addr_inst/cmd_queue/inst/fifo_gen_inst/inst_fifo_gen/gconvfifo.rf/grf.rf/gntv_or_sync_fifo.gl0.rd/gr1.gr1_int.rfwft/gpregsm1.user_valid_reg/CLR,
SoC_i/ps8_0_axi_periph/s00_couplers/auto_ds/inst/gen_downsizer.gen_simple_downsizer.axi_downsizer_inst/USE_WRITE.write_addr_inst/cmd_queue/inst/fifo_gen_inst/inst_fifo_gen/gconvfifo.rf/grf.rf/gntv_or_sync_fifo.gl0.rd/grss.rsts/ram_empty_fb_i_reg/PRE,
SoC_i/ps8_0_axi_periph/s00_couplers/auto_ds/inst/gen_downsizer.gen_simple_downsizer.axi_downsizer_inst/USE_WRITE.write_addr_inst/cmd_queue/inst/fifo_gen_inst/inst_fifo_gen/gconvfifo.rf/grf.rf/gntv_or_sync_fifo.gl0.rd/grss.rsts/ram_empty_i_reg/PRE,
SoC_i/ps8_0_axi_periph/s00_couplers/auto_ds/inst/gen_downsizer.gen_simple_downsizer.axi_downsizer_inst/USE_WRITE.write_addr_inst/cmd_queue/inst/fifo_gen_inst/inst_fifo_gen/gconvfifo.rf/grf.rf/gntv_or_sync_fifo.gl0.wr/gwss.wsts/ram_full_fb_i_reg/CLR,
SoC_i/ps8_0_axi_periph/s00_couplers/auto_ds/inst/gen_downsizer.gen_simple_downsizer.axi_downsizer_inst/USE_WRITE.write_addr_inst/cmd_queue/inst/fifo_gen_inst/inst_fifo_gen/gconvfifo.rf/grf.rf/gntv_or_sync_fifo.gl0.wr/gwss.wsts/ram_full_i_reg/CLR,
SoC_i/ps8_0_axi_periph/s00_couplers/auto_ds/inst/gen_downsizer.gen_simple_downsizer.axi_downsizer_inst/USE_WRITE.write_addr_inst/cmd_queue/inst/fifo_gen_inst/inst_fifo_gen/gconvfifo.rf/grf.rf/gntv_or_sync_fifo.gl0.wr/wpntr/gcc0.gc0.count_d1_reg[0]/CLR,
SoC_i/ps8_0_axi_periph/s00_couplers/auto_ds/inst/gen_downsizer.gen_simple_downsizer.axi_downsizer_inst/USE_WRITE.write_addr_inst/cmd_queue/inst/fifo_gen_inst/inst_fifo_gen/gconvfifo.rf/grf.rf/gntv_or_sync_fifo.gl0.wr/wpntr/gcc0.gc0.count_d1_reg[1]/CLR,
SoC_i/ps8_0_axi_periph/s00_couplers/auto_ds/inst/gen_downsizer.gen_simple_downsizer.axi_downsizer_inst/USE_WRITE.write_addr_inst/cmd_queue/inst/fifo_gen_inst/inst_fifo_gen/gconvfifo.rf/grf.rf/gntv_or_sync_fifo.gl0.wr/wpntr/gcc0.gc0.count_d1_reg[2]/CLR,
SoC_i/ps8_0_axi_periph/s00_couplers/auto_ds/inst/gen_downsizer.gen_simple_downsizer.axi_downsizer_inst/USE_WRITE.write_addr_inst/cmd_queue/inst/fifo_gen_inst/inst_fifo_gen/gconvfifo.rf/grf.rf/gntv_or_sync_fifo.gl0.wr/wpntr/gcc0.gc0.count_d1_reg[3]/CLR,
SoC_i/ps8_0_axi_periph/s00_couplers/auto_ds/inst/gen_downsizer.gen_simple_downsizer.axi_downsizer_inst/USE_WRITE.write_addr_inst/cmd_queue/inst/fifo_gen_inst/inst_fifo_gen/gconvfifo.rf/grf.rf/gntv_or_sync_fifo.gl0.wr/wpntr/gcc0.gc0.count_d1_reg[4]/CLR,
SoC_i/ps8_0_axi_periph/s00_couplers/auto_ds/inst/gen_downsizer.gen_simple_downsizer.axi_downsizer_inst/USE_WRITE.write_addr_inst/cmd_queue/inst/fifo_gen_inst/inst_fifo_gen/gconvfifo.rf/grf.rf/gntv_or_sync_fifo.gl0.wr/wpntr/gcc0.gc0.count_reg[0]/PRE,
SoC_i/ps8_0_axi_periph/s00_couplers/auto_ds/inst/gen_downsizer.gen_simple_downsizer.axi_downsizer_inst/USE_WRITE.write_addr_inst/cmd_queue/inst/fifo_gen_inst/inst_fifo_gen/gconvfifo.rf/grf.rf/gntv_or_sync_fifo.gl0.wr/wpntr/gcc0.gc0.count_reg[1]/CLR,
SoC_i/ps8_0_axi_periph/s00_couplers/auto_ds/inst/gen_downsizer.gen_simple_downsizer.axi_downsizer_inst/USE_WRITE.write_addr_inst/cmd_queue/inst/fifo_gen_inst/inst_fifo_gen/gconvfifo.rf/grf.rf/gntv_or_sync_fifo.gl0.wr/wpntr/gcc0.gc0.count_reg[2]/CLR,
SoC_i/ps8_0_axi_periph/s00_couplers/auto_ds/inst/gen_downsizer.gen_simple_downsizer.axi_downsizer_inst/USE_WRITE.write_addr_inst/cmd_queue/inst/fifo_gen_inst/inst_fifo_gen/gconvfifo.rf/grf.rf/gntv_or_sync_fifo.gl0.wr/wpntr/gcc0.gc0.count_reg[3]/CLR,
SoC_i/ps8_0_axi_periph/s00_couplers/auto_ds/inst/gen_downsizer.gen_simple_downsizer.axi_downsizer_inst/USE_WRITE.write_addr_inst/cmd_queue/inst/fifo_gen_inst/inst_fifo_gen/gconvfifo.rf/grf.rf/gntv_or_sync_fifo.gl0.wr/wpntr/gcc0.gc0.count_reg[4]/CLR
 (the first 15 of 32 listed). The LUT may glitch and trigger an unexpected reset, even if it is a properly timed path.
Related violations: <none>

LUTAR-1#4 Warning
LUT drives async reset alert  
LUT cell SoC_i/ps8_0_axi_periph/s01_couplers/auto_ds/inst/gen_downsizer.gen_simple_downsizer.axi_downsizer_inst/USE_READ.read_addr_inst/cmd_queue/inst/fifo_gen_inst/inst_fifo_gen/gconvfifo.rf/grf.rf/rstblk/gpregsm1.curr_fwft_state[1]_i_2, with 2 or more inputs, drives asynchronous preset/clear pin(s) SoC_i/ps8_0_axi_periph/s01_couplers/auto_ds/inst/gen_downsizer.gen_simple_downsizer.axi_downsizer_inst/USE_READ.read_addr_inst/cmd_queue/inst/fifo_gen_inst/inst_fifo_gen/gconvfifo.rf/grf.rf/gntv_or_sync_fifo.gl0.rd/gr1.gr1_int.rfwft/gpregsm1.user_valid_reg/CLR,
SoC_i/ps8_0_axi_periph/s01_couplers/auto_ds/inst/gen_downsizer.gen_simple_downsizer.axi_downsizer_inst/USE_READ.read_addr_inst/cmd_queue/inst/fifo_gen_inst/inst_fifo_gen/gconvfifo.rf/grf.rf/gntv_or_sync_fifo.gl0.rd/grss.rsts/ram_empty_fb_i_reg/PRE,
SoC_i/ps8_0_axi_periph/s01_couplers/auto_ds/inst/gen_downsizer.gen_simple_downsizer.axi_downsizer_inst/USE_READ.read_addr_inst/cmd_queue/inst/fifo_gen_inst/inst_fifo_gen/gconvfifo.rf/grf.rf/gntv_or_sync_fifo.gl0.rd/grss.rsts/ram_empty_i_reg/PRE,
SoC_i/ps8_0_axi_periph/s01_couplers/auto_ds/inst/gen_downsizer.gen_simple_downsizer.axi_downsizer_inst/USE_READ.read_addr_inst/cmd_queue/inst/fifo_gen_inst/inst_fifo_gen/gconvfifo.rf/grf.rf/gntv_or_sync_fifo.gl0.wr/gwss.wsts/ram_full_fb_i_reg/CLR,
SoC_i/ps8_0_axi_periph/s01_couplers/auto_ds/inst/gen_downsizer.gen_simple_downsizer.axi_downsizer_inst/USE_READ.read_addr_inst/cmd_queue/inst/fifo_gen_inst/inst_fifo_gen/gconvfifo.rf/grf.rf/gntv_or_sync_fifo.gl0.wr/gwss.wsts/ram_full_i_reg/CLR,
SoC_i/ps8_0_axi_periph/s01_couplers/auto_ds/inst/gen_downsizer.gen_simple_downsizer.axi_downsizer_inst/USE_READ.read_addr_inst/cmd_queue/inst/fifo_gen_inst/inst_fifo_gen/gconvfifo.rf/grf.rf/gntv_or_sync_fifo.gl0.wr/wpntr/gcc0.gc0.count_d1_reg[0]/CLR,
SoC_i/ps8_0_axi_periph/s01_couplers/auto_ds/inst/gen_downsizer.gen_simple_downsizer.axi_downsizer_inst/USE_READ.read_addr_inst/cmd_queue/inst/fifo_gen_inst/inst_fifo_gen/gconvfifo.rf/grf.rf/gntv_or_sync_fifo.gl0.wr/wpntr/gcc0.gc0.count_d1_reg[1]/CLR,
SoC_i/ps8_0_axi_periph/s01_couplers/auto_ds/inst/gen_downsizer.gen_simple_downsizer.axi_downsizer_inst/USE_READ.read_addr_inst/cmd_queue/inst/fifo_gen_inst/inst_fifo_gen/gconvfifo.rf/grf.rf/gntv_or_sync_fifo.gl0.wr/wpntr/gcc0.gc0.count_d1_reg[2]/CLR,
SoC_i/ps8_0_axi_periph/s01_couplers/auto_ds/inst/gen_downsizer.gen_simple_downsizer.axi_downsizer_inst/USE_READ.read_addr_inst/cmd_queue/inst/fifo_gen_inst/inst_fifo_gen/gconvfifo.rf/grf.rf/gntv_or_sync_fifo.gl0.wr/wpntr/gcc0.gc0.count_d1_reg[3]/CLR,
SoC_i/ps8_0_axi_periph/s01_couplers/auto_ds/inst/gen_downsizer.gen_simple_downsizer.axi_downsizer_inst/USE_READ.read_addr_inst/cmd_queue/inst/fifo_gen_inst/inst_fifo_gen/gconvfifo.rf/grf.rf/gntv_or_sync_fifo.gl0.wr/wpntr/gcc0.gc0.count_d1_reg[4]/CLR,
SoC_i/ps8_0_axi_periph/s01_couplers/auto_ds/inst/gen_downsizer.gen_simple_downsizer.axi_downsizer_inst/USE_READ.read_addr_inst/cmd_queue/inst/fifo_gen_inst/inst_fifo_gen/gconvfifo.rf/grf.rf/gntv_or_sync_fifo.gl0.wr/wpntr/gcc0.gc0.count_reg[0]/PRE,
SoC_i/ps8_0_axi_periph/s01_couplers/auto_ds/inst/gen_downsizer.gen_simple_downsizer.axi_downsizer_inst/USE_READ.read_addr_inst/cmd_queue/inst/fifo_gen_inst/inst_fifo_gen/gconvfifo.rf/grf.rf/gntv_or_sync_fifo.gl0.wr/wpntr/gcc0.gc0.count_reg[1]/CLR,
SoC_i/ps8_0_axi_periph/s01_couplers/auto_ds/inst/gen_downsizer.gen_simple_downsizer.axi_downsizer_inst/USE_READ.read_addr_inst/cmd_queue/inst/fifo_gen_inst/inst_fifo_gen/gconvfifo.rf/grf.rf/gntv_or_sync_fifo.gl0.wr/wpntr/gcc0.gc0.count_reg[2]/CLR,
SoC_i/ps8_0_axi_periph/s01_couplers/auto_ds/inst/gen_downsizer.gen_simple_downsizer.axi_downsizer_inst/USE_READ.read_addr_inst/cmd_queue/inst/fifo_gen_inst/inst_fifo_gen/gconvfifo.rf/grf.rf/gntv_or_sync_fifo.gl0.wr/wpntr/gcc0.gc0.count_reg[3]/CLR,
SoC_i/ps8_0_axi_periph/s01_couplers/auto_ds/inst/gen_downsizer.gen_simple_downsizer.axi_downsizer_inst/USE_READ.read_addr_inst/cmd_queue/inst/fifo_gen_inst/inst_fifo_gen/gconvfifo.rf/grf.rf/gntv_or_sync_fifo.gl0.wr/wpntr/gcc0.gc0.count_reg[4]/CLR
 (the first 15 of 32 listed). The LUT may glitch and trigger an unexpected reset, even if it is a properly timed path.
Related violations: <none>

LUTAR-1#5 Warning
LUT drives async reset alert  
LUT cell SoC_i/ps8_0_axi_periph/s01_couplers/auto_ds/inst/gen_downsizer.gen_simple_downsizer.axi_downsizer_inst/USE_WRITE.write_addr_inst/USE_B_CHANNEL.cmd_b_queue/inst/fifo_gen_inst/inst_fifo_gen/gconvfifo.rf/grf.rf/rstblk/gpregsm1.curr_fwft_state[1]_i_2, with 2 or more inputs, drives asynchronous preset/clear pin(s) SoC_i/ps8_0_axi_periph/s01_couplers/auto_ds/inst/gen_downsizer.gen_simple_downsizer.axi_downsizer_inst/USE_WRITE.write_addr_inst/USE_B_CHANNEL.cmd_b_queue/inst/fifo_gen_inst/inst_fifo_gen/gconvfifo.rf/grf.rf/gntv_or_sync_fifo.gl0.rd/gr1.gr1_int.rfwft/gpregsm1.user_valid_reg/CLR,
SoC_i/ps8_0_axi_periph/s01_couplers/auto_ds/inst/gen_downsizer.gen_simple_downsizer.axi_downsizer_inst/USE_WRITE.write_addr_inst/USE_B_CHANNEL.cmd_b_queue/inst/fifo_gen_inst/inst_fifo_gen/gconvfifo.rf/grf.rf/gntv_or_sync_fifo.gl0.rd/grss.rsts/ram_empty_fb_i_reg/PRE,
SoC_i/ps8_0_axi_periph/s01_couplers/auto_ds/inst/gen_downsizer.gen_simple_downsizer.axi_downsizer_inst/USE_WRITE.write_addr_inst/USE_B_CHANNEL.cmd_b_queue/inst/fifo_gen_inst/inst_fifo_gen/gconvfifo.rf/grf.rf/gntv_or_sync_fifo.gl0.rd/grss.rsts/ram_empty_i_reg/PRE,
SoC_i/ps8_0_axi_periph/s01_couplers/auto_ds/inst/gen_downsizer.gen_simple_downsizer.axi_downsizer_inst/USE_WRITE.write_addr_inst/USE_B_CHANNEL.cmd_b_queue/inst/fifo_gen_inst/inst_fifo_gen/gconvfifo.rf/grf.rf/gntv_or_sync_fifo.gl0.wr/gwss.wsts/ram_full_fb_i_reg/CLR,
SoC_i/ps8_0_axi_periph/s01_couplers/auto_ds/inst/gen_downsizer.gen_simple_downsizer.axi_downsizer_inst/USE_WRITE.write_addr_inst/USE_B_CHANNEL.cmd_b_queue/inst/fifo_gen_inst/inst_fifo_gen/gconvfifo.rf/grf.rf/gntv_or_sync_fifo.gl0.wr/gwss.wsts/ram_full_i_reg/CLR,
SoC_i/ps8_0_axi_periph/s01_couplers/auto_ds/inst/gen_downsizer.gen_simple_downsizer.axi_downsizer_inst/USE_WRITE.write_addr_inst/USE_B_CHANNEL.cmd_b_queue/inst/fifo_gen_inst/inst_fifo_gen/gconvfifo.rf/grf.rf/gntv_or_sync_fifo.gl0.wr/wpntr/gcc0.gc0.count_d1_reg[0]/CLR,
SoC_i/ps8_0_axi_periph/s01_couplers/auto_ds/inst/gen_downsizer.gen_simple_downsizer.axi_downsizer_inst/USE_WRITE.write_addr_inst/USE_B_CHANNEL.cmd_b_queue/inst/fifo_gen_inst/inst_fifo_gen/gconvfifo.rf/grf.rf/gntv_or_sync_fifo.gl0.wr/wpntr/gcc0.gc0.count_d1_reg[1]/CLR,
SoC_i/ps8_0_axi_periph/s01_couplers/auto_ds/inst/gen_downsizer.gen_simple_downsizer.axi_downsizer_inst/USE_WRITE.write_addr_inst/USE_B_CHANNEL.cmd_b_queue/inst/fifo_gen_inst/inst_fifo_gen/gconvfifo.rf/grf.rf/gntv_or_sync_fifo.gl0.wr/wpntr/gcc0.gc0.count_d1_reg[2]/CLR,
SoC_i/ps8_0_axi_periph/s01_couplers/auto_ds/inst/gen_downsizer.gen_simple_downsizer.axi_downsizer_inst/USE_WRITE.write_addr_inst/USE_B_CHANNEL.cmd_b_queue/inst/fifo_gen_inst/inst_fifo_gen/gconvfifo.rf/grf.rf/gntv_or_sync_fifo.gl0.wr/wpntr/gcc0.gc0.count_d1_reg[3]/CLR,
SoC_i/ps8_0_axi_periph/s01_couplers/auto_ds/inst/gen_downsizer.gen_simple_downsizer.axi_downsizer_inst/USE_WRITE.write_addr_inst/USE_B_CHANNEL.cmd_b_queue/inst/fifo_gen_inst/inst_fifo_gen/gconvfifo.rf/grf.rf/gntv_or_sync_fifo.gl0.wr/wpntr/gcc0.gc0.count_d1_reg[4]/CLR,
SoC_i/ps8_0_axi_periph/s01_couplers/auto_ds/inst/gen_downsizer.gen_simple_downsizer.axi_downsizer_inst/USE_WRITE.write_addr_inst/USE_B_CHANNEL.cmd_b_queue/inst/fifo_gen_inst/inst_fifo_gen/gconvfifo.rf/grf.rf/gntv_or_sync_fifo.gl0.wr/wpntr/gcc0.gc0.count_reg[0]/PRE,
SoC_i/ps8_0_axi_periph/s01_couplers/auto_ds/inst/gen_downsizer.gen_simple_downsizer.axi_downsizer_inst/USE_WRITE.write_addr_inst/USE_B_CHANNEL.cmd_b_queue/inst/fifo_gen_inst/inst_fifo_gen/gconvfifo.rf/grf.rf/gntv_or_sync_fifo.gl0.wr/wpntr/gcc0.gc0.count_reg[1]/CLR,
SoC_i/ps8_0_axi_periph/s01_couplers/auto_ds/inst/gen_downsizer.gen_simple_downsizer.axi_downsizer_inst/USE_WRITE.write_addr_inst/USE_B_CHANNEL.cmd_b_queue/inst/fifo_gen_inst/inst_fifo_gen/gconvfifo.rf/grf.rf/gntv_or_sync_fifo.gl0.wr/wpntr/gcc0.gc0.count_reg[2]/CLR,
SoC_i/ps8_0_axi_periph/s01_couplers/auto_ds/inst/gen_downsizer.gen_simple_downsizer.axi_downsizer_inst/USE_WRITE.write_addr_inst/USE_B_CHANNEL.cmd_b_queue/inst/fifo_gen_inst/inst_fifo_gen/gconvfifo.rf/grf.rf/gntv_or_sync_fifo.gl0.wr/wpntr/gcc0.gc0.count_reg[3]/CLR,
SoC_i/ps8_0_axi_periph/s01_couplers/auto_ds/inst/gen_downsizer.gen_simple_downsizer.axi_downsizer_inst/USE_WRITE.write_addr_inst/USE_B_CHANNEL.cmd_b_queue/inst/fifo_gen_inst/inst_fifo_gen/gconvfifo.rf/grf.rf/gntv_or_sync_fifo.gl0.wr/wpntr/gcc0.gc0.count_reg[4]/CLR
 (the first 15 of 32 listed). The LUT may glitch and trigger an unexpected reset, even if it is a properly timed path.
Related violations: <none>

LUTAR-1#6 Warning
LUT drives async reset alert  
LUT cell SoC_i/ps8_0_axi_periph/s01_couplers/auto_ds/inst/gen_downsizer.gen_simple_downsizer.axi_downsizer_inst/USE_WRITE.write_addr_inst/cmd_queue/inst/fifo_gen_inst/inst_fifo_gen/gconvfifo.rf/grf.rf/rstblk/gpregsm1.curr_fwft_state[1]_i_2, with 2 or more inputs, drives asynchronous preset/clear pin(s) SoC_i/ps8_0_axi_periph/s01_couplers/auto_ds/inst/gen_downsizer.gen_simple_downsizer.axi_downsizer_inst/USE_WRITE.write_addr_inst/cmd_queue/inst/fifo_gen_inst/inst_fifo_gen/gconvfifo.rf/grf.rf/gntv_or_sync_fifo.gl0.rd/gr1.gr1_int.rfwft/gpregsm1.user_valid_reg/CLR,
SoC_i/ps8_0_axi_periph/s01_couplers/auto_ds/inst/gen_downsizer.gen_simple_downsizer.axi_downsizer_inst/USE_WRITE.write_addr_inst/cmd_queue/inst/fifo_gen_inst/inst_fifo_gen/gconvfifo.rf/grf.rf/gntv_or_sync_fifo.gl0.rd/grss.rsts/ram_empty_fb_i_reg/PRE,
SoC_i/ps8_0_axi_periph/s01_couplers/auto_ds/inst/gen_downsizer.gen_simple_downsizer.axi_downsizer_inst/USE_WRITE.write_addr_inst/cmd_queue/inst/fifo_gen_inst/inst_fifo_gen/gconvfifo.rf/grf.rf/gntv_or_sync_fifo.gl0.rd/grss.rsts/ram_empty_i_reg/PRE,
SoC_i/ps8_0_axi_periph/s01_couplers/auto_ds/inst/gen_downsizer.gen_simple_downsizer.axi_downsizer_inst/USE_WRITE.write_addr_inst/cmd_queue/inst/fifo_gen_inst/inst_fifo_gen/gconvfifo.rf/grf.rf/gntv_or_sync_fifo.gl0.wr/gwss.wsts/ram_full_fb_i_reg/CLR,
SoC_i/ps8_0_axi_periph/s01_couplers/auto_ds/inst/gen_downsizer.gen_simple_downsizer.axi_downsizer_inst/USE_WRITE.write_addr_inst/cmd_queue/inst/fifo_gen_inst/inst_fifo_gen/gconvfifo.rf/grf.rf/gntv_or_sync_fifo.gl0.wr/gwss.wsts/ram_full_i_reg/CLR,
SoC_i/ps8_0_axi_periph/s01_couplers/auto_ds/inst/gen_downsizer.gen_simple_downsizer.axi_downsizer_inst/USE_WRITE.write_addr_inst/cmd_queue/inst/fifo_gen_inst/inst_fifo_gen/gconvfifo.rf/grf.rf/gntv_or_sync_fifo.gl0.wr/wpntr/gcc0.gc0.count_d1_reg[0]/CLR,
SoC_i/ps8_0_axi_periph/s01_couplers/auto_ds/inst/gen_downsizer.gen_simple_downsizer.axi_downsizer_inst/USE_WRITE.write_addr_inst/cmd_queue/inst/fifo_gen_inst/inst_fifo_gen/gconvfifo.rf/grf.rf/gntv_or_sync_fifo.gl0.wr/wpntr/gcc0.gc0.count_d1_reg[1]/CLR,
SoC_i/ps8_0_axi_periph/s01_couplers/auto_ds/inst/gen_downsizer.gen_simple_downsizer.axi_downsizer_inst/USE_WRITE.write_addr_inst/cmd_queue/inst/fifo_gen_inst/inst_fifo_gen/gconvfifo.rf/grf.rf/gntv_or_sync_fifo.gl0.wr/wpntr/gcc0.gc0.count_d1_reg[2]/CLR,
SoC_i/ps8_0_axi_periph/s01_couplers/auto_ds/inst/gen_downsizer.gen_simple_downsizer.axi_downsizer_inst/USE_WRITE.write_addr_inst/cmd_queue/inst/fifo_gen_inst/inst_fifo_gen/gconvfifo.rf/grf.rf/gntv_or_sync_fifo.gl0.wr/wpntr/gcc0.gc0.count_d1_reg[3]/CLR,
SoC_i/ps8_0_axi_periph/s01_couplers/auto_ds/inst/gen_downsizer.gen_simple_downsizer.axi_downsizer_inst/USE_WRITE.write_addr_inst/cmd_queue/inst/fifo_gen_inst/inst_fifo_gen/gconvfifo.rf/grf.rf/gntv_or_sync_fifo.gl0.wr/wpntr/gcc0.gc0.count_d1_reg[4]/CLR,
SoC_i/ps8_0_axi_periph/s01_couplers/auto_ds/inst/gen_downsizer.gen_simple_downsizer.axi_downsizer_inst/USE_WRITE.write_addr_inst/cmd_queue/inst/fifo_gen_inst/inst_fifo_gen/gconvfifo.rf/grf.rf/gntv_or_sync_fifo.gl0.wr/wpntr/gcc0.gc0.count_reg[0]/PRE,
SoC_i/ps8_0_axi_periph/s01_couplers/auto_ds/inst/gen_downsizer.gen_simple_downsizer.axi_downsizer_inst/USE_WRITE.write_addr_inst/cmd_queue/inst/fifo_gen_inst/inst_fifo_gen/gconvfifo.rf/grf.rf/gntv_or_sync_fifo.gl0.wr/wpntr/gcc0.gc0.count_reg[1]/CLR,
SoC_i/ps8_0_axi_periph/s01_couplers/auto_ds/inst/gen_downsizer.gen_simple_downsizer.axi_downsizer_inst/USE_WRITE.write_addr_inst/cmd_queue/inst/fifo_gen_inst/inst_fifo_gen/gconvfifo.rf/grf.rf/gntv_or_sync_fifo.gl0.wr/wpntr/gcc0.gc0.count_reg[2]/CLR,
SoC_i/ps8_0_axi_periph/s01_couplers/auto_ds/inst/gen_downsizer.gen_simple_downsizer.axi_downsizer_inst/USE_WRITE.write_addr_inst/cmd_queue/inst/fifo_gen_inst/inst_fifo_gen/gconvfifo.rf/grf.rf/gntv_or_sync_fifo.gl0.wr/wpntr/gcc0.gc0.count_reg[3]/CLR,
SoC_i/ps8_0_axi_periph/s01_couplers/auto_ds/inst/gen_downsizer.gen_simple_downsizer.axi_downsizer_inst/USE_WRITE.write_addr_inst/cmd_queue/inst/fifo_gen_inst/inst_fifo_gen/gconvfifo.rf/grf.rf/gntv_or_sync_fifo.gl0.wr/wpntr/gcc0.gc0.count_reg[4]/CLR
 (the first 15 of 32 listed). The LUT may glitch and trigger an unexpected reset, even if it is a properly timed path.
Related violations: <none>

LUTAR-1#7 Warning
LUT drives async reset alert  
LUT cell dbg_hub/inst/BSCANID.u_xsdbm_id/SWITCH_N_EXT_BSCAN.bscan_switch/m_bscan_sel[0]_INST_0, with 2 or more inputs, drives asynchronous preset/clear pin(s) dbg_hub/inst/BSCANID.u_xsdbm_id/CORE_XSDB.U_ICON/U_CMD/iTARGET_reg[10]/CLR,
dbg_hub/inst/BSCANID.u_xsdbm_id/CORE_XSDB.U_ICON/U_CMD/iTARGET_reg[11]/CLR,
dbg_hub/inst/BSCANID.u_xsdbm_id/CORE_XSDB.U_ICON/U_CMD/iTARGET_reg[12]/CLR,
dbg_hub/inst/BSCANID.u_xsdbm_id/CORE_XSDB.U_ICON/U_CMD/iTARGET_reg[13]/CLR,
dbg_hub/inst/BSCANID.u_xsdbm_id/CORE_XSDB.U_ICON/U_CMD/iTARGET_reg[14]/CLR,
dbg_hub/inst/BSCANID.u_xsdbm_id/CORE_XSDB.U_ICON/U_CMD/iTARGET_reg[15]/CLR,
dbg_hub/inst/BSCANID.u_xsdbm_id/CORE_XSDB.U_ICON/U_CMD/iTARGET_reg[6]/CLR,
dbg_hub/inst/BSCANID.u_xsdbm_id/CORE_XSDB.U_ICON/U_CMD/iTARGET_reg[7]/CLR,
dbg_hub/inst/BSCANID.u_xsdbm_id/CORE_XSDB.U_ICON/U_CMD/iTARGET_reg[8]/CLR
dbg_hub/inst/BSCANID.u_xsdbm_id/CORE_XSDB.U_ICON/U_CMD/iTARGET_reg[9]/CLR. The LUT may glitch and trigger an unexpected reset, even if it is a properly timed path.
Related violations: <none>

TIMING-20#1 Warning
Non-clocked latch  
The latch SoC_i/axi_wrapper_0/inst/DUT/DUT/DECAP_MODULE/ENCAP_FOR_RENCRYPT/ENCRYPT/ENCODE/REED_SOLOMON_CODE/capture_cdw_reg cannot be properly analyzed as its control pin SoC_i/axi_wrapper_0/inst/DUT/DUT/DECAP_MODULE/ENCAP_FOR_RENCRYPT/ENCRYPT/ENCODE/REED_SOLOMON_CODE/capture_cdw_reg/G is not reached by a timing clock
Related violations: <none>

TIMING-20#2 Warning
Non-clocked latch  
The latch SoC_i/axi_wrapper_0/inst/DUT/DUT/DECAP_MODULE/ENCAP_FOR_RENCRYPT/ENCRYPT/FIXEDWEIGHT/decrease_weight_count_reg cannot be properly analyzed as its control pin SoC_i/axi_wrapper_0/inst/DUT/DUT/DECAP_MODULE/ENCAP_FOR_RENCRYPT/ENCRYPT/FIXEDWEIGHT/decrease_weight_count_reg/G is not reached by a timing clock
Related violations: <none>

TIMING-20#3 Warning
Non-clocked latch  
The latch SoC_i/axi_wrapper_0/inst/DUT/DUT/DECAP_MODULE/ENCAP_FOR_RENCRYPT/ENCRYPT/FIXEDWEIGHT/init_mem_onegen_reg cannot be properly analyzed as its control pin SoC_i/axi_wrapper_0/inst/DUT/DUT/DECAP_MODULE/ENCAP_FOR_RENCRYPT/ENCRYPT/FIXEDWEIGHT/init_mem_onegen_reg/G is not reached by a timing clock
Related violations: <none>

TIMING-20#4 Warning
Non-clocked latch  
The latch SoC_i/axi_wrapper_0/inst/DUT/DUT/DECAP_MODULE/ENCAP_FOR_RENCRYPT/ENCRYPT/FIXEDWEIGHT/onegen_instance/init_reg cannot be properly analyzed as its control pin SoC_i/axi_wrapper_0/inst/DUT/DUT/DECAP_MODULE/ENCAP_FOR_RENCRYPT/ENCRYPT/FIXEDWEIGHT/onegen_instance/init_reg/G is not reached by a timing clock
Related violations: <none>

TIMING-20#5 Warning
Non-clocked latch  
The latch SoC_i/axi_wrapper_0/inst/DUT/DUT/DECAP_MODULE/ENCAP_FOR_RENCRYPT/ENCRYPT/FIXEDWEIGHT/onegen_instance/rd_en_reg cannot be properly analyzed as its control pin SoC_i/axi_wrapper_0/inst/DUT/DUT/DECAP_MODULE/ENCAP_FOR_RENCRYPT/ENCRYPT/FIXEDWEIGHT/onegen_instance/rd_en_reg/G is not reached by a timing clock
Related violations: <none>

TIMING-20#6 Warning
Non-clocked latch  
The latch SoC_i/axi_wrapper_0/inst/DUT/DUT/DECAP_MODULE/ENCAP_FOR_RENCRYPT/ENCRYPT/FIXEDWEIGHT/onegen_instance/reading_out_reg cannot be properly analyzed as its control pin SoC_i/axi_wrapper_0/inst/DUT/DUT/DECAP_MODULE/ENCAP_FOR_RENCRYPT/ENCRYPT/FIXEDWEIGHT/onegen_instance/reading_out_reg/G is not reached by a timing clock
Related violations: <none>

TIMING-20#7 Warning
Non-clocked latch  
The latch SoC_i/axi_wrapper_0/inst/DUT/DUT/DECAP_MODULE/ENCAP_FOR_RENCRYPT/ENCRYPT/FIXEDWEIGHT/onegen_instance/wren_0_reg cannot be properly analyzed as its control pin SoC_i/axi_wrapper_0/inst/DUT/DUT/DECAP_MODULE/ENCAP_FOR_RENCRYPT/ENCRYPT/FIXEDWEIGHT/onegen_instance/wren_0_reg/G is not reached by a timing clock
Related violations: <none>

TIMING-20#8 Warning
Non-clocked latch  
The latch SoC_i/axi_wrapper_0/inst/DUT/DUT/DECAP_MODULE/ENCAP_FOR_RENCRYPT/ENCRYPT/FIXEDWEIGHT/onegen_instance/wren_1_reg cannot be properly analyzed as its control pin SoC_i/axi_wrapper_0/inst/DUT/DUT/DECAP_MODULE/ENCAP_FOR_RENCRYPT/ENCRYPT/FIXEDWEIGHT/onegen_instance/wren_1_reg/G is not reached by a timing clock
Related violations: <none>

TIMING-20#9 Warning
Non-clocked latch  
The latch SoC_i/axi_wrapper_0/inst/DUT/DUT/DECAP_MODULE/ENCAP_FOR_RENCRYPT/ENCRYPT/FIXEDWEIGHT/sel_ctx_reg[0] cannot be properly analyzed as its control pin SoC_i/axi_wrapper_0/inst/DUT/DUT/DECAP_MODULE/ENCAP_FOR_RENCRYPT/ENCRYPT/FIXEDWEIGHT/sel_ctx_reg[0]/G is not reached by a timing clock
Related violations: <none>

TIMING-20#10 Warning
Non-clocked latch  
The latch SoC_i/axi_wrapper_0/inst/DUT/DUT/DECAP_MODULE/ENCAP_FOR_RENCRYPT/ENCRYPT/FIXEDWEIGHT/sel_ctx_reg[1] cannot be properly analyzed as its control pin SoC_i/axi_wrapper_0/inst/DUT/DUT/DECAP_MODULE/ENCAP_FOR_RENCRYPT/ENCRYPT/FIXEDWEIGHT/sel_ctx_reg[1]/G is not reached by a timing clock
Related violations: <none>

TIMING-20#11 Warning
Non-clocked latch  
The latch SoC_i/axi_wrapper_0/inst/DUT/DUT/DECAP_MODULE/ENCAP_FOR_RENCRYPT/ENCRYPT/FIXEDWEIGHT/shake_input_type_reg[0] cannot be properly analyzed as its control pin SoC_i/axi_wrapper_0/inst/DUT/DUT/DECAP_MODULE/ENCAP_FOR_RENCRYPT/ENCRYPT/FIXEDWEIGHT/shake_input_type_reg[0]/G is not reached by a timing clock
Related violations: <none>

TIMING-20#12 Warning
Non-clocked latch  
The latch SoC_i/axi_wrapper_0/inst/DUT/DUT/DECAP_MODULE/ENCAP_FOR_RENCRYPT/ENCRYPT/FIXEDWEIGHT/shake_input_type_reg[1] cannot be properly analyzed as its control pin SoC_i/axi_wrapper_0/inst/DUT/DUT/DECAP_MODULE/ENCAP_FOR_RENCRYPT/ENCRYPT/FIXEDWEIGHT/shake_input_type_reg[1]/G is not reached by a timing clock
Related violations: <none>

TIMING-20#13 Warning
Non-clocked latch  
The latch SoC_i/axi_wrapper_0/inst/DUT/DUT/DECAP_MODULE/ENCAP_FOR_RENCRYPT/ENCRYPT/FIXEDWEIGHT/squeeze_ctrl_reg cannot be properly analyzed as its control pin SoC_i/axi_wrapper_0/inst/DUT/DUT/DECAP_MODULE/ENCAP_FOR_RENCRYPT/ENCRYPT/FIXEDWEIGHT/squeeze_ctrl_reg/G is not reached by a timing clock
Related violations: <none>

TIMING-20#14 Warning
Non-clocked latch  
The latch SoC_i/axi_wrapper_0/inst/DUT/DUT/DECAP_MODULE/ENCAP_FOR_RENCRYPT/ENCRYPT/FIXEDWEIGHT/weight_counter_init_reg cannot be properly analyzed as its control pin SoC_i/axi_wrapper_0/inst/DUT/DUT/DECAP_MODULE/ENCAP_FOR_RENCRYPT/ENCRYPT/FIXEDWEIGHT/weight_counter_init_reg/G is not reached by a timing clock
Related violations: <none>

TIMING-20#15 Warning
Non-clocked latch  
The latch SoC_i/axi_wrapper_0/inst/DUT/DUT/DECAP_MODULE/ENCAP_FOR_RENCRYPT/ENCRYPT/sel_fw_reg cannot be properly analyzed as its control pin SoC_i/axi_wrapper_0/inst/DUT/DUT/DECAP_MODULE/ENCAP_FOR_RENCRYPT/ENCRYPT/sel_fw_reg/G is not reached by a timing clock
Related violations: <none>

TIMING-20#16 Warning
Non-clocked latch  
The latch SoC_i/axi_wrapper_0/inst/DUT/DUT/DECAP_MODULE/ENCAP_FOR_RENCRYPT/block_capture_reg cannot be properly analyzed as its control pin SoC_i/axi_wrapper_0/inst/DUT/DUT/DECAP_MODULE/ENCAP_FOR_RENCRYPT/block_capture_reg/G is not reached by a timing clock
Related violations: <none>

TIMING-20#17 Warning
Non-clocked latch  
The latch SoC_i/axi_wrapper_0/inst/DUT/DUT/DECAP_MODULE/ENCAP_FOR_RENCRYPT/cap_uv_reg cannot be properly analyzed as its control pin SoC_i/axi_wrapper_0/inst/DUT/DUT/DECAP_MODULE/ENCAP_FOR_RENCRYPT/cap_uv_reg/G is not reached by a timing clock
Related violations: <none>

TIMING-20#18 Warning
Non-clocked latch  
The latch SoC_i/axi_wrapper_0/inst/DUT/DUT/DECAP_MODULE/ENCAP_FOR_RENCRYPT/d_wen_reg cannot be properly analyzed as its control pin SoC_i/axi_wrapper_0/inst/DUT/DUT/DECAP_MODULE/ENCAP_FOR_RENCRYPT/d_wen_reg/G is not reached by a timing clock
Related violations: <none>

TIMING-20#19 Warning
Non-clocked latch  
The latch SoC_i/axi_wrapper_0/inst/DUT/DUT/DECAP_MODULE/ENCAP_FOR_RENCRYPT/hash_mem_wen_reg cannot be properly analyzed as its control pin SoC_i/axi_wrapper_0/inst/DUT/DUT/DECAP_MODULE/ENCAP_FOR_RENCRYPT/hash_mem_wen_reg/G is not reached by a timing clock
Related violations: <none>

TIMING-20#20 Warning
Non-clocked latch  
The latch SoC_i/axi_wrapper_0/inst/DUT/DUT/DECAP_MODULE/ENCAP_FOR_RENCRYPT/init_msg_in_reg cannot be properly analyzed as its control pin SoC_i/axi_wrapper_0/inst/DUT/DUT/DECAP_MODULE/ENCAP_FOR_RENCRYPT/init_msg_in_reg/G is not reached by a timing clock
Related violations: <none>

TIMING-20#21 Warning
Non-clocked latch  
The latch SoC_i/axi_wrapper_0/inst/DUT/DUT/DECAP_MODULE/ENCAP_FOR_RENCRYPT/last_block_capture_reg cannot be properly analyzed as its control pin SoC_i/axi_wrapper_0/inst/DUT/DUT/DECAP_MODULE/ENCAP_FOR_RENCRYPT/last_block_capture_reg/G is not reached by a timing clock
Related violations: <none>

TIMING-20#22 Warning
Non-clocked latch  
The latch SoC_i/axi_wrapper_0/inst/DUT/DUT/DECAP_MODULE/ENCAP_FOR_RENCRYPT/shake_in_type_reg[0] cannot be properly analyzed as its control pin SoC_i/axi_wrapper_0/inst/DUT/DUT/DECAP_MODULE/ENCAP_FOR_RENCRYPT/shake_in_type_reg[0]/G is not reached by a timing clock
Related violations: <none>

TIMING-20#23 Warning
Non-clocked latch  
The latch SoC_i/axi_wrapper_0/inst/DUT/DUT/DECAP_MODULE/ENCAP_FOR_RENCRYPT/shake_in_type_reg[1] cannot be properly analyzed as its control pin SoC_i/axi_wrapper_0/inst/DUT/DUT/DECAP_MODULE/ENCAP_FOR_RENCRYPT/shake_in_type_reg[1]/G is not reached by a timing clock
Related violations: <none>

TIMING-20#24 Warning
Non-clocked latch  
The latch SoC_i/axi_wrapper_0/inst/DUT/DUT/DECAP_MODULE/ENCAP_FOR_RENCRYPT/shake_in_type_reg[2] cannot be properly analyzed as its control pin SoC_i/axi_wrapper_0/inst/DUT/DUT/DECAP_MODULE/ENCAP_FOR_RENCRYPT/shake_in_type_reg[2]/G is not reached by a timing clock
Related violations: <none>

TIMING-20#25 Warning
Non-clocked latch  
The latch SoC_i/axi_wrapper_0/inst/DUT/DUT/DECAP_MODULE/ENCAP_FOR_RENCRYPT/shift_msg_in_reg cannot be properly analyzed as its control pin SoC_i/axi_wrapper_0/inst/DUT/DUT/DECAP_MODULE/ENCAP_FOR_RENCRYPT/shift_msg_in_reg/G is not reached by a timing clock
Related violations: <none>

TIMING-20#26 Warning
Non-clocked latch  
The latch SoC_i/axi_wrapper_0/inst/DUT/DUT/DECAP_MODULE/ENCAP_FOR_RENCRYPT/shift_uv_reg cannot be properly analyzed as its control pin SoC_i/axi_wrapper_0/inst/DUT/DUT/DECAP_MODULE/ENCAP_FOR_RENCRYPT/shift_uv_reg/G is not reached by a timing clock
Related violations: <none>

TIMING-20#27 Warning
Non-clocked latch  
The latch SoC_i/axi_wrapper_0/inst/DUT/DUT/DECAP_MODULE/ENCAP_FOR_RENCRYPT/start_encrypt_reg cannot be properly analyzed as its control pin SoC_i/axi_wrapper_0/inst/DUT/DUT/DECAP_MODULE/ENCAP_FOR_RENCRYPT/start_encrypt_reg/G is not reached by a timing clock
Related violations: <none>

TIMING-20#28 Warning
Non-clocked latch  
The latch SoC_i/axi_wrapper_0/inst/DUT/DUT/DECAP_MODULE/ENCAP_FOR_RENCRYPT/start_hash_reg cannot be properly analyzed as its control pin SoC_i/axi_wrapper_0/inst/DUT/DUT/DECAP_MODULE/ENCAP_FOR_RENCRYPT/start_hash_reg/G is not reached by a timing clock
Related violations: <none>

TIMING-20#29 Warning
Non-clocked latch  
The latch SoC_i/axi_wrapper_0/inst/DUT/DUT/DECAP_MODULE/ENCAP_FOR_RENCRYPT/theta_wen_reg cannot be properly analyzed as its control pin SoC_i/axi_wrapper_0/inst/DUT/DUT/DECAP_MODULE/ENCAP_FOR_RENCRYPT/theta_wen_reg/G is not reached by a timing clock
Related violations: <none>

TIMING-20#30 Warning
Non-clocked latch  
The latch SoC_i/axi_wrapper_0/inst/DUT/DUT/ENCAP_MODULE/ENCRYPT/ENCODE/REED_SOLOMON_CODE/capture_cdw_reg cannot be properly analyzed as its control pin SoC_i/axi_wrapper_0/inst/DUT/DUT/ENCAP_MODULE/ENCRYPT/ENCODE/REED_SOLOMON_CODE/capture_cdw_reg/G is not reached by a timing clock
Related violations: <none>

TIMING-20#31 Warning
Non-clocked latch  
The latch SoC_i/axi_wrapper_0/inst/DUT/DUT/ENCAP_MODULE/ENCRYPT/FIXEDWEIGHT/decrease_weight_count_reg cannot be properly analyzed as its control pin SoC_i/axi_wrapper_0/inst/DUT/DUT/ENCAP_MODULE/ENCRYPT/FIXEDWEIGHT/decrease_weight_count_reg/G is not reached by a timing clock
Related violations: <none>

TIMING-20#32 Warning
Non-clocked latch  
The latch SoC_i/axi_wrapper_0/inst/DUT/DUT/ENCAP_MODULE/ENCRYPT/FIXEDWEIGHT/init_mem_onegen_reg cannot be properly analyzed as its control pin SoC_i/axi_wrapper_0/inst/DUT/DUT/ENCAP_MODULE/ENCRYPT/FIXEDWEIGHT/init_mem_onegen_reg/G is not reached by a timing clock
Related violations: <none>

TIMING-20#33 Warning
Non-clocked latch  
The latch SoC_i/axi_wrapper_0/inst/DUT/DUT/ENCAP_MODULE/ENCRYPT/FIXEDWEIGHT/onegen_instance/init_reg cannot be properly analyzed as its control pin SoC_i/axi_wrapper_0/inst/DUT/DUT/ENCAP_MODULE/ENCRYPT/FIXEDWEIGHT/onegen_instance/init_reg/G is not reached by a timing clock
Related violations: <none>

TIMING-20#34 Warning
Non-clocked latch  
The latch SoC_i/axi_wrapper_0/inst/DUT/DUT/ENCAP_MODULE/ENCRYPT/FIXEDWEIGHT/onegen_instance/rd_en_reg cannot be properly analyzed as its control pin SoC_i/axi_wrapper_0/inst/DUT/DUT/ENCAP_MODULE/ENCRYPT/FIXEDWEIGHT/onegen_instance/rd_en_reg/G is not reached by a timing clock
Related violations: <none>

TIMING-20#35 Warning
Non-clocked latch  
The latch SoC_i/axi_wrapper_0/inst/DUT/DUT/ENCAP_MODULE/ENCRYPT/FIXEDWEIGHT/onegen_instance/reading_out_reg cannot be properly analyzed as its control pin SoC_i/axi_wrapper_0/inst/DUT/DUT/ENCAP_MODULE/ENCRYPT/FIXEDWEIGHT/onegen_instance/reading_out_reg/G is not reached by a timing clock
Related violations: <none>

TIMING-20#36 Warning
Non-clocked latch  
The latch SoC_i/axi_wrapper_0/inst/DUT/DUT/ENCAP_MODULE/ENCRYPT/FIXEDWEIGHT/onegen_instance/wren_0_reg cannot be properly analyzed as its control pin SoC_i/axi_wrapper_0/inst/DUT/DUT/ENCAP_MODULE/ENCRYPT/FIXEDWEIGHT/onegen_instance/wren_0_reg/G is not reached by a timing clock
Related violations: <none>

TIMING-20#37 Warning
Non-clocked latch  
The latch SoC_i/axi_wrapper_0/inst/DUT/DUT/ENCAP_MODULE/ENCRYPT/FIXEDWEIGHT/onegen_instance/wren_1_reg cannot be properly analyzed as its control pin SoC_i/axi_wrapper_0/inst/DUT/DUT/ENCAP_MODULE/ENCRYPT/FIXEDWEIGHT/onegen_instance/wren_1_reg/G is not reached by a timing clock
Related violations: <none>

TIMING-20#38 Warning
Non-clocked latch  
The latch SoC_i/axi_wrapper_0/inst/DUT/DUT/ENCAP_MODULE/ENCRYPT/FIXEDWEIGHT/sel_ctx_reg[0] cannot be properly analyzed as its control pin SoC_i/axi_wrapper_0/inst/DUT/DUT/ENCAP_MODULE/ENCRYPT/FIXEDWEIGHT/sel_ctx_reg[0]/G is not reached by a timing clock
Related violations: <none>

TIMING-20#39 Warning
Non-clocked latch  
The latch SoC_i/axi_wrapper_0/inst/DUT/DUT/ENCAP_MODULE/ENCRYPT/FIXEDWEIGHT/sel_ctx_reg[1] cannot be properly analyzed as its control pin SoC_i/axi_wrapper_0/inst/DUT/DUT/ENCAP_MODULE/ENCRYPT/FIXEDWEIGHT/sel_ctx_reg[1]/G is not reached by a timing clock
Related violations: <none>

TIMING-20#40 Warning
Non-clocked latch  
The latch SoC_i/axi_wrapper_0/inst/DUT/DUT/ENCAP_MODULE/ENCRYPT/FIXEDWEIGHT/shake_input_type_reg[0] cannot be properly analyzed as its control pin SoC_i/axi_wrapper_0/inst/DUT/DUT/ENCAP_MODULE/ENCRYPT/FIXEDWEIGHT/shake_input_type_reg[0]/G is not reached by a timing clock
Related violations: <none>

TIMING-20#41 Warning
Non-clocked latch  
The latch SoC_i/axi_wrapper_0/inst/DUT/DUT/ENCAP_MODULE/ENCRYPT/FIXEDWEIGHT/shake_input_type_reg[1] cannot be properly analyzed as its control pin SoC_i/axi_wrapper_0/inst/DUT/DUT/ENCAP_MODULE/ENCRYPT/FIXEDWEIGHT/shake_input_type_reg[1]/G is not reached by a timing clock
Related violations: <none>

TIMING-20#42 Warning
Non-clocked latch  
The latch SoC_i/axi_wrapper_0/inst/DUT/DUT/ENCAP_MODULE/ENCRYPT/FIXEDWEIGHT/squeeze_ctrl_reg cannot be properly analyzed as its control pin SoC_i/axi_wrapper_0/inst/DUT/DUT/ENCAP_MODULE/ENCRYPT/FIXEDWEIGHT/squeeze_ctrl_reg/G is not reached by a timing clock
Related violations: <none>

TIMING-20#43 Warning
Non-clocked latch  
The latch SoC_i/axi_wrapper_0/inst/DUT/DUT/ENCAP_MODULE/ENCRYPT/FIXEDWEIGHT/weight_counter_init_reg cannot be properly analyzed as its control pin SoC_i/axi_wrapper_0/inst/DUT/DUT/ENCAP_MODULE/ENCRYPT/FIXEDWEIGHT/weight_counter_init_reg/G is not reached by a timing clock
Related violations: <none>

TIMING-20#44 Warning
Non-clocked latch  
The latch SoC_i/axi_wrapper_0/inst/DUT/DUT/ENCAP_MODULE/ENCRYPT/sel_fw_reg cannot be properly analyzed as its control pin SoC_i/axi_wrapper_0/inst/DUT/DUT/ENCAP_MODULE/ENCRYPT/sel_fw_reg/G is not reached by a timing clock
Related violations: <none>

TIMING-20#45 Warning
Non-clocked latch  
The latch SoC_i/axi_wrapper_0/inst/DUT/DUT/ENCAP_MODULE/block_capture_reg cannot be properly analyzed as its control pin SoC_i/axi_wrapper_0/inst/DUT/DUT/ENCAP_MODULE/block_capture_reg/G is not reached by a timing clock
Related violations: <none>

TIMING-20#46 Warning
Non-clocked latch  
The latch SoC_i/axi_wrapper_0/inst/DUT/DUT/ENCAP_MODULE/cap_uv_reg cannot be properly analyzed as its control pin SoC_i/axi_wrapper_0/inst/DUT/DUT/ENCAP_MODULE/cap_uv_reg/G is not reached by a timing clock
Related violations: <none>

TIMING-20#47 Warning
Non-clocked latch  
The latch SoC_i/axi_wrapper_0/inst/DUT/DUT/ENCAP_MODULE/d_wen_reg cannot be properly analyzed as its control pin SoC_i/axi_wrapper_0/inst/DUT/DUT/ENCAP_MODULE/d_wen_reg/G is not reached by a timing clock
Related violations: <none>

TIMING-20#48 Warning
Non-clocked latch  
The latch SoC_i/axi_wrapper_0/inst/DUT/DUT/ENCAP_MODULE/hash_mem_wen_reg cannot be properly analyzed as its control pin SoC_i/axi_wrapper_0/inst/DUT/DUT/ENCAP_MODULE/hash_mem_wen_reg/G is not reached by a timing clock
Related violations: <none>

TIMING-20#49 Warning
Non-clocked latch  
The latch SoC_i/axi_wrapper_0/inst/DUT/DUT/ENCAP_MODULE/init_msg_in_reg cannot be properly analyzed as its control pin SoC_i/axi_wrapper_0/inst/DUT/DUT/ENCAP_MODULE/init_msg_in_reg/G is not reached by a timing clock
Related violations: <none>

TIMING-20#50 Warning
Non-clocked latch  
The latch SoC_i/axi_wrapper_0/inst/DUT/DUT/ENCAP_MODULE/last_block_capture_reg cannot be properly analyzed as its control pin SoC_i/axi_wrapper_0/inst/DUT/DUT/ENCAP_MODULE/last_block_capture_reg/G is not reached by a timing clock
Related violations: <none>

TIMING-20#51 Warning
Non-clocked latch  
The latch SoC_i/axi_wrapper_0/inst/DUT/DUT/ENCAP_MODULE/shake_in_type_reg[0] cannot be properly analyzed as its control pin SoC_i/axi_wrapper_0/inst/DUT/DUT/ENCAP_MODULE/shake_in_type_reg[0]/G is not reached by a timing clock
Related violations: <none>

TIMING-20#52 Warning
Non-clocked latch  
The latch SoC_i/axi_wrapper_0/inst/DUT/DUT/ENCAP_MODULE/shake_in_type_reg[1] cannot be properly analyzed as its control pin SoC_i/axi_wrapper_0/inst/DUT/DUT/ENCAP_MODULE/shake_in_type_reg[1]/G is not reached by a timing clock
Related violations: <none>

TIMING-20#53 Warning
Non-clocked latch  
The latch SoC_i/axi_wrapper_0/inst/DUT/DUT/ENCAP_MODULE/shake_in_type_reg[2] cannot be properly analyzed as its control pin SoC_i/axi_wrapper_0/inst/DUT/DUT/ENCAP_MODULE/shake_in_type_reg[2]/G is not reached by a timing clock
Related violations: <none>

TIMING-20#54 Warning
Non-clocked latch  
The latch SoC_i/axi_wrapper_0/inst/DUT/DUT/ENCAP_MODULE/shift_msg_in_reg cannot be properly analyzed as its control pin SoC_i/axi_wrapper_0/inst/DUT/DUT/ENCAP_MODULE/shift_msg_in_reg/G is not reached by a timing clock
Related violations: <none>

TIMING-20#55 Warning
Non-clocked latch  
The latch SoC_i/axi_wrapper_0/inst/DUT/DUT/ENCAP_MODULE/shift_uv_reg cannot be properly analyzed as its control pin SoC_i/axi_wrapper_0/inst/DUT/DUT/ENCAP_MODULE/shift_uv_reg/G is not reached by a timing clock
Related violations: <none>

TIMING-20#56 Warning
Non-clocked latch  
The latch SoC_i/axi_wrapper_0/inst/DUT/DUT/ENCAP_MODULE/start_encrypt_reg cannot be properly analyzed as its control pin SoC_i/axi_wrapper_0/inst/DUT/DUT/ENCAP_MODULE/start_encrypt_reg/G is not reached by a timing clock
Related violations: <none>

TIMING-20#57 Warning
Non-clocked latch  
The latch SoC_i/axi_wrapper_0/inst/DUT/DUT/ENCAP_MODULE/start_hash_reg cannot be properly analyzed as its control pin SoC_i/axi_wrapper_0/inst/DUT/DUT/ENCAP_MODULE/start_hash_reg/G is not reached by a timing clock
Related violations: <none>

TIMING-20#58 Warning
Non-clocked latch  
The latch SoC_i/axi_wrapper_0/inst/DUT/DUT/ENCAP_MODULE/theta_wen_reg cannot be properly analyzed as its control pin SoC_i/axi_wrapper_0/inst/DUT/DUT/ENCAP_MODULE/theta_wen_reg/G is not reached by a timing clock
Related violations: <none>

TIMING-20#59 Warning
Non-clocked latch  
The latch SoC_i/axi_wrapper_0/inst/DUT/DUT/KEYGEN_MODULE/FIXEDWEIGHT/decrease_weight_count_reg cannot be properly analyzed as its control pin SoC_i/axi_wrapper_0/inst/DUT/DUT/KEYGEN_MODULE/FIXEDWEIGHT/decrease_weight_count_reg/G is not reached by a timing clock
Related violations: <none>

TIMING-20#60 Warning
Non-clocked latch  
The latch SoC_i/axi_wrapper_0/inst/DUT/DUT/KEYGEN_MODULE/FIXEDWEIGHT/init_mem_onegen_reg cannot be properly analyzed as its control pin SoC_i/axi_wrapper_0/inst/DUT/DUT/KEYGEN_MODULE/FIXEDWEIGHT/init_mem_onegen_reg/G is not reached by a timing clock
Related violations: <none>

TIMING-20#61 Warning
Non-clocked latch  
The latch SoC_i/axi_wrapper_0/inst/DUT/DUT/KEYGEN_MODULE/FIXEDWEIGHT/onegen_instance/init_reg cannot be properly analyzed as its control pin SoC_i/axi_wrapper_0/inst/DUT/DUT/KEYGEN_MODULE/FIXEDWEIGHT/onegen_instance/init_reg/G is not reached by a timing clock
Related violations: <none>

TIMING-20#62 Warning
Non-clocked latch  
The latch SoC_i/axi_wrapper_0/inst/DUT/DUT/KEYGEN_MODULE/FIXEDWEIGHT/onegen_instance/rd_en_reg cannot be properly analyzed as its control pin SoC_i/axi_wrapper_0/inst/DUT/DUT/KEYGEN_MODULE/FIXEDWEIGHT/onegen_instance/rd_en_reg/G is not reached by a timing clock
Related violations: <none>

TIMING-20#63 Warning
Non-clocked latch  
The latch SoC_i/axi_wrapper_0/inst/DUT/DUT/KEYGEN_MODULE/FIXEDWEIGHT/onegen_instance/reading_out_reg cannot be properly analyzed as its control pin SoC_i/axi_wrapper_0/inst/DUT/DUT/KEYGEN_MODULE/FIXEDWEIGHT/onegen_instance/reading_out_reg/G is not reached by a timing clock
Related violations: <none>

TIMING-20#64 Warning
Non-clocked latch  
The latch SoC_i/axi_wrapper_0/inst/DUT/DUT/KEYGEN_MODULE/FIXEDWEIGHT/onegen_instance/wren_0_reg cannot be properly analyzed as its control pin SoC_i/axi_wrapper_0/inst/DUT/DUT/KEYGEN_MODULE/FIXEDWEIGHT/onegen_instance/wren_0_reg/G is not reached by a timing clock
Related violations: <none>

TIMING-20#65 Warning
Non-clocked latch  
The latch SoC_i/axi_wrapper_0/inst/DUT/DUT/KEYGEN_MODULE/FIXEDWEIGHT/onegen_instance/wren_1_reg cannot be properly analyzed as its control pin SoC_i/axi_wrapper_0/inst/DUT/DUT/KEYGEN_MODULE/FIXEDWEIGHT/onegen_instance/wren_1_reg/G is not reached by a timing clock
Related violations: <none>

TIMING-20#66 Warning
Non-clocked latch  
The latch SoC_i/axi_wrapper_0/inst/DUT/DUT/KEYGEN_MODULE/FIXEDWEIGHT/sel_ctx_reg[0] cannot be properly analyzed as its control pin SoC_i/axi_wrapper_0/inst/DUT/DUT/KEYGEN_MODULE/FIXEDWEIGHT/sel_ctx_reg[0]/G is not reached by a timing clock
Related violations: <none>

TIMING-20#67 Warning
Non-clocked latch  
The latch SoC_i/axi_wrapper_0/inst/DUT/DUT/KEYGEN_MODULE/FIXEDWEIGHT/sel_ctx_reg[1] cannot be properly analyzed as its control pin SoC_i/axi_wrapper_0/inst/DUT/DUT/KEYGEN_MODULE/FIXEDWEIGHT/sel_ctx_reg[1]/G is not reached by a timing clock
Related violations: <none>

TIMING-20#68 Warning
Non-clocked latch  
The latch SoC_i/axi_wrapper_0/inst/DUT/DUT/KEYGEN_MODULE/FIXEDWEIGHT/shake_input_type_reg[0] cannot be properly analyzed as its control pin SoC_i/axi_wrapper_0/inst/DUT/DUT/KEYGEN_MODULE/FIXEDWEIGHT/shake_input_type_reg[0]/G is not reached by a timing clock
Related violations: <none>

TIMING-20#69 Warning
Non-clocked latch  
The latch SoC_i/axi_wrapper_0/inst/DUT/DUT/KEYGEN_MODULE/FIXEDWEIGHT/shake_input_type_reg[1] cannot be properly analyzed as its control pin SoC_i/axi_wrapper_0/inst/DUT/DUT/KEYGEN_MODULE/FIXEDWEIGHT/shake_input_type_reg[1]/G is not reached by a timing clock
Related violations: <none>

TIMING-20#70 Warning
Non-clocked latch  
The latch SoC_i/axi_wrapper_0/inst/DUT/DUT/KEYGEN_MODULE/FIXEDWEIGHT/squeeze_ctrl_reg cannot be properly analyzed as its control pin SoC_i/axi_wrapper_0/inst/DUT/DUT/KEYGEN_MODULE/FIXEDWEIGHT/squeeze_ctrl_reg/G is not reached by a timing clock
Related violations: <none>

TIMING-20#71 Warning
Non-clocked latch  
The latch SoC_i/axi_wrapper_0/inst/DUT/DUT/KEYGEN_MODULE/FIXEDWEIGHT/weight_counter_init_reg cannot be properly analyzed as its control pin SoC_i/axi_wrapper_0/inst/DUT/DUT/KEYGEN_MODULE/FIXEDWEIGHT/weight_counter_init_reg/G is not reached by a timing clock
Related violations: <none>

TIMING-20#72 Warning
Non-clocked latch  
The latch SoC_i/axi_wrapper_0/inst/DUT/DUT/KEYGEN_MODULE/VECTSETRAND/shake_input_type_reg[0] cannot be properly analyzed as its control pin SoC_i/axi_wrapper_0/inst/DUT/DUT/KEYGEN_MODULE/VECTSETRAND/shake_input_type_reg[0]/G is not reached by a timing clock
Related violations: <none>

TIMING-20#73 Warning
Non-clocked latch  
The latch SoC_i/axi_wrapper_0/inst/DUT/DUT/KEYGEN_MODULE/VECTSETRAND/shake_input_type_reg[1] cannot be properly analyzed as its control pin SoC_i/axi_wrapper_0/inst/DUT/DUT/KEYGEN_MODULE/VECTSETRAND/shake_input_type_reg[1]/G is not reached by a timing clock
Related violations: <none>

TIMING-20#74 Warning
Non-clocked latch  
The latch SoC_i/axi_wrapper_0/inst/DUT/DUT/KEYGEN_MODULE/sel_fw_reg cannot be properly analyzed as its control pin SoC_i/axi_wrapper_0/inst/DUT/DUT/KEYGEN_MODULE/sel_fw_reg/G is not reached by a timing clock
Related violations: <none>

TIMING-20#75 Warning
Non-clocked latch  
The latch SoC_i/axi_wrapper_0/inst/DUT/DUT/KEYGEN_MODULE/sel_x_reg cannot be properly analyzed as its control pin SoC_i/axi_wrapper_0/inst/DUT/DUT/KEYGEN_MODULE/sel_x_reg/G is not reached by a timing clock
Related violations: <none>

TIMING-20#76 Warning
Non-clocked latch  
The latch SoC_i/axi_wrapper_0/inst/DUT/DUT/KEYGEN_MODULE/start_adder_reg cannot be properly analyzed as its control pin SoC_i/axi_wrapper_0/inst/DUT/DUT/KEYGEN_MODULE/start_adder_reg/G is not reached by a timing clock
Related violations: <none>

TIMING-20#77 Warning
Non-clocked latch  
The latch SoC_i/axi_wrapper_0/inst/DUT/DUT/KEYGEN_MODULE/start_fw_reg cannot be properly analyzed as its control pin SoC_i/axi_wrapper_0/inst/DUT/DUT/KEYGEN_MODULE/start_fw_reg/G is not reached by a timing clock
Related violations: <none>

TIMING-20#78 Warning
Non-clocked latch  
The latch SoC_i/axi_wrapper_0/inst/DUT/DUT/KEYGEN_MODULE/start_poly_mult_reg cannot be properly analyzed as its control pin SoC_i/axi_wrapper_0/inst/DUT/DUT/KEYGEN_MODULE/start_poly_mult_reg/G is not reached by a timing clock
Related violations: <none>

TIMING-20#79 Warning
Non-clocked latch  
The latch SoC_i/axi_wrapper_0/inst/DUT/DUT/KEYGEN_MODULE/start_x_transfer_reg cannot be properly analyzed as its control pin SoC_i/axi_wrapper_0/inst/DUT/DUT/KEYGEN_MODULE/start_x_transfer_reg/G is not reached by a timing clock
Related violations: <none>

TIMING-20#80 Warning
Non-clocked latch  
The latch SoC_i/axi_wrapper_0/inst/DUT/DUT/SHAKE256/control_path_instance/absorb_data_reg cannot be properly analyzed as its control pin SoC_i/axi_wrapper_0/inst/DUT/DUT/SHAKE256/control_path_instance/absorb_data_reg/G is not reached by a timing clock
Related violations: <none>

TIMING-20#81 Warning
Non-clocked latch  
The latch SoC_i/axi_wrapper_0/inst/DUT/DUT/SHAKE256/control_path_instance/bof_internal_reg cannot be properly analyzed as its control pin SoC_i/axi_wrapper_0/inst/DUT/DUT/SHAKE256/control_path_instance/bof_internal_reg/G is not reached by a timing clock
Related violations: <none>

TIMING-20#82 Warning
Non-clocked latch  
The latch SoC_i/axi_wrapper_0/inst/DUT/DUT/SHAKE256/control_path_instance/bof_internal_reg_rep cannot be properly analyzed as its control pin SoC_i/axi_wrapper_0/inst/DUT/DUT/SHAKE256/control_path_instance/bof_internal_reg_rep/G is not reached by a timing clock
Related violations: <none>

TIMING-20#83 Warning
Non-clocked latch  
The latch SoC_i/axi_wrapper_0/inst/DUT/DUT/SHAKE256/control_path_instance/bof_internal_reg_rep__0 cannot be properly analyzed as its control pin SoC_i/axi_wrapper_0/inst/DUT/DUT/SHAKE256/control_path_instance/bof_internal_reg_rep__0/G is not reached by a timing clock
Related violations: <none>

TIMING-20#84 Warning
Non-clocked latch  
The latch SoC_i/axi_wrapper_0/inst/DUT/DUT/SHAKE256/control_path_instance/bof_internal_reg_rep__1 cannot be properly analyzed as its control pin SoC_i/axi_wrapper_0/inst/DUT/DUT/SHAKE256/control_path_instance/bof_internal_reg_rep__1/G is not reached by a timing clock
Related violations: <none>

TIMING-20#85 Warning
Non-clocked latch  
The latch SoC_i/axi_wrapper_0/inst/DUT/DUT/SHAKE256/control_path_instance/bof_internal_reg_rep__2 cannot be properly analyzed as its control pin SoC_i/axi_wrapper_0/inst/DUT/DUT/SHAKE256/control_path_instance/bof_internal_reg_rep__2/G is not reached by a timing clock
Related violations: <none>

TIMING-20#86 Warning
Non-clocked latch  
The latch SoC_i/axi_wrapper_0/inst/DUT/DUT/SHAKE256/control_path_instance/bof_internal_reg_rep__3 cannot be properly analyzed as its control pin SoC_i/axi_wrapper_0/inst/DUT/DUT/SHAKE256/control_path_instance/bof_internal_reg_rep__3/G is not reached by a timing clock
Related violations: <none>

TIMING-20#87 Warning
Non-clocked latch  
The latch SoC_i/axi_wrapper_0/inst/DUT/DUT/SHAKE256/control_path_instance/bof_internal_reg_rep__4 cannot be properly analyzed as its control pin SoC_i/axi_wrapper_0/inst/DUT/DUT/SHAKE256/control_path_instance/bof_internal_reg_rep__4/G is not reached by a timing clock
Related violations: <none>

TIMING-20#88 Warning
Non-clocked latch  
The latch SoC_i/axi_wrapper_0/inst/DUT/DUT/SHAKE256/control_path_instance/bof_internal_reg_rep__5 cannot be properly analyzed as its control pin SoC_i/axi_wrapper_0/inst/DUT/DUT/SHAKE256/control_path_instance/bof_internal_reg_rep__5/G is not reached by a timing clock
Related violations: <none>

TIMING-20#89 Warning
Non-clocked latch  
The latch SoC_i/axi_wrapper_0/inst/DUT/DUT/SHAKE256/control_path_instance/computation_en_reg cannot be properly analyzed as its control pin SoC_i/axi_wrapper_0/inst/DUT/DUT/SHAKE256/control_path_instance/computation_en_reg/G is not reached by a timing clock
Related violations: <none>

TIMING-20#90 Warning
Non-clocked latch  
The latch SoC_i/axi_wrapper_0/inst/DUT/DUT/SHAKE256/control_path_instance/counter_ctrl_reg[0] cannot be properly analyzed as its control pin SoC_i/axi_wrapper_0/inst/DUT/DUT/SHAKE256/control_path_instance/counter_ctrl_reg[0]/G is not reached by a timing clock
Related violations: <none>

TIMING-20#91 Warning
Non-clocked latch  
The latch SoC_i/axi_wrapper_0/inst/DUT/DUT/SHAKE256/control_path_instance/counter_ctrl_reg[1] cannot be properly analyzed as its control pin SoC_i/axi_wrapper_0/inst/DUT/DUT/SHAKE256/control_path_instance/counter_ctrl_reg[1]/G is not reached by a timing clock
Related violations: <none>

TIMING-20#92 Warning
Non-clocked latch  
The latch SoC_i/axi_wrapper_0/inst/DUT/DUT/SHAKE256/control_path_instance/cshake_reg cannot be properly analyzed as its control pin SoC_i/axi_wrapper_0/inst/DUT/DUT/SHAKE256/control_path_instance/cshake_reg/G is not reached by a timing clock
Related violations: <none>

TIMING-20#93 Warning
Non-clocked latch  
The latch SoC_i/axi_wrapper_0/inst/DUT/DUT/SHAKE256/control_path_instance/data_length_reg[0] cannot be properly analyzed as its control pin SoC_i/axi_wrapper_0/inst/DUT/DUT/SHAKE256/control_path_instance/data_length_reg[0]/G is not reached by a timing clock
Related violations: <none>

TIMING-20#94 Warning
Non-clocked latch  
The latch SoC_i/axi_wrapper_0/inst/DUT/DUT/SHAKE256/control_path_instance/data_length_reg[10] cannot be properly analyzed as its control pin SoC_i/axi_wrapper_0/inst/DUT/DUT/SHAKE256/control_path_instance/data_length_reg[10]/G is not reached by a timing clock
Related violations: <none>

TIMING-20#95 Warning
Non-clocked latch  
The latch SoC_i/axi_wrapper_0/inst/DUT/DUT/SHAKE256/control_path_instance/data_length_reg[1] cannot be properly analyzed as its control pin SoC_i/axi_wrapper_0/inst/DUT/DUT/SHAKE256/control_path_instance/data_length_reg[1]/G is not reached by a timing clock
Related violations: <none>

TIMING-20#96 Warning
Non-clocked latch  
The latch SoC_i/axi_wrapper_0/inst/DUT/DUT/SHAKE256/control_path_instance/data_length_reg[2] cannot be properly analyzed as its control pin SoC_i/axi_wrapper_0/inst/DUT/DUT/SHAKE256/control_path_instance/data_length_reg[2]/G is not reached by a timing clock
Related violations: <none>

TIMING-20#97 Warning
Non-clocked latch  
The latch SoC_i/axi_wrapper_0/inst/DUT/DUT/SHAKE256/control_path_instance/data_length_reg[3] cannot be properly analyzed as its control pin SoC_i/axi_wrapper_0/inst/DUT/DUT/SHAKE256/control_path_instance/data_length_reg[3]/G is not reached by a timing clock
Related violations: <none>

TIMING-20#98 Warning
Non-clocked latch  
The latch SoC_i/axi_wrapper_0/inst/DUT/DUT/SHAKE256/control_path_instance/data_length_reg[4] cannot be properly analyzed as its control pin SoC_i/axi_wrapper_0/inst/DUT/DUT/SHAKE256/control_path_instance/data_length_reg[4]/G is not reached by a timing clock
Related violations: <none>

TIMING-20#99 Warning
Non-clocked latch  
The latch SoC_i/axi_wrapper_0/inst/DUT/DUT/SHAKE256/control_path_instance/data_length_reg[5] cannot be properly analyzed as its control pin SoC_i/axi_wrapper_0/inst/DUT/DUT/SHAKE256/control_path_instance/data_length_reg[5]/G is not reached by a timing clock
Related violations: <none>

TIMING-20#100 Warning
Non-clocked latch  
The latch SoC_i/axi_wrapper_0/inst/DUT/DUT/SHAKE256/control_path_instance/data_length_reg[6] cannot be properly analyzed as its control pin SoC_i/axi_wrapper_0/inst/DUT/DUT/SHAKE256/control_path_instance/data_length_reg[6]/G is not reached by a timing clock
Related violations: <none>

TIMING-20#101 Warning
Non-clocked latch  
The latch SoC_i/axi_wrapper_0/inst/DUT/DUT/SHAKE256/control_path_instance/data_length_reg[7] cannot be properly analyzed as its control pin SoC_i/axi_wrapper_0/inst/DUT/DUT/SHAKE256/control_path_instance/data_length_reg[7]/G is not reached by a timing clock
Related violations: <none>

TIMING-20#102 Warning
Non-clocked latch  
The latch SoC_i/axi_wrapper_0/inst/DUT/DUT/SHAKE256/control_path_instance/data_length_reg[8] cannot be properly analyzed as its control pin SoC_i/axi_wrapper_0/inst/DUT/DUT/SHAKE256/control_path_instance/data_length_reg[8]/G is not reached by a timing clock
Related violations: <none>

TIMING-20#103 Warning
Non-clocked latch  
The latch SoC_i/axi_wrapper_0/inst/DUT/DUT/SHAKE256/control_path_instance/data_length_reg[9] cannot be properly analyzed as its control pin SoC_i/axi_wrapper_0/inst/DUT/DUT/SHAKE256/control_path_instance/data_length_reg[9]/G is not reached by a timing clock
Related violations: <none>

TIMING-20#104 Warning
Non-clocked latch  
The latch SoC_i/axi_wrapper_0/inst/DUT/DUT/SHAKE256/control_path_instance/din_padded_reg[0] cannot be properly analyzed as its control pin SoC_i/axi_wrapper_0/inst/DUT/DUT/SHAKE256/control_path_instance/din_padded_reg[0]/G is not reached by a timing clock
Related violations: <none>

TIMING-20#105 Warning
Non-clocked latch  
The latch SoC_i/axi_wrapper_0/inst/DUT/DUT/SHAKE256/control_path_instance/din_padded_reg[10] cannot be properly analyzed as its control pin SoC_i/axi_wrapper_0/inst/DUT/DUT/SHAKE256/control_path_instance/din_padded_reg[10]/G is not reached by a timing clock
Related violations: <none>

TIMING-20#106 Warning
Non-clocked latch  
The latch SoC_i/axi_wrapper_0/inst/DUT/DUT/SHAKE256/control_path_instance/din_padded_reg[11] cannot be properly analyzed as its control pin SoC_i/axi_wrapper_0/inst/DUT/DUT/SHAKE256/control_path_instance/din_padded_reg[11]/G is not reached by a timing clock
Related violations: <none>

TIMING-20#107 Warning
Non-clocked latch  
The latch SoC_i/axi_wrapper_0/inst/DUT/DUT/SHAKE256/control_path_instance/din_padded_reg[12] cannot be properly analyzed as its control pin SoC_i/axi_wrapper_0/inst/DUT/DUT/SHAKE256/control_path_instance/din_padded_reg[12]/G is not reached by a timing clock
Related violations: <none>

TIMING-20#108 Warning
Non-clocked latch  
The latch SoC_i/axi_wrapper_0/inst/DUT/DUT/SHAKE256/control_path_instance/din_padded_reg[13] cannot be properly analyzed as its control pin SoC_i/axi_wrapper_0/inst/DUT/DUT/SHAKE256/control_path_instance/din_padded_reg[13]/G is not reached by a timing clock
Related violations: <none>

TIMING-20#109 Warning
Non-clocked latch  
The latch SoC_i/axi_wrapper_0/inst/DUT/DUT/SHAKE256/control_path_instance/din_padded_reg[14] cannot be properly analyzed as its control pin SoC_i/axi_wrapper_0/inst/DUT/DUT/SHAKE256/control_path_instance/din_padded_reg[14]/G is not reached by a timing clock
Related violations: <none>

TIMING-20#110 Warning
Non-clocked latch  
The latch SoC_i/axi_wrapper_0/inst/DUT/DUT/SHAKE256/control_path_instance/din_padded_reg[15] cannot be properly analyzed as its control pin SoC_i/axi_wrapper_0/inst/DUT/DUT/SHAKE256/control_path_instance/din_padded_reg[15]/G is not reached by a timing clock
Related violations: <none>

TIMING-20#111 Warning
Non-clocked latch  
The latch SoC_i/axi_wrapper_0/inst/DUT/DUT/SHAKE256/control_path_instance/din_padded_reg[16] cannot be properly analyzed as its control pin SoC_i/axi_wrapper_0/inst/DUT/DUT/SHAKE256/control_path_instance/din_padded_reg[16]/G is not reached by a timing clock
Related violations: <none>

TIMING-20#112 Warning
Non-clocked latch  
The latch SoC_i/axi_wrapper_0/inst/DUT/DUT/SHAKE256/control_path_instance/din_padded_reg[17] cannot be properly analyzed as its control pin SoC_i/axi_wrapper_0/inst/DUT/DUT/SHAKE256/control_path_instance/din_padded_reg[17]/G is not reached by a timing clock
Related violations: <none>

TIMING-20#113 Warning
Non-clocked latch  
The latch SoC_i/axi_wrapper_0/inst/DUT/DUT/SHAKE256/control_path_instance/din_padded_reg[18] cannot be properly analyzed as its control pin SoC_i/axi_wrapper_0/inst/DUT/DUT/SHAKE256/control_path_instance/din_padded_reg[18]/G is not reached by a timing clock
Related violations: <none>

TIMING-20#114 Warning
Non-clocked latch  
The latch SoC_i/axi_wrapper_0/inst/DUT/DUT/SHAKE256/control_path_instance/din_padded_reg[19] cannot be properly analyzed as its control pin SoC_i/axi_wrapper_0/inst/DUT/DUT/SHAKE256/control_path_instance/din_padded_reg[19]/G is not reached by a timing clock
Related violations: <none>

TIMING-20#115 Warning
Non-clocked latch  
The latch SoC_i/axi_wrapper_0/inst/DUT/DUT/SHAKE256/control_path_instance/din_padded_reg[1] cannot be properly analyzed as its control pin SoC_i/axi_wrapper_0/inst/DUT/DUT/SHAKE256/control_path_instance/din_padded_reg[1]/G is not reached by a timing clock
Related violations: <none>

TIMING-20#116 Warning
Non-clocked latch  
The latch SoC_i/axi_wrapper_0/inst/DUT/DUT/SHAKE256/control_path_instance/din_padded_reg[20] cannot be properly analyzed as its control pin SoC_i/axi_wrapper_0/inst/DUT/DUT/SHAKE256/control_path_instance/din_padded_reg[20]/G is not reached by a timing clock
Related violations: <none>

TIMING-20#117 Warning
Non-clocked latch  
The latch SoC_i/axi_wrapper_0/inst/DUT/DUT/SHAKE256/control_path_instance/din_padded_reg[21] cannot be properly analyzed as its control pin SoC_i/axi_wrapper_0/inst/DUT/DUT/SHAKE256/control_path_instance/din_padded_reg[21]/G is not reached by a timing clock
Related violations: <none>

TIMING-20#118 Warning
Non-clocked latch  
The latch SoC_i/axi_wrapper_0/inst/DUT/DUT/SHAKE256/control_path_instance/din_padded_reg[22] cannot be properly analyzed as its control pin SoC_i/axi_wrapper_0/inst/DUT/DUT/SHAKE256/control_path_instance/din_padded_reg[22]/G is not reached by a timing clock
Related violations: <none>

TIMING-20#119 Warning
Non-clocked latch  
The latch SoC_i/axi_wrapper_0/inst/DUT/DUT/SHAKE256/control_path_instance/din_padded_reg[23] cannot be properly analyzed as its control pin SoC_i/axi_wrapper_0/inst/DUT/DUT/SHAKE256/control_path_instance/din_padded_reg[23]/G is not reached by a timing clock
Related violations: <none>

TIMING-20#120 Warning
Non-clocked latch  
The latch SoC_i/axi_wrapper_0/inst/DUT/DUT/SHAKE256/control_path_instance/din_padded_reg[24] cannot be properly analyzed as its control pin SoC_i/axi_wrapper_0/inst/DUT/DUT/SHAKE256/control_path_instance/din_padded_reg[24]/G is not reached by a timing clock
Related violations: <none>

TIMING-20#121 Warning
Non-clocked latch  
The latch SoC_i/axi_wrapper_0/inst/DUT/DUT/SHAKE256/control_path_instance/din_padded_reg[25] cannot be properly analyzed as its control pin SoC_i/axi_wrapper_0/inst/DUT/DUT/SHAKE256/control_path_instance/din_padded_reg[25]/G is not reached by a timing clock
Related violations: <none>

TIMING-20#122 Warning
Non-clocked latch  
The latch SoC_i/axi_wrapper_0/inst/DUT/DUT/SHAKE256/control_path_instance/din_padded_reg[26] cannot be properly analyzed as its control pin SoC_i/axi_wrapper_0/inst/DUT/DUT/SHAKE256/control_path_instance/din_padded_reg[26]/G is not reached by a timing clock
Related violations: <none>

TIMING-20#123 Warning
Non-clocked latch  
The latch SoC_i/axi_wrapper_0/inst/DUT/DUT/SHAKE256/control_path_instance/din_padded_reg[27] cannot be properly analyzed as its control pin SoC_i/axi_wrapper_0/inst/DUT/DUT/SHAKE256/control_path_instance/din_padded_reg[27]/G is not reached by a timing clock
Related violations: <none>

TIMING-20#124 Warning
Non-clocked latch  
The latch SoC_i/axi_wrapper_0/inst/DUT/DUT/SHAKE256/control_path_instance/din_padded_reg[28] cannot be properly analyzed as its control pin SoC_i/axi_wrapper_0/inst/DUT/DUT/SHAKE256/control_path_instance/din_padded_reg[28]/G is not reached by a timing clock
Related violations: <none>

TIMING-20#125 Warning
Non-clocked latch  
The latch SoC_i/axi_wrapper_0/inst/DUT/DUT/SHAKE256/control_path_instance/din_padded_reg[29] cannot be properly analyzed as its control pin SoC_i/axi_wrapper_0/inst/DUT/DUT/SHAKE256/control_path_instance/din_padded_reg[29]/G is not reached by a timing clock
Related violations: <none>

TIMING-20#126 Warning
Non-clocked latch  
The latch SoC_i/axi_wrapper_0/inst/DUT/DUT/SHAKE256/control_path_instance/din_padded_reg[2] cannot be properly analyzed as its control pin SoC_i/axi_wrapper_0/inst/DUT/DUT/SHAKE256/control_path_instance/din_padded_reg[2]/G is not reached by a timing clock
Related violations: <none>

TIMING-20#127 Warning
Non-clocked latch  
The latch SoC_i/axi_wrapper_0/inst/DUT/DUT/SHAKE256/control_path_instance/din_padded_reg[30] cannot be properly analyzed as its control pin SoC_i/axi_wrapper_0/inst/DUT/DUT/SHAKE256/control_path_instance/din_padded_reg[30]/G is not reached by a timing clock
Related violations: <none>

TIMING-20#128 Warning
Non-clocked latch  
The latch SoC_i/axi_wrapper_0/inst/DUT/DUT/SHAKE256/control_path_instance/din_padded_reg[31] cannot be properly analyzed as its control pin SoC_i/axi_wrapper_0/inst/DUT/DUT/SHAKE256/control_path_instance/din_padded_reg[31]/G is not reached by a timing clock
Related violations: <none>

TIMING-20#129 Warning
Non-clocked latch  
The latch SoC_i/axi_wrapper_0/inst/DUT/DUT/SHAKE256/control_path_instance/din_padded_reg[3] cannot be properly analyzed as its control pin SoC_i/axi_wrapper_0/inst/DUT/DUT/SHAKE256/control_path_instance/din_padded_reg[3]/G is not reached by a timing clock
Related violations: <none>

TIMING-20#130 Warning
Non-clocked latch  
The latch SoC_i/axi_wrapper_0/inst/DUT/DUT/SHAKE256/control_path_instance/din_padded_reg[4] cannot be properly analyzed as its control pin SoC_i/axi_wrapper_0/inst/DUT/DUT/SHAKE256/control_path_instance/din_padded_reg[4]/G is not reached by a timing clock
Related violations: <none>

TIMING-20#131 Warning
Non-clocked latch  
The latch SoC_i/axi_wrapper_0/inst/DUT/DUT/SHAKE256/control_path_instance/din_padded_reg[5] cannot be properly analyzed as its control pin SoC_i/axi_wrapper_0/inst/DUT/DUT/SHAKE256/control_path_instance/din_padded_reg[5]/G is not reached by a timing clock
Related violations: <none>

TIMING-20#132 Warning
Non-clocked latch  
The latch SoC_i/axi_wrapper_0/inst/DUT/DUT/SHAKE256/control_path_instance/din_padded_reg[6] cannot be properly analyzed as its control pin SoC_i/axi_wrapper_0/inst/DUT/DUT/SHAKE256/control_path_instance/din_padded_reg[6]/G is not reached by a timing clock
Related violations: <none>

TIMING-20#133 Warning
Non-clocked latch  
The latch SoC_i/axi_wrapper_0/inst/DUT/DUT/SHAKE256/control_path_instance/din_padded_reg[7] cannot be properly analyzed as its control pin SoC_i/axi_wrapper_0/inst/DUT/DUT/SHAKE256/control_path_instance/din_padded_reg[7]/G is not reached by a timing clock
Related violations: <none>

TIMING-20#134 Warning
Non-clocked latch  
The latch SoC_i/axi_wrapper_0/inst/DUT/DUT/SHAKE256/control_path_instance/din_padded_reg[8] cannot be properly analyzed as its control pin SoC_i/axi_wrapper_0/inst/DUT/DUT/SHAKE256/control_path_instance/din_padded_reg[8]/G is not reached by a timing clock
Related violations: <none>

TIMING-20#135 Warning
Non-clocked latch  
The latch SoC_i/axi_wrapper_0/inst/DUT/DUT/SHAKE256/control_path_instance/din_padded_reg[9] cannot be properly analyzed as its control pin SoC_i/axi_wrapper_0/inst/DUT/DUT/SHAKE256/control_path_instance/din_padded_reg[9]/G is not reached by a timing clock
Related violations: <none>

TIMING-20#136 Warning
Non-clocked latch  
The latch SoC_i/axi_wrapper_0/inst/DUT/DUT/SHAKE256/control_path_instance/din_ready_internal_reg cannot be properly analyzed as its control pin SoC_i/axi_wrapper_0/inst/DUT/DUT/SHAKE256/control_path_instance/din_ready_internal_reg/G is not reached by a timing clock
Related violations: <none>

TIMING-20#137 Warning
Non-clocked latch  
The latch SoC_i/axi_wrapper_0/inst/DUT/DUT/SHAKE256/control_path_instance/din_save_reg[0] cannot be properly analyzed as its control pin SoC_i/axi_wrapper_0/inst/DUT/DUT/SHAKE256/control_path_instance/din_save_reg[0]/G is not reached by a timing clock
Related violations: <none>

TIMING-20#138 Warning
Non-clocked latch  
The latch SoC_i/axi_wrapper_0/inst/DUT/DUT/SHAKE256/control_path_instance/din_save_reg[10] cannot be properly analyzed as its control pin SoC_i/axi_wrapper_0/inst/DUT/DUT/SHAKE256/control_path_instance/din_save_reg[10]/G is not reached by a timing clock
Related violations: <none>

TIMING-20#139 Warning
Non-clocked latch  
The latch SoC_i/axi_wrapper_0/inst/DUT/DUT/SHAKE256/control_path_instance/din_save_reg[11] cannot be properly analyzed as its control pin SoC_i/axi_wrapper_0/inst/DUT/DUT/SHAKE256/control_path_instance/din_save_reg[11]/G is not reached by a timing clock
Related violations: <none>

TIMING-20#140 Warning
Non-clocked latch  
The latch SoC_i/axi_wrapper_0/inst/DUT/DUT/SHAKE256/control_path_instance/din_save_reg[12] cannot be properly analyzed as its control pin SoC_i/axi_wrapper_0/inst/DUT/DUT/SHAKE256/control_path_instance/din_save_reg[12]/G is not reached by a timing clock
Related violations: <none>

TIMING-20#141 Warning
Non-clocked latch  
The latch SoC_i/axi_wrapper_0/inst/DUT/DUT/SHAKE256/control_path_instance/din_save_reg[13] cannot be properly analyzed as its control pin SoC_i/axi_wrapper_0/inst/DUT/DUT/SHAKE256/control_path_instance/din_save_reg[13]/G is not reached by a timing clock
Related violations: <none>

TIMING-20#142 Warning
Non-clocked latch  
The latch SoC_i/axi_wrapper_0/inst/DUT/DUT/SHAKE256/control_path_instance/din_save_reg[14] cannot be properly analyzed as its control pin SoC_i/axi_wrapper_0/inst/DUT/DUT/SHAKE256/control_path_instance/din_save_reg[14]/G is not reached by a timing clock
Related violations: <none>

TIMING-20#143 Warning
Non-clocked latch  
The latch SoC_i/axi_wrapper_0/inst/DUT/DUT/SHAKE256/control_path_instance/din_save_reg[15] cannot be properly analyzed as its control pin SoC_i/axi_wrapper_0/inst/DUT/DUT/SHAKE256/control_path_instance/din_save_reg[15]/G is not reached by a timing clock
Related violations: <none>

TIMING-20#144 Warning
Non-clocked latch  
The latch SoC_i/axi_wrapper_0/inst/DUT/DUT/SHAKE256/control_path_instance/din_save_reg[16] cannot be properly analyzed as its control pin SoC_i/axi_wrapper_0/inst/DUT/DUT/SHAKE256/control_path_instance/din_save_reg[16]/G is not reached by a timing clock
Related violations: <none>

TIMING-20#145 Warning
Non-clocked latch  
The latch SoC_i/axi_wrapper_0/inst/DUT/DUT/SHAKE256/control_path_instance/din_save_reg[17] cannot be properly analyzed as its control pin SoC_i/axi_wrapper_0/inst/DUT/DUT/SHAKE256/control_path_instance/din_save_reg[17]/G is not reached by a timing clock
Related violations: <none>

TIMING-20#146 Warning
Non-clocked latch  
The latch SoC_i/axi_wrapper_0/inst/DUT/DUT/SHAKE256/control_path_instance/din_save_reg[18] cannot be properly analyzed as its control pin SoC_i/axi_wrapper_0/inst/DUT/DUT/SHAKE256/control_path_instance/din_save_reg[18]/G is not reached by a timing clock
Related violations: <none>

TIMING-20#147 Warning
Non-clocked latch  
The latch SoC_i/axi_wrapper_0/inst/DUT/DUT/SHAKE256/control_path_instance/din_save_reg[19] cannot be properly analyzed as its control pin SoC_i/axi_wrapper_0/inst/DUT/DUT/SHAKE256/control_path_instance/din_save_reg[19]/G is not reached by a timing clock
Related violations: <none>

TIMING-20#148 Warning
Non-clocked latch  
The latch SoC_i/axi_wrapper_0/inst/DUT/DUT/SHAKE256/control_path_instance/din_save_reg[1] cannot be properly analyzed as its control pin SoC_i/axi_wrapper_0/inst/DUT/DUT/SHAKE256/control_path_instance/din_save_reg[1]/G is not reached by a timing clock
Related violations: <none>

TIMING-20#149 Warning
Non-clocked latch  
The latch SoC_i/axi_wrapper_0/inst/DUT/DUT/SHAKE256/control_path_instance/din_save_reg[20] cannot be properly analyzed as its control pin SoC_i/axi_wrapper_0/inst/DUT/DUT/SHAKE256/control_path_instance/din_save_reg[20]/G is not reached by a timing clock
Related violations: <none>

TIMING-20#150 Warning
Non-clocked latch  
The latch SoC_i/axi_wrapper_0/inst/DUT/DUT/SHAKE256/control_path_instance/din_save_reg[21] cannot be properly analyzed as its control pin SoC_i/axi_wrapper_0/inst/DUT/DUT/SHAKE256/control_path_instance/din_save_reg[21]/G is not reached by a timing clock
Related violations: <none>

TIMING-20#151 Warning
Non-clocked latch  
The latch SoC_i/axi_wrapper_0/inst/DUT/DUT/SHAKE256/control_path_instance/din_save_reg[22] cannot be properly analyzed as its control pin SoC_i/axi_wrapper_0/inst/DUT/DUT/SHAKE256/control_path_instance/din_save_reg[22]/G is not reached by a timing clock
Related violations: <none>

TIMING-20#152 Warning
Non-clocked latch  
The latch SoC_i/axi_wrapper_0/inst/DUT/DUT/SHAKE256/control_path_instance/din_save_reg[23] cannot be properly analyzed as its control pin SoC_i/axi_wrapper_0/inst/DUT/DUT/SHAKE256/control_path_instance/din_save_reg[23]/G is not reached by a timing clock
Related violations: <none>

TIMING-20#153 Warning
Non-clocked latch  
The latch SoC_i/axi_wrapper_0/inst/DUT/DUT/SHAKE256/control_path_instance/din_save_reg[24] cannot be properly analyzed as its control pin SoC_i/axi_wrapper_0/inst/DUT/DUT/SHAKE256/control_path_instance/din_save_reg[24]/G is not reached by a timing clock
Related violations: <none>

TIMING-20#154 Warning
Non-clocked latch  
The latch SoC_i/axi_wrapper_0/inst/DUT/DUT/SHAKE256/control_path_instance/din_save_reg[25] cannot be properly analyzed as its control pin SoC_i/axi_wrapper_0/inst/DUT/DUT/SHAKE256/control_path_instance/din_save_reg[25]/G is not reached by a timing clock
Related violations: <none>

TIMING-20#155 Warning
Non-clocked latch  
The latch SoC_i/axi_wrapper_0/inst/DUT/DUT/SHAKE256/control_path_instance/din_save_reg[26] cannot be properly analyzed as its control pin SoC_i/axi_wrapper_0/inst/DUT/DUT/SHAKE256/control_path_instance/din_save_reg[26]/G is not reached by a timing clock
Related violations: <none>

TIMING-20#156 Warning
Non-clocked latch  
The latch SoC_i/axi_wrapper_0/inst/DUT/DUT/SHAKE256/control_path_instance/din_save_reg[27] cannot be properly analyzed as its control pin SoC_i/axi_wrapper_0/inst/DUT/DUT/SHAKE256/control_path_instance/din_save_reg[27]/G is not reached by a timing clock
Related violations: <none>

TIMING-20#157 Warning
Non-clocked latch  
The latch SoC_i/axi_wrapper_0/inst/DUT/DUT/SHAKE256/control_path_instance/din_save_reg[28] cannot be properly analyzed as its control pin SoC_i/axi_wrapper_0/inst/DUT/DUT/SHAKE256/control_path_instance/din_save_reg[28]/G is not reached by a timing clock
Related violations: <none>

TIMING-20#158 Warning
Non-clocked latch  
The latch SoC_i/axi_wrapper_0/inst/DUT/DUT/SHAKE256/control_path_instance/din_save_reg[29] cannot be properly analyzed as its control pin SoC_i/axi_wrapper_0/inst/DUT/DUT/SHAKE256/control_path_instance/din_save_reg[29]/G is not reached by a timing clock
Related violations: <none>

TIMING-20#159 Warning
Non-clocked latch  
The latch SoC_i/axi_wrapper_0/inst/DUT/DUT/SHAKE256/control_path_instance/din_save_reg[2] cannot be properly analyzed as its control pin SoC_i/axi_wrapper_0/inst/DUT/DUT/SHAKE256/control_path_instance/din_save_reg[2]/G is not reached by a timing clock
Related violations: <none>

TIMING-20#160 Warning
Non-clocked latch  
The latch SoC_i/axi_wrapper_0/inst/DUT/DUT/SHAKE256/control_path_instance/din_save_reg[30] cannot be properly analyzed as its control pin SoC_i/axi_wrapper_0/inst/DUT/DUT/SHAKE256/control_path_instance/din_save_reg[30]/G is not reached by a timing clock
Related violations: <none>

TIMING-20#161 Warning
Non-clocked latch  
The latch SoC_i/axi_wrapper_0/inst/DUT/DUT/SHAKE256/control_path_instance/din_save_reg[31] cannot be properly analyzed as its control pin SoC_i/axi_wrapper_0/inst/DUT/DUT/SHAKE256/control_path_instance/din_save_reg[31]/G is not reached by a timing clock
Related violations: <none>

TIMING-20#162 Warning
Non-clocked latch  
The latch SoC_i/axi_wrapper_0/inst/DUT/DUT/SHAKE256/control_path_instance/din_save_reg[3] cannot be properly analyzed as its control pin SoC_i/axi_wrapper_0/inst/DUT/DUT/SHAKE256/control_path_instance/din_save_reg[3]/G is not reached by a timing clock
Related violations: <none>

TIMING-20#163 Warning
Non-clocked latch  
The latch SoC_i/axi_wrapper_0/inst/DUT/DUT/SHAKE256/control_path_instance/din_save_reg[4] cannot be properly analyzed as its control pin SoC_i/axi_wrapper_0/inst/DUT/DUT/SHAKE256/control_path_instance/din_save_reg[4]/G is not reached by a timing clock
Related violations: <none>

TIMING-20#164 Warning
Non-clocked latch  
The latch SoC_i/axi_wrapper_0/inst/DUT/DUT/SHAKE256/control_path_instance/din_save_reg[5] cannot be properly analyzed as its control pin SoC_i/axi_wrapper_0/inst/DUT/DUT/SHAKE256/control_path_instance/din_save_reg[5]/G is not reached by a timing clock
Related violations: <none>

TIMING-20#165 Warning
Non-clocked latch  
The latch SoC_i/axi_wrapper_0/inst/DUT/DUT/SHAKE256/control_path_instance/din_save_reg[6] cannot be properly analyzed as its control pin SoC_i/axi_wrapper_0/inst/DUT/DUT/SHAKE256/control_path_instance/din_save_reg[6]/G is not reached by a timing clock
Related violations: <none>

TIMING-20#166 Warning
Non-clocked latch  
The latch SoC_i/axi_wrapper_0/inst/DUT/DUT/SHAKE256/control_path_instance/din_save_reg[7] cannot be properly analyzed as its control pin SoC_i/axi_wrapper_0/inst/DUT/DUT/SHAKE256/control_path_instance/din_save_reg[7]/G is not reached by a timing clock
Related violations: <none>

TIMING-20#167 Warning
Non-clocked latch  
The latch SoC_i/axi_wrapper_0/inst/DUT/DUT/SHAKE256/control_path_instance/din_save_reg[8] cannot be properly analyzed as its control pin SoC_i/axi_wrapper_0/inst/DUT/DUT/SHAKE256/control_path_instance/din_save_reg[8]/G is not reached by a timing clock
Related violations: <none>

TIMING-20#168 Warning
Non-clocked latch  
The latch SoC_i/axi_wrapper_0/inst/DUT/DUT/SHAKE256/control_path_instance/din_save_reg[9] cannot be properly analyzed as its control pin SoC_i/axi_wrapper_0/inst/DUT/DUT/SHAKE256/control_path_instance/din_save_reg[9]/G is not reached by a timing clock
Related violations: <none>

TIMING-20#169 Warning
Non-clocked latch  
The latch SoC_i/axi_wrapper_0/inst/DUT/DUT/SHAKE256/control_path_instance/dout_valid_reg cannot be properly analyzed as its control pin SoC_i/axi_wrapper_0/inst/DUT/DUT/SHAKE256/control_path_instance/dout_valid_reg/G is not reached by a timing clock
Related violations: <none>

TIMING-20#170 Warning
Non-clocked latch  
The latch SoC_i/axi_wrapper_0/inst/DUT/DUT/SHAKE256/control_path_instance/eof_internal_reg cannot be properly analyzed as its control pin SoC_i/axi_wrapper_0/inst/DUT/DUT/SHAKE256/control_path_instance/eof_internal_reg/G is not reached by a timing clock
Related violations: <none>

TIMING-20#171 Warning
Non-clocked latch  
The latch SoC_i/axi_wrapper_0/inst/DUT/DUT/SHAKE256/control_path_instance/extra_pad_reg cannot be properly analyzed as its control pin SoC_i/axi_wrapper_0/inst/DUT/DUT/SHAKE256/control_path_instance/extra_pad_reg/G is not reached by a timing clock
Related violations: <none>

TIMING-20#172 Warning
Non-clocked latch  
The latch SoC_i/axi_wrapper_0/inst/DUT/DUT/SHAKE256/control_path_instance/max_reads_count_reg[0] cannot be properly analyzed as its control pin SoC_i/axi_wrapper_0/inst/DUT/DUT/SHAKE256/control_path_instance/max_reads_count_reg[0]/G is not reached by a timing clock
Related violations: <none>

TIMING-20#173 Warning
Non-clocked latch  
The latch SoC_i/axi_wrapper_0/inst/DUT/DUT/SHAKE256/control_path_instance/max_reads_count_reg[10] cannot be properly analyzed as its control pin SoC_i/axi_wrapper_0/inst/DUT/DUT/SHAKE256/control_path_instance/max_reads_count_reg[10]/G is not reached by a timing clock
Related violations: <none>

TIMING-20#174 Warning
Non-clocked latch  
The latch SoC_i/axi_wrapper_0/inst/DUT/DUT/SHAKE256/control_path_instance/max_reads_count_reg[1] cannot be properly analyzed as its control pin SoC_i/axi_wrapper_0/inst/DUT/DUT/SHAKE256/control_path_instance/max_reads_count_reg[1]/G is not reached by a timing clock
Related violations: <none>

TIMING-20#175 Warning
Non-clocked latch  
The latch SoC_i/axi_wrapper_0/inst/DUT/DUT/SHAKE256/control_path_instance/max_reads_count_reg[2] cannot be properly analyzed as its control pin SoC_i/axi_wrapper_0/inst/DUT/DUT/SHAKE256/control_path_instance/max_reads_count_reg[2]/G is not reached by a timing clock
Related violations: <none>

TIMING-20#176 Warning
Non-clocked latch  
The latch SoC_i/axi_wrapper_0/inst/DUT/DUT/SHAKE256/control_path_instance/max_reads_count_reg[3] cannot be properly analyzed as its control pin SoC_i/axi_wrapper_0/inst/DUT/DUT/SHAKE256/control_path_instance/max_reads_count_reg[3]/G is not reached by a timing clock
Related violations: <none>

TIMING-20#177 Warning
Non-clocked latch  
The latch SoC_i/axi_wrapper_0/inst/DUT/DUT/SHAKE256/control_path_instance/max_reads_count_reg[4] cannot be properly analyzed as its control pin SoC_i/axi_wrapper_0/inst/DUT/DUT/SHAKE256/control_path_instance/max_reads_count_reg[4]/G is not reached by a timing clock
Related violations: <none>

TIMING-20#178 Warning
Non-clocked latch  
The latch SoC_i/axi_wrapper_0/inst/DUT/DUT/SHAKE256/control_path_instance/max_reads_count_reg[5] cannot be properly analyzed as its control pin SoC_i/axi_wrapper_0/inst/DUT/DUT/SHAKE256/control_path_instance/max_reads_count_reg[5]/G is not reached by a timing clock
Related violations: <none>

TIMING-20#179 Warning
Non-clocked latch  
The latch SoC_i/axi_wrapper_0/inst/DUT/DUT/SHAKE256/control_path_instance/max_reads_count_reg[6] cannot be properly analyzed as its control pin SoC_i/axi_wrapper_0/inst/DUT/DUT/SHAKE256/control_path_instance/max_reads_count_reg[6]/G is not reached by a timing clock
Related violations: <none>

TIMING-20#180 Warning
Non-clocked latch  
The latch SoC_i/axi_wrapper_0/inst/DUT/DUT/SHAKE256/control_path_instance/max_reads_count_reg[7] cannot be properly analyzed as its control pin SoC_i/axi_wrapper_0/inst/DUT/DUT/SHAKE256/control_path_instance/max_reads_count_reg[7]/G is not reached by a timing clock
Related violations: <none>

TIMING-20#181 Warning
Non-clocked latch  
The latch SoC_i/axi_wrapper_0/inst/DUT/DUT/SHAKE256/control_path_instance/max_reads_count_reg[8] cannot be properly analyzed as its control pin SoC_i/axi_wrapper_0/inst/DUT/DUT/SHAKE256/control_path_instance/max_reads_count_reg[8]/G is not reached by a timing clock
Related violations: <none>

TIMING-20#182 Warning
Non-clocked latch  
The latch SoC_i/axi_wrapper_0/inst/DUT/DUT/SHAKE256/control_path_instance/max_reads_count_reg[9] cannot be properly analyzed as its control pin SoC_i/axi_wrapper_0/inst/DUT/DUT/SHAKE256/control_path_instance/max_reads_count_reg[9]/G is not reached by a timing clock
Related violations: <none>

TIMING-20#183 Warning
Non-clocked latch  
The latch SoC_i/axi_wrapper_0/inst/DUT/DUT/SHAKE256/control_path_instance/mux256_internal_reg cannot be properly analyzed as its control pin SoC_i/axi_wrapper_0/inst/DUT/DUT/SHAKE256/control_path_instance/mux256_internal_reg/G is not reached by a timing clock
Related violations: <none>

TIMING-20#184 Warning
Non-clocked latch  
The latch SoC_i/axi_wrapper_0/inst/DUT/DUT/SHAKE256/control_path_instance/prev_start_addr_reg[0] cannot be properly analyzed as its control pin SoC_i/axi_wrapper_0/inst/DUT/DUT/SHAKE256/control_path_instance/prev_start_addr_reg[0]/G is not reached by a timing clock
Related violations: <none>

TIMING-20#185 Warning
Non-clocked latch  
The latch SoC_i/axi_wrapper_0/inst/DUT/DUT/SHAKE256/control_path_instance/prev_start_addr_reg[1] cannot be properly analyzed as its control pin SoC_i/axi_wrapper_0/inst/DUT/DUT/SHAKE256/control_path_instance/prev_start_addr_reg[1]/G is not reached by a timing clock
Related violations: <none>

TIMING-20#186 Warning
Non-clocked latch  
The latch SoC_i/axi_wrapper_0/inst/DUT/DUT/SHAKE256/control_path_instance/prev_start_addr_reg[2] cannot be properly analyzed as its control pin SoC_i/axi_wrapper_0/inst/DUT/DUT/SHAKE256/control_path_instance/prev_start_addr_reg[2]/G is not reached by a timing clock
Related violations: <none>

TIMING-20#187 Warning
Non-clocked latch  
The latch SoC_i/axi_wrapper_0/inst/DUT/DUT/SHAKE256/control_path_instance/prev_start_addr_reg[3] cannot be properly analyzed as its control pin SoC_i/axi_wrapper_0/inst/DUT/DUT/SHAKE256/control_path_instance/prev_start_addr_reg[3]/G is not reached by a timing clock
Related violations: <none>

TIMING-20#188 Warning
Non-clocked latch  
The latch SoC_i/axi_wrapper_0/inst/DUT/DUT/SHAKE256/control_path_instance/prev_start_addr_reg[4] cannot be properly analyzed as its control pin SoC_i/axi_wrapper_0/inst/DUT/DUT/SHAKE256/control_path_instance/prev_start_addr_reg[4]/G is not reached by a timing clock
Related violations: <none>

TIMING-20#189 Warning
Non-clocked latch  
The latch SoC_i/axi_wrapper_0/inst/DUT/DUT/SHAKE256/control_path_instance/prev_start_addr_reg[5] cannot be properly analyzed as its control pin SoC_i/axi_wrapper_0/inst/DUT/DUT/SHAKE256/control_path_instance/prev_start_addr_reg[5]/G is not reached by a timing clock
Related violations: <none>

TIMING-20#190 Warning
Non-clocked latch  
The latch SoC_i/axi_wrapper_0/inst/DUT/DUT/SHAKE256/control_path_instance/rate_reg[0] cannot be properly analyzed as its control pin SoC_i/axi_wrapper_0/inst/DUT/DUT/SHAKE256/control_path_instance/rate_reg[0]/G is not reached by a timing clock
Related violations: <none>

TIMING-20#191 Warning
Non-clocked latch  
The latch SoC_i/axi_wrapper_0/inst/DUT/DUT/SHAKE256/control_path_instance/rate_reg[10] cannot be properly analyzed as its control pin SoC_i/axi_wrapper_0/inst/DUT/DUT/SHAKE256/control_path_instance/rate_reg[10]/G is not reached by a timing clock
Related violations: <none>

TIMING-20#192 Warning
Non-clocked latch  
The latch SoC_i/axi_wrapper_0/inst/DUT/DUT/SHAKE256/control_path_instance/rate_reg[1] cannot be properly analyzed as its control pin SoC_i/axi_wrapper_0/inst/DUT/DUT/SHAKE256/control_path_instance/rate_reg[1]/G is not reached by a timing clock
Related violations: <none>

TIMING-20#193 Warning
Non-clocked latch  
The latch SoC_i/axi_wrapper_0/inst/DUT/DUT/SHAKE256/control_path_instance/rate_reg[2] cannot be properly analyzed as its control pin SoC_i/axi_wrapper_0/inst/DUT/DUT/SHAKE256/control_path_instance/rate_reg[2]/G is not reached by a timing clock
Related violations: <none>

TIMING-20#194 Warning
Non-clocked latch  
The latch SoC_i/axi_wrapper_0/inst/DUT/DUT/SHAKE256/control_path_instance/rate_reg[3] cannot be properly analyzed as its control pin SoC_i/axi_wrapper_0/inst/DUT/DUT/SHAKE256/control_path_instance/rate_reg[3]/G is not reached by a timing clock
Related violations: <none>

TIMING-20#195 Warning
Non-clocked latch  
The latch SoC_i/axi_wrapper_0/inst/DUT/DUT/SHAKE256/control_path_instance/rate_reg[4] cannot be properly analyzed as its control pin SoC_i/axi_wrapper_0/inst/DUT/DUT/SHAKE256/control_path_instance/rate_reg[4]/G is not reached by a timing clock
Related violations: <none>

TIMING-20#196 Warning
Non-clocked latch  
The latch SoC_i/axi_wrapper_0/inst/DUT/DUT/SHAKE256/control_path_instance/rate_reg[5] cannot be properly analyzed as its control pin SoC_i/axi_wrapper_0/inst/DUT/DUT/SHAKE256/control_path_instance/rate_reg[5]/G is not reached by a timing clock
Related violations: <none>

TIMING-20#197 Warning
Non-clocked latch  
The latch SoC_i/axi_wrapper_0/inst/DUT/DUT/SHAKE256/control_path_instance/rate_reg[6] cannot be properly analyzed as its control pin SoC_i/axi_wrapper_0/inst/DUT/DUT/SHAKE256/control_path_instance/rate_reg[6]/G is not reached by a timing clock
Related violations: <none>

TIMING-20#198 Warning
Non-clocked latch  
The latch SoC_i/axi_wrapper_0/inst/DUT/DUT/SHAKE256/control_path_instance/rate_reg[7] cannot be properly analyzed as its control pin SoC_i/axi_wrapper_0/inst/DUT/DUT/SHAKE256/control_path_instance/rate_reg[7]/G is not reached by a timing clock
Related violations: <none>

TIMING-20#199 Warning
Non-clocked latch  
The latch SoC_i/axi_wrapper_0/inst/DUT/DUT/SHAKE256/control_path_instance/rate_reg[8] cannot be properly analyzed as its control pin SoC_i/axi_wrapper_0/inst/DUT/DUT/SHAKE256/control_path_instance/rate_reg[8]/G is not reached by a timing clock
Related violations: <none>

TIMING-20#200 Warning
Non-clocked latch  
The latch SoC_i/axi_wrapper_0/inst/DUT/DUT/SHAKE256/control_path_instance/rate_reg[9] cannot be properly analyzed as its control pin SoC_i/axi_wrapper_0/inst/DUT/DUT/SHAKE256/control_path_instance/rate_reg[9]/G is not reached by a timing clock
Related violations: <none>

TIMING-20#201 Warning
Non-clocked latch  
The latch SoC_i/axi_wrapper_0/inst/DUT/DUT/SHAKE256/control_path_instance/requested_bytes_reg[0] cannot be properly analyzed as its control pin SoC_i/axi_wrapper_0/inst/DUT/DUT/SHAKE256/control_path_instance/requested_bytes_reg[0]/G is not reached by a timing clock
Related violations: <none>

TIMING-20#202 Warning
Non-clocked latch  
The latch SoC_i/axi_wrapper_0/inst/DUT/DUT/SHAKE256/control_path_instance/requested_bytes_reg[10] cannot be properly analyzed as its control pin SoC_i/axi_wrapper_0/inst/DUT/DUT/SHAKE256/control_path_instance/requested_bytes_reg[10]/G is not reached by a timing clock
Related violations: <none>

TIMING-20#203 Warning
Non-clocked latch  
The latch SoC_i/axi_wrapper_0/inst/DUT/DUT/SHAKE256/control_path_instance/requested_bytes_reg[11] cannot be properly analyzed as its control pin SoC_i/axi_wrapper_0/inst/DUT/DUT/SHAKE256/control_path_instance/requested_bytes_reg[11]/G is not reached by a timing clock
Related violations: <none>

TIMING-20#204 Warning
Non-clocked latch  
The latch SoC_i/axi_wrapper_0/inst/DUT/DUT/SHAKE256/control_path_instance/requested_bytes_reg[12] cannot be properly analyzed as its control pin SoC_i/axi_wrapper_0/inst/DUT/DUT/SHAKE256/control_path_instance/requested_bytes_reg[12]/G is not reached by a timing clock
Related violations: <none>

TIMING-20#205 Warning
Non-clocked latch  
The latch SoC_i/axi_wrapper_0/inst/DUT/DUT/SHAKE256/control_path_instance/requested_bytes_reg[13] cannot be properly analyzed as its control pin SoC_i/axi_wrapper_0/inst/DUT/DUT/SHAKE256/control_path_instance/requested_bytes_reg[13]/G is not reached by a timing clock
Related violations: <none>

TIMING-20#206 Warning
Non-clocked latch  
The latch SoC_i/axi_wrapper_0/inst/DUT/DUT/SHAKE256/control_path_instance/requested_bytes_reg[14] cannot be properly analyzed as its control pin SoC_i/axi_wrapper_0/inst/DUT/DUT/SHAKE256/control_path_instance/requested_bytes_reg[14]/G is not reached by a timing clock
Related violations: <none>

TIMING-20#207 Warning
Non-clocked latch  
The latch SoC_i/axi_wrapper_0/inst/DUT/DUT/SHAKE256/control_path_instance/requested_bytes_reg[15] cannot be properly analyzed as its control pin SoC_i/axi_wrapper_0/inst/DUT/DUT/SHAKE256/control_path_instance/requested_bytes_reg[15]/G is not reached by a timing clock
Related violations: <none>

TIMING-20#208 Warning
Non-clocked latch  
The latch SoC_i/axi_wrapper_0/inst/DUT/DUT/SHAKE256/control_path_instance/requested_bytes_reg[16] cannot be properly analyzed as its control pin SoC_i/axi_wrapper_0/inst/DUT/DUT/SHAKE256/control_path_instance/requested_bytes_reg[16]/G is not reached by a timing clock
Related violations: <none>

TIMING-20#209 Warning
Non-clocked latch  
The latch SoC_i/axi_wrapper_0/inst/DUT/DUT/SHAKE256/control_path_instance/requested_bytes_reg[17] cannot be properly analyzed as its control pin SoC_i/axi_wrapper_0/inst/DUT/DUT/SHAKE256/control_path_instance/requested_bytes_reg[17]/G is not reached by a timing clock
Related violations: <none>

TIMING-20#210 Warning
Non-clocked latch  
The latch SoC_i/axi_wrapper_0/inst/DUT/DUT/SHAKE256/control_path_instance/requested_bytes_reg[18] cannot be properly analyzed as its control pin SoC_i/axi_wrapper_0/inst/DUT/DUT/SHAKE256/control_path_instance/requested_bytes_reg[18]/G is not reached by a timing clock
Related violations: <none>

TIMING-20#211 Warning
Non-clocked latch  
The latch SoC_i/axi_wrapper_0/inst/DUT/DUT/SHAKE256/control_path_instance/requested_bytes_reg[19] cannot be properly analyzed as its control pin SoC_i/axi_wrapper_0/inst/DUT/DUT/SHAKE256/control_path_instance/requested_bytes_reg[19]/G is not reached by a timing clock
Related violations: <none>

TIMING-20#212 Warning
Non-clocked latch  
The latch SoC_i/axi_wrapper_0/inst/DUT/DUT/SHAKE256/control_path_instance/requested_bytes_reg[1] cannot be properly analyzed as its control pin SoC_i/axi_wrapper_0/inst/DUT/DUT/SHAKE256/control_path_instance/requested_bytes_reg[1]/G is not reached by a timing clock
Related violations: <none>

TIMING-20#213 Warning
Non-clocked latch  
The latch SoC_i/axi_wrapper_0/inst/DUT/DUT/SHAKE256/control_path_instance/requested_bytes_reg[20] cannot be properly analyzed as its control pin SoC_i/axi_wrapper_0/inst/DUT/DUT/SHAKE256/control_path_instance/requested_bytes_reg[20]/G is not reached by a timing clock
Related violations: <none>

TIMING-20#214 Warning
Non-clocked latch  
The latch SoC_i/axi_wrapper_0/inst/DUT/DUT/SHAKE256/control_path_instance/requested_bytes_reg[21] cannot be properly analyzed as its control pin SoC_i/axi_wrapper_0/inst/DUT/DUT/SHAKE256/control_path_instance/requested_bytes_reg[21]/G is not reached by a timing clock
Related violations: <none>

TIMING-20#215 Warning
Non-clocked latch  
The latch SoC_i/axi_wrapper_0/inst/DUT/DUT/SHAKE256/control_path_instance/requested_bytes_reg[22] cannot be properly analyzed as its control pin SoC_i/axi_wrapper_0/inst/DUT/DUT/SHAKE256/control_path_instance/requested_bytes_reg[22]/G is not reached by a timing clock
Related violations: <none>

TIMING-20#216 Warning
Non-clocked latch  
The latch SoC_i/axi_wrapper_0/inst/DUT/DUT/SHAKE256/control_path_instance/requested_bytes_reg[23] cannot be properly analyzed as its control pin SoC_i/axi_wrapper_0/inst/DUT/DUT/SHAKE256/control_path_instance/requested_bytes_reg[23]/G is not reached by a timing clock
Related violations: <none>

TIMING-20#217 Warning
Non-clocked latch  
The latch SoC_i/axi_wrapper_0/inst/DUT/DUT/SHAKE256/control_path_instance/requested_bytes_reg[24] cannot be properly analyzed as its control pin SoC_i/axi_wrapper_0/inst/DUT/DUT/SHAKE256/control_path_instance/requested_bytes_reg[24]/G is not reached by a timing clock
Related violations: <none>

TIMING-20#218 Warning
Non-clocked latch  
The latch SoC_i/axi_wrapper_0/inst/DUT/DUT/SHAKE256/control_path_instance/requested_bytes_reg[25] cannot be properly analyzed as its control pin SoC_i/axi_wrapper_0/inst/DUT/DUT/SHAKE256/control_path_instance/requested_bytes_reg[25]/G is not reached by a timing clock
Related violations: <none>

TIMING-20#219 Warning
Non-clocked latch  
The latch SoC_i/axi_wrapper_0/inst/DUT/DUT/SHAKE256/control_path_instance/requested_bytes_reg[26] cannot be properly analyzed as its control pin SoC_i/axi_wrapper_0/inst/DUT/DUT/SHAKE256/control_path_instance/requested_bytes_reg[26]/G is not reached by a timing clock
Related violations: <none>

TIMING-20#220 Warning
Non-clocked latch  
The latch SoC_i/axi_wrapper_0/inst/DUT/DUT/SHAKE256/control_path_instance/requested_bytes_reg[27] cannot be properly analyzed as its control pin SoC_i/axi_wrapper_0/inst/DUT/DUT/SHAKE256/control_path_instance/requested_bytes_reg[27]/G is not reached by a timing clock
Related violations: <none>

TIMING-20#221 Warning
Non-clocked latch  
The latch SoC_i/axi_wrapper_0/inst/DUT/DUT/SHAKE256/control_path_instance/requested_bytes_reg[28] cannot be properly analyzed as its control pin SoC_i/axi_wrapper_0/inst/DUT/DUT/SHAKE256/control_path_instance/requested_bytes_reg[28]/G is not reached by a timing clock
Related violations: <none>

TIMING-20#222 Warning
Non-clocked latch  
The latch SoC_i/axi_wrapper_0/inst/DUT/DUT/SHAKE256/control_path_instance/requested_bytes_reg[29] cannot be properly analyzed as its control pin SoC_i/axi_wrapper_0/inst/DUT/DUT/SHAKE256/control_path_instance/requested_bytes_reg[29]/G is not reached by a timing clock
Related violations: <none>

TIMING-20#223 Warning
Non-clocked latch  
The latch SoC_i/axi_wrapper_0/inst/DUT/DUT/SHAKE256/control_path_instance/requested_bytes_reg[2] cannot be properly analyzed as its control pin SoC_i/axi_wrapper_0/inst/DUT/DUT/SHAKE256/control_path_instance/requested_bytes_reg[2]/G is not reached by a timing clock
Related violations: <none>

TIMING-20#224 Warning
Non-clocked latch  
The latch SoC_i/axi_wrapper_0/inst/DUT/DUT/SHAKE256/control_path_instance/requested_bytes_reg[3] cannot be properly analyzed as its control pin SoC_i/axi_wrapper_0/inst/DUT/DUT/SHAKE256/control_path_instance/requested_bytes_reg[3]/G is not reached by a timing clock
Related violations: <none>

TIMING-20#225 Warning
Non-clocked latch  
The latch SoC_i/axi_wrapper_0/inst/DUT/DUT/SHAKE256/control_path_instance/requested_bytes_reg[4] cannot be properly analyzed as its control pin SoC_i/axi_wrapper_0/inst/DUT/DUT/SHAKE256/control_path_instance/requested_bytes_reg[4]/G is not reached by a timing clock
Related violations: <none>

TIMING-20#226 Warning
Non-clocked latch  
The latch SoC_i/axi_wrapper_0/inst/DUT/DUT/SHAKE256/control_path_instance/requested_bytes_reg[5] cannot be properly analyzed as its control pin SoC_i/axi_wrapper_0/inst/DUT/DUT/SHAKE256/control_path_instance/requested_bytes_reg[5]/G is not reached by a timing clock
Related violations: <none>

TIMING-20#227 Warning
Non-clocked latch  
The latch SoC_i/axi_wrapper_0/inst/DUT/DUT/SHAKE256/control_path_instance/requested_bytes_reg[6] cannot be properly analyzed as its control pin SoC_i/axi_wrapper_0/inst/DUT/DUT/SHAKE256/control_path_instance/requested_bytes_reg[6]/G is not reached by a timing clock
Related violations: <none>

TIMING-20#228 Warning
Non-clocked latch  
The latch SoC_i/axi_wrapper_0/inst/DUT/DUT/SHAKE256/control_path_instance/requested_bytes_reg[7] cannot be properly analyzed as its control pin SoC_i/axi_wrapper_0/inst/DUT/DUT/SHAKE256/control_path_instance/requested_bytes_reg[7]/G is not reached by a timing clock
Related violations: <none>

TIMING-20#229 Warning
Non-clocked latch  
The latch SoC_i/axi_wrapper_0/inst/DUT/DUT/SHAKE256/control_path_instance/requested_bytes_reg[8] cannot be properly analyzed as its control pin SoC_i/axi_wrapper_0/inst/DUT/DUT/SHAKE256/control_path_instance/requested_bytes_reg[8]/G is not reached by a timing clock
Related violations: <none>

TIMING-20#230 Warning
Non-clocked latch  
The latch SoC_i/axi_wrapper_0/inst/DUT/DUT/SHAKE256/control_path_instance/requested_bytes_reg[9] cannot be properly analyzed as its control pin SoC_i/axi_wrapper_0/inst/DUT/DUT/SHAKE256/control_path_instance/requested_bytes_reg[9]/G is not reached by a timing clock
Related violations: <none>

TIMING-20#231 Warning
Non-clocked latch  
The latch SoC_i/axi_wrapper_0/inst/DUT/DUT/SHAKE256/control_path_instance/start_addr_reg[0] cannot be properly analyzed as its control pin SoC_i/axi_wrapper_0/inst/DUT/DUT/SHAKE256/control_path_instance/start_addr_reg[0]/G is not reached by a timing clock
Related violations: <none>

TIMING-20#232 Warning
Non-clocked latch  
The latch SoC_i/axi_wrapper_0/inst/DUT/DUT/SHAKE256/control_path_instance/start_addr_reg[1] cannot be properly analyzed as its control pin SoC_i/axi_wrapper_0/inst/DUT/DUT/SHAKE256/control_path_instance/start_addr_reg[1]/G is not reached by a timing clock
Related violations: <none>

TIMING-20#233 Warning
Non-clocked latch  
The latch SoC_i/axi_wrapper_0/inst/DUT/DUT/SHAKE256/control_path_instance/start_addr_reg[2] cannot be properly analyzed as its control pin SoC_i/axi_wrapper_0/inst/DUT/DUT/SHAKE256/control_path_instance/start_addr_reg[2]/G is not reached by a timing clock
Related violations: <none>

TIMING-20#234 Warning
Non-clocked latch  
The latch SoC_i/axi_wrapper_0/inst/DUT/DUT/SHAKE256/control_path_instance/start_addr_reg[3] cannot be properly analyzed as its control pin SoC_i/axi_wrapper_0/inst/DUT/DUT/SHAKE256/control_path_instance/start_addr_reg[3]/G is not reached by a timing clock
Related violations: <none>

TIMING-20#235 Warning
Non-clocked latch  
The latch SoC_i/axi_wrapper_0/inst/DUT/DUT/SHAKE256/control_path_instance/start_addr_reg[4] cannot be properly analyzed as its control pin SoC_i/axi_wrapper_0/inst/DUT/DUT/SHAKE256/control_path_instance/start_addr_reg[4]/G is not reached by a timing clock
Related violations: <none>

TIMING-20#236 Warning
Non-clocked latch  
The latch SoC_i/axi_wrapper_0/inst/DUT/DUT/SHAKE256/control_path_instance/start_addr_reg[5] cannot be properly analyzed as its control pin SoC_i/axi_wrapper_0/inst/DUT/DUT/SHAKE256/control_path_instance/start_addr_reg[5]/G is not reached by a timing clock
Related violations: <none>

TIMING-20#237 Warning
Non-clocked latch  
The latch SoC_i/axi_wrapper_0/inst/DUT/DUT/SHAKE256/control_path_instance/to_be_absorbed_reg[0] cannot be properly analyzed as its control pin SoC_i/axi_wrapper_0/inst/DUT/DUT/SHAKE256/control_path_instance/to_be_absorbed_reg[0]/G is not reached by a timing clock
Related violations: <none>

TIMING-20#238 Warning
Non-clocked latch  
The latch SoC_i/axi_wrapper_0/inst/DUT/DUT/SHAKE256/control_path_instance/to_be_absorbed_reg[10] cannot be properly analyzed as its control pin SoC_i/axi_wrapper_0/inst/DUT/DUT/SHAKE256/control_path_instance/to_be_absorbed_reg[10]/G is not reached by a timing clock
Related violations: <none>

TIMING-20#239 Warning
Non-clocked latch  
The latch SoC_i/axi_wrapper_0/inst/DUT/DUT/SHAKE256/control_path_instance/to_be_absorbed_reg[1] cannot be properly analyzed as its control pin SoC_i/axi_wrapper_0/inst/DUT/DUT/SHAKE256/control_path_instance/to_be_absorbed_reg[1]/G is not reached by a timing clock
Related violations: <none>

TIMING-20#240 Warning
Non-clocked latch  
The latch SoC_i/axi_wrapper_0/inst/DUT/DUT/SHAKE256/control_path_instance/to_be_absorbed_reg[2] cannot be properly analyzed as its control pin SoC_i/axi_wrapper_0/inst/DUT/DUT/SHAKE256/control_path_instance/to_be_absorbed_reg[2]/G is not reached by a timing clock
Related violations: <none>

TIMING-20#241 Warning
Non-clocked latch  
The latch SoC_i/axi_wrapper_0/inst/DUT/DUT/SHAKE256/control_path_instance/to_be_absorbed_reg[3] cannot be properly analyzed as its control pin SoC_i/axi_wrapper_0/inst/DUT/DUT/SHAKE256/control_path_instance/to_be_absorbed_reg[3]/G is not reached by a timing clock
Related violations: <none>

TIMING-20#242 Warning
Non-clocked latch  
The latch SoC_i/axi_wrapper_0/inst/DUT/DUT/SHAKE256/control_path_instance/to_be_absorbed_reg[4] cannot be properly analyzed as its control pin SoC_i/axi_wrapper_0/inst/DUT/DUT/SHAKE256/control_path_instance/to_be_absorbed_reg[4]/G is not reached by a timing clock
Related violations: <none>

TIMING-20#243 Warning
Non-clocked latch  
The latch SoC_i/axi_wrapper_0/inst/DUT/DUT/SHAKE256/control_path_instance/to_be_absorbed_reg[5] cannot be properly analyzed as its control pin SoC_i/axi_wrapper_0/inst/DUT/DUT/SHAKE256/control_path_instance/to_be_absorbed_reg[5]/G is not reached by a timing clock
Related violations: <none>

TIMING-20#244 Warning
Non-clocked latch  
The latch SoC_i/axi_wrapper_0/inst/DUT/DUT/SHAKE256/control_path_instance/to_be_absorbed_reg[6] cannot be properly analyzed as its control pin SoC_i/axi_wrapper_0/inst/DUT/DUT/SHAKE256/control_path_instance/to_be_absorbed_reg[6]/G is not reached by a timing clock
Related violations: <none>

TIMING-20#245 Warning
Non-clocked latch  
The latch SoC_i/axi_wrapper_0/inst/DUT/DUT/SHAKE256/control_path_instance/to_be_absorbed_reg[7] cannot be properly analyzed as its control pin SoC_i/axi_wrapper_0/inst/DUT/DUT/SHAKE256/control_path_instance/to_be_absorbed_reg[7]/G is not reached by a timing clock
Related violations: <none>

TIMING-20#246 Warning
Non-clocked latch  
The latch SoC_i/axi_wrapper_0/inst/DUT/DUT/SHAKE256/control_path_instance/to_be_absorbed_reg[8] cannot be properly analyzed as its control pin SoC_i/axi_wrapper_0/inst/DUT/DUT/SHAKE256/control_path_instance/to_be_absorbed_reg[8]/G is not reached by a timing clock
Related violations: <none>

TIMING-20#247 Warning
Non-clocked latch  
The latch SoC_i/axi_wrapper_0/inst/DUT/DUT/SHAKE256/control_path_instance/to_be_absorbed_reg[9] cannot be properly analyzed as its control pin SoC_i/axi_wrapper_0/inst/DUT/DUT/SHAKE256/control_path_instance/to_be_absorbed_reg[9]/G is not reached by a timing clock
Related violations: <none>

TIMING-20#248 Warning
Non-clocked latch  
The latch SoC_i/axi_wrapper_0/inst/DUT/DUT/SHAKE256/control_path_instance/to_be_read_reg[0] cannot be properly analyzed as its control pin SoC_i/axi_wrapper_0/inst/DUT/DUT/SHAKE256/control_path_instance/to_be_read_reg[0]/G is not reached by a timing clock
Related violations: <none>

TIMING-20#249 Warning
Non-clocked latch  
The latch SoC_i/axi_wrapper_0/inst/DUT/DUT/SHAKE256/control_path_instance/to_be_read_reg[10] cannot be properly analyzed as its control pin SoC_i/axi_wrapper_0/inst/DUT/DUT/SHAKE256/control_path_instance/to_be_read_reg[10]/G is not reached by a timing clock
Related violations: <none>

TIMING-20#250 Warning
Non-clocked latch  
The latch SoC_i/axi_wrapper_0/inst/DUT/DUT/SHAKE256/control_path_instance/to_be_read_reg[1] cannot be properly analyzed as its control pin SoC_i/axi_wrapper_0/inst/DUT/DUT/SHAKE256/control_path_instance/to_be_read_reg[1]/G is not reached by a timing clock
Related violations: <none>

TIMING-20#251 Warning
Non-clocked latch  
The latch SoC_i/axi_wrapper_0/inst/DUT/DUT/SHAKE256/control_path_instance/to_be_read_reg[2] cannot be properly analyzed as its control pin SoC_i/axi_wrapper_0/inst/DUT/DUT/SHAKE256/control_path_instance/to_be_read_reg[2]/G is not reached by a timing clock
Related violations: <none>

TIMING-20#252 Warning
Non-clocked latch  
The latch SoC_i/axi_wrapper_0/inst/DUT/DUT/SHAKE256/control_path_instance/to_be_read_reg[3] cannot be properly analyzed as its control pin SoC_i/axi_wrapper_0/inst/DUT/DUT/SHAKE256/control_path_instance/to_be_read_reg[3]/G is not reached by a timing clock
Related violations: <none>

TIMING-20#253 Warning
Non-clocked latch  
The latch SoC_i/axi_wrapper_0/inst/DUT/DUT/SHAKE256/control_path_instance/to_be_read_reg[4] cannot be properly analyzed as its control pin SoC_i/axi_wrapper_0/inst/DUT/DUT/SHAKE256/control_path_instance/to_be_read_reg[4]/G is not reached by a timing clock
Related violations: <none>

TIMING-20#254 Warning
Non-clocked latch  
The latch SoC_i/axi_wrapper_0/inst/DUT/DUT/SHAKE256/control_path_instance/to_be_read_reg[5] cannot be properly analyzed as its control pin SoC_i/axi_wrapper_0/inst/DUT/DUT/SHAKE256/control_path_instance/to_be_read_reg[5]/G is not reached by a timing clock
Related violations: <none>

TIMING-20#255 Warning
Non-clocked latch  
The latch SoC_i/axi_wrapper_0/inst/DUT/DUT/SHAKE256/control_path_instance/to_be_read_reg[6] cannot be properly analyzed as its control pin SoC_i/axi_wrapper_0/inst/DUT/DUT/SHAKE256/control_path_instance/to_be_read_reg[6]/G is not reached by a timing clock
Related violations: <none>

TIMING-20#256 Warning
Non-clocked latch  
The latch SoC_i/axi_wrapper_0/inst/DUT/DUT/SHAKE256/control_path_instance/to_be_read_reg[7] cannot be properly analyzed as its control pin SoC_i/axi_wrapper_0/inst/DUT/DUT/SHAKE256/control_path_instance/to_be_read_reg[7]/G is not reached by a timing clock
Related violations: <none>

TIMING-20#257 Warning
Non-clocked latch  
The latch SoC_i/axi_wrapper_0/inst/DUT/DUT/SHAKE256/control_path_instance/to_be_read_reg[8] cannot be properly analyzed as its control pin SoC_i/axi_wrapper_0/inst/DUT/DUT/SHAKE256/control_path_instance/to_be_read_reg[8]/G is not reached by a timing clock
Related violations: <none>

TIMING-20#258 Warning
Non-clocked latch  
The latch SoC_i/axi_wrapper_0/inst/DUT/DUT/SHAKE256/control_path_instance/to_be_read_reg[9] cannot be properly analyzed as its control pin SoC_i/axi_wrapper_0/inst/DUT/DUT/SHAKE256/control_path_instance/to_be_read_reg[9]/G is not reached by a timing clock
Related violations: <none>

LATCH-1#1 Advisory
Existing latches in the design  
There are 258 latches found in the design. Inferred latches are often the result of HDL coding mistakes, such as incomplete if or case statements.
Related violations: <none>


