
*** Running vivado
    with args -log SoC_wrapper.vds -m64 -product Vivado -mode batch -messageDb vivado.pb -notrace -source SoC_wrapper.tcl



****** Vivado v2022.2 (64-bit)
  **** SW Build 3671981 on Fri Oct 14 05:00:03 MDT 2022
  **** IP Build 3669848 on Fri Oct 14 08:30:02 MDT 2022
    ** Copyright 1986-2022 Xilinx, Inc. All Rights Reserved.

source SoC_wrapper.tcl -notrace
INFO: [IP_Flow 19-234] Refreshing IP repositories
INFO: [IP_Flow 19-1700] Loaded user IP repository 'd:/University/251/DA/wrapper'.
WARNING: [IP_Flow 19-3656] If you move the project, the path for repository 'd:/University/251/DA/wrapper' may become invalid. A better location for the repository would be in a path adjacent to the project. (Current project location is 'd:/University/251/DA/wrapper/wrapper.runs/synth_1'.)
INFO: [IP_Flow 19-2313] Loaded Vivado IP repository 'D:/Apps/Xilinx/Vivado/2022.2/data/ip'.
Command: read_checkpoint -auto_incremental -incremental D:/University/251/DA/wrapper/wrapper.srcs/utils_1/imports/synth_1/HQC_wrapper.dcp
INFO: [Vivado 12-5825] Read reference checkpoint from D:/University/251/DA/wrapper/wrapper.srcs/utils_1/imports/synth_1/HQC_wrapper.dcp for incremental synthesis
INFO: [Vivado 12-7989] Please ensure there are no constraint changes
Command: synth_design -top SoC_wrapper -part xck26-sfvc784-2LV-c
Starting synth_design
Attempting to get a license for feature 'Synthesis' and/or device 'xck26'
INFO: [Common 17-349] Got license for feature 'Synthesis' and/or device 'xck26'
INFO: [Device 21-403] Loading part xck26-sfvc784-2LV-c
INFO: [Synth 8-7079] Multithreading enabled for synth_design using a maximum of 2 processes.
INFO: [Synth 8-7078] Launching helper process for spawning children vivado processes
INFO: [Synth 8-7075] Helper process launched with PID 19652
INFO: [Synth 8-11241] undeclared symbol 'REGCCE', assumed default net type 'wire' [D:/Apps/Xilinx/Vivado/2022.2/data/verilog/src/unimacro/BRAM_SINGLE_MACRO.v:2170]
INFO: [Synth 8-11241] undeclared symbol 'dp_audi_ref_clk', assumed default net type 'wire' [d:/University/251/DA/wrapper/wrapper.gen/sources_1/bd/SoC/ip/SoC_zynq_ultra_ps_e_0_0/hdl/zynq_ultra_ps_e_v3_4_1.v:2470]
INFO: [Synth 8-11241] undeclared symbol 'start_decrypt', assumed default net type 'wire' [d:/University/251/DA/wrapper/wrapper.gen/sources_1/bd/SoC/ipshared/1e43/src/decap.v:358]
INFO: [Synth 8-11241] undeclared symbol 'done_decrypt', assumed default net type 'wire' [d:/University/251/DA/wrapper/wrapper.gen/sources_1/bd/SoC/ipshared/1e43/src/decap.v:360]
INFO: [Synth 8-11241] undeclared symbol 'start_encap', assumed default net type 'wire' [d:/University/251/DA/wrapper/wrapper.gen/sources_1/bd/SoC/ipshared/1e43/src/decap.v:507]
INFO: [Synth 8-11241] undeclared symbol 'done_encrypt', assumed default net type 'wire' [d:/University/251/DA/wrapper/wrapper.gen/sources_1/bd/SoC/ipshared/1e43/src/decap.v:538]
WARNING: [Synth 8-8895] 'start_decrypt' is already implicitly declared on line 358 [d:/University/251/DA/wrapper/wrapper.gen/sources_1/bd/SoC/ipshared/1e43/src/decap.v:864]
WARNING: [Synth 8-8895] 'done_decrypt' is already implicitly declared on line 360 [d:/University/251/DA/wrapper/wrapper.gen/sources_1/bd/SoC/ipshared/1e43/src/decap.v:865]
WARNING: [Synth 8-8895] 'start_encap' is already implicitly declared on line 507 [d:/University/251/DA/wrapper/wrapper.gen/sources_1/bd/SoC/ipshared/1e43/src/decap.v:866]
WARNING: [Synth 8-8895] 'done_encrypt' is already implicitly declared on line 538 [d:/University/251/DA/wrapper/wrapper.gen/sources_1/bd/SoC/ipshared/1e43/src/decap.v:867]
WARNING: [Synth 8-6901] identifier 'dec_uv' is used before its declaration [d:/University/251/DA/wrapper/wrapper.gen/sources_1/bd/SoC/ipshared/1e43/src/decap.v:334]
WARNING: [Synth 8-6901] identifier 'uv_addr_0_dec' is used before its declaration [d:/University/251/DA/wrapper/wrapper.gen/sources_1/bd/SoC/ipshared/1e43/src/decap.v:334]
WARNING: [Synth 8-6901] identifier 'copy_uv' is used before its declaration [d:/University/251/DA/wrapper/wrapper.gen/sources_1/bd/SoC/ipshared/1e43/src/decap.v:334]
WARNING: [Synth 8-6901] identifier 'uv_addr_1_dec' is used before its declaration [d:/University/251/DA/wrapper/wrapper.gen/sources_1/bd/SoC/ipshared/1e43/src/decap.v:335]
WARNING: [Synth 8-6901] identifier 'dec_uv' is used before its declaration [d:/University/251/DA/wrapper/wrapper.gen/sources_1/bd/SoC/ipshared/1e43/src/decap.v:337]
WARNING: [Synth 8-6901] identifier 'uv_addr_0_dec' is used before its declaration [d:/University/251/DA/wrapper/wrapper.gen/sources_1/bd/SoC/ipshared/1e43/src/decap.v:337]
WARNING: [Synth 8-6901] identifier 'copy_uv' is used before its declaration [d:/University/251/DA/wrapper/wrapper.gen/sources_1/bd/SoC/ipshared/1e43/src/decap.v:337]
WARNING: [Synth 8-6901] identifier 'uv_addr_1_dec' is used before its declaration [d:/University/251/DA/wrapper/wrapper.gen/sources_1/bd/SoC/ipshared/1e43/src/decap.v:338]
WARNING: [Synth 8-6901] identifier 'verify_u_reg' is used before its declaration [d:/University/251/DA/wrapper/wrapper.gen/sources_1/bd/SoC/ipshared/1e43/src/decap.v:397]
WARNING: [Synth 8-6901] identifier 'verify_v' is used before its declaration [d:/University/251/DA/wrapper/wrapper.gen/sources_1/bd/SoC/ipshared/1e43/src/decap.v:411]
WARNING: [Synth 8-6901] identifier 'verify_d' is used before its declaration [d:/University/251/DA/wrapper/wrapper.gen/sources_1/bd/SoC/ipshared/1e43/src/decap.v:424]
WARNING: [Synth 8-11065] parameter 's_wait_start' becomes localparam in 'decap' with formal parameter declaration list [d:/University/251/DA/wrapper/wrapper.gen/sources_1/bd/SoC/ipshared/1e43/src/decap.v:632]
WARNING: [Synth 8-11065] parameter 's_wait_decrypt_done' becomes localparam in 'decap' with formal parameter declaration list [d:/University/251/DA/wrapper/wrapper.gen/sources_1/bd/SoC/ipshared/1e43/src/decap.v:633]
WARNING: [Synth 8-11065] parameter 's_copy_msg_encap' becomes localparam in 'decap' with formal parameter declaration list [d:/University/251/DA/wrapper/wrapper.gen/sources_1/bd/SoC/ipshared/1e43/src/decap.v:634]
WARNING: [Synth 8-11065] parameter 's_wait_encrypt_done' becomes localparam in 'decap' with formal parameter declaration list [d:/University/251/DA/wrapper/wrapper.gen/sources_1/bd/SoC/ipshared/1e43/src/decap.v:635]
WARNING: [Synth 8-11065] parameter 's_compare_u_up' becomes localparam in 'decap' with formal parameter declaration list [d:/University/251/DA/wrapper/wrapper.gen/sources_1/bd/SoC/ipshared/1e43/src/decap.v:636]
WARNING: [Synth 8-11065] parameter 's_compare_v_vp' becomes localparam in 'decap' with formal parameter declaration list [d:/University/251/DA/wrapper/wrapper.gen/sources_1/bd/SoC/ipshared/1e43/src/decap.v:637]
WARNING: [Synth 8-11065] parameter 's_compare_d_dp' becomes localparam in 'decap' with formal parameter declaration list [d:/University/251/DA/wrapper/wrapper.gen/sources_1/bd/SoC/ipshared/1e43/src/decap.v:638]
WARNING: [Synth 8-11065] parameter 's_copy_u' becomes localparam in 'decap' with formal parameter declaration list [d:/University/251/DA/wrapper/wrapper.gen/sources_1/bd/SoC/ipshared/1e43/src/decap.v:639]
WARNING: [Synth 8-11065] parameter 's_copy_v' becomes localparam in 'decap' with formal parameter declaration list [d:/University/251/DA/wrapper/wrapper.gen/sources_1/bd/SoC/ipshared/1e43/src/decap.v:640]
WARNING: [Synth 8-11065] parameter 's_resume_encap' becomes localparam in 'decap' with formal parameter declaration list [d:/University/251/DA/wrapper/wrapper.gen/sources_1/bd/SoC/ipshared/1e43/src/decap.v:641]
WARNING: [Synth 8-11065] parameter 's_done_encap' becomes localparam in 'decap' with formal parameter declaration list [d:/University/251/DA/wrapper/wrapper.gen/sources_1/bd/SoC/ipshared/1e43/src/decap.v:642]
WARNING: [Synth 8-11065] parameter 's_done' becomes localparam in 'decap' with formal parameter declaration list [d:/University/251/DA/wrapper/wrapper.gen/sources_1/bd/SoC/ipshared/1e43/src/decap.v:643]
INFO: [Synth 8-11241] undeclared symbol 'done_u_minus_vy', assumed default net type 'wire' [d:/University/251/DA/wrapper/wrapper.gen/sources_1/bd/SoC/ipshared/1e43/src/decrypt.v:157]
INFO: [Synth 8-11241] undeclared symbol 'ram_din_rd_o', assumed default net type 'wire' [d:/University/251/DA/wrapper/wrapper.gen/sources_1/bd/SoC/ipshared/1e43/src/decrypt.v:168]
INFO: [Synth 8-11241] undeclared symbol 'ram_din_addr_o', assumed default net type 'wire' [d:/University/251/DA/wrapper/wrapper.gen/sources_1/bd/SoC/ipshared/1e43/src/decrypt.v:169]
INFO: [Synth 8-11241] undeclared symbol 'ram_din_i', assumed default net type 'wire' [d:/University/251/DA/wrapper/wrapper.gen/sources_1/bd/SoC/ipshared/1e43/src/decrypt.v:170]
WARNING: [Synth 8-8895] 'ram_din_rd_o' is already implicitly declared on line 168 [d:/University/251/DA/wrapper/wrapper.gen/sources_1/bd/SoC/ipshared/1e43/src/decrypt.v:191]
WARNING: [Synth 8-8895] 'ram_din_i' is already implicitly declared on line 170 [d:/University/251/DA/wrapper/wrapper.gen/sources_1/bd/SoC/ipshared/1e43/src/decrypt.v:192]
WARNING: [Synth 8-8895] 'ram_din_addr_o' is already implicitly declared on line 169 [d:/University/251/DA/wrapper/wrapper.gen/sources_1/bd/SoC/ipshared/1e43/src/decrypt.v:193]
WARNING: [Synth 8-8895] 'done_u_minus_vy' is already implicitly declared on line 157 [d:/University/251/DA/wrapper/wrapper.gen/sources_1/bd/SoC/ipshared/1e43/src/decrypt.v:194]
INFO: [Synth 8-11241] undeclared symbol 'count_hash_inputs', assumed default net type 'wire' [d:/University/251/DA/wrapper/wrapper.gen/sources_1/bd/SoC/ipshared/1e43/src/encap.v:539]
WARNING: [Synth 8-8895] 'count_hash_inputs' is already implicitly declared on line 539 [d:/University/251/DA/wrapper/wrapper.gen/sources_1/bd/SoC/ipshared/1e43/src/encap.v:557]
WARNING: [Synth 8-6901] identifier 'd_out' is used before its declaration [d:/University/251/DA/wrapper/wrapper.gen/sources_1/bd/SoC/ipshared/1e43/src/encap.v:250]
WARNING: [Synth 8-10604] concatenation with an unsized literal will be treated as 32 bits [d:/University/251/DA/wrapper/wrapper.gen/sources_1/bd/SoC/ipshared/1e43/src/encap.v:249]
WARNING: [Synth 8-10604] concatenation with an unsized literal will be treated as 32 bits [d:/University/251/DA/wrapper/wrapper.gen/sources_1/bd/SoC/ipshared/1e43/src/encap.v:250]
WARNING: [Synth 8-6901] identifier 'sel_uv' is used before its declaration [d:/University/251/DA/wrapper/wrapper.gen/sources_1/bd/SoC/ipshared/1e43/src/encap.v:328]
WARNING: [Synth 8-6901] identifier 'u_v_reg' is used before its declaration [d:/University/251/DA/wrapper/wrapper.gen/sources_1/bd/SoC/ipshared/1e43/src/encap.v:506]
WARNING: [Synth 8-6901] identifier 'u_v_reg' is used before its declaration [d:/University/251/DA/wrapper/wrapper.gen/sources_1/bd/SoC/ipshared/1e43/src/encap.v:507]
WARNING: [Synth 8-6901] identifier 'last_block_capture' is used before its declaration [d:/University/251/DA/wrapper/wrapper.gen/sources_1/bd/SoC/ipshared/1e43/src/encap.v:515]
WARNING: [Synth 8-6901] identifier 'block_capture' is used before its declaration [d:/University/251/DA/wrapper/wrapper.gen/sources_1/bd/SoC/ipshared/1e43/src/encap.v:518]
WARNING: [Synth 8-6901] identifier 'count_hash_inputs_test' is used before its declaration [d:/University/251/DA/wrapper/wrapper.gen/sources_1/bd/SoC/ipshared/1e43/src/encap.v:527]
WARNING: [Synth 8-6901] identifier 'count_hash_inputs_test' is used before its declaration [d:/University/251/DA/wrapper/wrapper.gen/sources_1/bd/SoC/ipshared/1e43/src/encap.v:530]
WARNING: [Synth 8-6901] identifier 'count_hash_inputs_test' is used before its declaration [d:/University/251/DA/wrapper/wrapper.gen/sources_1/bd/SoC/ipshared/1e43/src/encap.v:530]
WARNING: [Synth 8-10604] concatenation with an unsized literal will be treated as 32 bits [d:/University/251/DA/wrapper/wrapper.gen/sources_1/bd/SoC/ipshared/1e43/src/encap.v:546]
WARNING: [Synth 8-11065] parameter 's_wait_start' becomes localparam in 'encap' with formal parameter declaration list [d:/University/251/DA/wrapper/wrapper.gen/sources_1/bd/SoC/ipshared/1e43/src/encap.v:564]
WARNING: [Synth 8-11065] parameter 's_load_m_in_size' becomes localparam in 'encap' with formal parameter declaration list [d:/University/251/DA/wrapper/wrapper.gen/sources_1/bd/SoC/ipshared/1e43/src/encap.v:565]
WARNING: [Synth 8-11065] parameter 's_load_m_out_size' becomes localparam in 'encap' with formal parameter declaration list [d:/University/251/DA/wrapper/wrapper.gen/sources_1/bd/SoC/ipshared/1e43/src/encap.v:566]
WARNING: [Synth 8-11065] parameter 's_load_m' becomes localparam in 'encap' with formal parameter declaration list [d:/University/251/DA/wrapper/wrapper.gen/sources_1/bd/SoC/ipshared/1e43/src/encap.v:567]
WARNING: [Synth 8-11065] parameter 's_load_last_m' becomes localparam in 'encap' with formal parameter declaration list [d:/University/251/DA/wrapper/wrapper.gen/sources_1/bd/SoC/ipshared/1e43/src/encap.v:568]
WARNING: [Synth 8-11065] parameter 's_comp_theta' becomes localparam in 'encap' with formal parameter declaration list [d:/University/251/DA/wrapper/wrapper.gen/sources_1/bd/SoC/ipshared/1e43/src/encap.v:569]
WARNING: [Synth 8-11065] parameter 's_save_theta' becomes localparam in 'encap' with formal parameter declaration list [d:/University/251/DA/wrapper/wrapper.gen/sources_1/bd/SoC/ipshared/1e43/src/encap.v:570]
WARNING: [Synth 8-11065] parameter 's_encrypt' becomes localparam in 'encap' with formal parameter declaration list [d:/University/251/DA/wrapper/wrapper.gen/sources_1/bd/SoC/ipshared/1e43/src/encap.v:571]
WARNING: [Synth 8-11065] parameter 's_wait_done_fw' becomes localparam in 'encap' with formal parameter declaration list [d:/University/251/DA/wrapper/wrapper.gen/sources_1/bd/SoC/ipshared/1e43/src/encap.v:572]
WARNING: [Synth 8-11065] parameter 's_update_hram_d' becomes localparam in 'encap' with formal parameter declaration list [d:/University/251/DA/wrapper/wrapper.gen/sources_1/bd/SoC/ipshared/1e43/src/encap.v:573]
WARNING: [Synth 8-11065] parameter 's_comp_d' becomes localparam in 'encap' with formal parameter declaration list [d:/University/251/DA/wrapper/wrapper.gen/sources_1/bd/SoC/ipshared/1e43/src/encap.v:574]
WARNING: [Synth 8-11065] parameter 's_save_d' becomes localparam in 'encap' with formal parameter declaration list [d:/University/251/DA/wrapper/wrapper.gen/sources_1/bd/SoC/ipshared/1e43/src/encap.v:575]
WARNING: [Synth 8-11065] parameter 's_save_last_d' becomes localparam in 'encap' with formal parameter declaration list [d:/University/251/DA/wrapper/wrapper.gen/sources_1/bd/SoC/ipshared/1e43/src/encap.v:576]
WARNING: [Synth 8-11065] parameter 's_wait_done_enc' becomes localparam in 'encap' with formal parameter declaration list [d:/University/251/DA/wrapper/wrapper.gen/sources_1/bd/SoC/ipshared/1e43/src/encap.v:577]
WARNING: [Synth 8-11065] parameter 's_load_u' becomes localparam in 'encap' with formal parameter declaration list [d:/University/251/DA/wrapper/wrapper.gen/sources_1/bd/SoC/ipshared/1e43/src/encap.v:578]
WARNING: [Synth 8-11065] parameter 's_save_u' becomes localparam in 'encap' with formal parameter declaration list [d:/University/251/DA/wrapper/wrapper.gen/sources_1/bd/SoC/ipshared/1e43/src/encap.v:579]
WARNING: [Synth 8-11065] parameter 's_load_dom_sep' becomes localparam in 'encap' with formal parameter declaration list [d:/University/251/DA/wrapper/wrapper.gen/sources_1/bd/SoC/ipshared/1e43/src/encap.v:580]
WARNING: [Synth 8-11065] parameter 's_load_v' becomes localparam in 'encap' with formal parameter declaration list [d:/University/251/DA/wrapper/wrapper.gen/sources_1/bd/SoC/ipshared/1e43/src/encap.v:581]
WARNING: [Synth 8-11065] parameter 's_save_v' becomes localparam in 'encap' with formal parameter declaration list [d:/University/251/DA/wrapper/wrapper.gen/sources_1/bd/SoC/ipshared/1e43/src/encap.v:582]
WARNING: [Synth 8-11065] parameter 's_load_dom_sep_v' becomes localparam in 'encap' with formal parameter declaration list [d:/University/251/DA/wrapper/wrapper.gen/sources_1/bd/SoC/ipshared/1e43/src/encap.v:583]
WARNING: [Synth 8-11065] parameter 's_stall_0' becomes localparam in 'encap' with formal parameter declaration list [d:/University/251/DA/wrapper/wrapper.gen/sources_1/bd/SoC/ipshared/1e43/src/encap.v:584]
WARNING: [Synth 8-11065] parameter 's_append_05' becomes localparam in 'encap' with formal parameter declaration list [d:/University/251/DA/wrapper/wrapper.gen/sources_1/bd/SoC/ipshared/1e43/src/encap.v:585]
WARNING: [Synth 8-11065] parameter 's_comp_ss' becomes localparam in 'encap' with formal parameter declaration list [d:/University/251/DA/wrapper/wrapper.gen/sources_1/bd/SoC/ipshared/1e43/src/encap.v:586]
WARNING: [Synth 8-11065] parameter 's_wait_ss' becomes localparam in 'encap' with formal parameter declaration list [d:/University/251/DA/wrapper/wrapper.gen/sources_1/bd/SoC/ipshared/1e43/src/encap.v:587]
WARNING: [Synth 8-11065] parameter 's_stall_1' becomes localparam in 'encap' with formal parameter declaration list [d:/University/251/DA/wrapper/wrapper.gen/sources_1/bd/SoC/ipshared/1e43/src/encap.v:588]
WARNING: [Synth 8-11065] parameter 's_wait_for_resume_encap' becomes localparam in 'encap' with formal parameter declaration list [d:/University/251/DA/wrapper/wrapper.gen/sources_1/bd/SoC/ipshared/1e43/src/encap.v:589]
WARNING: [Synth 8-11065] parameter 's_done' becomes localparam in 'encap' with formal parameter declaration list [d:/University/251/DA/wrapper/wrapper.gen/sources_1/bd/SoC/ipshared/1e43/src/encap.v:590]
WARNING: [Synth 8-6901] identifier 'total_shake_input_count' is used before its declaration [d:/University/251/DA/wrapper/wrapper.gen/sources_1/bd/SoC/ipshared/1e43/src/encap.v:597]
WARNING: [Synth 8-6901] identifier 'total_shake_input_count' is used before its declaration [d:/University/251/DA/wrapper/wrapper.gen/sources_1/bd/SoC/ipshared/1e43/src/encap.v:626]
WARNING: [Synth 8-6901] identifier 'total_shake_input_count' is used before its declaration [d:/University/251/DA/wrapper/wrapper.gen/sources_1/bd/SoC/ipshared/1e43/src/encap.v:847]
WARNING: [Synth 8-6901] identifier 'start_hash' is used before its declaration [d:/University/251/DA/wrapper/wrapper.gen/sources_1/bd/SoC/ipshared/1e43/src/encap.v:1102]
WARNING: [Synth 8-6901] identifier 'start_hash' is used before its declaration [d:/University/251/DA/wrapper/wrapper.gen/sources_1/bd/SoC/ipshared/1e43/src/encap.v:1118]
WARNING: [Synth 8-6901] identifier 'start_hash' is used before its declaration [d:/University/251/DA/wrapper/wrapper.gen/sources_1/bd/SoC/ipshared/1e43/src/encap.v:1133]
WARNING: [Synth 8-6901] identifier 'start_hash' is used before its declaration [d:/University/251/DA/wrapper/wrapper.gen/sources_1/bd/SoC/ipshared/1e43/src/encap.v:1173]
WARNING: [Synth 8-6901] identifier 'start_hash' is used before its declaration [d:/University/251/DA/wrapper/wrapper.gen/sources_1/bd/SoC/ipshared/1e43/src/encap.v:1186]
WARNING: [Synth 8-6901] identifier 'start_hash' is used before its declaration [d:/University/251/DA/wrapper/wrapper.gen/sources_1/bd/SoC/ipshared/1e43/src/encap.v:1213]
WARNING: [Synth 8-6901] identifier 'start_hash' is used before its declaration [d:/University/251/DA/wrapper/wrapper.gen/sources_1/bd/SoC/ipshared/1e43/src/encap.v:1223]
WARNING: [Synth 8-6901] identifier 'start_hash' is used before its declaration [d:/University/251/DA/wrapper/wrapper.gen/sources_1/bd/SoC/ipshared/1e43/src/encap.v:1240]
WARNING: [Synth 8-6901] identifier 'start_hash' is used before its declaration [d:/University/251/DA/wrapper/wrapper.gen/sources_1/bd/SoC/ipshared/1e43/src/encap.v:1252]
WARNING: [Synth 8-6901] identifier 'start_hash' is used before its declaration [d:/University/251/DA/wrapper/wrapper.gen/sources_1/bd/SoC/ipshared/1e43/src/encap.v:1264]
WARNING: [Synth 8-6901] identifier 'start_hash' is used before its declaration [d:/University/251/DA/wrapper/wrapper.gen/sources_1/bd/SoC/ipshared/1e43/src/encap.v:1281]
WARNING: [Synth 8-6901] identifier 'start_hash' is used before its declaration [d:/University/251/DA/wrapper/wrapper.gen/sources_1/bd/SoC/ipshared/1e43/src/encap.v:1310]
WARNING: [Synth 8-6901] identifier 'start_hash' is used before its declaration [d:/University/251/DA/wrapper/wrapper.gen/sources_1/bd/SoC/ipshared/1e43/src/encap.v:1333]
WARNING: [Synth 8-6901] identifier 'start_hash' is used before its declaration [d:/University/251/DA/wrapper/wrapper.gen/sources_1/bd/SoC/ipshared/1e43/src/encap.v:1353]
WARNING: [Synth 8-6901] identifier 'start_hash' is used before its declaration [d:/University/251/DA/wrapper/wrapper.gen/sources_1/bd/SoC/ipshared/1e43/src/encap.v:1400]
WARNING: [Synth 8-6901] identifier 'start_hash' is used before its declaration [d:/University/251/DA/wrapper/wrapper.gen/sources_1/bd/SoC/ipshared/1e43/src/encap.v:1422]
WARNING: [Synth 8-6901] identifier 'start_hash' is used before its declaration [d:/University/251/DA/wrapper/wrapper.gen/sources_1/bd/SoC/ipshared/1e43/src/encap.v:1444]
WARNING: [Synth 8-6901] identifier 'start_hash' is used before its declaration [d:/University/251/DA/wrapper/wrapper.gen/sources_1/bd/SoC/ipshared/1e43/src/encap.v:1471]
WARNING: [Synth 8-6901] identifier 'start_hash' is used before its declaration [d:/University/251/DA/wrapper/wrapper.gen/sources_1/bd/SoC/ipshared/1e43/src/encap.v:1476]
WARNING: [Synth 8-6901] identifier 'start_hash' is used before its declaration [d:/University/251/DA/wrapper/wrapper.gen/sources_1/bd/SoC/ipshared/1e43/src/encap.v:1487]
WARNING: [Synth 8-6901] identifier 'start_hash' is used before its declaration [d:/University/251/DA/wrapper/wrapper.gen/sources_1/bd/SoC/ipshared/1e43/src/encap.v:1503]
WARNING: [Synth 8-6901] identifier 'start_hash' is used before its declaration [d:/University/251/DA/wrapper/wrapper.gen/sources_1/bd/SoC/ipshared/1e43/src/encap.v:1513]
WARNING: [Synth 8-11065] parameter 'h_wait_start' becomes localparam in 'encap' with formal parameter declaration list [d:/University/251/DA/wrapper/wrapper.gen/sources_1/bd/SoC/ipshared/1e43/src/encap.v:1530]
WARNING: [Synth 8-11065] parameter 'h_check_shake_ready' becomes localparam in 'encap' with formal parameter declaration list [d:/University/251/DA/wrapper/wrapper.gen/sources_1/bd/SoC/ipshared/1e43/src/encap.v:1531]
WARNING: [Synth 8-11065] parameter 'h_first_block' becomes localparam in 'encap' with formal parameter declaration list [d:/University/251/DA/wrapper/wrapper.gen/sources_1/bd/SoC/ipshared/1e43/src/encap.v:1532]
WARNING: [Synth 8-11065] parameter 'h_second_block' becomes localparam in 'encap' with formal parameter declaration list [d:/University/251/DA/wrapper/wrapper.gen/sources_1/bd/SoC/ipshared/1e43/src/encap.v:1533]
WARNING: [Synth 8-11065] parameter 'h_load_shake' becomes localparam in 'encap' with formal parameter declaration list [d:/University/251/DA/wrapper/wrapper.gen/sources_1/bd/SoC/ipshared/1e43/src/encap.v:1534]
WARNING: [Synth 8-11065] parameter 'h_stall' becomes localparam in 'encap' with formal parameter declaration list [d:/University/251/DA/wrapper/wrapper.gen/sources_1/bd/SoC/ipshared/1e43/src/encap.v:1535]
INFO: [Synth 8-11241] undeclared symbol 'xor_add_en', assumed default net type 'wire' [d:/University/251/DA/wrapper/wrapper.gen/sources_1/bd/SoC/ipshared/1e43/src/encrypt.v:313]
INFO: [Synth 8-11241] undeclared symbol 'rd_fw', assumed default net type 'wire' [d:/University/251/DA/wrapper/wrapper.gen/sources_1/bd/SoC/ipshared/1e43/src/encrypt.v:323]
INFO: [Synth 8-11241] undeclared symbol 'fw_addr_reg', assumed default net type 'wire' [d:/University/251/DA/wrapper/wrapper.gen/sources_1/bd/SoC/ipshared/1e43/src/encrypt.v:323]
INFO: [Synth 8-11241] undeclared symbol 'r1_e_rd_addr', assumed default net type 'wire' [d:/University/251/DA/wrapper/wrapper.gen/sources_1/bd/SoC/ipshared/1e43/src/encrypt.v:323]
INFO: [Synth 8-11241] undeclared symbol 'wen_fw', assumed default net type 'wire' [d:/University/251/DA/wrapper/wrapper.gen/sources_1/bd/SoC/ipshared/1e43/src/encrypt.v:324]
INFO: [Synth 8-11241] undeclared symbol 'en_r1', assumed default net type 'wire' [d:/University/251/DA/wrapper/wrapper.gen/sources_1/bd/SoC/ipshared/1e43/src/encrypt.v:324]
INFO: [Synth 8-11241] undeclared symbol 'r1_internal', assumed default net type 'wire' [d:/University/251/DA/wrapper/wrapper.gen/sources_1/bd/SoC/ipshared/1e43/src/encrypt.v:325]
INFO: [Synth 8-11241] undeclared symbol 'loc_addr', assumed default net type 'wire' [d:/University/251/DA/wrapper/wrapper.gen/sources_1/bd/SoC/ipshared/1e43/src/encrypt.v:332]
INFO: [Synth 8-11241] undeclared symbol 'en_r2', assumed default net type 'wire' [d:/University/251/DA/wrapper/wrapper.gen/sources_1/bd/SoC/ipshared/1e43/src/encrypt.v:333]
INFO: [Synth 8-11241] undeclared symbol 'r2_internal', assumed default net type 'wire' [d:/University/251/DA/wrapper/wrapper.gen/sources_1/bd/SoC/ipshared/1e43/src/encrypt.v:334]
INFO: [Synth 8-11241] undeclared symbol 'pm_out', assumed default net type 'wire' [d:/University/251/DA/wrapper/wrapper.gen/sources_1/bd/SoC/ipshared/1e43/src/encrypt.v:341]
INFO: [Synth 8-11241] undeclared symbol 'u_cpy_addr_reg', assumed default net type 'wire' [d:/University/251/DA/wrapper/wrapper.gen/sources_1/bd/SoC/ipshared/1e43/src/encrypt.v:342]
INFO: [Synth 8-11241] undeclared symbol 'wen_u', assumed default net type 'wire' [d:/University/251/DA/wrapper/wrapper.gen/sources_1/bd/SoC/ipshared/1e43/src/encrypt.v:343]
WARNING: [Synth 8-8895] 'r1_internal' is already implicitly declared on line 325 [d:/University/251/DA/wrapper/wrapper.gen/sources_1/bd/SoC/ipshared/1e43/src/encrypt.v:352]
WARNING: [Synth 8-8895] 'r2_internal' is already implicitly declared on line 334 [d:/University/251/DA/wrapper/wrapper.gen/sources_1/bd/SoC/ipshared/1e43/src/encrypt.v:353]
WARNING: [Synth 8-8895] 'loc_addr' is already implicitly declared on line 332 [d:/University/251/DA/wrapper/wrapper.gen/sources_1/bd/SoC/ipshared/1e43/src/encrypt.v:355]
WARNING: [Synth 8-8895] 'r1_e_rd_addr' is already implicitly declared on line 323 [d:/University/251/DA/wrapper/wrapper.gen/sources_1/bd/SoC/ipshared/1e43/src/encrypt.v:355]
WARNING: [Synth 8-8895] 'pm_out' is already implicitly declared on line 341 [d:/University/251/DA/wrapper/wrapper.gen/sources_1/bd/SoC/ipshared/1e43/src/encrypt.v:356]
INFO: [Synth 8-11241] undeclared symbol 'copy_u', assumed default net type 'wire' [d:/University/251/DA/wrapper/wrapper.gen/sources_1/bd/SoC/ipshared/1e43/src/encrypt.v:437]
INFO: [Synth 8-11241] undeclared symbol 'u_cpy_addr', assumed default net type 'wire' [d:/University/251/DA/wrapper/wrapper.gen/sources_1/bd/SoC/ipshared/1e43/src/encrypt.v:437]
INFO: [Synth 8-11241] undeclared symbol 'xor_add_addr', assumed default net type 'wire' [d:/University/251/DA/wrapper/wrapper.gen/sources_1/bd/SoC/ipshared/1e43/src/encrypt.v:437]
INFO: [Synth 8-11241] undeclared symbol 'pm_rd_addr', assumed default net type 'wire' [d:/University/251/DA/wrapper/wrapper.gen/sources_1/bd/SoC/ipshared/1e43/src/encrypt.v:437]
INFO: [Synth 8-11241] undeclared symbol 'pm_rd_en', assumed default net type 'wire' [d:/University/251/DA/wrapper/wrapper.gen/sources_1/bd/SoC/ipshared/1e43/src/encrypt.v:438]
INFO: [Synth 8-11241] undeclared symbol 'xor_add_out', assumed default net type 'wire' [d:/University/251/DA/wrapper/wrapper.gen/sources_1/bd/SoC/ipshared/1e43/src/encrypt.v:441]
INFO: [Synth 8-11241] undeclared symbol 'add_out', assumed default net type 'wire' [d:/University/251/DA/wrapper/wrapper.gen/sources_1/bd/SoC/ipshared/1e43/src/encrypt.v:441]
INFO: [Synth 8-11241] undeclared symbol 'xor_add_out_addr', assumed default net type 'wire' [d:/University/251/DA/wrapper/wrapper.gen/sources_1/bd/SoC/ipshared/1e43/src/encrypt.v:442]
INFO: [Synth 8-11241] undeclared symbol 'add_out_addr', assumed default net type 'wire' [d:/University/251/DA/wrapper/wrapper.gen/sources_1/bd/SoC/ipshared/1e43/src/encrypt.v:442]
INFO: [Synth 8-11241] undeclared symbol 'xor_add_out_valid', assumed default net type 'wire' [d:/University/251/DA/wrapper/wrapper.gen/sources_1/bd/SoC/ipshared/1e43/src/encrypt.v:443]
INFO: [Synth 8-11241] undeclared symbol 'add_out_valid', assumed default net type 'wire' [d:/University/251/DA/wrapper/wrapper.gen/sources_1/bd/SoC/ipshared/1e43/src/encrypt.v:443]
CRITICAL WARNING: [Synth 8-9339] data object 'pm_out' is already declared [d:/University/251/DA/wrapper/wrapper.gen/sources_1/bd/SoC/ipshared/1e43/src/encrypt.v:447]
INFO: [Synth 8-6826] previous declaration of 'pm_out' is from here [d:/University/251/DA/wrapper/wrapper.gen/sources_1/bd/SoC/ipshared/1e43/src/encrypt.v:341]
CRITICAL WARNING: [Synth 8-11152] second declaration of 'pm_out' is ignored [d:/University/251/DA/wrapper/wrapper.gen/sources_1/bd/SoC/ipshared/1e43/src/encrypt.v:447]
WARNING: [Synth 8-8895] 'pm_rd_addr' is already implicitly declared on line 437 [d:/University/251/DA/wrapper/wrapper.gen/sources_1/bd/SoC/ipshared/1e43/src/encrypt.v:448]
WARNING: [Synth 8-8895] 'pm_rd_en' is already implicitly declared on line 438 [d:/University/251/DA/wrapper/wrapper.gen/sources_1/bd/SoC/ipshared/1e43/src/encrypt.v:449]
WARNING: [Synth 8-8895] 'add_out' is already implicitly declared on line 441 [d:/University/251/DA/wrapper/wrapper.gen/sources_1/bd/SoC/ipshared/1e43/src/encrypt.v:451]
WARNING: [Synth 8-8895] 'add_out_addr' is already implicitly declared on line 442 [d:/University/251/DA/wrapper/wrapper.gen/sources_1/bd/SoC/ipshared/1e43/src/encrypt.v:452]
WARNING: [Synth 8-8895] 'add_out_valid' is already implicitly declared on line 443 [d:/University/251/DA/wrapper/wrapper.gen/sources_1/bd/SoC/ipshared/1e43/src/encrypt.v:453]
INFO: [Synth 8-11241] undeclared symbol 'sel_r1_hr2', assumed default net type 'wire' [d:/University/251/DA/wrapper/wrapper.gen/sources_1/bd/SoC/ipshared/1e43/src/encrypt.v:470]
WARNING: [Synth 8-8895] 'xor_add_en' is already implicitly declared on line 313 [d:/University/251/DA/wrapper/wrapper.gen/sources_1/bd/SoC/ipshared/1e43/src/encrypt.v:487]
WARNING: [Synth 8-8895] 'xor_add_addr' is already implicitly declared on line 437 [d:/University/251/DA/wrapper/wrapper.gen/sources_1/bd/SoC/ipshared/1e43/src/encrypt.v:488]
WARNING: [Synth 8-8895] 'xor_add_out' is already implicitly declared on line 441 [d:/University/251/DA/wrapper/wrapper.gen/sources_1/bd/SoC/ipshared/1e43/src/encrypt.v:490]
WARNING: [Synth 8-8895] 'xor_add_out_addr' is already implicitly declared on line 442 [d:/University/251/DA/wrapper/wrapper.gen/sources_1/bd/SoC/ipshared/1e43/src/encrypt.v:491]
WARNING: [Synth 8-8895] 'xor_add_out_valid' is already implicitly declared on line 443 [d:/University/251/DA/wrapper/wrapper.gen/sources_1/bd/SoC/ipshared/1e43/src/encrypt.v:492]
WARNING: [Synth 8-8895] 'en_r1' is already implicitly declared on line 324 [d:/University/251/DA/wrapper/wrapper.gen/sources_1/bd/SoC/ipshared/1e43/src/encrypt.v:528]
WARNING: [Synth 8-8895] 'en_r2' is already implicitly declared on line 333 [d:/University/251/DA/wrapper/wrapper.gen/sources_1/bd/SoC/ipshared/1e43/src/encrypt.v:529]
WARNING: [Synth 8-9400] empty statement in sequential block [d:/University/251/DA/wrapper/wrapper.gen/sources_1/bd/SoC/ipshared/1e43/src/encrypt.v:574]
WARNING: [Synth 8-8895] 'wen_fw' is already implicitly declared on line 324 [d:/University/251/DA/wrapper/wrapper.gen/sources_1/bd/SoC/ipshared/1e43/src/encrypt.v:687]
CRITICAL WARNING: [Synth 8-9339] data object 'sel_fw' is already declared [d:/University/251/DA/wrapper/wrapper.gen/sources_1/bd/SoC/ipshared/1e43/src/encrypt.v:687]
INFO: [Synth 8-6826] previous declaration of 'sel_fw' is from here [d:/University/251/DA/wrapper/wrapper.gen/sources_1/bd/SoC/ipshared/1e43/src/encrypt.v:164]
CRITICAL WARNING: [Synth 8-11152] second declaration of 'sel_fw' is ignored [d:/University/251/DA/wrapper/wrapper.gen/sources_1/bd/SoC/ipshared/1e43/src/encrypt.v:687]
WARNING: [Synth 8-8895] 'rd_fw' is already implicitly declared on line 323 [d:/University/251/DA/wrapper/wrapper.gen/sources_1/bd/SoC/ipshared/1e43/src/encrypt.v:687]
WARNING: [Synth 8-8895] 'fw_addr_reg' is already implicitly declared on line 323 [d:/University/251/DA/wrapper/wrapper.gen/sources_1/bd/SoC/ipshared/1e43/src/encrypt.v:694]
WARNING: [Synth 8-8895] 'u_cpy_addr' is already implicitly declared on line 437 [d:/University/251/DA/wrapper/wrapper.gen/sources_1/bd/SoC/ipshared/1e43/src/encrypt.v:793]
WARNING: [Synth 8-8895] 'u_cpy_addr_reg' is already implicitly declared on line 342 [d:/University/251/DA/wrapper/wrapper.gen/sources_1/bd/SoC/ipshared/1e43/src/encrypt.v:793]
WARNING: [Synth 8-8895] 'wen_u' is already implicitly declared on line 343 [d:/University/251/DA/wrapper/wrapper.gen/sources_1/bd/SoC/ipshared/1e43/src/encrypt.v:794]
WARNING: [Synth 8-8895] 'copy_u' is already implicitly declared on line 437 [d:/University/251/DA/wrapper/wrapper.gen/sources_1/bd/SoC/ipshared/1e43/src/encrypt.v:795]
WARNING: [Synth 8-8895] 'sel_r1_hr2' is already implicitly declared on line 470 [d:/University/251/DA/wrapper/wrapper.gen/sources_1/bd/SoC/ipshared/1e43/src/encrypt.v:796]
WARNING: [Synth 8-6901] identifier 'rd_fw' is used before its declaration [d:/University/251/DA/wrapper/wrapper.gen/sources_1/bd/SoC/ipshared/1e43/src/encrypt.v:180]
WARNING: [Synth 8-6901] identifier 'sel_e' is used before its declaration [d:/University/251/DA/wrapper/wrapper.gen/sources_1/bd/SoC/ipshared/1e43/src/encrypt.v:180]
WARNING: [Synth 8-6901] identifier 'fw_addr' is used before its declaration [d:/University/251/DA/wrapper/wrapper.gen/sources_1/bd/SoC/ipshared/1e43/src/encrypt.v:182]
WARNING: [Synth 8-6901] identifier 'sel_e' is used before its declaration [d:/University/251/DA/wrapper/wrapper.gen/sources_1/bd/SoC/ipshared/1e43/src/encrypt.v:183]
WARNING: [Synth 8-6901] identifier 'r1_e_rd_addr' is used before its declaration [d:/University/251/DA/wrapper/wrapper.gen/sources_1/bd/SoC/ipshared/1e43/src/encrypt.v:183]
WARNING: [Synth 8-6901] identifier 'pm_out' is used before its declaration [d:/University/251/DA/wrapper/wrapper.gen/sources_1/bd/SoC/ipshared/1e43/src/encrypt.v:298]
WARNING: [Synth 8-6901] identifier 'u_out' is used before its declaration [d:/University/251/DA/wrapper/wrapper.gen/sources_1/bd/SoC/ipshared/1e43/src/encrypt.v:298]
WARNING: [Synth 8-11065] parameter 's_wait_start' becomes localparam in 'encrypt' with formal parameter declaration list [d:/University/251/DA/wrapper/wrapper.gen/sources_1/bd/SoC/ipshared/1e43/src/encrypt.v:520]
WARNING: [Synth 8-11065] parameter 's_gen_r1' becomes localparam in 'encrypt' with formal parameter declaration list [d:/University/251/DA/wrapper/wrapper.gen/sources_1/bd/SoC/ipshared/1e43/src/encrypt.v:521]
WARNING: [Synth 8-11065] parameter 's_gen_r2' becomes localparam in 'encrypt' with formal parameter declaration list [d:/University/251/DA/wrapper/wrapper.gen/sources_1/bd/SoC/ipshared/1e43/src/encrypt.v:522]
WARNING: [Synth 8-11065] parameter 's_gen_e' becomes localparam in 'encrypt' with formal parameter declaration list [d:/University/251/DA/wrapper/wrapper.gen/sources_1/bd/SoC/ipshared/1e43/src/encrypt.v:523]
WARNING: [Synth 8-11065] parameter 's_done' becomes localparam in 'encrypt' with formal parameter declaration list [d:/University/251/DA/wrapper/wrapper.gen/sources_1/bd/SoC/ipshared/1e43/src/encrypt.v:524]
WARNING: [Synth 8-11065] parameter 's_wait_r1_transfer' becomes localparam in 'encrypt' with formal parameter declaration list [d:/University/251/DA/wrapper/wrapper.gen/sources_1/bd/SoC/ipshared/1e43/src/encrypt.v:525]
WARNING: [Synth 8-11065] parameter 's_wait_r2_transfer' becomes localparam in 'encrypt' with formal parameter declaration list [d:/University/251/DA/wrapper/wrapper.gen/sources_1/bd/SoC/ipshared/1e43/src/encrypt.v:526]
WARNING: [Synth 8-6901] identifier 'r2_done' is used before its declaration [d:/University/251/DA/wrapper/wrapper.gen/sources_1/bd/SoC/ipshared/1e43/src/encrypt.v:543]
WARNING: [Synth 8-6901] identifier 'start_fw_transfer' is used before its declaration [d:/University/251/DA/wrapper/wrapper.gen/sources_1/bd/SoC/ipshared/1e43/src/encrypt.v:549]
WARNING: [Synth 8-6901] identifier 'r2_done' is used before its declaration [d:/University/251/DA/wrapper/wrapper.gen/sources_1/bd/SoC/ipshared/1e43/src/encrypt.v:560]
WARNING: [Synth 8-6901] identifier 'start_fw_transfer' is used before its declaration [d:/University/251/DA/wrapper/wrapper.gen/sources_1/bd/SoC/ipshared/1e43/src/encrypt.v:565]
WARNING: [Synth 8-6901] identifier 'r2_done' is used before its declaration [d:/University/251/DA/wrapper/wrapper.gen/sources_1/bd/SoC/ipshared/1e43/src/encrypt.v:579]
WARNING: [Synth 8-6901] identifier 'start_fw_transfer' is used before its declaration [d:/University/251/DA/wrapper/wrapper.gen/sources_1/bd/SoC/ipshared/1e43/src/encrypt.v:584]
WARNING: [Synth 8-6901] identifier 'start_fw_transfer' is used before its declaration [d:/University/251/DA/wrapper/wrapper.gen/sources_1/bd/SoC/ipshared/1e43/src/encrypt.v:597]
WARNING: [Synth 8-6901] identifier 'start_fw_transfer' is used before its declaration [d:/University/251/DA/wrapper/wrapper.gen/sources_1/bd/SoC/ipshared/1e43/src/encrypt.v:605]
WARNING: [Synth 8-6901] identifier 'done_fw_transfer' is used before its declaration [d:/University/251/DA/wrapper/wrapper.gen/sources_1/bd/SoC/ipshared/1e43/src/encrypt.v:606]
WARNING: [Synth 8-6901] identifier 'r2_done' is used before its declaration [d:/University/251/DA/wrapper/wrapper.gen/sources_1/bd/SoC/ipshared/1e43/src/encrypt.v:614]
WARNING: [Synth 8-6901] identifier 'done_fw_transfer' is used before its declaration [d:/University/251/DA/wrapper/wrapper.gen/sources_1/bd/SoC/ipshared/1e43/src/encrypt.v:616]
WARNING: [Synth 8-6901] identifier 'start_fw_transfer' is used before its declaration [d:/University/251/DA/wrapper/wrapper.gen/sources_1/bd/SoC/ipshared/1e43/src/encrypt.v:622]
WARNING: [Synth 8-6901] identifier 'start_fw_transfer' is used before its declaration [d:/University/251/DA/wrapper/wrapper.gen/sources_1/bd/SoC/ipshared/1e43/src/encrypt.v:635]
WARNING: [Synth 8-6901] identifier 'start_fw_transfer' is used before its declaration [d:/University/251/DA/wrapper/wrapper.gen/sources_1/bd/SoC/ipshared/1e43/src/encrypt.v:643]
WARNING: [Synth 8-6901] identifier 'done_fw_transfer' is used before its declaration [d:/University/251/DA/wrapper/wrapper.gen/sources_1/bd/SoC/ipshared/1e43/src/encrypt.v:644]
WARNING: [Synth 8-6901] identifier 'r2_done' is used before its declaration [d:/University/251/DA/wrapper/wrapper.gen/sources_1/bd/SoC/ipshared/1e43/src/encrypt.v:648]
WARNING: [Synth 8-6901] identifier 'done_fw_transfer' is used before its declaration [d:/University/251/DA/wrapper/wrapper.gen/sources_1/bd/SoC/ipshared/1e43/src/encrypt.v:655]
WARNING: [Synth 8-6901] identifier 'r2_done' is used before its declaration [d:/University/251/DA/wrapper/wrapper.gen/sources_1/bd/SoC/ipshared/1e43/src/encrypt.v:657]
WARNING: [Synth 8-6901] identifier 'r2_done' is used before its declaration [d:/University/251/DA/wrapper/wrapper.gen/sources_1/bd/SoC/ipshared/1e43/src/encrypt.v:660]
WARNING: [Synth 8-6901] identifier 'r2_done' is used before its declaration [d:/University/251/DA/wrapper/wrapper.gen/sources_1/bd/SoC/ipshared/1e43/src/encrypt.v:678]
WARNING: [Synth 8-11065] parameter 'trx_wait_start' becomes localparam in 'encrypt' with formal parameter declaration list [d:/University/251/DA/wrapper/wrapper.gen/sources_1/bd/SoC/ipshared/1e43/src/encrypt.v:691]
WARNING: [Synth 8-11065] parameter 'trx_tranfer' becomes localparam in 'encrypt' with formal parameter declaration list [d:/University/251/DA/wrapper/wrapper.gen/sources_1/bd/SoC/ipshared/1e43/src/encrypt.v:692]
WARNING: [Synth 8-11065] parameter 'trx_done' becomes localparam in 'encrypt' with formal parameter declaration list [d:/University/251/DA/wrapper/wrapper.gen/sources_1/bd/SoC/ipshared/1e43/src/encrypt.v:693]
WARNING: [Synth 8-11065] parameter 'u_wait_start' becomes localparam in 'encrypt' with formal parameter declaration list [d:/University/251/DA/wrapper/wrapper.gen/sources_1/bd/SoC/ipshared/1e43/src/encrypt.v:786]
WARNING: [Synth 8-11065] parameter 'u_r2_mul_h' becomes localparam in 'encrypt' with formal parameter declaration list [d:/University/251/DA/wrapper/wrapper.gen/sources_1/bd/SoC/ipshared/1e43/src/encrypt.v:787]
WARNING: [Synth 8-11065] parameter 'u_r1_plus_r2h' becomes localparam in 'encrypt' with formal parameter declaration list [d:/University/251/DA/wrapper/wrapper.gen/sources_1/bd/SoC/ipshared/1e43/src/encrypt.v:788]
WARNING: [Synth 8-11065] parameter 'u_move_u_bram' becomes localparam in 'encrypt' with formal parameter declaration list [d:/University/251/DA/wrapper/wrapper.gen/sources_1/bd/SoC/ipshared/1e43/src/encrypt.v:789]
WARNING: [Synth 8-11065] parameter 'v_wait_start' becomes localparam in 'encrypt' with formal parameter declaration list [d:/University/251/DA/wrapper/wrapper.gen/sources_1/bd/SoC/ipshared/1e43/src/encrypt.v:918]
WARNING: [Synth 8-11065] parameter 'v_s_mul_r2' becomes localparam in 'encrypt' with formal parameter declaration list [d:/University/251/DA/wrapper/wrapper.gen/sources_1/bd/SoC/ipshared/1e43/src/encrypt.v:919]
WARNING: [Synth 8-11065] parameter 'v_e_plus_sr2' becomes localparam in 'encrypt' with formal parameter declaration list [d:/University/251/DA/wrapper/wrapper.gen/sources_1/bd/SoC/ipshared/1e43/src/encrypt.v:920]
WARNING: [Synth 8-11065] parameter 'v_mG_plus_sr2_plus_e' becomes localparam in 'encrypt' with formal parameter declaration list [d:/University/251/DA/wrapper/wrapper.gen/sources_1/bd/SoC/ipshared/1e43/src/encrypt.v:921]
INFO: [Synth 8-11241] undeclared symbol 'xor_add_en', assumed default net type 'wire' [d:/University/251/DA/wrapper/wrapper.gen/sources_1/bd/SoC/ipshared/1e43/src/encrypt_parallel.v:350]
INFO: [Synth 8-11241] undeclared symbol 'rd_fw', assumed default net type 'wire' [d:/University/251/DA/wrapper/wrapper.gen/sources_1/bd/SoC/ipshared/1e43/src/encrypt_parallel.v:360]
INFO: [Synth 8-11241] undeclared symbol 'fw_addr_reg', assumed default net type 'wire' [d:/University/251/DA/wrapper/wrapper.gen/sources_1/bd/SoC/ipshared/1e43/src/encrypt_parallel.v:360]
INFO: [Synth 8-11241] undeclared symbol 'r1_e_rd_addr', assumed default net type 'wire' [d:/University/251/DA/wrapper/wrapper.gen/sources_1/bd/SoC/ipshared/1e43/src/encrypt_parallel.v:360]
INFO: [Synth 8-11241] undeclared symbol 'wen_fw', assumed default net type 'wire' [d:/University/251/DA/wrapper/wrapper.gen/sources_1/bd/SoC/ipshared/1e43/src/encrypt_parallel.v:361]
INFO: [Synth 8-11241] undeclared symbol 'en_r1', assumed default net type 'wire' [d:/University/251/DA/wrapper/wrapper.gen/sources_1/bd/SoC/ipshared/1e43/src/encrypt_parallel.v:361]
INFO: [Synth 8-11241] undeclared symbol 'r1_internal', assumed default net type 'wire' [d:/University/251/DA/wrapper/wrapper.gen/sources_1/bd/SoC/ipshared/1e43/src/encrypt_parallel.v:362]
INFO: [Synth 8-11241] undeclared symbol 'loc_addr_hr2', assumed default net type 'wire' [d:/University/251/DA/wrapper/wrapper.gen/sources_1/bd/SoC/ipshared/1e43/src/encrypt_parallel.v:380]
INFO: [Synth 8-11241] undeclared symbol 'loc_addr_sr2', assumed default net type 'wire' [d:/University/251/DA/wrapper/wrapper.gen/sources_1/bd/SoC/ipshared/1e43/src/encrypt_parallel.v:381]
INFO: [Synth 8-11241] undeclared symbol 'en_r2', assumed default net type 'wire' [d:/University/251/DA/wrapper/wrapper.gen/sources_1/bd/SoC/ipshared/1e43/src/encrypt_parallel.v:382]
INFO: [Synth 8-11241] undeclared symbol 'r2_internal_hr2', assumed default net type 'wire' [d:/University/251/DA/wrapper/wrapper.gen/sources_1/bd/SoC/ipshared/1e43/src/encrypt_parallel.v:384]
INFO: [Synth 8-11241] undeclared symbol 'r2_internal_sr2', assumed default net type 'wire' [d:/University/251/DA/wrapper/wrapper.gen/sources_1/bd/SoC/ipshared/1e43/src/encrypt_parallel.v:385]
WARNING: [Synth 8-8895] 'r1_internal' is already implicitly declared on line 362 [d:/University/251/DA/wrapper/wrapper.gen/sources_1/bd/SoC/ipshared/1e43/src/encrypt_parallel.v:406]
WARNING: [Synth 8-8895] 'r2_internal_hr2' is already implicitly declared on line 384 [d:/University/251/DA/wrapper/wrapper.gen/sources_1/bd/SoC/ipshared/1e43/src/encrypt_parallel.v:408]
WARNING: [Synth 8-8895] 'r2_internal_sr2' is already implicitly declared on line 385 [d:/University/251/DA/wrapper/wrapper.gen/sources_1/bd/SoC/ipshared/1e43/src/encrypt_parallel.v:409]
WARNING: [Synth 8-8895] 'loc_addr_hr2' is already implicitly declared on line 380 [d:/University/251/DA/wrapper/wrapper.gen/sources_1/bd/SoC/ipshared/1e43/src/encrypt_parallel.v:411]
WARNING: [Synth 8-8895] 'r1_e_rd_addr' is already implicitly declared on line 360 [d:/University/251/DA/wrapper/wrapper.gen/sources_1/bd/SoC/ipshared/1e43/src/encrypt_parallel.v:411]
WARNING: [Synth 8-8895] 'loc_addr_sr2' is already implicitly declared on line 381 [d:/University/251/DA/wrapper/wrapper.gen/sources_1/bd/SoC/ipshared/1e43/src/encrypt_parallel.v:412]
INFO: [Synth 8-11241] undeclared symbol 'pm_rd_addr', assumed default net type 'wire' [d:/University/251/DA/wrapper/wrapper.gen/sources_1/bd/SoC/ipshared/1e43/src/encrypt_parallel.v:500]
INFO: [Synth 8-11241] undeclared symbol 'pm_rd_en', assumed default net type 'wire' [d:/University/251/DA/wrapper/wrapper.gen/sources_1/bd/SoC/ipshared/1e43/src/encrypt_parallel.v:501]
INFO: [Synth 8-11241] undeclared symbol 'add_out', assumed default net type 'wire' [d:/University/251/DA/wrapper/wrapper.gen/sources_1/bd/SoC/ipshared/1e43/src/encrypt_parallel.v:504]
INFO: [Synth 8-11241] undeclared symbol 'add_out_addr', assumed default net type 'wire' [d:/University/251/DA/wrapper/wrapper.gen/sources_1/bd/SoC/ipshared/1e43/src/encrypt_parallel.v:505]
INFO: [Synth 8-11241] undeclared symbol 'add_out_valid', assumed default net type 'wire' [d:/University/251/DA/wrapper/wrapper.gen/sources_1/bd/SoC/ipshared/1e43/src/encrypt_parallel.v:506]
INFO: [Synth 8-11241] undeclared symbol 'xor_add_addr', assumed default net type 'wire' [d:/University/251/DA/wrapper/wrapper.gen/sources_1/bd/SoC/ipshared/1e43/src/encrypt_parallel.v:539]
INFO: [Synth 8-11241] undeclared symbol 'pm_rd_addr_sr2', assumed default net type 'wire' [d:/University/251/DA/wrapper/wrapper.gen/sources_1/bd/SoC/ipshared/1e43/src/encrypt_parallel.v:539]
INFO: [Synth 8-11241] undeclared symbol 'pm_rd_en_sr2', assumed default net type 'wire' [d:/University/251/DA/wrapper/wrapper.gen/sources_1/bd/SoC/ipshared/1e43/src/encrypt_parallel.v:540]
INFO: [Synth 8-11241] undeclared symbol 'xor_add_out', assumed default net type 'wire' [d:/University/251/DA/wrapper/wrapper.gen/sources_1/bd/SoC/ipshared/1e43/src/encrypt_parallel.v:543]
INFO: [Synth 8-11241] undeclared symbol 'add_out_sr2', assumed default net type 'wire' [d:/University/251/DA/wrapper/wrapper.gen/sources_1/bd/SoC/ipshared/1e43/src/encrypt_parallel.v:543]
INFO: [Synth 8-11241] undeclared symbol 'xor_add_out_addr', assumed default net type 'wire' [d:/University/251/DA/wrapper/wrapper.gen/sources_1/bd/SoC/ipshared/1e43/src/encrypt_parallel.v:544]
INFO: [Synth 8-11241] undeclared symbol 'add_out_addr_sr2', assumed default net type 'wire' [d:/University/251/DA/wrapper/wrapper.gen/sources_1/bd/SoC/ipshared/1e43/src/encrypt_parallel.v:544]
INFO: [Synth 8-11241] undeclared symbol 'xor_add_out_valid', assumed default net type 'wire' [d:/University/251/DA/wrapper/wrapper.gen/sources_1/bd/SoC/ipshared/1e43/src/encrypt_parallel.v:545]
INFO: [Synth 8-11241] undeclared symbol 'add_out_valid_sr2', assumed default net type 'wire' [d:/University/251/DA/wrapper/wrapper.gen/sources_1/bd/SoC/ipshared/1e43/src/encrypt_parallel.v:545]
CRITICAL WARNING: [Synth 8-9339] data object 'pm_out' is already declared [d:/University/251/DA/wrapper/wrapper.gen/sources_1/bd/SoC/ipshared/1e43/src/encrypt_parallel.v:549]
INFO: [Synth 8-6826] previous declaration of 'pm_out' is from here [d:/University/251/DA/wrapper/wrapper.gen/sources_1/bd/SoC/ipshared/1e43/src/encrypt_parallel.v:413]
CRITICAL WARNING: [Synth 8-11152] second declaration of 'pm_out' is ignored [d:/University/251/DA/wrapper/wrapper.gen/sources_1/bd/SoC/ipshared/1e43/src/encrypt_parallel.v:549]
WARNING: [Synth 8-8895] 'pm_rd_addr' is already implicitly declared on line 500 [d:/University/251/DA/wrapper/wrapper.gen/sources_1/bd/SoC/ipshared/1e43/src/encrypt_parallel.v:550]
WARNING: [Synth 8-8895] 'pm_rd_addr_sr2' is already implicitly declared on line 539 [d:/University/251/DA/wrapper/wrapper.gen/sources_1/bd/SoC/ipshared/1e43/src/encrypt_parallel.v:550]
WARNING: [Synth 8-8895] 'pm_rd_en' is already implicitly declared on line 501 [d:/University/251/DA/wrapper/wrapper.gen/sources_1/bd/SoC/ipshared/1e43/src/encrypt_parallel.v:551]
WARNING: [Synth 8-8895] 'pm_rd_en_sr2' is already implicitly declared on line 540 [d:/University/251/DA/wrapper/wrapper.gen/sources_1/bd/SoC/ipshared/1e43/src/encrypt_parallel.v:551]
WARNING: [Synth 8-8895] 'add_out' is already implicitly declared on line 504 [d:/University/251/DA/wrapper/wrapper.gen/sources_1/bd/SoC/ipshared/1e43/src/encrypt_parallel.v:553]
WARNING: [Synth 8-8895] 'add_out_sr2' is already implicitly declared on line 543 [d:/University/251/DA/wrapper/wrapper.gen/sources_1/bd/SoC/ipshared/1e43/src/encrypt_parallel.v:553]
WARNING: [Synth 8-8895] 'add_out_addr' is already implicitly declared on line 505 [d:/University/251/DA/wrapper/wrapper.gen/sources_1/bd/SoC/ipshared/1e43/src/encrypt_parallel.v:554]
WARNING: [Synth 8-8895] 'add_out_addr_sr2' is already implicitly declared on line 544 [d:/University/251/DA/wrapper/wrapper.gen/sources_1/bd/SoC/ipshared/1e43/src/encrypt_parallel.v:554]
WARNING: [Synth 8-8895] 'add_out_valid' is already implicitly declared on line 506 [d:/University/251/DA/wrapper/wrapper.gen/sources_1/bd/SoC/ipshared/1e43/src/encrypt_parallel.v:555]
WARNING: [Synth 8-8895] 'add_out_valid_sr2' is already implicitly declared on line 545 [d:/University/251/DA/wrapper/wrapper.gen/sources_1/bd/SoC/ipshared/1e43/src/encrypt_parallel.v:555]
WARNING: [Synth 8-8895] 'xor_add_en' is already implicitly declared on line 350 [d:/University/251/DA/wrapper/wrapper.gen/sources_1/bd/SoC/ipshared/1e43/src/encrypt_parallel.v:613]
WARNING: [Synth 8-8895] 'xor_add_addr' is already implicitly declared on line 539 [d:/University/251/DA/wrapper/wrapper.gen/sources_1/bd/SoC/ipshared/1e43/src/encrypt_parallel.v:614]
WARNING: [Synth 8-8895] 'xor_add_out' is already implicitly declared on line 543 [d:/University/251/DA/wrapper/wrapper.gen/sources_1/bd/SoC/ipshared/1e43/src/encrypt_parallel.v:616]
WARNING: [Synth 8-8895] 'xor_add_out_addr' is already implicitly declared on line 544 [d:/University/251/DA/wrapper/wrapper.gen/sources_1/bd/SoC/ipshared/1e43/src/encrypt_parallel.v:617]
WARNING: [Synth 8-8895] 'xor_add_out_valid' is already implicitly declared on line 545 [d:/University/251/DA/wrapper/wrapper.gen/sources_1/bd/SoC/ipshared/1e43/src/encrypt_parallel.v:618]
WARNING: [Synth 8-8895] 'en_r1' is already implicitly declared on line 361 [d:/University/251/DA/wrapper/wrapper.gen/sources_1/bd/SoC/ipshared/1e43/src/encrypt_parallel.v:654]
WARNING: [Synth 8-8895] 'en_r2' is already implicitly declared on line 382 [d:/University/251/DA/wrapper/wrapper.gen/sources_1/bd/SoC/ipshared/1e43/src/encrypt_parallel.v:655]
WARNING: [Synth 8-9400] empty statement in sequential block [d:/University/251/DA/wrapper/wrapper.gen/sources_1/bd/SoC/ipshared/1e43/src/encrypt_parallel.v:683]
WARNING: [Synth 8-8895] 'wen_fw' is already implicitly declared on line 361 [d:/University/251/DA/wrapper/wrapper.gen/sources_1/bd/SoC/ipshared/1e43/src/encrypt_parallel.v:856]
CRITICAL WARNING: [Synth 8-9339] data object 'sel_fw' is already declared [d:/University/251/DA/wrapper/wrapper.gen/sources_1/bd/SoC/ipshared/1e43/src/encrypt_parallel.v:856]
INFO: [Synth 8-6826] previous declaration of 'sel_fw' is from here [d:/University/251/DA/wrapper/wrapper.gen/sources_1/bd/SoC/ipshared/1e43/src/encrypt_parallel.v:195]
CRITICAL WARNING: [Synth 8-11152] second declaration of 'sel_fw' is ignored [d:/University/251/DA/wrapper/wrapper.gen/sources_1/bd/SoC/ipshared/1e43/src/encrypt_parallel.v:856]
WARNING: [Synth 8-8895] 'rd_fw' is already implicitly declared on line 360 [d:/University/251/DA/wrapper/wrapper.gen/sources_1/bd/SoC/ipshared/1e43/src/encrypt_parallel.v:856]
WARNING: [Synth 8-8895] 'fw_addr_reg' is already implicitly declared on line 360 [d:/University/251/DA/wrapper/wrapper.gen/sources_1/bd/SoC/ipshared/1e43/src/encrypt_parallel.v:863]
WARNING: [Synth 8-6901] identifier 'rd_fw' is used before its declaration [d:/University/251/DA/wrapper/wrapper.gen/sources_1/bd/SoC/ipshared/1e43/src/encrypt_parallel.v:209]
WARNING: [Synth 8-6901] identifier 'sel_e' is used before its declaration [d:/University/251/DA/wrapper/wrapper.gen/sources_1/bd/SoC/ipshared/1e43/src/encrypt_parallel.v:209]
WARNING: [Synth 8-6901] identifier 'fw_addr' is used before its declaration [d:/University/251/DA/wrapper/wrapper.gen/sources_1/bd/SoC/ipshared/1e43/src/encrypt_parallel.v:211]
WARNING: [Synth 8-6901] identifier 'sel_e' is used before its declaration [d:/University/251/DA/wrapper/wrapper.gen/sources_1/bd/SoC/ipshared/1e43/src/encrypt_parallel.v:212]
WARNING: [Synth 8-6901] identifier 'e_rd_addr' is used before its declaration [d:/University/251/DA/wrapper/wrapper.gen/sources_1/bd/SoC/ipshared/1e43/src/encrypt_parallel.v:212]
WARNING: [Synth 8-6901] identifier 'pm_out_sr2' is used before its declaration [d:/University/251/DA/wrapper/wrapper.gen/sources_1/bd/SoC/ipshared/1e43/src/encrypt_parallel.v:335]
WARNING: [Synth 8-6901] identifier 'pm_out' is used before its declaration [d:/University/251/DA/wrapper/wrapper.gen/sources_1/bd/SoC/ipshared/1e43/src/encrypt_parallel.v:335]
WARNING: [Synth 8-11065] parameter 's_wait_start' becomes localparam in 'encrypt_parallel' with formal parameter declaration list [d:/University/251/DA/wrapper/wrapper.gen/sources_1/bd/SoC/ipshared/1e43/src/encrypt_parallel.v:646]
WARNING: [Synth 8-11065] parameter 's_gen_r1' becomes localparam in 'encrypt_parallel' with formal parameter declaration list [d:/University/251/DA/wrapper/wrapper.gen/sources_1/bd/SoC/ipshared/1e43/src/encrypt_parallel.v:647]
WARNING: [Synth 8-11065] parameter 's_gen_r2' becomes localparam in 'encrypt_parallel' with formal parameter declaration list [d:/University/251/DA/wrapper/wrapper.gen/sources_1/bd/SoC/ipshared/1e43/src/encrypt_parallel.v:648]
WARNING: [Synth 8-11065] parameter 's_gen_e' becomes localparam in 'encrypt_parallel' with formal parameter declaration list [d:/University/251/DA/wrapper/wrapper.gen/sources_1/bd/SoC/ipshared/1e43/src/encrypt_parallel.v:649]
WARNING: [Synth 8-11065] parameter 's_done' becomes localparam in 'encrypt_parallel' with formal parameter declaration list [d:/University/251/DA/wrapper/wrapper.gen/sources_1/bd/SoC/ipshared/1e43/src/encrypt_parallel.v:650]
WARNING: [Synth 8-11065] parameter 's_wait_r1_transfer' becomes localparam in 'encrypt_parallel' with formal parameter declaration list [d:/University/251/DA/wrapper/wrapper.gen/sources_1/bd/SoC/ipshared/1e43/src/encrypt_parallel.v:651]
WARNING: [Synth 8-11065] parameter 's_wait_r2_transfer' becomes localparam in 'encrypt_parallel' with formal parameter declaration list [d:/University/251/DA/wrapper/wrapper.gen/sources_1/bd/SoC/ipshared/1e43/src/encrypt_parallel.v:652]
WARNING: [Synth 8-6901] identifier 'r2_done' is used before its declaration [d:/University/251/DA/wrapper/wrapper.gen/sources_1/bd/SoC/ipshared/1e43/src/encrypt_parallel.v:668]
WARNING: [Synth 8-6901] identifier 'r2_done' is used before its declaration [d:/University/251/DA/wrapper/wrapper.gen/sources_1/bd/SoC/ipshared/1e43/src/encrypt_parallel.v:676]
WARNING: [Synth 8-6901] identifier 'r2_done' is used before its declaration [d:/University/251/DA/wrapper/wrapper.gen/sources_1/bd/SoC/ipshared/1e43/src/encrypt_parallel.v:688]
WARNING: [Synth 8-6901] identifier 'done_fw_transfer' is used before its declaration [d:/University/251/DA/wrapper/wrapper.gen/sources_1/bd/SoC/ipshared/1e43/src/encrypt_parallel.v:710]
WARNING: [Synth 8-6901] identifier 'r2_done' is used before its declaration [d:/University/251/DA/wrapper/wrapper.gen/sources_1/bd/SoC/ipshared/1e43/src/encrypt_parallel.v:718]
WARNING: [Synth 8-6901] identifier 'done_fw_transfer' is used before its declaration [d:/University/251/DA/wrapper/wrapper.gen/sources_1/bd/SoC/ipshared/1e43/src/encrypt_parallel.v:720]
WARNING: [Synth 8-6901] identifier 'done_fw_transfer' is used before its declaration [d:/University/251/DA/wrapper/wrapper.gen/sources_1/bd/SoC/ipshared/1e43/src/encrypt_parallel.v:744]
WARNING: [Synth 8-6901] identifier 'r2_done' is used before its declaration [d:/University/251/DA/wrapper/wrapper.gen/sources_1/bd/SoC/ipshared/1e43/src/encrypt_parallel.v:748]
WARNING: [Synth 8-6901] identifier 'done_fw_transfer' is used before its declaration [d:/University/251/DA/wrapper/wrapper.gen/sources_1/bd/SoC/ipshared/1e43/src/encrypt_parallel.v:755]
WARNING: [Synth 8-6901] identifier 'r2_done' is used before its declaration [d:/University/251/DA/wrapper/wrapper.gen/sources_1/bd/SoC/ipshared/1e43/src/encrypt_parallel.v:757]
WARNING: [Synth 8-6901] identifier 'r2_done' is used before its declaration [d:/University/251/DA/wrapper/wrapper.gen/sources_1/bd/SoC/ipshared/1e43/src/encrypt_parallel.v:760]
WARNING: [Synth 8-6901] identifier 'r2_done' is used before its declaration [d:/University/251/DA/wrapper/wrapper.gen/sources_1/bd/SoC/ipshared/1e43/src/encrypt_parallel.v:777]
WARNING: [Synth 8-6901] identifier 'start_fw_transfer' is used before its declaration [d:/University/251/DA/wrapper/wrapper.gen/sources_1/bd/SoC/ipshared/1e43/src/encrypt_parallel.v:789]
WARNING: [Synth 8-6901] identifier 'start_fw_transfer' is used before its declaration [d:/University/251/DA/wrapper/wrapper.gen/sources_1/bd/SoC/ipshared/1e43/src/encrypt_parallel.v:805]
WARNING: [Synth 8-6901] identifier 'start_fw_transfer' is used before its declaration [d:/University/251/DA/wrapper/wrapper.gen/sources_1/bd/SoC/ipshared/1e43/src/encrypt_parallel.v:808]
WARNING: [Synth 8-6901] identifier 'start_fw_transfer' is used before its declaration [d:/University/251/DA/wrapper/wrapper.gen/sources_1/bd/SoC/ipshared/1e43/src/encrypt_parallel.v:814]
WARNING: [Synth 8-6901] identifier 'start_fw_transfer' is used before its declaration [d:/University/251/DA/wrapper/wrapper.gen/sources_1/bd/SoC/ipshared/1e43/src/encrypt_parallel.v:822]
WARNING: [Synth 8-6901] identifier 'start_fw_transfer' is used before its declaration [d:/University/251/DA/wrapper/wrapper.gen/sources_1/bd/SoC/ipshared/1e43/src/encrypt_parallel.v:825]
WARNING: [Synth 8-6901] identifier 'start_fw_transfer' is used before its declaration [d:/University/251/DA/wrapper/wrapper.gen/sources_1/bd/SoC/ipshared/1e43/src/encrypt_parallel.v:831]
WARNING: [Synth 8-6901] identifier 'start_fw_transfer' is used before its declaration [d:/University/251/DA/wrapper/wrapper.gen/sources_1/bd/SoC/ipshared/1e43/src/encrypt_parallel.v:838]
WARNING: [Synth 8-6901] identifier 'start_fw_transfer' is used before its declaration [d:/University/251/DA/wrapper/wrapper.gen/sources_1/bd/SoC/ipshared/1e43/src/encrypt_parallel.v:848]
INFO: [Common 17-14] Message 'Synth 8-6901' appears 100 times and further instances of the messages will be disabled. Use the Tcl command set_msg_config to change the current settings.
WARNING: [Synth 8-11065] parameter 'trx_wait_start' becomes localparam in 'encrypt_parallel' with formal parameter declaration list [d:/University/251/DA/wrapper/wrapper.gen/sources_1/bd/SoC/ipshared/1e43/src/encrypt_parallel.v:860]
WARNING: [Synth 8-11065] parameter 'trx_tranfer' becomes localparam in 'encrypt_parallel' with formal parameter declaration list [d:/University/251/DA/wrapper/wrapper.gen/sources_1/bd/SoC/ipshared/1e43/src/encrypt_parallel.v:861]
WARNING: [Synth 8-11065] parameter 'trx_done' becomes localparam in 'encrypt_parallel' with formal parameter declaration list [d:/University/251/DA/wrapper/wrapper.gen/sources_1/bd/SoC/ipshared/1e43/src/encrypt_parallel.v:862]
WARNING: [Synth 8-11065] parameter 'u_wait_start' becomes localparam in 'encrypt_parallel' with formal parameter declaration list [d:/University/251/DA/wrapper/wrapper.gen/sources_1/bd/SoC/ipshared/1e43/src/encrypt_parallel.v:955]
WARNING: [Synth 8-11065] parameter 'u_r2_mul_h' becomes localparam in 'encrypt_parallel' with formal parameter declaration list [d:/University/251/DA/wrapper/wrapper.gen/sources_1/bd/SoC/ipshared/1e43/src/encrypt_parallel.v:956]
WARNING: [Synth 8-11065] parameter 'u_r1_plus_r2h' becomes localparam in 'encrypt_parallel' with formal parameter declaration list [d:/University/251/DA/wrapper/wrapper.gen/sources_1/bd/SoC/ipshared/1e43/src/encrypt_parallel.v:957]
WARNING: [Synth 8-11065] parameter 'u_move_u_bram' becomes localparam in 'encrypt_parallel' with formal parameter declaration list [d:/University/251/DA/wrapper/wrapper.gen/sources_1/bd/SoC/ipshared/1e43/src/encrypt_parallel.v:958]
WARNING: [Synth 8-11065] parameter 'v_wait_start' becomes localparam in 'encrypt_parallel' with formal parameter declaration list [d:/University/251/DA/wrapper/wrapper.gen/sources_1/bd/SoC/ipshared/1e43/src/encrypt_parallel.v:1088]
WARNING: [Synth 8-11065] parameter 'v_s_mul_r2' becomes localparam in 'encrypt_parallel' with formal parameter declaration list [d:/University/251/DA/wrapper/wrapper.gen/sources_1/bd/SoC/ipshared/1e43/src/encrypt_parallel.v:1089]
WARNING: [Synth 8-11065] parameter 'v_e_plus_sr2' becomes localparam in 'encrypt_parallel' with formal parameter declaration list [d:/University/251/DA/wrapper/wrapper.gen/sources_1/bd/SoC/ipshared/1e43/src/encrypt_parallel.v:1090]
WARNING: [Synth 8-11065] parameter 'v_mG_plus_sr2_plus_e' becomes localparam in 'encrypt_parallel' with formal parameter declaration list [d:/University/251/DA/wrapper/wrapper.gen/sources_1/bd/SoC/ipshared/1e43/src/encrypt_parallel.v:1091]
WARNING: [Synth 8-11121] redeclaration of ANSI port 'din_shake' is not allowed [d:/University/251/DA/wrapper/wrapper.gen/sources_1/bd/SoC/ipshared/1e43/src/fixed_weight.v:161]
WARNING: [Synth 8-11065] parameter 's_initialize' becomes localparam in 'fixed_weight' with formal parameter declaration list [d:/University/251/DA/wrapper/wrapper.gen/sources_1/bd/SoC/ipshared/1e43/src/fixed_weight.v:146]
WARNING: [Synth 8-11065] parameter 's_wait_start' becomes localparam in 'fixed_weight' with formal parameter declaration list [d:/University/251/DA/wrapper/wrapper.gen/sources_1/bd/SoC/ipshared/1e43/src/fixed_weight.v:147]
WARNING: [Synth 8-11065] parameter 's_load_shake' becomes localparam in 'fixed_weight' with formal parameter declaration list [d:/University/251/DA/wrapper/wrapper.gen/sources_1/bd/SoC/ipshared/1e43/src/fixed_weight.v:148]
WARNING: [Synth 8-11065] parameter 's_stall_1' becomes localparam in 'fixed_weight' with formal parameter declaration list [d:/University/251/DA/wrapper/wrapper.gen/sources_1/bd/SoC/ipshared/1e43/src/fixed_weight.v:149]
WARNING: [Synth 8-11065] parameter 's_wait_sort' becomes localparam in 'fixed_weight' with formal parameter declaration list [d:/University/251/DA/wrapper/wrapper.gen/sources_1/bd/SoC/ipshared/1e43/src/fixed_weight.v:150]
WARNING: [Synth 8-11065] parameter 's_wait_onegen' becomes localparam in 'fixed_weight' with formal parameter declaration list [d:/University/251/DA/wrapper/wrapper.gen/sources_1/bd/SoC/ipshared/1e43/src/fixed_weight.v:151]
WARNING: [Synth 8-11065] parameter 's_stall_first' becomes localparam in 'fixed_weight' with formal parameter declaration list [d:/University/251/DA/wrapper/wrapper.gen/sources_1/bd/SoC/ipshared/1e43/src/fixed_weight.v:152]
WARNING: [Synth 8-11065] parameter 's_test' becomes localparam in 'fixed_weight' with formal parameter declaration list [d:/University/251/DA/wrapper/wrapper.gen/sources_1/bd/SoC/ipshared/1e43/src/fixed_weight.v:153]
WARNING: [Synth 8-11065] parameter 's_ctx_wait_valid' becomes localparam in 'fixed_weight' with formal parameter declaration list [d:/University/251/DA/wrapper/wrapper.gen/sources_1/bd/SoC/ipshared/1e43/src/fixed_weight.v:376]
WARNING: [Synth 8-11065] parameter 's_ctx_first' becomes localparam in 'fixed_weight' with formal parameter declaration list [d:/University/251/DA/wrapper/wrapper.gen/sources_1/bd/SoC/ipshared/1e43/src/fixed_weight.v:377]
WARNING: [Synth 8-11065] parameter 's_ctx_second' becomes localparam in 'fixed_weight' with formal parameter declaration list [d:/University/251/DA/wrapper/wrapper.gen/sources_1/bd/SoC/ipshared/1e43/src/fixed_weight.v:378]
WARNING: [Synth 8-11065] parameter 's_ctx_third' becomes localparam in 'fixed_weight' with formal parameter declaration list [d:/University/251/DA/wrapper/wrapper.gen/sources_1/bd/SoC/ipshared/1e43/src/fixed_weight.v:379]
WARNING: [Synth 8-11065] parameter 's_ctx_fourth' becomes localparam in 'fixed_weight' with formal parameter declaration list [d:/University/251/DA/wrapper/wrapper.gen/sources_1/bd/SoC/ipshared/1e43/src/fixed_weight.v:380]
WARNING: [Synth 8-11065] parameter 's_ctx_done' becomes localparam in 'fixed_weight' with formal parameter declaration list [d:/University/251/DA/wrapper/wrapper.gen/sources_1/bd/SoC/ipshared/1e43/src/fixed_weight.v:381]
WARNING: [Synth 8-11065] parameter 's_red_wait' becomes localparam in 'fixed_weight' with formal parameter declaration list [d:/University/251/DA/wrapper/wrapper.gen/sources_1/bd/SoC/ipshared/1e43/src/fixed_weight.v:563]
WARNING: [Synth 8-11065] parameter 's_red_stall_0' becomes localparam in 'fixed_weight' with formal parameter declaration list [d:/University/251/DA/wrapper/wrapper.gen/sources_1/bd/SoC/ipshared/1e43/src/fixed_weight.v:564]
WARNING: [Synth 8-11065] parameter 's_red_move' becomes localparam in 'fixed_weight' with formal parameter declaration list [d:/University/251/DA/wrapper/wrapper.gen/sources_1/bd/SoC/ipshared/1e43/src/fixed_weight.v:565]
WARNING: [Synth 8-11065] parameter 's_red_stall_1' becomes localparam in 'fixed_weight' with formal parameter declaration list [d:/University/251/DA/wrapper/wrapper.gen/sources_1/bd/SoC/ipshared/1e43/src/fixed_weight.v:566]
WARNING: [Synth 8-11065] parameter 's_red_stall_1_1' becomes localparam in 'fixed_weight' with formal parameter declaration list [d:/University/251/DA/wrapper/wrapper.gen/sources_1/bd/SoC/ipshared/1e43/src/fixed_weight.v:567]
INFO: [Common 17-14] Message 'Synth 8-11065' appears 100 times and further instances of the messages will be disabled. Use the Tcl command set_msg_config to change the current settings.
WARNING: [Synth 8-11121] redeclaration of ANSI port 'din_shake' is not allowed [d:/University/251/DA/wrapper/wrapper.gen/sources_1/bd/SoC/ipshared/1e43/src/fixed_weight_ct.v:153]
WARNING: [Synth 8-11121] redeclaration of ANSI port 'din_shake' is not allowed [d:/University/251/DA/wrapper/wrapper.gen/sources_1/bd/SoC/ipshared/1e43/src/fixed_weight_cww.v:141]
INFO: [Synth 8-11241] undeclared symbol 'dout_reduced_valid', assumed default net type 'wire' [d:/University/251/DA/wrapper/wrapper.gen/sources_1/bd/SoC/ipshared/1e43/src/fixed_weight_cww.v:241]
INFO: [Synth 8-11241] undeclared symbol 'n_minus_i', assumed default net type 'wire' [d:/University/251/DA/wrapper/wrapper.gen/sources_1/bd/SoC/ipshared/1e43/src/fixed_weight_cww.v:244]
INFO: [Synth 8-11241] undeclared symbol 'dout_shake_reduced', assumed default net type 'wire' [d:/University/251/DA/wrapper/wrapper.gen/sources_1/bd/SoC/ipshared/1e43/src/fixed_weight_cww.v:245]
WARNING: [Synth 8-8895] 'dout_shake_reduced' is already implicitly declared on line 245 [d:/University/251/DA/wrapper/wrapper.gen/sources_1/bd/SoC/ipshared/1e43/src/fixed_weight_cww.v:270]
WARNING: [Synth 8-8895] 'n_minus_i' is already implicitly declared on line 244 [d:/University/251/DA/wrapper/wrapper.gen/sources_1/bd/SoC/ipshared/1e43/src/fixed_weight_cww.v:309]
WARNING: [Synth 8-8895] 'dout_reduced_valid' is already implicitly declared on line 241 [d:/University/251/DA/wrapper/wrapper.gen/sources_1/bd/SoC/ipshared/1e43/src/fixed_weight_cww.v:322]
INFO: [Synth 8-11241] undeclared symbol 'last_din', assumed default net type 'wire' [d:/University/251/DA/wrapper/wrapper.gen/sources_1/bd/SoC/ipshared/1e43/src/hqc_rmdecod_findpeaks.v:176]
INFO: [Synth 8-11241] undeclared symbol 'last_cnt', assumed default net type 'wire' [d:/University/251/DA/wrapper/wrapper.gen/sources_1/bd/SoC/ipshared/1e43/src/hqc_rsdecod_elp.v:186]
CRITICAL WARNING: [Synth 8-9339] data object 'fft_done' is already declared [d:/University/251/DA/wrapper/wrapper.gen/sources_1/bd/SoC/ipshared/1e43/src/hqc_rsdecod_roots.v:47]
INFO: [Synth 8-6826] previous declaration of 'fft_done' is from here [d:/University/251/DA/wrapper/wrapper.gen/sources_1/bd/SoC/ipshared/1e43/src/hqc_rsdecod_roots.v:44]
CRITICAL WARNING: [Synth 8-11152] second declaration of 'fft_done' is ignored [d:/University/251/DA/wrapper/wrapper.gen/sources_1/bd/SoC/ipshared/1e43/src/hqc_rsdecod_roots.v:47]
INFO: [Synth 8-11241] undeclared symbol 'err_val_valid', assumed default net type 'wire' [d:/University/251/DA/wrapper/wrapper.gen/sources_1/bd/SoC/ipshared/1e43/src/hqc_rsdecod_top.v:147]
INFO: [Synth 8-11241] undeclared symbol 'x_addr_reg', assumed default net type 'wire' [d:/University/251/DA/wrapper/wrapper.gen/sources_1/bd/SoC/ipshared/1e43/src/keygen.v:317]
INFO: [Synth 8-11241] undeclared symbol 'pm_rd_addr', assumed default net type 'wire' [d:/University/251/DA/wrapper/wrapper.gen/sources_1/bd/SoC/ipshared/1e43/src/keygen.v:387]
INFO: [Synth 8-11241] undeclared symbol 'pm_rd_en', assumed default net type 'wire' [d:/University/251/DA/wrapper/wrapper.gen/sources_1/bd/SoC/ipshared/1e43/src/keygen.v:388]
INFO: [Synth 8-11241] undeclared symbol 'pm_out', assumed default net type 'wire' [d:/University/251/DA/wrapper/wrapper.gen/sources_1/bd/SoC/ipshared/1e43/src/keygen.v:390]
INFO: [Synth 8-11241] undeclared symbol 'add_out', assumed default net type 'wire' [d:/University/251/DA/wrapper/wrapper.gen/sources_1/bd/SoC/ipshared/1e43/src/keygen.v:392]
INFO: [Synth 8-11241] undeclared symbol 'add_out_addr', assumed default net type 'wire' [d:/University/251/DA/wrapper/wrapper.gen/sources_1/bd/SoC/ipshared/1e43/src/keygen.v:393]
INFO: [Synth 8-11241] undeclared symbol 'add_out_valid', assumed default net type 'wire' [d:/University/251/DA/wrapper/wrapper.gen/sources_1/bd/SoC/ipshared/1e43/src/keygen.v:394]
WARNING: [Synth 8-8895] 'pm_out' is already implicitly declared on line 390 [d:/University/251/DA/wrapper/wrapper.gen/sources_1/bd/SoC/ipshared/1e43/src/keygen.v:398]
WARNING: [Synth 8-8895] 'pm_rd_addr' is already implicitly declared on line 387 [d:/University/251/DA/wrapper/wrapper.gen/sources_1/bd/SoC/ipshared/1e43/src/keygen.v:399]
WARNING: [Synth 8-8895] 'pm_rd_en' is already implicitly declared on line 388 [d:/University/251/DA/wrapper/wrapper.gen/sources_1/bd/SoC/ipshared/1e43/src/keygen.v:400]
WARNING: [Synth 8-8895] 'add_out' is already implicitly declared on line 392 [d:/University/251/DA/wrapper/wrapper.gen/sources_1/bd/SoC/ipshared/1e43/src/keygen.v:402]
WARNING: [Synth 8-8895] 'add_out_addr' is already implicitly declared on line 393 [d:/University/251/DA/wrapper/wrapper.gen/sources_1/bd/SoC/ipshared/1e43/src/keygen.v:403]
WARNING: [Synth 8-8895] 'add_out_valid' is already implicitly declared on line 394 [d:/University/251/DA/wrapper/wrapper.gen/sources_1/bd/SoC/ipshared/1e43/src/keygen.v:404]
WARNING: [Synth 8-8895] 'x_addr_reg' is already implicitly declared on line 317 [d:/University/251/DA/wrapper/wrapper.gen/sources_1/bd/SoC/ipshared/1e43/src/keygen.v:702]
INFO: [Synth 8-11241] undeclared symbol 'error_1', assumed default net type 'wire' [d:/University/251/DA/wrapper/wrapper.gen/sources_1/bd/SoC/ipshared/1e43/src/onegen.v:165]
INFO: [Synth 8-11241] undeclared symbol 'error_1', assumed default net type 'wire' [d:/University/251/DA/wrapper/wrapper.gen/sources_1/bd/SoC/ipshared/1e43/src/onegen_ct.v:165]
WARNING: [Synth 8-11121] redeclaration of ANSI port 'mux_word_0' is not allowed [d:/University/251/DA/wrapper/wrapper.gen/sources_1/bd/SoC/ipshared/1e43/src/poly_mult.v:103]
WARNING: [Synth 8-11121] redeclaration of ANSI port 'mux_word_1' is not allowed [d:/University/251/DA/wrapper/wrapper.gen/sources_1/bd/SoC/ipshared/1e43/src/poly_mult.v:104]
INFO: [Synth 8-11241] undeclared symbol 'wr_en', assumed default net type 'wire' [d:/University/251/DA/wrapper/wrapper.gen/sources_1/bd/SoC/ipshared/1e43/src/reed_muller_encode.v:93]
WARNING: [Synth 8-8895] 'wr_en' is already implicitly declared on line 93 [d:/University/251/DA/wrapper/wrapper.gen/sources_1/bd/SoC/ipshared/1e43/src/reed_muller_encode.v:101]
WARNING: [Synth 8-1958] event expressions must result in a singular type [d:/University/251/DA/wrapper/wrapper.gen/sources_1/bd/SoC/ipshared/1e43/src/state_ram.v:122]
WARNING: [Synth 8-1958] event expressions must result in a singular type [d:/University/251/DA/wrapper/wrapper.gen/sources_1/bd/SoC/ipshared/1e43/src/state_ram.v:122]
WARNING: [Synth 8-1958] event expressions must result in a singular type [d:/University/251/DA/wrapper/wrapper.gen/sources_1/bd/SoC/ipshared/1e43/src/state_ram.v:228]
WARNING: [Synth 8-1958] event expressions must result in a singular type [d:/University/251/DA/wrapper/wrapper.gen/sources_1/bd/SoC/ipshared/1e43/src/state_ram.v:278]
WARNING: [Synth 8-1958] event expressions must result in a singular type [d:/University/251/DA/wrapper/wrapper.gen/sources_1/bd/SoC/ipshared/1e43/src/state_ram.v:278]
WARNING: [Synth 8-1958] event expressions must result in a singular type [d:/University/251/DA/wrapper/wrapper.gen/sources_1/bd/SoC/ipshared/1e43/src/state_ram.v:379]
WARNING: [Synth 8-1958] event expressions must result in a singular type [d:/University/251/DA/wrapper/wrapper.gen/sources_1/bd/SoC/ipshared/1e43/src/state_ram.v:379]
CRITICAL WARNING: [Synth 8-9339] data object 'pm_out' is already declared [d:/University/251/DA/wrapper/wrapper.gen/sources_1/bd/SoC/ipshared/1e43/src/v_minus_uy.v:219]
INFO: [Synth 8-6826] previous declaration of 'pm_out' is from here [d:/University/251/DA/wrapper/wrapper.gen/sources_1/bd/SoC/ipshared/1e43/src/v_minus_uy.v:136]
CRITICAL WARNING: [Synth 8-11152] second declaration of 'pm_out' is ignored [d:/University/251/DA/wrapper/wrapper.gen/sources_1/bd/SoC/ipshared/1e43/src/v_minus_uy.v:219]
WARNING: [Synth 8-11121] redeclaration of ANSI port 'shake_din' is not allowed [d:/University/251/DA/wrapper/wrapper.gen/sources_1/bd/SoC/ipshared/1e43/src/vect_set_random.v:104]
INFO: [Synth 8-11241] undeclared symbol 'rand_mem_in', assumed default net type 'wire' [d:/University/251/DA/wrapper/wrapper.gen/sources_1/bd/SoC/ipshared/1e43/src/vect_set_random.v:151]
INFO: [Synth 8-11241] undeclared symbol 'wr_en_rand', assumed default net type 'wire' [d:/University/251/DA/wrapper/wrapper.gen/sources_1/bd/SoC/ipshared/1e43/src/vect_set_random.v:155]
WARNING: [Synth 8-8895] 'rand_mem_in' is already implicitly declared on line 151 [d:/University/251/DA/wrapper/wrapper.gen/sources_1/bd/SoC/ipshared/1e43/src/vect_set_random.v:167]
WARNING: [Synth 8-8895] 'wr_en_rand' is already implicitly declared on line 155 [d:/University/251/DA/wrapper/wrapper.gen/sources_1/bd/SoC/ipshared/1e43/src/vect_set_random.v:168]
INFO: [Synth 8-11241] undeclared symbol 'w_gpio_ctrl', assumed default net type 'wire' [d:/University/251/DA/wrapper/wrapper.gen/sources_1/bd/SoC/ipshared/1e43/src/axi_wrapper.v:73]
INFO: [Synth 8-11241] undeclared symbol 'w_gpio_addr', assumed default net type 'wire' [d:/University/251/DA/wrapper/wrapper.gen/sources_1/bd/SoC/ipshared/1e43/src/axi_wrapper.v:74]
INFO: [Synth 8-11241] undeclared symbol 'w_gpio_wdata', assumed default net type 'wire' [d:/University/251/DA/wrapper/wrapper.gen/sources_1/bd/SoC/ipshared/1e43/src/axi_wrapper.v:75]
INFO: [Synth 8-11241] undeclared symbol 'w_gpio_rdata', assumed default net type 'wire' [d:/University/251/DA/wrapper/wrapper.gen/sources_1/bd/SoC/ipshared/1e43/src/axi_wrapper.v:76]
WARNING: [Synth 8-8895] 'w_gpio_ctrl' is already implicitly declared on line 73 [d:/University/251/DA/wrapper/wrapper.gen/sources_1/bd/SoC/ipshared/1e43/src/axi_wrapper.v:81]
WARNING: [Synth 8-8895] 'w_gpio_addr' is already implicitly declared on line 74 [d:/University/251/DA/wrapper/wrapper.gen/sources_1/bd/SoC/ipshared/1e43/src/axi_wrapper.v:82]
WARNING: [Synth 8-8895] 'w_gpio_wdata' is already implicitly declared on line 75 [d:/University/251/DA/wrapper/wrapper.gen/sources_1/bd/SoC/ipshared/1e43/src/axi_wrapper.v:83]
WARNING: [Synth 8-8895] 'w_gpio_rdata' is already implicitly declared on line 76 [d:/University/251/DA/wrapper/wrapper.gen/sources_1/bd/SoC/ipshared/1e43/src/axi_wrapper.v:84]
INFO: [Synth 8-11241] undeclared symbol 'rddata_rst_i', assumed default net type 'wire' [d:/University/251/DA/wrapper/wrapper.gen/sources_1/bd/SoC/ipshared/b205/hdl/xsdbm_v3_0_vl_rfs.v:2188]
INFO: [Synth 8-11241] undeclared symbol 'datard_overflow', assumed default net type 'wire' [d:/University/251/DA/wrapper/wrapper.gen/sources_1/bd/SoC/ipshared/b205/hdl/xsdbm_v3_0_vl_rfs.v:2235]
INFO: [Synth 8-11241] undeclared symbol 'datard_underflow', assumed default net type 'wire' [d:/University/251/DA/wrapper/wrapper.gen/sources_1/bd/SoC/ipshared/b205/hdl/xsdbm_v3_0_vl_rfs.v:2236]
INFO: [Synth 8-11241] undeclared symbol 'tms_int', assumed default net type 'wire' [d:/University/251/DA/wrapper/wrapper.gen/sources_1/bd/SoC/ipshared/b205/hdl/xsdbm_v3_0_vl_rfs.v:6379]
INFO: [Synth 8-11241] undeclared symbol 'runtest_int', assumed default net type 'wire' [d:/University/251/DA/wrapper/wrapper.gen/sources_1/bd/SoC/ipshared/b205/hdl/xsdbm_v3_0_vl_rfs.v:6381]
INFO: [Synth 8-11241] undeclared symbol 'tms_int', assumed default net type 'wire' [d:/University/251/DA/wrapper/wrapper.gen/sources_1/bd/SoC/ipshared/b205/hdl/xsdbm_v3_0_vl_rfs.v:6412]
INFO: [Synth 8-11241] undeclared symbol 'runtest_int', assumed default net type 'wire' [d:/University/251/DA/wrapper/wrapper.gen/sources_1/bd/SoC/ipshared/b205/hdl/xsdbm_v3_0_vl_rfs.v:6414]
INFO: [Synth 8-11241] undeclared symbol 'tms_int', assumed default net type 'wire' [d:/University/251/DA/wrapper/wrapper.gen/sources_1/bd/SoC/ipshared/b205/hdl/xsdbm_v3_0_vl_rfs.v:6447]
INFO: [Synth 8-11241] undeclared symbol 'runtest_int', assumed default net type 'wire' [d:/University/251/DA/wrapper/wrapper.gen/sources_1/bd/SoC/ipshared/b205/hdl/xsdbm_v3_0_vl_rfs.v:6449]
INFO: [Synth 8-11241] undeclared symbol 'tms_int', assumed default net type 'wire' [d:/University/251/DA/wrapper/wrapper.gen/sources_1/bd/SoC/ipshared/b205/hdl/verilog/xsdbm_v3_0_0_bs_core_ext.vh:30]
INFO: [Synth 8-11241] undeclared symbol 'runtest_int', assumed default net type 'wire' [d:/University/251/DA/wrapper/wrapper.gen/sources_1/bd/SoC/ipshared/b205/hdl/verilog/xsdbm_v3_0_0_bs_core_ext.vh:32]
INFO: [Synth 8-11241] undeclared symbol 'tms_int', assumed default net type 'wire' [d:/University/251/DA/wrapper/wrapper.gen/sources_1/bd/SoC/ipshared/b205/hdl/verilog/xsdbm_v3_0_0_bs_core_ext.vh:69]
INFO: [Synth 8-11241] undeclared symbol 'runtest_int', assumed default net type 'wire' [d:/University/251/DA/wrapper/wrapper.gen/sources_1/bd/SoC/ipshared/b205/hdl/verilog/xsdbm_v3_0_0_bs_core_ext.vh:71]
INFO: [Synth 8-11241] undeclared symbol 'tms_int', assumed default net type 'wire' [d:/University/251/DA/wrapper/wrapper.gen/sources_1/bd/SoC/ipshared/b205/hdl/verilog/xsdbm_v3_0_0_bs_core_ext.vh:109]
INFO: [Synth 8-11241] undeclared symbol 'runtest_int', assumed default net type 'wire' [d:/University/251/DA/wrapper/wrapper.gen/sources_1/bd/SoC/ipshared/b205/hdl/verilog/xsdbm_v3_0_0_bs_core_ext.vh:111]
INFO: [Synth 8-11241] undeclared symbol 'tms_int', assumed default net type 'wire' [d:/University/251/DA/wrapper/wrapper.gen/sources_1/bd/SoC/ipshared/b205/hdl/verilog/xsdbm_v3_0_0_bs_core_ext.vh:150]
INFO: [Common 17-14] Message 'Synth 8-11241' appears 100 times and further instances of the messages will be disabled. Use the Tcl command set_msg_config to change the current settings.
WARNING: [Synth 8-10294] parameter declaration is not allowed here in this mode of Verilog [d:/University/251/DA/wrapper/wrapper.gen/sources_1/bd/SoC/ipshared/fd26/hdl/ila_v6_2_syn_rfs.v:4527]
WARNING: [Synth 8-10294] parameter declaration is not allowed here in this mode of Verilog [d:/University/251/DA/wrapper/wrapper.gen/sources_1/bd/SoC/ipshared/fd26/hdl/ila_v6_2_syn_rfs.v:4528]
WARNING: [Synth 8-10294] parameter declaration is not allowed here in this mode of Verilog [d:/University/251/DA/wrapper/wrapper.gen/sources_1/bd/SoC/ipshared/fd26/hdl/ila_v6_2_syn_rfs.v:4529]
WARNING: [Synth 8-10294] parameter declaration is not allowed here in this mode of Verilog [d:/University/251/DA/wrapper/wrapper.gen/sources_1/bd/SoC/ipshared/fd26/hdl/ila_v6_2_syn_rfs.v:4530]
WARNING: [Synth 8-10294] parameter declaration is not allowed here in this mode of Verilog [d:/University/251/DA/wrapper/wrapper.gen/sources_1/bd/SoC/ipshared/fd26/hdl/ila_v6_2_syn_rfs.v:4531]
WARNING: [Synth 8-10294] parameter declaration is not allowed here in this mode of Verilog [d:/University/251/DA/wrapper/wrapper.gen/sources_1/bd/SoC/ipshared/fd26/hdl/ila_v6_2_syn_rfs.v:4532]
WARNING: [Synth 8-10294] parameter declaration is not allowed here in this mode of Verilog [d:/University/251/DA/wrapper/wrapper.gen/sources_1/bd/SoC/ipshared/fd26/hdl/ila_v6_2_syn_rfs.v:4586]
WARNING: [Synth 8-10294] parameter declaration is not allowed here in this mode of Verilog [d:/University/251/DA/wrapper/wrapper.gen/sources_1/bd/SoC/ipshared/fd26/hdl/ila_v6_2_syn_rfs.v:4587]
WARNING: [Synth 8-10294] parameter declaration is not allowed here in this mode of Verilog [d:/University/251/DA/wrapper/wrapper.gen/sources_1/bd/SoC/ipshared/fd26/hdl/ila_v6_2_syn_rfs.v:4588]
WARNING: [Synth 8-10294] parameter declaration is not allowed here in this mode of Verilog [d:/University/251/DA/wrapper/wrapper.gen/sources_1/bd/SoC/ipshared/fd26/hdl/ila_v6_2_syn_rfs.v:5486]
---------------------------------------------------------------------------------
Starting RTL Elaboration : Time (s): cpu = 00:00:08 ; elapsed = 00:00:10 . Memory (MB): peak = 1893.320 ; gain = 379.508
---------------------------------------------------------------------------------
INFO: [Synth 8-6157] synthesizing module 'SoC_wrapper' [D:/University/251/DA/wrapper/wrapper.gen/sources_1/bd/SoC/hdl/SoC_wrapper.v:12]
INFO: [Synth 8-6157] synthesizing module 'SoC' [d:/University/251/DA/wrapper/wrapper.gen/sources_1/bd/SoC/synth/SoC.v:12]
INFO: [Synth 8-6157] synthesizing module 'SoC_axi_wrapper_0_0' [d:/University/251/DA/wrapper/wrapper.gen/sources_1/bd/SoC/ip/SoC_axi_wrapper_0_0/synth/SoC_axi_wrapper_0_0.v:53]
INFO: [Synth 8-6157] synthesizing module 'axi_wrapper' [d:/University/251/DA/wrapper/wrapper.gen/sources_1/bd/SoC/ipshared/1e43/src/axi_wrapper.v:4]
INFO: [Synth 8-6157] synthesizing module 'axi_wrapper_slave_lite_v1_0_S00_AXI' [d:/University/251/DA/wrapper/wrapper.gen/sources_1/bd/SoC/ipshared/1e43/src/axi_wrapper_slave_lite_v1_0_S00_AXI.v:4]
INFO: [Synth 8-155] case statement is not full and has no default [d:/University/251/DA/wrapper/wrapper.gen/sources_1/bd/SoC/ipshared/1e43/src/axi_wrapper_slave_lite_v1_0_S00_AXI.v:156]
INFO: [Synth 8-226] default block is never used [d:/University/251/DA/wrapper/wrapper.gen/sources_1/bd/SoC/ipshared/1e43/src/axi_wrapper_slave_lite_v1_0_S00_AXI.v:230]
INFO: [Synth 8-155] case statement is not full and has no default [d:/University/251/DA/wrapper/wrapper.gen/sources_1/bd/SoC/ipshared/1e43/src/axi_wrapper_slave_lite_v1_0_S00_AXI.v:283]
INFO: [Synth 8-6155] done synthesizing module 'axi_wrapper_slave_lite_v1_0_S00_AXI' (0#1) [d:/University/251/DA/wrapper/wrapper.gen/sources_1/bd/SoC/ipshared/1e43/src/axi_wrapper_slave_lite_v1_0_S00_AXI.v:4]
INFO: [Synth 8-6157] synthesizing module 'HQC_wrapper' [d:/University/251/DA/wrapper/wrapper.gen/sources_1/bd/SoC/ipshared/1e43/src/HQC_wrapper.v:4]
INFO: [Synth 8-6157] synthesizing module 'mem_dual' [d:/University/251/DA/wrapper/wrapper.gen/sources_1/bd/SoC/ipshared/1e43/src/mem_dual.v:8]
INFO: [Synth 8-6155] done synthesizing module 'mem_dual' (0#1) [d:/University/251/DA/wrapper/wrapper.gen/sources_1/bd/SoC/ipshared/1e43/src/mem_dual.v:8]
INFO: [Synth 8-6157] synthesizing module 'mem_dual__parameterized0' [d:/University/251/DA/wrapper/wrapper.gen/sources_1/bd/SoC/ipshared/1e43/src/mem_dual.v:8]
INFO: [Synth 8-6155] done synthesizing module 'mem_dual__parameterized0' (0#1) [d:/University/251/DA/wrapper/wrapper.gen/sources_1/bd/SoC/ipshared/1e43/src/mem_dual.v:8]
INFO: [Synth 8-6157] synthesizing module 'mem_dual__parameterized1' [d:/University/251/DA/wrapper/wrapper.gen/sources_1/bd/SoC/ipshared/1e43/src/mem_dual.v:8]
INFO: [Synth 8-6155] done synthesizing module 'mem_dual__parameterized1' (0#1) [d:/University/251/DA/wrapper/wrapper.gen/sources_1/bd/SoC/ipshared/1e43/src/mem_dual.v:8]
WARNING: [Synth 8-689] width (13) of port connection 'address_0' does not match port width (8) of module 'mem_dual__parameterized1' [d:/University/251/DA/wrapper/wrapper.gen/sources_1/bd/SoC/ipshared/1e43/src/HQC_wrapper.v:144]
WARNING: [Synth 8-689] width (13) of port connection 'address_1' does not match port width (8) of module 'mem_dual__parameterized1' [d:/University/251/DA/wrapper/wrapper.gen/sources_1/bd/SoC/ipshared/1e43/src/HQC_wrapper.v:147]
WARNING: [Synth 8-7071] port 'data_0' of module 'mem_dual' is unconnected for instance 'RAM_H' [d:/University/251/DA/wrapper/wrapper.gen/sources_1/bd/SoC/ipshared/1e43/src/HQC_wrapper.v:142]
WARNING: [Synth 8-7023] instance 'RAM_H' of module 'mem_dual' has 9 connections declared, but only 8 given [d:/University/251/DA/wrapper/wrapper.gen/sources_1/bd/SoC/ipshared/1e43/src/HQC_wrapper.v:142]
WARNING: [Synth 8-689] width (13) of port connection 'address_0' does not match port width (8) of module 'mem_dual__parameterized1' [d:/University/251/DA/wrapper/wrapper.gen/sources_1/bd/SoC/ipshared/1e43/src/HQC_wrapper.v:154]
WARNING: [Synth 8-689] width (13) of port connection 'address_1' does not match port width (8) of module 'mem_dual__parameterized1' [d:/University/251/DA/wrapper/wrapper.gen/sources_1/bd/SoC/ipshared/1e43/src/HQC_wrapper.v:157]
WARNING: [Synth 8-7071] port 'data_0' of module 'mem_dual' is unconnected for instance 'RAM_S' [d:/University/251/DA/wrapper/wrapper.gen/sources_1/bd/SoC/ipshared/1e43/src/HQC_wrapper.v:152]
WARNING: [Synth 8-7023] instance 'RAM_S' of module 'mem_dual' has 9 connections declared, but only 8 given [d:/University/251/DA/wrapper/wrapper.gen/sources_1/bd/SoC/ipshared/1e43/src/HQC_wrapper.v:152]
WARNING: [Synth 8-689] width (13) of port connection 'address_0' does not match port width (8) of module 'mem_dual__parameterized1' [d:/University/251/DA/wrapper/wrapper.gen/sources_1/bd/SoC/ipshared/1e43/src/HQC_wrapper.v:163]
WARNING: [Synth 8-689] width (13) of port connection 'address_1' does not match port width (8) of module 'mem_dual__parameterized1' [d:/University/251/DA/wrapper/wrapper.gen/sources_1/bd/SoC/ipshared/1e43/src/HQC_wrapper.v:166]
WARNING: [Synth 8-7071] port 'data_0' of module 'mem_dual' is unconnected for instance 'RAM_U' [d:/University/251/DA/wrapper/wrapper.gen/sources_1/bd/SoC/ipshared/1e43/src/HQC_wrapper.v:161]
WARNING: [Synth 8-7023] instance 'RAM_U' of module 'mem_dual' has 9 connections declared, but only 8 given [d:/University/251/DA/wrapper/wrapper.gen/sources_1/bd/SoC/ipshared/1e43/src/HQC_wrapper.v:161]
WARNING: [Synth 8-689] width (13) of port connection 'address_0' does not match port width (8) of module 'mem_dual__parameterized1' [d:/University/251/DA/wrapper/wrapper.gen/sources_1/bd/SoC/ipshared/1e43/src/HQC_wrapper.v:172]
WARNING: [Synth 8-689] width (13) of port connection 'address_1' does not match port width (8) of module 'mem_dual__parameterized1' [d:/University/251/DA/wrapper/wrapper.gen/sources_1/bd/SoC/ipshared/1e43/src/HQC_wrapper.v:175]
WARNING: [Synth 8-7071] port 'data_0' of module 'mem_dual' is unconnected for instance 'RAM_V' [d:/University/251/DA/wrapper/wrapper.gen/sources_1/bd/SoC/ipshared/1e43/src/HQC_wrapper.v:170]
WARNING: [Synth 8-7023] instance 'RAM_V' of module 'mem_dual' has 9 connections declared, but only 8 given [d:/University/251/DA/wrapper/wrapper.gen/sources_1/bd/SoC/ipshared/1e43/src/HQC_wrapper.v:170]
INFO: [Synth 8-6157] synthesizing module 'hqc_kem_joint_design' [d:/University/251/DA/wrapper/wrapper.gen/sources_1/bd/SoC/ipshared/1e43/src/hqc_kem_joint_design.v:26]
INFO: [Synth 8-6157] synthesizing module 'keygen' [d:/University/251/DA/wrapper/wrapper.gen/sources_1/bd/SoC/ipshared/1e43/src/keygen.v:27]
INFO: [Synth 8-6157] synthesizing module 'fixed_weight_ct' [d:/University/251/DA/wrapper/wrapper.gen/sources_1/bd/SoC/ipshared/1e43/src/fixed_weight_ct.v:25]
INFO: [Synth 8-6157] synthesizing module 'mem_single' [d:/University/251/DA/wrapper/wrapper.gen/sources_1/bd/SoC/ipshared/1e43/src/mem_single.v:1]
INFO: [Synth 8-251] [MEM CHECK] File '' da duoc load. Gia tri tai [0] = xxxxxxxx [d:/University/251/DA/wrapper/wrapper.gen/sources_1/bd/SoC/ipshared/1e43/src/mem_single.v:27]
INFO: [Synth 8-6155] done synthesizing module 'mem_single' (0#1) [d:/University/251/DA/wrapper/wrapper.gen/sources_1/bd/SoC/ipshared/1e43/src/mem_single.v:1]
INFO: [Synth 8-6157] synthesizing module 'mem_dual__parameterized2' [d:/University/251/DA/wrapper/wrapper.gen/sources_1/bd/SoC/ipshared/1e43/src/mem_dual.v:8]
INFO: [Synth 8-6155] done synthesizing module 'mem_dual__parameterized2' (0#1) [d:/University/251/DA/wrapper/wrapper.gen/sources_1/bd/SoC/ipshared/1e43/src/mem_dual.v:8]
WARNING: [Synth 8-7071] port 'q_0' of module 'mem_dual' is unconnected for instance 'shake_ctx' [d:/University/251/DA/wrapper/wrapper.gen/sources_1/bd/SoC/ipshared/1e43/src/fixed_weight_ct.v:239]
WARNING: [Synth 8-7023] instance 'shake_ctx' of module 'mem_dual' has 9 connections declared, but only 8 given [d:/University/251/DA/wrapper/wrapper.gen/sources_1/bd/SoC/ipshared/1e43/src/fixed_weight_ct.v:239]
WARNING: [Synth 8-4446] all outputs are unconnected for this instance and logic may be removed [d:/University/251/DA/wrapper/wrapper.gen/sources_1/bd/SoC/ipshared/1e43/src/fixed_weight_ct.v:261]
INFO: [Synth 8-6157] synthesizing module 'hqc_barrett_red' [d:/University/251/DA/wrapper/wrapper.gen/sources_1/bd/SoC/ipshared/1e43/src/hqc_barrett_red.v:47]
WARNING: [Synth 8-5974] attribute "use_dsp48" has been deprecated, please use "use_dsp" instead 
WARNING: [Synth 8-6104] Input port 'c_o' has an internal driver [d:/University/251/DA/wrapper/wrapper.gen/sources_1/bd/SoC/ipshared/1e43/src/hqc_barrett_red.v:106]
INFO: [Synth 8-6155] done synthesizing module 'hqc_barrett_red' (0#1) [d:/University/251/DA/wrapper/wrapper.gen/sources_1/bd/SoC/ipshared/1e43/src/hqc_barrett_red.v:47]
INFO: [Synth 8-6157] synthesizing module 'mem_single__parameterized0' [d:/University/251/DA/wrapper/wrapper.gen/sources_1/bd/SoC/ipshared/1e43/src/mem_single.v:1]
INFO: [Synth 8-251] [MEM CHECK] File '' da duoc load. Gia tri tai [0] = xxxx [d:/University/251/DA/wrapper/wrapper.gen/sources_1/bd/SoC/ipshared/1e43/src/mem_single.v:27]
INFO: [Synth 8-6155] done synthesizing module 'mem_single__parameterized0' (0#1) [d:/University/251/DA/wrapper/wrapper.gen/sources_1/bd/SoC/ipshared/1e43/src/mem_single.v:1]
INFO: [Synth 8-6157] synthesizing module 'onegen_ct' [d:/University/251/DA/wrapper/wrapper.gen/sources_1/bd/SoC/ipshared/1e43/src/onegen_ct.v:25]
INFO: [Synth 8-6157] synthesizing module 'mem_dual__parameterized3' [d:/University/251/DA/wrapper/wrapper.gen/sources_1/bd/SoC/ipshared/1e43/src/mem_dual.v:8]
INFO: [Synth 8-6155] done synthesizing module 'mem_dual__parameterized3' (0#1) [d:/University/251/DA/wrapper/wrapper.gen/sources_1/bd/SoC/ipshared/1e43/src/mem_dual.v:8]
INFO: [Synth 8-6155] done synthesizing module 'onegen_ct' (0#1) [d:/University/251/DA/wrapper/wrapper.gen/sources_1/bd/SoC/ipshared/1e43/src/onegen_ct.v:25]
WARNING: [Synth 8-567] referenced signal 'mod_weight_minus_1' should be on the sensitivity list [d:/University/251/DA/wrapper/wrapper.gen/sources_1/bd/SoC/ipshared/1e43/src/fixed_weight_ct.v:458]
INFO: [Synth 8-6155] done synthesizing module 'fixed_weight_ct' (0#1) [d:/University/251/DA/wrapper/wrapper.gen/sources_1/bd/SoC/ipshared/1e43/src/fixed_weight_ct.v:25]
WARNING: [Synth 8-7071] port 'valid_vector' of module 'fixed_weight_ct' is unconnected for instance 'FIXEDWEIGHT' [d:/University/251/DA/wrapper/wrapper.gen/sources_1/bd/SoC/ipshared/1e43/src/keygen.v:254]
WARNING: [Synth 8-7023] instance 'FIXEDWEIGHT' of module 'fixed_weight_ct' has 19 connections declared, but only 18 given [d:/University/251/DA/wrapper/wrapper.gen/sources_1/bd/SoC/ipshared/1e43/src/keygen.v:254]
INFO: [Synth 8-6157] synthesizing module 'vect_set_random' [d:/University/251/DA/wrapper/wrapper.gen/sources_1/bd/SoC/ipshared/1e43/src/vect_set_random.v:28]
INFO: [Synth 8-6155] done synthesizing module 'vect_set_random' (0#1) [d:/University/251/DA/wrapper/wrapper.gen/sources_1/bd/SoC/ipshared/1e43/src/vect_set_random.v:28]
INFO: [Synth 8-6157] synthesizing module 'poly_mult' [d:/University/251/DA/wrapper/wrapper.gen/sources_1/bd/SoC/ipshared/1e43/src/poly_mult.v:25]
WARNING: [Synth 8-689] width (9) of port connection 'address_0' does not match port width (8) of module 'mem_dual__parameterized1' [d:/University/251/DA/wrapper/wrapper.gen/sources_1/bd/SoC/ipshared/1e43/src/poly_mult.v:247]
WARNING: [Synth 8-689] width (9) of port connection 'address_1' does not match port width (8) of module 'mem_dual__parameterized1' [d:/University/251/DA/wrapper/wrapper.gen/sources_1/bd/SoC/ipshared/1e43/src/poly_mult.v:248]
INFO: [Synth 8-6155] done synthesizing module 'poly_mult' (0#1) [d:/University/251/DA/wrapper/wrapper.gen/sources_1/bd/SoC/ipshared/1e43/src/poly_mult.v:25]
WARNING: [Synth 8-689] width (7) of port connection 'loc_addr' does not match port width (16) of module 'poly_mult' [d:/University/251/DA/wrapper/wrapper.gen/sources_1/bd/SoC/ipshared/1e43/src/keygen.v:376]
INFO: [Synth 8-6157] synthesizing module 'loc_based_adder' [d:/University/251/DA/wrapper/wrapper.gen/sources_1/bd/SoC/ipshared/1e43/src/loc_based_adder.v:3]
INFO: [Synth 8-6155] done synthesizing module 'loc_based_adder' (0#1) [d:/University/251/DA/wrapper/wrapper.gen/sources_1/bd/SoC/ipshared/1e43/src/loc_based_adder.v:3]
INFO: [Synth 8-6155] done synthesizing module 'keygen' (0#1) [d:/University/251/DA/wrapper/wrapper.gen/sources_1/bd/SoC/ipshared/1e43/src/keygen.v:27]
WARNING: [Synth 8-689] width (32) of port connection 'start' does not match port width (1) of module 'keygen' [d:/University/251/DA/wrapper/wrapper.gen/sources_1/bd/SoC/ipshared/1e43/src/hqc_kem_joint_design.v:376]
INFO: [Synth 8-6157] synthesizing module 'encap' [d:/University/251/DA/wrapper/wrapper.gen/sources_1/bd/SoC/ipshared/1e43/src/encap.v:27]
INFO: [Synth 8-6157] synthesizing module 'encrypt' [d:/University/251/DA/wrapper/wrapper.gen/sources_1/bd/SoC/ipshared/1e43/src/encrypt.v:3]
INFO: [Synth 8-6157] synthesizing module 'fixed_weight_ct__parameterized0' [d:/University/251/DA/wrapper/wrapper.gen/sources_1/bd/SoC/ipshared/1e43/src/fixed_weight_ct.v:25]
INFO: [Synth 8-6157] synthesizing module 'mem_dual__parameterized4' [d:/University/251/DA/wrapper/wrapper.gen/sources_1/bd/SoC/ipshared/1e43/src/mem_dual.v:8]
INFO: [Synth 8-6155] done synthesizing module 'mem_dual__parameterized4' (0#1) [d:/University/251/DA/wrapper/wrapper.gen/sources_1/bd/SoC/ipshared/1e43/src/mem_dual.v:8]
WARNING: [Synth 8-7071] port 'q_0' of module 'mem_dual' is unconnected for instance 'shake_ctx' [d:/University/251/DA/wrapper/wrapper.gen/sources_1/bd/SoC/ipshared/1e43/src/fixed_weight_ct.v:239]
WARNING: [Synth 8-7023] instance 'shake_ctx' of module 'mem_dual' has 9 connections declared, but only 8 given [d:/University/251/DA/wrapper/wrapper.gen/sources_1/bd/SoC/ipshared/1e43/src/fixed_weight_ct.v:239]
WARNING: [Synth 8-4446] all outputs are unconnected for this instance and logic may be removed [d:/University/251/DA/wrapper/wrapper.gen/sources_1/bd/SoC/ipshared/1e43/src/fixed_weight_ct.v:261]
INFO: [Synth 8-6157] synthesizing module 'mem_single__parameterized1' [d:/University/251/DA/wrapper/wrapper.gen/sources_1/bd/SoC/ipshared/1e43/src/mem_single.v:1]
INFO: [Synth 8-251] [MEM CHECK] File '' da duoc load. Gia tri tai [0] = xxxx [d:/University/251/DA/wrapper/wrapper.gen/sources_1/bd/SoC/ipshared/1e43/src/mem_single.v:27]
INFO: [Synth 8-6155] done synthesizing module 'mem_single__parameterized1' (0#1) [d:/University/251/DA/wrapper/wrapper.gen/sources_1/bd/SoC/ipshared/1e43/src/mem_single.v:1]
INFO: [Synth 8-6157] synthesizing module 'onegen_ct__parameterized0' [d:/University/251/DA/wrapper/wrapper.gen/sources_1/bd/SoC/ipshared/1e43/src/onegen_ct.v:25]
INFO: [Synth 8-6155] done synthesizing module 'onegen_ct__parameterized0' (0#1) [d:/University/251/DA/wrapper/wrapper.gen/sources_1/bd/SoC/ipshared/1e43/src/onegen_ct.v:25]
WARNING: [Synth 8-567] referenced signal 'mod_weight_minus_1' should be on the sensitivity list [d:/University/251/DA/wrapper/wrapper.gen/sources_1/bd/SoC/ipshared/1e43/src/fixed_weight_ct.v:458]
INFO: [Synth 8-6155] done synthesizing module 'fixed_weight_ct__parameterized0' (0#1) [d:/University/251/DA/wrapper/wrapper.gen/sources_1/bd/SoC/ipshared/1e43/src/fixed_weight_ct.v:25]
WARNING: [Synth 8-7071] port 'valid_vector' of module 'fixed_weight_ct' is unconnected for instance 'FIXEDWEIGHT' [d:/University/251/DA/wrapper/wrapper.gen/sources_1/bd/SoC/ipshared/1e43/src/encrypt.v:233]
WARNING: [Synth 8-7023] instance 'FIXEDWEIGHT' of module 'fixed_weight_ct' has 19 connections declared, but only 18 given [d:/University/251/DA/wrapper/wrapper.gen/sources_1/bd/SoC/ipshared/1e43/src/encrypt.v:233]
INFO: [Synth 8-6157] synthesizing module 'concat_code' [d:/University/251/DA/wrapper/wrapper.gen/sources_1/bd/SoC/ipshared/1e43/src/concat_code.v:25]
INFO: [Synth 8-6157] synthesizing module 'reed_solomon_encode' [d:/University/251/DA/wrapper/wrapper.gen/sources_1/bd/SoC/ipshared/1e43/src/reed_solomon_encode.v:25]
INFO: [Synth 8-6157] synthesizing module 'gf_mul' [d:/University/251/DA/wrapper/wrapper.gen/sources_1/bd/SoC/ipshared/1e43/src/gf_mul.v:25]
INFO: [Synth 8-6155] done synthesizing module 'gf_mul' (0#1) [d:/University/251/DA/wrapper/wrapper.gen/sources_1/bd/SoC/ipshared/1e43/src/gf_mul.v:25]
INFO: [Synth 8-6157] synthesizing module 'cdw_xor_tmp' [d:/University/251/DA/wrapper/wrapper.gen/sources_1/bd/SoC/ipshared/1e43/src/cdw_xor_tmp.v:25]
INFO: [Synth 8-6155] done synthesizing module 'cdw_xor_tmp' (0#1) [d:/University/251/DA/wrapper/wrapper.gen/sources_1/bd/SoC/ipshared/1e43/src/cdw_xor_tmp.v:25]
WARNING: [Synth 8-689] width (368) of port connection 'cdw_in' does not match port width (240) of module 'cdw_xor_tmp' [d:/University/251/DA/wrapper/wrapper.gen/sources_1/bd/SoC/ipshared/1e43/src/reed_solomon_encode.v:121]
INFO: [Synth 8-6155] done synthesizing module 'reed_solomon_encode' (0#1) [d:/University/251/DA/wrapper/wrapper.gen/sources_1/bd/SoC/ipshared/1e43/src/reed_solomon_encode.v:25]
INFO: [Synth 8-6157] synthesizing module 'reed_muller_encode' [d:/University/251/DA/wrapper/wrapper.gen/sources_1/bd/SoC/ipshared/1e43/src/reed_muller_encode.v:25]
INFO: [Synth 8-6157] synthesizing module 'rm_encoder' [d:/University/251/DA/wrapper/wrapper.gen/sources_1/bd/SoC/ipshared/1e43/src/rm_encoder.v:25]
INFO: [Synth 8-6155] done synthesizing module 'rm_encoder' (0#1) [d:/University/251/DA/wrapper/wrapper.gen/sources_1/bd/SoC/ipshared/1e43/src/rm_encoder.v:25]
WARNING: [Synth 8-7071] port 'rst' of module 'rm_encoder' is unconnected for instance 'ENCODER' [d:/University/251/DA/wrapper/wrapper.gen/sources_1/bd/SoC/ipshared/1e43/src/reed_muller_encode.v:77]
WARNING: [Synth 8-7071] port 'done' of module 'rm_encoder' is unconnected for instance 'ENCODER' [d:/University/251/DA/wrapper/wrapper.gen/sources_1/bd/SoC/ipshared/1e43/src/reed_muller_encode.v:77]
WARNING: [Synth 8-7023] instance 'ENCODER' of module 'rm_encoder' has 6 connections declared, but only 4 given [d:/University/251/DA/wrapper/wrapper.gen/sources_1/bd/SoC/ipshared/1e43/src/reed_muller_encode.v:77]
INFO: [Synth 8-6157] synthesizing module 'mem_single__parameterized2' [d:/University/251/DA/wrapper/wrapper.gen/sources_1/bd/SoC/ipshared/1e43/src/mem_single.v:1]
INFO: [Synth 8-251] [MEM CHECK] File '' da duoc load. Gia tri tai [0] = xxxxxxxxxxxxxxxxxxxxxxxxxxxxxxxx [d:/University/251/DA/wrapper/wrapper.gen/sources_1/bd/SoC/ipshared/1e43/src/mem_single.v:27]
INFO: [Synth 8-6155] done synthesizing module 'mem_single__parameterized2' (0#1) [d:/University/251/DA/wrapper/wrapper.gen/sources_1/bd/SoC/ipshared/1e43/src/mem_single.v:1]
INFO: [Synth 8-6155] done synthesizing module 'reed_muller_encode' (0#1) [d:/University/251/DA/wrapper/wrapper.gen/sources_1/bd/SoC/ipshared/1e43/src/reed_muller_encode.v:25]
INFO: [Synth 8-6155] done synthesizing module 'concat_code' (0#1) [d:/University/251/DA/wrapper/wrapper.gen/sources_1/bd/SoC/ipshared/1e43/src/concat_code.v:25]
INFO: [Synth 8-6157] synthesizing module 'mem_single__parameterized3' [d:/University/251/DA/wrapper/wrapper.gen/sources_1/bd/SoC/ipshared/1e43/src/mem_single.v:1]
INFO: [Synth 8-251] [MEM CHECK] File '' da duoc load. Gia tri tai [0] = xxxxxxxxxxxxxxxxxxxxxxxxxxxxxxxx [d:/University/251/DA/wrapper/wrapper.gen/sources_1/bd/SoC/ipshared/1e43/src/mem_single.v:27]
INFO: [Synth 8-6155] done synthesizing module 'mem_single__parameterized3' (0#1) [d:/University/251/DA/wrapper/wrapper.gen/sources_1/bd/SoC/ipshared/1e43/src/mem_single.v:1]
WARNING: [Synth 8-689] width (32) of port connection 'wr_en' does not match port width (1) of module 'mem_single__parameterized3' [d:/University/251/DA/wrapper/wrapper.gen/sources_1/bd/SoC/ipshared/1e43/src/encrypt.v:343]
WARNING: [Synth 8-689] width (7) of port connection 'loc_addr' does not match port width (16) of module 'poly_mult' [d:/University/251/DA/wrapper/wrapper.gen/sources_1/bd/SoC/ipshared/1e43/src/encrypt.v:426]
WARNING: [Synth 8-689] width (32) of port connection 'add_wr_en' does not match port width (1) of module 'poly_mult' [d:/University/251/DA/wrapper/wrapper.gen/sources_1/bd/SoC/ipshared/1e43/src/encrypt.v:443]
INFO: [Synth 8-6157] synthesizing module 'loc_based_adder__parameterized0' [d:/University/251/DA/wrapper/wrapper.gen/sources_1/bd/SoC/ipshared/1e43/src/loc_based_adder.v:3]
INFO: [Synth 8-6155] done synthesizing module 'loc_based_adder__parameterized0' (0#1) [d:/University/251/DA/wrapper/wrapper.gen/sources_1/bd/SoC/ipshared/1e43/src/loc_based_adder.v:3]
INFO: [Synth 8-6157] synthesizing module 'xor_based_adder' [d:/University/251/DA/wrapper/wrapper.gen/sources_1/bd/SoC/ipshared/1e43/src/xor_based_adder.v:26]
INFO: [Synth 8-6155] done synthesizing module 'xor_based_adder' (0#1) [d:/University/251/DA/wrapper/wrapper.gen/sources_1/bd/SoC/ipshared/1e43/src/xor_based_adder.v:26]
INFO: [Synth 8-6155] done synthesizing module 'encrypt' (0#1) [d:/University/251/DA/wrapper/wrapper.gen/sources_1/bd/SoC/ipshared/1e43/src/encrypt.v:3]
INFO: [Synth 8-6157] synthesizing module 'mem_single__parameterized4' [d:/University/251/DA/wrapper/wrapper.gen/sources_1/bd/SoC/ipshared/1e43/src/mem_single.v:1]
INFO: [Synth 8-251] [MEM CHECK] File '' da duoc load. Gia tri tai [0] = xxxxxxxx [d:/University/251/DA/wrapper/wrapper.gen/sources_1/bd/SoC/ipshared/1e43/src/mem_single.v:27]
INFO: [Synth 8-6155] done synthesizing module 'mem_single__parameterized4' (0#1) [d:/University/251/DA/wrapper/wrapper.gen/sources_1/bd/SoC/ipshared/1e43/src/mem_single.v:1]
INFO: [Synth 8-6157] synthesizing module 'mem_single__parameterized5' [d:/University/251/DA/wrapper/wrapper.gen/sources_1/bd/SoC/ipshared/1e43/src/mem_single.v:1]
INFO: [Synth 8-251] [MEM CHECK] File '' da duoc load. Gia tri tai [0] = xxxxxxxx [d:/University/251/DA/wrapper/wrapper.gen/sources_1/bd/SoC/ipshared/1e43/src/mem_single.v:27]
INFO: [Synth 8-6155] done synthesizing module 'mem_single__parameterized5' (0#1) [d:/University/251/DA/wrapper/wrapper.gen/sources_1/bd/SoC/ipshared/1e43/src/mem_single.v:1]
WARNING: [Synth 8-4446] all outputs are unconnected for this instance and logic may be removed [d:/University/251/DA/wrapper/wrapper.gen/sources_1/bd/SoC/ipshared/1e43/src/encap.v:537]
INFO: [Synth 8-6157] synthesizing module 'mod34' [d:/University/251/DA/wrapper/wrapper.gen/sources_1/bd/SoC/ipshared/1e43/src/mod34.v:25]
WARNING: [Synth 8-5974] attribute "use_dsp48" has been deprecated, please use "use_dsp" instead 
WARNING: [Synth 8-6104] Input port 'c_o' has an internal driver [d:/University/251/DA/wrapper/wrapper.gen/sources_1/bd/SoC/ipshared/1e43/src/mod34.v:57]
INFO: [Synth 8-6155] done synthesizing module 'mod34' (0#1) [d:/University/251/DA/wrapper/wrapper.gen/sources_1/bd/SoC/ipshared/1e43/src/mod34.v:25]
INFO: [Synth 8-6157] synthesizing module 'mem_single__parameterized6' [d:/University/251/DA/wrapper/wrapper.gen/sources_1/bd/SoC/ipshared/1e43/src/mem_single.v:1]
INFO: [Synth 8-251] [MEM CHECK] File '' da duoc load. Gia tri tai [0] = xxxxxxxx [d:/University/251/DA/wrapper/wrapper.gen/sources_1/bd/SoC/ipshared/1e43/src/mem_single.v:27]
INFO: [Synth 8-6155] done synthesizing module 'mem_single__parameterized6' (0#1) [d:/University/251/DA/wrapper/wrapper.gen/sources_1/bd/SoC/ipshared/1e43/src/mem_single.v:1]
INFO: [Synth 8-6155] done synthesizing module 'encap' (0#1) [d:/University/251/DA/wrapper/wrapper.gen/sources_1/bd/SoC/ipshared/1e43/src/encap.v:27]
WARNING: [Synth 8-689] width (32) of port connection 'start' does not match port width (1) of module 'encap' [d:/University/251/DA/wrapper/wrapper.gen/sources_1/bd/SoC/ipshared/1e43/src/hqc_kem_joint_design.v:419]
WARNING: [Synth 8-689] width (32) of port connection 'u_v_in_wen' does not match port width (1) of module 'encap' [d:/University/251/DA/wrapper/wrapper.gen/sources_1/bd/SoC/ipshared/1e43/src/hqc_kem_joint_design.v:443]
WARNING: [Synth 8-689] width (32) of port connection 'u_v_in_addr' does not match port width (8) of module 'encap' [d:/University/251/DA/wrapper/wrapper.gen/sources_1/bd/SoC/ipshared/1e43/src/hqc_kem_joint_design.v:444]
WARNING: [Synth 8-689] width (32) of port connection 'resume_encap' does not match port width (1) of module 'encap' [d:/University/251/DA/wrapper/wrapper.gen/sources_1/bd/SoC/ipshared/1e43/src/hqc_kem_joint_design.v:446]
WARNING: [Synth 8-7071] port 'shake_force_done_ack' of module 'encap' is unconnected for instance 'ENCAP_MODULE' [d:/University/251/DA/wrapper/wrapper.gen/sources_1/bd/SoC/ipshared/1e43/src/hqc_kem_joint_design.v:415]
WARNING: [Synth 8-7023] instance 'ENCAP_MODULE' of module 'encap' has 32 connections declared, but only 31 given [d:/University/251/DA/wrapper/wrapper.gen/sources_1/bd/SoC/ipshared/1e43/src/hqc_kem_joint_design.v:415]
INFO: [Synth 8-6157] synthesizing module 'decap' [d:/University/251/DA/wrapper/wrapper.gen/sources_1/bd/SoC/ipshared/1e43/src/decap.v:27]
INFO: [Synth 8-6157] synthesizing module 'decrypt' [d:/University/251/DA/wrapper/wrapper.gen/sources_1/bd/SoC/ipshared/1e43/src/decrypt.v:25]
INFO: [Synth 8-6157] synthesizing module 'v_minus_uy' [d:/University/251/DA/wrapper/wrapper.gen/sources_1/bd/SoC/ipshared/1e43/src/v_minus_uy.v:25]
WARNING: [Synth 8-6104] Input port 'y_addr' has an internal driver [d:/University/251/DA/wrapper/wrapper.gen/sources_1/bd/SoC/ipshared/1e43/src/v_minus_uy.v:174]
INFO: [Synth 8-6155] done synthesizing module 'v_minus_uy' (0#1) [d:/University/251/DA/wrapper/wrapper.gen/sources_1/bd/SoC/ipshared/1e43/src/v_minus_uy.v:25]
INFO: [Synth 8-6157] synthesizing module 'hqc_decod_top' [d:/University/251/DA/wrapper/wrapper.gen/sources_1/bd/SoC/ipshared/1e43/src/hqc_decod_top.v:14]
INFO: [Synth 8-6157] synthesizing module 'hqc_rmdecod_top' [d:/University/251/DA/wrapper/wrapper.gen/sources_1/bd/SoC/ipshared/1e43/src/hqc_rmdecod_top.v:14]
INFO: [Synth 8-6157] synthesizing module 'hqc_rmdecod_expnsum' [d:/University/251/DA/wrapper/wrapper.gen/sources_1/bd/SoC/ipshared/1e43/src/hqc_rmdecod_expnsum.v:14]
INFO: [Synth 8-6155] done synthesizing module 'hqc_rmdecod_expnsum' (0#1) [d:/University/251/DA/wrapper/wrapper.gen/sources_1/bd/SoC/ipshared/1e43/src/hqc_rmdecod_expnsum.v:14]
INFO: [Synth 8-6157] synthesizing module 'hqc_rmdecod_hadamard' [d:/University/251/DA/wrapper/wrapper.gen/sources_1/bd/SoC/ipshared/1e43/src/hqc_rmdecod_hadamard.v:15]
INFO: [Synth 8-6157] synthesizing module 'hadamard_layer' [d:/University/251/DA/wrapper/wrapper.gen/sources_1/bd/SoC/ipshared/1e43/src/hqc_rmdecod_hadamard.v:106]
INFO: [Synth 8-6157] synthesizing module 'syncfifo' [d:/University/251/DA/wrapper/wrapper.gen/sources_1/bd/SoC/ipshared/1e43/src/syncfifo.v:8]
INFO: [Synth 8-6155] done synthesizing module 'syncfifo' (0#1) [d:/University/251/DA/wrapper/wrapper.gen/sources_1/bd/SoC/ipshared/1e43/src/syncfifo.v:8]
INFO: [Synth 8-6155] done synthesizing module 'hadamard_layer' (0#1) [d:/University/251/DA/wrapper/wrapper.gen/sources_1/bd/SoC/ipshared/1e43/src/hqc_rmdecod_hadamard.v:106]
INFO: [Synth 8-6157] synthesizing module 'hadamard_layer__parameterized0' [d:/University/251/DA/wrapper/wrapper.gen/sources_1/bd/SoC/ipshared/1e43/src/hqc_rmdecod_hadamard.v:106]
INFO: [Synth 8-6157] synthesizing module 'syncfifo__parameterized0' [d:/University/251/DA/wrapper/wrapper.gen/sources_1/bd/SoC/ipshared/1e43/src/syncfifo.v:8]
INFO: [Synth 8-6155] done synthesizing module 'syncfifo__parameterized0' (0#1) [d:/University/251/DA/wrapper/wrapper.gen/sources_1/bd/SoC/ipshared/1e43/src/syncfifo.v:8]
INFO: [Synth 8-6155] done synthesizing module 'hadamard_layer__parameterized0' (0#1) [d:/University/251/DA/wrapper/wrapper.gen/sources_1/bd/SoC/ipshared/1e43/src/hqc_rmdecod_hadamard.v:106]
INFO: [Synth 8-6157] synthesizing module 'hadamard_layer__parameterized1' [d:/University/251/DA/wrapper/wrapper.gen/sources_1/bd/SoC/ipshared/1e43/src/hqc_rmdecod_hadamard.v:106]
INFO: [Synth 8-6157] synthesizing module 'syncfifo__parameterized1' [d:/University/251/DA/wrapper/wrapper.gen/sources_1/bd/SoC/ipshared/1e43/src/syncfifo.v:8]
INFO: [Synth 8-6155] done synthesizing module 'syncfifo__parameterized1' (0#1) [d:/University/251/DA/wrapper/wrapper.gen/sources_1/bd/SoC/ipshared/1e43/src/syncfifo.v:8]
INFO: [Synth 8-6155] done synthesizing module 'hadamard_layer__parameterized1' (0#1) [d:/University/251/DA/wrapper/wrapper.gen/sources_1/bd/SoC/ipshared/1e43/src/hqc_rmdecod_hadamard.v:106]
INFO: [Synth 8-6157] synthesizing module 'hadamard_layer__parameterized2' [d:/University/251/DA/wrapper/wrapper.gen/sources_1/bd/SoC/ipshared/1e43/src/hqc_rmdecod_hadamard.v:106]
INFO: [Synth 8-6157] synthesizing module 'syncfifo__parameterized2' [d:/University/251/DA/wrapper/wrapper.gen/sources_1/bd/SoC/ipshared/1e43/src/syncfifo.v:8]
INFO: [Synth 8-6155] done synthesizing module 'syncfifo__parameterized2' (0#1) [d:/University/251/DA/wrapper/wrapper.gen/sources_1/bd/SoC/ipshared/1e43/src/syncfifo.v:8]
INFO: [Synth 8-6155] done synthesizing module 'hadamard_layer__parameterized2' (0#1) [d:/University/251/DA/wrapper/wrapper.gen/sources_1/bd/SoC/ipshared/1e43/src/hqc_rmdecod_hadamard.v:106]
INFO: [Synth 8-6157] synthesizing module 'hadamard_layer__parameterized3' [d:/University/251/DA/wrapper/wrapper.gen/sources_1/bd/SoC/ipshared/1e43/src/hqc_rmdecod_hadamard.v:106]
INFO: [Synth 8-6157] synthesizing module 'syncfifo__parameterized3' [d:/University/251/DA/wrapper/wrapper.gen/sources_1/bd/SoC/ipshared/1e43/src/syncfifo.v:8]
INFO: [Synth 8-6155] done synthesizing module 'syncfifo__parameterized3' (0#1) [d:/University/251/DA/wrapper/wrapper.gen/sources_1/bd/SoC/ipshared/1e43/src/syncfifo.v:8]
INFO: [Synth 8-6155] done synthesizing module 'hadamard_layer__parameterized3' (0#1) [d:/University/251/DA/wrapper/wrapper.gen/sources_1/bd/SoC/ipshared/1e43/src/hqc_rmdecod_hadamard.v:106]
INFO: [Synth 8-6157] synthesizing module 'hadamard_layer__parameterized4' [d:/University/251/DA/wrapper/wrapper.gen/sources_1/bd/SoC/ipshared/1e43/src/hqc_rmdecod_hadamard.v:106]
INFO: [Synth 8-6157] synthesizing module 'syncfifo__parameterized4' [d:/University/251/DA/wrapper/wrapper.gen/sources_1/bd/SoC/ipshared/1e43/src/syncfifo.v:8]
INFO: [Synth 8-6155] done synthesizing module 'syncfifo__parameterized4' (0#1) [d:/University/251/DA/wrapper/wrapper.gen/sources_1/bd/SoC/ipshared/1e43/src/syncfifo.v:8]
INFO: [Synth 8-6155] done synthesizing module 'hadamard_layer__parameterized4' (0#1) [d:/University/251/DA/wrapper/wrapper.gen/sources_1/bd/SoC/ipshared/1e43/src/hqc_rmdecod_hadamard.v:106]
INFO: [Synth 8-6157] synthesizing module 'hadamard_layer__parameterized5' [d:/University/251/DA/wrapper/wrapper.gen/sources_1/bd/SoC/ipshared/1e43/src/hqc_rmdecod_hadamard.v:106]
INFO: [Synth 8-6157] synthesizing module 'syncfifo__parameterized5' [d:/University/251/DA/wrapper/wrapper.gen/sources_1/bd/SoC/ipshared/1e43/src/syncfifo.v:8]
INFO: [Synth 8-6155] done synthesizing module 'syncfifo__parameterized5' (0#1) [d:/University/251/DA/wrapper/wrapper.gen/sources_1/bd/SoC/ipshared/1e43/src/syncfifo.v:8]
INFO: [Synth 8-6155] done synthesizing module 'hadamard_layer__parameterized5' (0#1) [d:/University/251/DA/wrapper/wrapper.gen/sources_1/bd/SoC/ipshared/1e43/src/hqc_rmdecod_hadamard.v:106]
INFO: [Synth 8-6155] done synthesizing module 'hqc_rmdecod_hadamard' (0#1) [d:/University/251/DA/wrapper/wrapper.gen/sources_1/bd/SoC/ipshared/1e43/src/hqc_rmdecod_hadamard.v:15]
INFO: [Synth 8-6157] synthesizing module 'hqc_rmdecod_findpeaks' [d:/University/251/DA/wrapper/wrapper.gen/sources_1/bd/SoC/ipshared/1e43/src/hqc_rmdecod_findpeaks.v:14]
INFO: [Synth 8-6157] synthesizing module 'findpeaks_core' [d:/University/251/DA/wrapper/wrapper.gen/sources_1/bd/SoC/ipshared/1e43/src/hqc_rmdecod_findpeaks.v:102]
INFO: [Synth 8-6155] done synthesizing module 'findpeaks_core' (0#1) [d:/University/251/DA/wrapper/wrapper.gen/sources_1/bd/SoC/ipshared/1e43/src/hqc_rmdecod_findpeaks.v:102]
INFO: [Synth 8-6157] synthesizing module 'findpeaks_core__parameterized0' [d:/University/251/DA/wrapper/wrapper.gen/sources_1/bd/SoC/ipshared/1e43/src/hqc_rmdecod_findpeaks.v:102]
INFO: [Synth 8-6155] done synthesizing module 'findpeaks_core__parameterized0' (0#1) [d:/University/251/DA/wrapper/wrapper.gen/sources_1/bd/SoC/ipshared/1e43/src/hqc_rmdecod_findpeaks.v:102]
INFO: [Synth 8-6155] done synthesizing module 'hqc_rmdecod_findpeaks' (0#1) [d:/University/251/DA/wrapper/wrapper.gen/sources_1/bd/SoC/ipshared/1e43/src/hqc_rmdecod_findpeaks.v:14]
INFO: [Synth 8-6157] synthesizing module 'hqc_rmdecod_ctrl' [d:/University/251/DA/wrapper/wrapper.gen/sources_1/bd/SoC/ipshared/1e43/src/hqc_rmdecod_ctrl.v:14]
INFO: [Synth 8-6155] done synthesizing module 'hqc_rmdecod_ctrl' (0#1) [d:/University/251/DA/wrapper/wrapper.gen/sources_1/bd/SoC/ipshared/1e43/src/hqc_rmdecod_ctrl.v:14]
INFO: [Synth 8-6155] done synthesizing module 'hqc_rmdecod_top' (0#1) [d:/University/251/DA/wrapper/wrapper.gen/sources_1/bd/SoC/ipshared/1e43/src/hqc_rmdecod_top.v:14]
INFO: [Synth 8-6157] synthesizing module 'hqc_rsdecod_top' [d:/University/251/DA/wrapper/wrapper.gen/sources_1/bd/SoC/ipshared/1e43/src/hqc_rsdecod_top.v:14]
INFO: [Synth 8-6157] synthesizing module 'hqc_rsdecod_syndromes' [d:/University/251/DA/wrapper/wrapper.gen/sources_1/bd/SoC/ipshared/1e43/src/hqc_rsdecod_syndromes.v:14]
INFO: [Synth 8-6157] synthesizing module 'gfmul' [d:/University/251/DA/wrapper/wrapper.gen/sources_1/bd/SoC/ipshared/1e43/src/gfmul.v:25]
INFO: [Synth 8-6155] done synthesizing module 'gfmul' (0#1) [d:/University/251/DA/wrapper/wrapper.gen/sources_1/bd/SoC/ipshared/1e43/src/gfmul.v:25]
INFO: [Synth 8-6155] done synthesizing module 'hqc_rsdecod_syndromes' (0#1) [d:/University/251/DA/wrapper/wrapper.gen/sources_1/bd/SoC/ipshared/1e43/src/hqc_rsdecod_syndromes.v:14]
INFO: [Synth 8-6157] synthesizing module 'hqc_rsdecod_elp' [d:/University/251/DA/wrapper/wrapper.gen/sources_1/bd/SoC/ipshared/1e43/src/hqc_rsdecod_elp.v:14]
INFO: [Synth 8-6157] synthesizing module 'gfmul__parameterized0' [d:/University/251/DA/wrapper/wrapper.gen/sources_1/bd/SoC/ipshared/1e43/src/gfmul.v:25]
INFO: [Synth 8-6155] done synthesizing module 'gfmul__parameterized0' (0#1) [d:/University/251/DA/wrapper/wrapper.gen/sources_1/bd/SoC/ipshared/1e43/src/gfmul.v:25]
INFO: [Synth 8-6155] done synthesizing module 'hqc_rsdecod_elp' (0#1) [d:/University/251/DA/wrapper/wrapper.gen/sources_1/bd/SoC/ipshared/1e43/src/hqc_rsdecod_elp.v:14]
INFO: [Synth 8-6157] synthesizing module 'hqc_rsdecod_zpoly' [d:/University/251/DA/wrapper/wrapper.gen/sources_1/bd/SoC/ipshared/1e43/src/hqc_rsdecod_zpoly.v:14]
INFO: [Synth 8-6155] done synthesizing module 'hqc_rsdecod_zpoly' (0#1) [d:/University/251/DA/wrapper/wrapper.gen/sources_1/bd/SoC/ipshared/1e43/src/hqc_rsdecod_zpoly.v:14]
INFO: [Synth 8-6157] synthesizing module 'hqc_rsdecod_roots' [d:/University/251/DA/wrapper/wrapper.gen/sources_1/bd/SoC/ipshared/1e43/src/hqc_rsdecod_roots.v:14]
INFO: [Synth 8-6157] synthesizing module 'add_fft' [d:/University/251/DA/wrapper/wrapper.gen/sources_1/bd/SoC/ipshared/1e43/src/add_fft.v:15]
INFO: [Synth 8-6157] synthesizing module 'fft_part1' [d:/University/251/DA/wrapper/wrapper.gen/sources_1/bd/SoC/ipshared/1e43/src/fft_part1.v:15]
INFO: [Synth 8-6155] done synthesizing module 'fft_part1' (0#1) [d:/University/251/DA/wrapper/wrapper.gen/sources_1/bd/SoC/ipshared/1e43/src/fft_part1.v:15]
WARNING: [Synth 8-689] width (8) of port connection 'dout_o' does not match port width (32) of module 'fft_part1' [d:/University/251/DA/wrapper/wrapper.gen/sources_1/bd/SoC/ipshared/1e43/src/add_fft.v:81]
INFO: [Synth 8-6157] synthesizing module 'fft_leaves_butterfly' [d:/University/251/DA/wrapper/wrapper.gen/sources_1/bd/SoC/ipshared/1e43/src/fft_leaves_butterfly.v:15]
INFO: [Synth 8-6155] done synthesizing module 'fft_leaves_butterfly' (0#1) [d:/University/251/DA/wrapper/wrapper.gen/sources_1/bd/SoC/ipshared/1e43/src/fft_leaves_butterfly.v:15]
INFO: [Synth 8-6157] synthesizing module 'fft_part2' [d:/University/251/DA/wrapper/wrapper.gen/sources_1/bd/SoC/ipshared/1e43/src/fft_part2.v:15]
INFO: [Synth 8-6157] synthesizing module 'fft_part2_round' [d:/University/251/DA/wrapper/wrapper.gen/sources_1/bd/SoC/ipshared/1e43/src/fft_part2.v:78]
INFO: [Synth 8-226] default block is never used [d:/University/251/DA/wrapper/wrapper.gen/sources_1/bd/SoC/ipshared/1e43/src/fft_part2.v:238]
INFO: [Synth 8-6157] synthesizing module 'syncfifo__parameterized6' [d:/University/251/DA/wrapper/wrapper.gen/sources_1/bd/SoC/ipshared/1e43/src/syncfifo.v:8]
INFO: [Synth 8-6155] done synthesizing module 'syncfifo__parameterized6' (0#1) [d:/University/251/DA/wrapper/wrapper.gen/sources_1/bd/SoC/ipshared/1e43/src/syncfifo.v:8]
INFO: [Synth 8-6155] done synthesizing module 'fft_part2_round' (0#1) [d:/University/251/DA/wrapper/wrapper.gen/sources_1/bd/SoC/ipshared/1e43/src/fft_part2.v:78]
INFO: [Synth 8-6157] synthesizing module 'fft_part2_round__parameterized0' [d:/University/251/DA/wrapper/wrapper.gen/sources_1/bd/SoC/ipshared/1e43/src/fft_part2.v:78]
INFO: [Synth 8-226] default block is never used [d:/University/251/DA/wrapper/wrapper.gen/sources_1/bd/SoC/ipshared/1e43/src/fft_part2.v:251]
INFO: [Synth 8-6155] done synthesizing module 'fft_part2_round__parameterized0' (0#1) [d:/University/251/DA/wrapper/wrapper.gen/sources_1/bd/SoC/ipshared/1e43/src/fft_part2.v:78]
INFO: [Synth 8-6157] synthesizing module 'fft_part2_round__parameterized1' [d:/University/251/DA/wrapper/wrapper.gen/sources_1/bd/SoC/ipshared/1e43/src/fft_part2.v:78]
INFO: [Synth 8-226] default block is never used [d:/University/251/DA/wrapper/wrapper.gen/sources_1/bd/SoC/ipshared/1e43/src/fft_part2.v:268]
INFO: [Synth 8-6157] synthesizing module 'syncfifo__parameterized7' [d:/University/251/DA/wrapper/wrapper.gen/sources_1/bd/SoC/ipshared/1e43/src/syncfifo.v:8]
INFO: [Synth 8-6155] done synthesizing module 'syncfifo__parameterized7' (0#1) [d:/University/251/DA/wrapper/wrapper.gen/sources_1/bd/SoC/ipshared/1e43/src/syncfifo.v:8]
INFO: [Synth 8-6155] done synthesizing module 'fft_part2_round__parameterized1' (0#1) [d:/University/251/DA/wrapper/wrapper.gen/sources_1/bd/SoC/ipshared/1e43/src/fft_part2.v:78]
INFO: [Synth 8-6157] synthesizing module 'fft_part2_round__parameterized2' [d:/University/251/DA/wrapper/wrapper.gen/sources_1/bd/SoC/ipshared/1e43/src/fft_part2.v:78]
INFO: [Synth 8-226] default block is never used [d:/University/251/DA/wrapper/wrapper.gen/sources_1/bd/SoC/ipshared/1e43/src/fft_part2.v:293]
INFO: [Synth 8-6157] synthesizing module 'syncfifo__parameterized8' [d:/University/251/DA/wrapper/wrapper.gen/sources_1/bd/SoC/ipshared/1e43/src/syncfifo.v:8]
INFO: [Synth 8-6155] done synthesizing module 'syncfifo__parameterized8' (0#1) [d:/University/251/DA/wrapper/wrapper.gen/sources_1/bd/SoC/ipshared/1e43/src/syncfifo.v:8]
INFO: [Synth 8-6155] done synthesizing module 'fft_part2_round__parameterized2' (0#1) [d:/University/251/DA/wrapper/wrapper.gen/sources_1/bd/SoC/ipshared/1e43/src/fft_part2.v:78]
INFO: [Synth 8-6155] done synthesizing module 'fft_part2' (0#1) [d:/University/251/DA/wrapper/wrapper.gen/sources_1/bd/SoC/ipshared/1e43/src/fft_part2.v:15]
INFO: [Synth 8-6155] done synthesizing module 'add_fft' (0#1) [d:/University/251/DA/wrapper/wrapper.gen/sources_1/bd/SoC/ipshared/1e43/src/add_fft.v:15]
INFO: [Synth 8-6157] synthesizing module 'fft_retrieve_error_poly' [d:/University/251/DA/wrapper/wrapper.gen/sources_1/bd/SoC/ipshared/1e43/src/fft_retrieve_error_poly.v:15]
INFO: [Synth 8-226] default block is never used [d:/University/251/DA/wrapper/wrapper.gen/sources_1/bd/SoC/ipshared/1e43/src/fft_retrieve_error_poly.v:109]
INFO: [Synth 8-6155] done synthesizing module 'fft_retrieve_error_poly' (0#1) [d:/University/251/DA/wrapper/wrapper.gen/sources_1/bd/SoC/ipshared/1e43/src/fft_retrieve_error_poly.v:15]
INFO: [Synth 8-6155] done synthesizing module 'hqc_rsdecod_roots' (0#1) [d:/University/251/DA/wrapper/wrapper.gen/sources_1/bd/SoC/ipshared/1e43/src/hqc_rsdecod_roots.v:14]
INFO: [Synth 8-6157] synthesizing module 'hqc_rsdecod_err_val' [d:/University/251/DA/wrapper/wrapper.gen/sources_1/bd/SoC/ipshared/1e43/src/hqc_rsdecod_err_val.v:14]
INFO: [Synth 8-6155] done synthesizing module 'hqc_rsdecod_err_val' (0#1) [d:/University/251/DA/wrapper/wrapper.gen/sources_1/bd/SoC/ipshared/1e43/src/hqc_rsdecod_err_val.v:14]
INFO: [Synth 8-6155] done synthesizing module 'hqc_rsdecod_top' (0#1) [d:/University/251/DA/wrapper/wrapper.gen/sources_1/bd/SoC/ipshared/1e43/src/hqc_rsdecod_top.v:14]
INFO: [Synth 8-6155] done synthesizing module 'hqc_decod_top' (0#1) [d:/University/251/DA/wrapper/wrapper.gen/sources_1/bd/SoC/ipshared/1e43/src/hqc_decod_top.v:14]
WARNING: [Synth 8-7071] port 'busy_o' of module 'hqc_decod_top' is unconnected for instance 'DECODE' [d:/University/251/DA/wrapper/wrapper.gen/sources_1/bd/SoC/ipshared/1e43/src/decrypt.v:198]
WARNING: [Synth 8-7023] instance 'DECODE' of module 'hqc_decod_top' has 9 connections declared, but only 8 given [d:/University/251/DA/wrapper/wrapper.gen/sources_1/bd/SoC/ipshared/1e43/src/decrypt.v:198]
INFO: [Synth 8-6155] done synthesizing module 'decrypt' (0#1) [d:/University/251/DA/wrapper/wrapper.gen/sources_1/bd/SoC/ipshared/1e43/src/decrypt.v:25]
WARNING: [Synth 8-689] width (32) of port connection 'encap_out_type' does not match port width (2) of module 'encap' [d:/University/251/DA/wrapper/wrapper.gen/sources_1/bd/SoC/ipshared/1e43/src/decap.v:528]
WARNING: [Synth 8-689] width (32) of port connection 'encap_out_en' does not match port width (1) of module 'encap' [d:/University/251/DA/wrapper/wrapper.gen/sources_1/bd/SoC/ipshared/1e43/src/decap.v:530]
WARNING: [Synth 8-689] width (40) of port connection 'encap_out_addr' does not match port width (8) of module 'encap' [d:/University/251/DA/wrapper/wrapper.gen/sources_1/bd/SoC/ipshared/1e43/src/decap.v:531]
WARNING: [Synth 8-7071] port 'shake_force_done_ack' of module 'encap' is unconnected for instance 'ENCAP_FOR_RENCRYPT' [d:/University/251/DA/wrapper/wrapper.gen/sources_1/bd/SoC/ipshared/1e43/src/decap.v:504]
WARNING: [Synth 8-7023] instance 'ENCAP_FOR_RENCRYPT' of module 'encap' has 32 connections declared, but only 31 given [d:/University/251/DA/wrapper/wrapper.gen/sources_1/bd/SoC/ipshared/1e43/src/decap.v:504]
INFO: [Synth 8-6155] done synthesizing module 'decap' (0#1) [d:/University/251/DA/wrapper/wrapper.gen/sources_1/bd/SoC/ipshared/1e43/src/decap.v:27]
WARNING: [Synth 8-689] width (32) of port connection 'start' does not match port width (1) of module 'decap' [d:/University/251/DA/wrapper/wrapper.gen/sources_1/bd/SoC/ipshared/1e43/src/hqc_kem_joint_design.v:487]
INFO: [Synth 8-6157] synthesizing module 'keccak_top' [d:/University/251/DA/wrapper/wrapper.gen/sources_1/bd/SoC/ipshared/1e43/src/keccak_top.v:36]
INFO: [Synth 8-6157] synthesizing module 'control_path' [d:/University/251/DA/wrapper/wrapper.gen/sources_1/bd/SoC/ipshared/1e43/src/control_path.v:35]
INFO: [Synth 8-6155] done synthesizing module 'control_path' (0#1) [d:/University/251/DA/wrapper/wrapper.gen/sources_1/bd/SoC/ipshared/1e43/src/control_path.v:35]
INFO: [Synth 8-6157] synthesizing module 'data_path' [d:/University/251/DA/wrapper/wrapper.gen/sources_1/bd/SoC/ipshared/1e43/src/data_path.v:36]
INFO: [Synth 8-6157] synthesizing module 'rc' [d:/University/251/DA/wrapper/wrapper.gen/sources_1/bd/SoC/ipshared/1e43/src/rc.v:31]
INFO: [Synth 8-6155] done synthesizing module 'rc' (0#1) [d:/University/251/DA/wrapper/wrapper.gen/sources_1/bd/SoC/ipshared/1e43/src/rc.v:31]
INFO: [Synth 8-6157] synthesizing module 'transform' [d:/University/251/DA/wrapper/wrapper.gen/sources_1/bd/SoC/ipshared/1e43/src/transform.v:32]
INFO: [Synth 8-6155] done synthesizing module 'transform' (0#1) [d:/University/251/DA/wrapper/wrapper.gen/sources_1/bd/SoC/ipshared/1e43/src/transform.v:32]
INFO: [Synth 8-6157] synthesizing module 'state_ram' [d:/University/251/DA/wrapper/wrapper.gen/sources_1/bd/SoC/ipshared/1e43/src/state_ram.v:56]
INFO: [Synth 8-6157] synthesizing module 'stateram_inference' [d:/University/251/DA/wrapper/wrapper.gen/sources_1/bd/SoC/ipshared/1e43/src/stateram_inference.v:39]
INFO: [Synth 8-6155] done synthesizing module 'stateram_inference' (0#1) [d:/University/251/DA/wrapper/wrapper.gen/sources_1/bd/SoC/ipshared/1e43/src/stateram_inference.v:39]
INFO: [Synth 8-6157] synthesizing module 'stateram_inference__parameterized0' [d:/University/251/DA/wrapper/wrapper.gen/sources_1/bd/SoC/ipshared/1e43/src/stateram_inference.v:39]
INFO: [Synth 8-6155] done synthesizing module 'stateram_inference__parameterized0' (0#1) [d:/University/251/DA/wrapper/wrapper.gen/sources_1/bd/SoC/ipshared/1e43/src/stateram_inference.v:39]
INFO: [Synth 8-6157] synthesizing module 'stateram_inference__parameterized1' [d:/University/251/DA/wrapper/wrapper.gen/sources_1/bd/SoC/ipshared/1e43/src/stateram_inference.v:39]
INFO: [Synth 8-6155] done synthesizing module 'stateram_inference__parameterized1' (0#1) [d:/University/251/DA/wrapper/wrapper.gen/sources_1/bd/SoC/ipshared/1e43/src/stateram_inference.v:39]
INFO: [Synth 8-6157] synthesizing module 'stateram_inference__parameterized2' [d:/University/251/DA/wrapper/wrapper.gen/sources_1/bd/SoC/ipshared/1e43/src/stateram_inference.v:39]
INFO: [Synth 8-6155] done synthesizing module 'stateram_inference__parameterized2' (0#1) [d:/University/251/DA/wrapper/wrapper.gen/sources_1/bd/SoC/ipshared/1e43/src/stateram_inference.v:39]
INFO: [Synth 8-6157] synthesizing module 'stateram_inference__parameterized3' [d:/University/251/DA/wrapper/wrapper.gen/sources_1/bd/SoC/ipshared/1e43/src/stateram_inference.v:39]
INFO: [Synth 8-6155] done synthesizing module 'stateram_inference__parameterized3' (0#1) [d:/University/251/DA/wrapper/wrapper.gen/sources_1/bd/SoC/ipshared/1e43/src/stateram_inference.v:39]
INFO: [Synth 8-6157] synthesizing module 'stateram_inference__parameterized4' [d:/University/251/DA/wrapper/wrapper.gen/sources_1/bd/SoC/ipshared/1e43/src/stateram_inference.v:39]
INFO: [Synth 8-6155] done synthesizing module 'stateram_inference__parameterized4' (0#1) [d:/University/251/DA/wrapper/wrapper.gen/sources_1/bd/SoC/ipshared/1e43/src/stateram_inference.v:39]
INFO: [Synth 8-6157] synthesizing module 'stateram_inference__parameterized5' [d:/University/251/DA/wrapper/wrapper.gen/sources_1/bd/SoC/ipshared/1e43/src/stateram_inference.v:39]
INFO: [Synth 8-6155] done synthesizing module 'stateram_inference__parameterized5' (0#1) [d:/University/251/DA/wrapper/wrapper.gen/sources_1/bd/SoC/ipshared/1e43/src/stateram_inference.v:39]
INFO: [Synth 8-6157] synthesizing module 'stateram_inference__parameterized6' [d:/University/251/DA/wrapper/wrapper.gen/sources_1/bd/SoC/ipshared/1e43/src/stateram_inference.v:39]
INFO: [Common 17-14] Message 'Synth 8-6157' appears 100 times and further instances of the messages will be disabled. Use the Tcl command set_msg_config to change the current settings.
INFO: [Synth 8-6155] done synthesizing module 'stateram_inference__parameterized6' (0#1) [d:/University/251/DA/wrapper/wrapper.gen/sources_1/bd/SoC/ipshared/1e43/src/stateram_inference.v:39]
INFO: [Synth 8-6155] done synthesizing module 'stateram_inference__parameterized7' (0#1) [d:/University/251/DA/wrapper/wrapper.gen/sources_1/bd/SoC/ipshared/1e43/src/stateram_inference.v:39]
INFO: [Synth 8-6155] done synthesizing module 'stateram_inference__parameterized8' (0#1) [d:/University/251/DA/wrapper/wrapper.gen/sources_1/bd/SoC/ipshared/1e43/src/stateram_inference.v:39]
INFO: [Synth 8-6155] done synthesizing module 'stateram_inference__parameterized9' (0#1) [d:/University/251/DA/wrapper/wrapper.gen/sources_1/bd/SoC/ipshared/1e43/src/stateram_inference.v:39]
INFO: [Synth 8-6155] done synthesizing module 'stateram_inference__parameterized10' (0#1) [d:/University/251/DA/wrapper/wrapper.gen/sources_1/bd/SoC/ipshared/1e43/src/stateram_inference.v:39]
INFO: [Synth 8-6155] done synthesizing module 'stateram_inference__parameterized11' (0#1) [d:/University/251/DA/wrapper/wrapper.gen/sources_1/bd/SoC/ipshared/1e43/src/stateram_inference.v:39]
INFO: [Synth 8-6155] done synthesizing module 'stateram_inference__parameterized12' (0#1) [d:/University/251/DA/wrapper/wrapper.gen/sources_1/bd/SoC/ipshared/1e43/src/stateram_inference.v:39]
INFO: [Synth 8-6155] done synthesizing module 'stateram_inference__parameterized13' (0#1) [d:/University/251/DA/wrapper/wrapper.gen/sources_1/bd/SoC/ipshared/1e43/src/stateram_inference.v:39]
INFO: [Synth 8-6155] done synthesizing module 'stateram_inference__parameterized14' (0#1) [d:/University/251/DA/wrapper/wrapper.gen/sources_1/bd/SoC/ipshared/1e43/src/stateram_inference.v:39]
INFO: [Synth 8-6155] done synthesizing module 'stateram_inference__parameterized15' (0#1) [d:/University/251/DA/wrapper/wrapper.gen/sources_1/bd/SoC/ipshared/1e43/src/stateram_inference.v:39]
INFO: [Common 17-14] Message 'Synth 8-6155' appears 100 times and further instances of the messages will be disabled. Use the Tcl command set_msg_config to change the current settings.
WARNING: [Synth 8-567] referenced signal 'din_grouped' should be on the sensitivity list [d:/University/251/DA/wrapper/wrapper.gen/sources_1/bd/SoC/ipshared/1e43/src/state_ram.v:278]
WARNING: [Synth 8-567] referenced signal 'din_grouped' should be on the sensitivity list [d:/University/251/DA/wrapper/wrapper.gen/sources_1/bd/SoC/ipshared/1e43/src/state_ram.v:278]
WARNING: [Synth 8-567] referenced signal 'din_grouped' should be on the sensitivity list [d:/University/251/DA/wrapper/wrapper.gen/sources_1/bd/SoC/ipshared/1e43/src/state_ram.v:278]
WARNING: [Synth 8-567] referenced signal 'din_grouped' should be on the sensitivity list [d:/University/251/DA/wrapper/wrapper.gen/sources_1/bd/SoC/ipshared/1e43/src/state_ram.v:278]
WARNING: [Synth 8-567] referenced signal 'din_grouped' should be on the sensitivity list [d:/University/251/DA/wrapper/wrapper.gen/sources_1/bd/SoC/ipshared/1e43/src/state_ram.v:278]
WARNING: [Synth 8-567] referenced signal 'din_grouped' should be on the sensitivity list [d:/University/251/DA/wrapper/wrapper.gen/sources_1/bd/SoC/ipshared/1e43/src/state_ram.v:278]
WARNING: [Synth 8-567] referenced signal 'din_grouped' should be on the sensitivity list [d:/University/251/DA/wrapper/wrapper.gen/sources_1/bd/SoC/ipshared/1e43/src/state_ram.v:278]
WARNING: [Synth 8-567] referenced signal 'din_grouped' should be on the sensitivity list [d:/University/251/DA/wrapper/wrapper.gen/sources_1/bd/SoC/ipshared/1e43/src/state_ram.v:278]
WARNING: [Synth 8-567] referenced signal 'din_grouped' should be on the sensitivity list [d:/University/251/DA/wrapper/wrapper.gen/sources_1/bd/SoC/ipshared/1e43/src/state_ram.v:278]
WARNING: [Synth 8-567] referenced signal 'din_grouped' should be on the sensitivity list [d:/University/251/DA/wrapper/wrapper.gen/sources_1/bd/SoC/ipshared/1e43/src/state_ram.v:278]
WARNING: [Synth 8-567] referenced signal 'din_grouped' should be on the sensitivity list [d:/University/251/DA/wrapper/wrapper.gen/sources_1/bd/SoC/ipshared/1e43/src/state_ram.v:278]
WARNING: [Synth 8-567] referenced signal 'din_grouped' should be on the sensitivity list [d:/University/251/DA/wrapper/wrapper.gen/sources_1/bd/SoC/ipshared/1e43/src/state_ram.v:278]
WARNING: [Synth 8-567] referenced signal 'din_grouped' should be on the sensitivity list [d:/University/251/DA/wrapper/wrapper.gen/sources_1/bd/SoC/ipshared/1e43/src/state_ram.v:278]
WARNING: [Synth 8-567] referenced signal 'din_grouped' should be on the sensitivity list [d:/University/251/DA/wrapper/wrapper.gen/sources_1/bd/SoC/ipshared/1e43/src/state_ram.v:278]
WARNING: [Synth 8-567] referenced signal 'din_grouped' should be on the sensitivity list [d:/University/251/DA/wrapper/wrapper.gen/sources_1/bd/SoC/ipshared/1e43/src/state_ram.v:278]
WARNING: [Synth 8-567] referenced signal 'din_grouped' should be on the sensitivity list [d:/University/251/DA/wrapper/wrapper.gen/sources_1/bd/SoC/ipshared/1e43/src/state_ram.v:278]
WARNING: [Synth 8-567] referenced signal 'din_grouped' should be on the sensitivity list [d:/University/251/DA/wrapper/wrapper.gen/sources_1/bd/SoC/ipshared/1e43/src/state_ram.v:278]
WARNING: [Synth 8-567] referenced signal 'din_grouped' should be on the sensitivity list [d:/University/251/DA/wrapper/wrapper.gen/sources_1/bd/SoC/ipshared/1e43/src/state_ram.v:278]
WARNING: [Synth 8-567] referenced signal 'din_grouped' should be on the sensitivity list [d:/University/251/DA/wrapper/wrapper.gen/sources_1/bd/SoC/ipshared/1e43/src/state_ram.v:278]
WARNING: [Synth 8-567] referenced signal 'din_grouped' should be on the sensitivity list [d:/University/251/DA/wrapper/wrapper.gen/sources_1/bd/SoC/ipshared/1e43/src/state_ram.v:278]
WARNING: [Synth 8-567] referenced signal 'din_grouped' should be on the sensitivity list [d:/University/251/DA/wrapper/wrapper.gen/sources_1/bd/SoC/ipshared/1e43/src/state_ram.v:278]
WARNING: [Synth 8-567] referenced signal 'din_grouped' should be on the sensitivity list [d:/University/251/DA/wrapper/wrapper.gen/sources_1/bd/SoC/ipshared/1e43/src/state_ram.v:278]
WARNING: [Synth 8-567] referenced signal 'din_grouped' should be on the sensitivity list [d:/University/251/DA/wrapper/wrapper.gen/sources_1/bd/SoC/ipshared/1e43/src/state_ram.v:278]
WARNING: [Synth 8-567] referenced signal 'din_grouped' should be on the sensitivity list [d:/University/251/DA/wrapper/wrapper.gen/sources_1/bd/SoC/ipshared/1e43/src/state_ram.v:278]
WARNING: [Synth 8-567] referenced signal 'din_grouped' should be on the sensitivity list [d:/University/251/DA/wrapper/wrapper.gen/sources_1/bd/SoC/ipshared/1e43/src/state_ram.v:278]
WARNING: [Synth 8-7071] port 'force_done_ack' of module 'keccak_top' is unconnected for instance 'SHAKE256' [d:/University/251/DA/wrapper/wrapper.gen/sources_1/bd/SoC/ipshared/1e43/src/hqc_kem_joint_design.v:576]
WARNING: [Synth 8-7023] instance 'SHAKE256' of module 'keccak_top' has 10 connections declared, but only 9 given [d:/University/251/DA/wrapper/wrapper.gen/sources_1/bd/SoC/ipshared/1e43/src/hqc_kem_joint_design.v:576]
WARNING: [Synth 8-689] width (13) of port connection 'keygen_out_addr' does not match port width (8) of module 'hqc_kem_joint_design' [d:/University/251/DA/wrapper/wrapper.gen/sources_1/bd/SoC/ipshared/1e43/src/HQC_wrapper.v:196]
WARNING: [Synth 8-689] width (4) of port connection 'm_addr' does not match port width (2) of module 'hqc_kem_joint_design' [d:/University/251/DA/wrapper/wrapper.gen/sources_1/bd/SoC/ipshared/1e43/src/HQC_wrapper.v:201]
WARNING: [Synth 8-689] width (13) of port connection 'encap_out_addr' does not match port width (8) of module 'hqc_kem_joint_design' [d:/University/251/DA/wrapper/wrapper.gen/sources_1/bd/SoC/ipshared/1e43/src/HQC_wrapper.v:221]
WARNING: [Synth 8-689] width (13) of port connection 'decap_out_addr' does not match port width (8) of module 'hqc_kem_joint_design' [d:/University/251/DA/wrapper/wrapper.gen/sources_1/bd/SoC/ipshared/1e43/src/HQC_wrapper.v:227]
INFO: [Synth 8-226] default block is never used [d:/University/251/DA/wrapper/wrapper.gen/sources_1/bd/SoC/ipshared/aeb3/hdl/axi_protocol_converter_v2_1_vl_rfs.v:3277]
INFO: [Synth 8-226] default block is never used [d:/University/251/DA/wrapper/wrapper.gen/sources_1/bd/SoC/ipshared/aeb3/hdl/axi_protocol_converter_v2_1_vl_rfs.v:3395]
WARNING: [Synth 8-7071] port 'aclk2x' of module 'axi_register_slice_v2_1_27_axi_register_slice' is unconnected for instance 'SI_REG' [d:/University/251/DA/wrapper/wrapper.gen/sources_1/bd/SoC/ipshared/aeb3/hdl/axi_protocol_converter_v2_1_vl_rfs.v:4392]
WARNING: [Synth 8-7023] instance 'SI_REG' of module 'axi_register_slice_v2_1_27_axi_register_slice' has 93 connections declared, but only 92 given [d:/University/251/DA/wrapper/wrapper.gen/sources_1/bd/SoC/ipshared/aeb3/hdl/axi_protocol_converter_v2_1_vl_rfs.v:4392]
WARNING: [Synth 8-7071] port 'aclk2x' of module 'axi_register_slice_v2_1_27_axi_register_slice' is unconnected for instance 'MI_REG' [d:/University/251/DA/wrapper/wrapper.gen/sources_1/bd/SoC/ipshared/aeb3/hdl/axi_protocol_converter_v2_1_vl_rfs.v:4647]
WARNING: [Synth 8-7023] instance 'MI_REG' of module 'axi_register_slice_v2_1_27_axi_register_slice' has 93 connections declared, but only 92 given [d:/University/251/DA/wrapper/wrapper.gen/sources_1/bd/SoC/ipshared/aeb3/hdl/axi_protocol_converter_v2_1_vl_rfs.v:4647]
INFO: [Synth 8-638] synthesizing module 'SoC_rst_ps8_0_99M_0' [d:/University/251/DA/wrapper/wrapper.gen/sources_1/bd/SoC/ip/SoC_rst_ps8_0_99M_0/synth/SoC_rst_ps8_0_99M_0.vhd:74]
	Parameter C_FAMILY bound to: zynquplus - type: string 
	Parameter C_EXT_RST_WIDTH bound to: 4 - type: integer 
	Parameter C_AUX_RST_WIDTH bound to: 4 - type: integer 
	Parameter C_EXT_RESET_HIGH bound to: 1'b0 
	Parameter C_AUX_RESET_HIGH bound to: 1'b0 
	Parameter C_NUM_BUS_RST bound to: 1 - type: integer 
	Parameter C_NUM_PERP_RST bound to: 1 - type: integer 
	Parameter C_NUM_INTERCONNECT_ARESETN bound to: 1 - type: integer 
	Parameter C_NUM_PERP_ARESETN bound to: 1 - type: integer 
INFO: [Synth 8-3491] module 'proc_sys_reset' declared at 'd:/University/251/DA/wrapper/wrapper.gen/sources_1/bd/SoC/ipshared/8842/hdl/proc_sys_reset_v5_0_vh_rfs.vhd:1264' bound to instance 'U0' of component 'proc_sys_reset' [d:/University/251/DA/wrapper/wrapper.gen/sources_1/bd/SoC/ip/SoC_rst_ps8_0_99M_0/synth/SoC_rst_ps8_0_99M_0.vhd:129]
INFO: [Synth 8-638] synthesizing module 'proc_sys_reset' [d:/University/251/DA/wrapper/wrapper.gen/sources_1/bd/SoC/ipshared/8842/hdl/proc_sys_reset_v5_0_vh_rfs.vhd:1323]
	Parameter INIT bound to: 1'b1 
INFO: [Synth 8-113] binding component instance 'FDRE_inst' to cell 'FDRE' [d:/University/251/DA/wrapper/wrapper.gen/sources_1/bd/SoC/ipshared/8842/hdl/proc_sys_reset_v5_0_vh_rfs.vhd:1392]
	Parameter INIT bound to: 1'b1 
INFO: [Synth 8-113] binding component instance 'FDRE_BSR' to cell 'FDRE' [d:/University/251/DA/wrapper/wrapper.gen/sources_1/bd/SoC/ipshared/8842/hdl/proc_sys_reset_v5_0_vh_rfs.vhd:1408]
	Parameter INIT bound to: 1'b0 
INFO: [Synth 8-113] binding component instance 'FDRE_BSR_N' to cell 'FDRE' [d:/University/251/DA/wrapper/wrapper.gen/sources_1/bd/SoC/ipshared/8842/hdl/proc_sys_reset_v5_0_vh_rfs.vhd:1434]
	Parameter INIT bound to: 1'b1 
INFO: [Synth 8-113] binding component instance 'FDRE_PER' to cell 'FDRE' [d:/University/251/DA/wrapper/wrapper.gen/sources_1/bd/SoC/ipshared/8842/hdl/proc_sys_reset_v5_0_vh_rfs.vhd:1457]
	Parameter INIT bound to: 1'b0 
INFO: [Synth 8-113] binding component instance 'FDRE_PER_N' to cell 'FDRE' [d:/University/251/DA/wrapper/wrapper.gen/sources_1/bd/SoC/ipshared/8842/hdl/proc_sys_reset_v5_0_vh_rfs.vhd:1481]
INFO: [Synth 8-638] synthesizing module 'lpf' [d:/University/251/DA/wrapper/wrapper.gen/sources_1/bd/SoC/ipshared/8842/hdl/proc_sys_reset_v5_0_vh_rfs.vhd:816]
INFO: [Synth 8-3491] module 'SRL16' declared at 'D:/Apps/Xilinx/Vivado/2022.2/scripts/rt/data/unisim_comp.v:131628' bound to instance 'POR_SRL_I' of component 'SRL16' [d:/University/251/DA/wrapper/wrapper.gen/sources_1/bd/SoC/ipshared/8842/hdl/proc_sys_reset_v5_0_vh_rfs.vhd:868]
INFO: [Synth 8-638] synthesizing module 'cdc_sync' [d:/University/251/DA/wrapper/wrapper.gen/sources_1/bd/SoC/ipshared/ef1e/hdl/lib_cdc_v1_0_rfs.vhd:106]
	Parameter INIT bound to: 1'b0 
INFO: [Synth 8-113] binding component instance 'CROSS_PLEVEL_IN2SCNDRY_IN_cdc_to' to cell 'FDR' [d:/University/251/DA/wrapper/wrapper.gen/sources_1/bd/SoC/ipshared/ef1e/hdl/lib_cdc_v1_0_rfs.vhd:514]
	Parameter INIT bound to: 1'b0 
INFO: [Synth 8-113] binding component instance 'CROSS_PLEVEL_IN2SCNDRY_s_level_out_d2' to cell 'FDR' [d:/University/251/DA/wrapper/wrapper.gen/sources_1/bd/SoC/ipshared/ef1e/hdl/lib_cdc_v1_0_rfs.vhd:545]
	Parameter INIT bound to: 1'b0 
INFO: [Synth 8-113] binding component instance 'CROSS_PLEVEL_IN2SCNDRY_s_level_out_d3' to cell 'FDR' [d:/University/251/DA/wrapper/wrapper.gen/sources_1/bd/SoC/ipshared/ef1e/hdl/lib_cdc_v1_0_rfs.vhd:554]
	Parameter INIT bound to: 1'b0 
INFO: [Synth 8-113] binding component instance 'CROSS_PLEVEL_IN2SCNDRY_s_level_out_d4' to cell 'FDR' [d:/University/251/DA/wrapper/wrapper.gen/sources_1/bd/SoC/ipshared/ef1e/hdl/lib_cdc_v1_0_rfs.vhd:564]
	Parameter INIT bound to: 1'b0 
INFO: [Synth 8-113] binding component instance 'CROSS_PLEVEL_IN2SCNDRY_s_level_out_d5' to cell 'FDR' [d:/University/251/DA/wrapper/wrapper.gen/sources_1/bd/SoC/ipshared/ef1e/hdl/lib_cdc_v1_0_rfs.vhd:574]
	Parameter INIT bound to: 1'b0 
INFO: [Synth 8-113] binding component instance 'CROSS_PLEVEL_IN2SCNDRY_s_level_out_d6' to cell 'FDR' [d:/University/251/DA/wrapper/wrapper.gen/sources_1/bd/SoC/ipshared/ef1e/hdl/lib_cdc_v1_0_rfs.vhd:584]
INFO: [Synth 8-256] done synthesizing module 'cdc_sync' (0#1) [d:/University/251/DA/wrapper/wrapper.gen/sources_1/bd/SoC/ipshared/ef1e/hdl/lib_cdc_v1_0_rfs.vhd:106]
INFO: [Synth 8-256] done synthesizing module 'lpf' (0#1) [d:/University/251/DA/wrapper/wrapper.gen/sources_1/bd/SoC/ipshared/8842/hdl/proc_sys_reset_v5_0_vh_rfs.vhd:816]
INFO: [Synth 8-638] synthesizing module 'sequence_psr' [d:/University/251/DA/wrapper/wrapper.gen/sources_1/bd/SoC/ipshared/8842/hdl/proc_sys_reset_v5_0_vh_rfs.vhd:301]
INFO: [Synth 8-638] synthesizing module 'upcnt_n' [d:/University/251/DA/wrapper/wrapper.gen/sources_1/bd/SoC/ipshared/8842/hdl/proc_sys_reset_v5_0_vh_rfs.vhd:125]
INFO: [Synth 8-256] done synthesizing module 'upcnt_n' (0#1) [d:/University/251/DA/wrapper/wrapper.gen/sources_1/bd/SoC/ipshared/8842/hdl/proc_sys_reset_v5_0_vh_rfs.vhd:125]
INFO: [Synth 8-256] done synthesizing module 'sequence_psr' (0#1) [d:/University/251/DA/wrapper/wrapper.gen/sources_1/bd/SoC/ipshared/8842/hdl/proc_sys_reset_v5_0_vh_rfs.vhd:301]
INFO: [Synth 8-256] done synthesizing module 'proc_sys_reset' (0#1) [d:/University/251/DA/wrapper/wrapper.gen/sources_1/bd/SoC/ipshared/8842/hdl/proc_sys_reset_v5_0_vh_rfs.vhd:1323]
INFO: [Synth 8-256] done synthesizing module 'SoC_rst_ps8_0_99M_0' (0#1) [d:/University/251/DA/wrapper/wrapper.gen/sources_1/bd/SoC/ip/SoC_rst_ps8_0_99M_0/synth/SoC_rst_ps8_0_99M_0.vhd:74]
WARNING: [Synth 8-7071] port 'mb_reset' of module 'SoC_rst_ps8_0_99M_0' is unconnected for instance 'rst_ps8_0_99M' [d:/University/251/DA/wrapper/wrapper.gen/sources_1/bd/SoC/synth/SoC.v:237]
WARNING: [Synth 8-7071] port 'bus_struct_reset' of module 'SoC_rst_ps8_0_99M_0' is unconnected for instance 'rst_ps8_0_99M' [d:/University/251/DA/wrapper/wrapper.gen/sources_1/bd/SoC/synth/SoC.v:237]
WARNING: [Synth 8-7071] port 'peripheral_reset' of module 'SoC_rst_ps8_0_99M_0' is unconnected for instance 'rst_ps8_0_99M' [d:/University/251/DA/wrapper/wrapper.gen/sources_1/bd/SoC/synth/SoC.v:237]
WARNING: [Synth 8-7071] port 'interconnect_aresetn' of module 'SoC_rst_ps8_0_99M_0' is unconnected for instance 'rst_ps8_0_99M' [d:/University/251/DA/wrapper/wrapper.gen/sources_1/bd/SoC/synth/SoC.v:237]
WARNING: [Synth 8-7023] instance 'rst_ps8_0_99M' of module 'SoC_rst_ps8_0_99M_0' has 10 connections declared, but only 6 given [d:/University/251/DA/wrapper/wrapper.gen/sources_1/bd/SoC/synth/SoC.v:237]
WARNING: [Synth 8-4446] all outputs are unconnected for this instance and logic may be removed [d:/University/251/DA/wrapper/wrapper.gen/sources_1/bd/SoC/synth/SoC.v:244]
WARNING: [Synth 8-4446] all outputs are unconnected for this instance and logic may be removed [d:/University/251/DA/wrapper/wrapper.gen/sources_1/bd/SoC/ip/SoC_system_ila_0_0/synth/SoC_system_ila_0_0.v:287]
WARNING: [Synth 8-4446] all outputs are unconnected for this instance and logic may be removed [d:/University/251/DA/wrapper/wrapper.gen/sources_1/bd/SoC/ip/SoC_system_ila_0_0/bd_0/synth/bd_5c78.v:170]
WARNING: [Synth 8-7071] port 'clk_nobuf' of module 'ila_v6_2_12_ila' is unconnected for instance 'inst' [d:/University/251/DA/wrapper/wrapper.gen/sources_1/bd/SoC/ip/SoC_system_ila_0_0/bd_0/ip/ip_0/synth/bd_5c78_ila_lib_0.v:3243]
WARNING: [Synth 8-7071] port 'clkdiv_out' of module 'ila_v6_2_12_ila' is unconnected for instance 'inst' [d:/University/251/DA/wrapper/wrapper.gen/sources_1/bd/SoC/ip/SoC_system_ila_0_0/bd_0/ip/ip_0/synth/bd_5c78_ila_lib_0.v:3243]
WARNING: [Synth 8-7071] port 'trig_in' of module 'ila_v6_2_12_ila' is unconnected for instance 'inst' [d:/University/251/DA/wrapper/wrapper.gen/sources_1/bd/SoC/ip/SoC_system_ila_0_0/bd_0/ip/ip_0/synth/bd_5c78_ila_lib_0.v:3243]
WARNING: [Synth 8-7071] port 'trig_in_ack' of module 'ila_v6_2_12_ila' is unconnected for instance 'inst' [d:/University/251/DA/wrapper/wrapper.gen/sources_1/bd/SoC/ip/SoC_system_ila_0_0/bd_0/ip/ip_0/synth/bd_5c78_ila_lib_0.v:3243]
WARNING: [Synth 8-7071] port 'trig_out' of module 'ila_v6_2_12_ila' is unconnected for instance 'inst' [d:/University/251/DA/wrapper/wrapper.gen/sources_1/bd/SoC/ip/SoC_system_ila_0_0/bd_0/ip/ip_0/synth/bd_5c78_ila_lib_0.v:3243]
WARNING: [Synth 8-7071] port 'trig_out_ack' of module 'ila_v6_2_12_ila' is unconnected for instance 'inst' [d:/University/251/DA/wrapper/wrapper.gen/sources_1/bd/SoC/ip/SoC_system_ila_0_0/bd_0/ip/ip_0/synth/bd_5c78_ila_lib_0.v:3243]
WARNING: [Synth 8-7023] instance 'inst' of module 'ila_v6_2_12_ila' has 1033 connections declared, but only 1027 given [d:/University/251/DA/wrapper/wrapper.gen/sources_1/bd/SoC/ip/SoC_system_ila_0_0/bd_0/ip/ip_0/synth/bd_5c78_ila_lib_0.v:3243]
WARNING: [Synth 8-689] width (5) of port connection 'EMIOSDIO0DATAOUT' does not match port width (8) of module 'PS8' [d:/University/251/DA/wrapper/wrapper.gen/sources_1/bd/SoC/ip/SoC_zynq_ultra_ps_e_0_0/hdl/zynq_ultra_ps_e_v3_4_1.v:4655]
WARNING: [Synth 8-689] width (5) of port connection 'EMIOSDIO0DATAENA' does not match port width (8) of module 'PS8' [d:/University/251/DA/wrapper/wrapper.gen/sources_1/bd/SoC/ip/SoC_zynq_ultra_ps_e_0_0/hdl/zynq_ultra_ps_e_v3_4_1.v:4656]
WARNING: [Synth 8-689] width (5) of port connection 'EMIOSDIO1DATAOUT' does not match port width (8) of module 'PS8' [d:/University/251/DA/wrapper/wrapper.gen/sources_1/bd/SoC/ip/SoC_zynq_ultra_ps_e_0_0/hdl/zynq_ultra_ps_e_v3_4_1.v:4668]
WARNING: [Synth 8-689] width (5) of port connection 'EMIOSDIO1DATAENA' does not match port width (8) of module 'PS8' [d:/University/251/DA/wrapper/wrapper.gen/sources_1/bd/SoC/ip/SoC_zynq_ultra_ps_e_0_0/hdl/zynq_ultra_ps_e_v3_4_1.v:4669]
WARNING: [Synth 8-7071] port 'PSS_ALTO_CORE_PAD_MGTTXN0OUT' of module 'PS8' is unconnected for instance 'PS8_i' [d:/University/251/DA/wrapper/wrapper.gen/sources_1/bd/SoC/ip/SoC_zynq_ultra_ps_e_0_0/hdl/zynq_ultra_ps_e_v3_4_1.v:3845]
WARNING: [Synth 8-7071] port 'PSS_ALTO_CORE_PAD_MGTTXN1OUT' of module 'PS8' is unconnected for instance 'PS8_i' [d:/University/251/DA/wrapper/wrapper.gen/sources_1/bd/SoC/ip/SoC_zynq_ultra_ps_e_0_0/hdl/zynq_ultra_ps_e_v3_4_1.v:3845]
WARNING: [Synth 8-7071] port 'PSS_ALTO_CORE_PAD_MGTTXN2OUT' of module 'PS8' is unconnected for instance 'PS8_i' [d:/University/251/DA/wrapper/wrapper.gen/sources_1/bd/SoC/ip/SoC_zynq_ultra_ps_e_0_0/hdl/zynq_ultra_ps_e_v3_4_1.v:3845]
WARNING: [Synth 8-7071] port 'PSS_ALTO_CORE_PAD_MGTTXN3OUT' of module 'PS8' is unconnected for instance 'PS8_i' [d:/University/251/DA/wrapper/wrapper.gen/sources_1/bd/SoC/ip/SoC_zynq_ultra_ps_e_0_0/hdl/zynq_ultra_ps_e_v3_4_1.v:3845]
WARNING: [Synth 8-7071] port 'PSS_ALTO_CORE_PAD_MGTTXP0OUT' of module 'PS8' is unconnected for instance 'PS8_i' [d:/University/251/DA/wrapper/wrapper.gen/sources_1/bd/SoC/ip/SoC_zynq_ultra_ps_e_0_0/hdl/zynq_ultra_ps_e_v3_4_1.v:3845]
WARNING: [Synth 8-7071] port 'PSS_ALTO_CORE_PAD_MGTTXP1OUT' of module 'PS8' is unconnected for instance 'PS8_i' [d:/University/251/DA/wrapper/wrapper.gen/sources_1/bd/SoC/ip/SoC_zynq_ultra_ps_e_0_0/hdl/zynq_ultra_ps_e_v3_4_1.v:3845]
WARNING: [Synth 8-7071] port 'PSS_ALTO_CORE_PAD_MGTTXP2OUT' of module 'PS8' is unconnected for instance 'PS8_i' [d:/University/251/DA/wrapper/wrapper.gen/sources_1/bd/SoC/ip/SoC_zynq_ultra_ps_e_0_0/hdl/zynq_ultra_ps_e_v3_4_1.v:3845]
WARNING: [Synth 8-7071] port 'PSS_ALTO_CORE_PAD_MGTTXP3OUT' of module 'PS8' is unconnected for instance 'PS8_i' [d:/University/251/DA/wrapper/wrapper.gen/sources_1/bd/SoC/ip/SoC_zynq_ultra_ps_e_0_0/hdl/zynq_ultra_ps_e_v3_4_1.v:3845]
WARNING: [Synth 8-7071] port 'PSS_ALTO_CORE_PAD_PADO' of module 'PS8' is unconnected for instance 'PS8_i' [d:/University/251/DA/wrapper/wrapper.gen/sources_1/bd/SoC/ip/SoC_zynq_ultra_ps_e_0_0/hdl/zynq_ultra_ps_e_v3_4_1.v:3845]
WARNING: [Synth 8-7071] port 'PSS_ALTO_CORE_PAD_BOOTMODE' of module 'PS8' is unconnected for instance 'PS8_i' [d:/University/251/DA/wrapper/wrapper.gen/sources_1/bd/SoC/ip/SoC_zynq_ultra_ps_e_0_0/hdl/zynq_ultra_ps_e_v3_4_1.v:3845]
WARNING: [Synth 8-7071] port 'PSS_ALTO_CORE_PAD_CLK' of module 'PS8' is unconnected for instance 'PS8_i' [d:/University/251/DA/wrapper/wrapper.gen/sources_1/bd/SoC/ip/SoC_zynq_ultra_ps_e_0_0/hdl/zynq_ultra_ps_e_v3_4_1.v:3845]
WARNING: [Synth 8-7071] port 'PSS_ALTO_CORE_PAD_DONEB' of module 'PS8' is unconnected for instance 'PS8_i' [d:/University/251/DA/wrapper/wrapper.gen/sources_1/bd/SoC/ip/SoC_zynq_ultra_ps_e_0_0/hdl/zynq_ultra_ps_e_v3_4_1.v:3845]
WARNING: [Synth 8-7071] port 'PSS_ALTO_CORE_PAD_DRAMA' of module 'PS8' is unconnected for instance 'PS8_i' [d:/University/251/DA/wrapper/wrapper.gen/sources_1/bd/SoC/ip/SoC_zynq_ultra_ps_e_0_0/hdl/zynq_ultra_ps_e_v3_4_1.v:3845]
WARNING: [Synth 8-7071] port 'PSS_ALTO_CORE_PAD_DRAMACTN' of module 'PS8' is unconnected for instance 'PS8_i' [d:/University/251/DA/wrapper/wrapper.gen/sources_1/bd/SoC/ip/SoC_zynq_ultra_ps_e_0_0/hdl/zynq_ultra_ps_e_v3_4_1.v:3845]
WARNING: [Synth 8-7071] port 'PSS_ALTO_CORE_PAD_DRAMALERTN' of module 'PS8' is unconnected for instance 'PS8_i' [d:/University/251/DA/wrapper/wrapper.gen/sources_1/bd/SoC/ip/SoC_zynq_ultra_ps_e_0_0/hdl/zynq_ultra_ps_e_v3_4_1.v:3845]
WARNING: [Synth 8-7071] port 'PSS_ALTO_CORE_PAD_DRAMBA' of module 'PS8' is unconnected for instance 'PS8_i' [d:/University/251/DA/wrapper/wrapper.gen/sources_1/bd/SoC/ip/SoC_zynq_ultra_ps_e_0_0/hdl/zynq_ultra_ps_e_v3_4_1.v:3845]
WARNING: [Synth 8-7071] port 'PSS_ALTO_CORE_PAD_DRAMBG' of module 'PS8' is unconnected for instance 'PS8_i' [d:/University/251/DA/wrapper/wrapper.gen/sources_1/bd/SoC/ip/SoC_zynq_ultra_ps_e_0_0/hdl/zynq_ultra_ps_e_v3_4_1.v:3845]
WARNING: [Synth 8-7071] port 'PSS_ALTO_CORE_PAD_DRAMCK' of module 'PS8' is unconnected for instance 'PS8_i' [d:/University/251/DA/wrapper/wrapper.gen/sources_1/bd/SoC/ip/SoC_zynq_ultra_ps_e_0_0/hdl/zynq_ultra_ps_e_v3_4_1.v:3845]
WARNING: [Synth 8-7071] port 'PSS_ALTO_CORE_PAD_DRAMCKE' of module 'PS8' is unconnected for instance 'PS8_i' [d:/University/251/DA/wrapper/wrapper.gen/sources_1/bd/SoC/ip/SoC_zynq_ultra_ps_e_0_0/hdl/zynq_ultra_ps_e_v3_4_1.v:3845]
WARNING: [Synth 8-7071] port 'PSS_ALTO_CORE_PAD_DRAMCKN' of module 'PS8' is unconnected for instance 'PS8_i' [d:/University/251/DA/wrapper/wrapper.gen/sources_1/bd/SoC/ip/SoC_zynq_ultra_ps_e_0_0/hdl/zynq_ultra_ps_e_v3_4_1.v:3845]
WARNING: [Synth 8-7071] port 'PSS_ALTO_CORE_PAD_DRAMCSN' of module 'PS8' is unconnected for instance 'PS8_i' [d:/University/251/DA/wrapper/wrapper.gen/sources_1/bd/SoC/ip/SoC_zynq_ultra_ps_e_0_0/hdl/zynq_ultra_ps_e_v3_4_1.v:3845]
WARNING: [Synth 8-7071] port 'PSS_ALTO_CORE_PAD_DRAMDM' of module 'PS8' is unconnected for instance 'PS8_i' [d:/University/251/DA/wrapper/wrapper.gen/sources_1/bd/SoC/ip/SoC_zynq_ultra_ps_e_0_0/hdl/zynq_ultra_ps_e_v3_4_1.v:3845]
WARNING: [Synth 8-7071] port 'PSS_ALTO_CORE_PAD_DRAMDQ' of module 'PS8' is unconnected for instance 'PS8_i' [d:/University/251/DA/wrapper/wrapper.gen/sources_1/bd/SoC/ip/SoC_zynq_ultra_ps_e_0_0/hdl/zynq_ultra_ps_e_v3_4_1.v:3845]
WARNING: [Synth 8-7071] port 'PSS_ALTO_CORE_PAD_DRAMDQS' of module 'PS8' is unconnected for instance 'PS8_i' [d:/University/251/DA/wrapper/wrapper.gen/sources_1/bd/SoC/ip/SoC_zynq_ultra_ps_e_0_0/hdl/zynq_ultra_ps_e_v3_4_1.v:3845]
WARNING: [Synth 8-7071] port 'PSS_ALTO_CORE_PAD_DRAMDQSN' of module 'PS8' is unconnected for instance 'PS8_i' [d:/University/251/DA/wrapper/wrapper.gen/sources_1/bd/SoC/ip/SoC_zynq_ultra_ps_e_0_0/hdl/zynq_ultra_ps_e_v3_4_1.v:3845]
WARNING: [Synth 8-7071] port 'PSS_ALTO_CORE_PAD_DRAMODT' of module 'PS8' is unconnected for instance 'PS8_i' [d:/University/251/DA/wrapper/wrapper.gen/sources_1/bd/SoC/ip/SoC_zynq_ultra_ps_e_0_0/hdl/zynq_ultra_ps_e_v3_4_1.v:3845]
WARNING: [Synth 8-7071] port 'PSS_ALTO_CORE_PAD_DRAMPARITY' of module 'PS8' is unconnected for instance 'PS8_i' [d:/University/251/DA/wrapper/wrapper.gen/sources_1/bd/SoC/ip/SoC_zynq_ultra_ps_e_0_0/hdl/zynq_ultra_ps_e_v3_4_1.v:3845]
WARNING: [Synth 8-7071] port 'PSS_ALTO_CORE_PAD_DRAMRAMRSTN' of module 'PS8' is unconnected for instance 'PS8_i' [d:/University/251/DA/wrapper/wrapper.gen/sources_1/bd/SoC/ip/SoC_zynq_ultra_ps_e_0_0/hdl/zynq_ultra_ps_e_v3_4_1.v:3845]
WARNING: [Synth 8-7071] port 'PSS_ALTO_CORE_PAD_ERROROUT' of module 'PS8' is unconnected for instance 'PS8_i' [d:/University/251/DA/wrapper/wrapper.gen/sources_1/bd/SoC/ip/SoC_zynq_ultra_ps_e_0_0/hdl/zynq_ultra_ps_e_v3_4_1.v:3845]
WARNING: [Synth 8-7071] port 'PSS_ALTO_CORE_PAD_ERRORSTATUS' of module 'PS8' is unconnected for instance 'PS8_i' [d:/University/251/DA/wrapper/wrapper.gen/sources_1/bd/SoC/ip/SoC_zynq_ultra_ps_e_0_0/hdl/zynq_ultra_ps_e_v3_4_1.v:3845]
WARNING: [Synth 8-7071] port 'PSS_ALTO_CORE_PAD_INITB' of module 'PS8' is unconnected for instance 'PS8_i' [d:/University/251/DA/wrapper/wrapper.gen/sources_1/bd/SoC/ip/SoC_zynq_ultra_ps_e_0_0/hdl/zynq_ultra_ps_e_v3_4_1.v:3845]
WARNING: [Synth 8-7071] port 'PSS_ALTO_CORE_PAD_JTAGTCK' of module 'PS8' is unconnected for instance 'PS8_i' [d:/University/251/DA/wrapper/wrapper.gen/sources_1/bd/SoC/ip/SoC_zynq_ultra_ps_e_0_0/hdl/zynq_ultra_ps_e_v3_4_1.v:3845]
WARNING: [Synth 8-7071] port 'PSS_ALTO_CORE_PAD_JTAGTDI' of module 'PS8' is unconnected for instance 'PS8_i' [d:/University/251/DA/wrapper/wrapper.gen/sources_1/bd/SoC/ip/SoC_zynq_ultra_ps_e_0_0/hdl/zynq_ultra_ps_e_v3_4_1.v:3845]
WARNING: [Synth 8-7071] port 'PSS_ALTO_CORE_PAD_JTAGTDO' of module 'PS8' is unconnected for instance 'PS8_i' [d:/University/251/DA/wrapper/wrapper.gen/sources_1/bd/SoC/ip/SoC_zynq_ultra_ps_e_0_0/hdl/zynq_ultra_ps_e_v3_4_1.v:3845]
WARNING: [Synth 8-7071] port 'PSS_ALTO_CORE_PAD_JTAGTMS' of module 'PS8' is unconnected for instance 'PS8_i' [d:/University/251/DA/wrapper/wrapper.gen/sources_1/bd/SoC/ip/SoC_zynq_ultra_ps_e_0_0/hdl/zynq_ultra_ps_e_v3_4_1.v:3845]
WARNING: [Synth 8-7071] port 'PSS_ALTO_CORE_PAD_MIO' of module 'PS8' is unconnected for instance 'PS8_i' [d:/University/251/DA/wrapper/wrapper.gen/sources_1/bd/SoC/ip/SoC_zynq_ultra_ps_e_0_0/hdl/zynq_ultra_ps_e_v3_4_1.v:3845]
WARNING: [Synth 8-7071] port 'PSS_ALTO_CORE_PAD_PORB' of module 'PS8' is unconnected for instance 'PS8_i' [d:/University/251/DA/wrapper/wrapper.gen/sources_1/bd/SoC/ip/SoC_zynq_ultra_ps_e_0_0/hdl/zynq_ultra_ps_e_v3_4_1.v:3845]
WARNING: [Synth 8-7071] port 'PSS_ALTO_CORE_PAD_PROGB' of module 'PS8' is unconnected for instance 'PS8_i' [d:/University/251/DA/wrapper/wrapper.gen/sources_1/bd/SoC/ip/SoC_zynq_ultra_ps_e_0_0/hdl/zynq_ultra_ps_e_v3_4_1.v:3845]
WARNING: [Synth 8-7071] port 'PSS_ALTO_CORE_PAD_RCALIBINOUT' of module 'PS8' is unconnected for instance 'PS8_i' [d:/University/251/DA/wrapper/wrapper.gen/sources_1/bd/SoC/ip/SoC_zynq_ultra_ps_e_0_0/hdl/zynq_ultra_ps_e_v3_4_1.v:3845]
WARNING: [Synth 8-7071] port 'PSS_ALTO_CORE_PAD_SRSTB' of module 'PS8' is unconnected for instance 'PS8_i' [d:/University/251/DA/wrapper/wrapper.gen/sources_1/bd/SoC/ip/SoC_zynq_ultra_ps_e_0_0/hdl/zynq_ultra_ps_e_v3_4_1.v:3845]
WARNING: [Synth 8-7071] port 'PSS_ALTO_CORE_PAD_ZQ' of module 'PS8' is unconnected for instance 'PS8_i' [d:/University/251/DA/wrapper/wrapper.gen/sources_1/bd/SoC/ip/SoC_zynq_ultra_ps_e_0_0/hdl/zynq_ultra_ps_e_v3_4_1.v:3845]
WARNING: [Synth 8-7071] port 'PSS_ALTO_CORE_PAD_MGTRXN0IN' of module 'PS8' is unconnected for instance 'PS8_i' [d:/University/251/DA/wrapper/wrapper.gen/sources_1/bd/SoC/ip/SoC_zynq_ultra_ps_e_0_0/hdl/zynq_ultra_ps_e_v3_4_1.v:3845]
WARNING: [Synth 8-7071] port 'PSS_ALTO_CORE_PAD_MGTRXN1IN' of module 'PS8' is unconnected for instance 'PS8_i' [d:/University/251/DA/wrapper/wrapper.gen/sources_1/bd/SoC/ip/SoC_zynq_ultra_ps_e_0_0/hdl/zynq_ultra_ps_e_v3_4_1.v:3845]
WARNING: [Synth 8-7071] port 'PSS_ALTO_CORE_PAD_MGTRXN2IN' of module 'PS8' is unconnected for instance 'PS8_i' [d:/University/251/DA/wrapper/wrapper.gen/sources_1/bd/SoC/ip/SoC_zynq_ultra_ps_e_0_0/hdl/zynq_ultra_ps_e_v3_4_1.v:3845]
WARNING: [Synth 8-7071] port 'PSS_ALTO_CORE_PAD_MGTRXN3IN' of module 'PS8' is unconnected for instance 'PS8_i' [d:/University/251/DA/wrapper/wrapper.gen/sources_1/bd/SoC/ip/SoC_zynq_ultra_ps_e_0_0/hdl/zynq_ultra_ps_e_v3_4_1.v:3845]
WARNING: [Synth 8-7071] port 'PSS_ALTO_CORE_PAD_MGTRXP0IN' of module 'PS8' is unconnected for instance 'PS8_i' [d:/University/251/DA/wrapper/wrapper.gen/sources_1/bd/SoC/ip/SoC_zynq_ultra_ps_e_0_0/hdl/zynq_ultra_ps_e_v3_4_1.v:3845]
WARNING: [Synth 8-7071] port 'PSS_ALTO_CORE_PAD_MGTRXP1IN' of module 'PS8' is unconnected for instance 'PS8_i' [d:/University/251/DA/wrapper/wrapper.gen/sources_1/bd/SoC/ip/SoC_zynq_ultra_ps_e_0_0/hdl/zynq_ultra_ps_e_v3_4_1.v:3845]
WARNING: [Synth 8-7071] port 'PSS_ALTO_CORE_PAD_MGTRXP2IN' of module 'PS8' is unconnected for instance 'PS8_i' [d:/University/251/DA/wrapper/wrapper.gen/sources_1/bd/SoC/ip/SoC_zynq_ultra_ps_e_0_0/hdl/zynq_ultra_ps_e_v3_4_1.v:3845]
WARNING: [Synth 8-7071] port 'PSS_ALTO_CORE_PAD_MGTRXP3IN' of module 'PS8' is unconnected for instance 'PS8_i' [d:/University/251/DA/wrapper/wrapper.gen/sources_1/bd/SoC/ip/SoC_zynq_ultra_ps_e_0_0/hdl/zynq_ultra_ps_e_v3_4_1.v:3845]
WARNING: [Synth 8-7071] port 'PSS_ALTO_CORE_PAD_PADI' of module 'PS8' is unconnected for instance 'PS8_i' [d:/University/251/DA/wrapper/wrapper.gen/sources_1/bd/SoC/ip/SoC_zynq_ultra_ps_e_0_0/hdl/zynq_ultra_ps_e_v3_4_1.v:3845]
WARNING: [Synth 8-7071] port 'PSS_ALTO_CORE_PAD_REFN0IN' of module 'PS8' is unconnected for instance 'PS8_i' [d:/University/251/DA/wrapper/wrapper.gen/sources_1/bd/SoC/ip/SoC_zynq_ultra_ps_e_0_0/hdl/zynq_ultra_ps_e_v3_4_1.v:3845]
WARNING: [Synth 8-7071] port 'PSS_ALTO_CORE_PAD_REFN1IN' of module 'PS8' is unconnected for instance 'PS8_i' [d:/University/251/DA/wrapper/wrapper.gen/sources_1/bd/SoC/ip/SoC_zynq_ultra_ps_e_0_0/hdl/zynq_ultra_ps_e_v3_4_1.v:3845]
WARNING: [Synth 8-7071] port 'PSS_ALTO_CORE_PAD_REFN2IN' of module 'PS8' is unconnected for instance 'PS8_i' [d:/University/251/DA/wrapper/wrapper.gen/sources_1/bd/SoC/ip/SoC_zynq_ultra_ps_e_0_0/hdl/zynq_ultra_ps_e_v3_4_1.v:3845]
WARNING: [Synth 8-7071] port 'PSS_ALTO_CORE_PAD_REFN3IN' of module 'PS8' is unconnected for instance 'PS8_i' [d:/University/251/DA/wrapper/wrapper.gen/sources_1/bd/SoC/ip/SoC_zynq_ultra_ps_e_0_0/hdl/zynq_ultra_ps_e_v3_4_1.v:3845]
WARNING: [Synth 8-7071] port 'PSS_ALTO_CORE_PAD_REFP0IN' of module 'PS8' is unconnected for instance 'PS8_i' [d:/University/251/DA/wrapper/wrapper.gen/sources_1/bd/SoC/ip/SoC_zynq_ultra_ps_e_0_0/hdl/zynq_ultra_ps_e_v3_4_1.v:3845]
WARNING: [Synth 8-7071] port 'PSS_ALTO_CORE_PAD_REFP1IN' of module 'PS8' is unconnected for instance 'PS8_i' [d:/University/251/DA/wrapper/wrapper.gen/sources_1/bd/SoC/ip/SoC_zynq_ultra_ps_e_0_0/hdl/zynq_ultra_ps_e_v3_4_1.v:3845]
WARNING: [Synth 8-7071] port 'PSS_ALTO_CORE_PAD_REFP2IN' of module 'PS8' is unconnected for instance 'PS8_i' [d:/University/251/DA/wrapper/wrapper.gen/sources_1/bd/SoC/ip/SoC_zynq_ultra_ps_e_0_0/hdl/zynq_ultra_ps_e_v3_4_1.v:3845]
WARNING: [Synth 8-7071] port 'PSS_ALTO_CORE_PAD_REFP3IN' of module 'PS8' is unconnected for instance 'PS8_i' [d:/University/251/DA/wrapper/wrapper.gen/sources_1/bd/SoC/ip/SoC_zynq_ultra_ps_e_0_0/hdl/zynq_ultra_ps_e_v3_4_1.v:3845]
WARNING: [Synth 8-7023] instance 'PS8_i' of module 'PS8' has 1015 connections declared, but only 957 given [d:/University/251/DA/wrapper/wrapper.gen/sources_1/bd/SoC/ip/SoC_zynq_ultra_ps_e_0_0/hdl/zynq_ultra_ps_e_v3_4_1.v:3845]
WARNING: [Synth 8-7071] port 'emio_enet0_signal_detect' of module 'zynq_ultra_ps_e_v3_4_1_zynq_ultra_ps_e' is unconnected for instance 'inst' [d:/University/251/DA/wrapper/wrapper.gen/sources_1/bd/SoC/ip/SoC_zynq_ultra_ps_e_0_0/synth/SoC_zynq_ultra_ps_e_0_0.v:363]
WARNING: [Synth 8-7071] port 'emio_enet1_signal_detect' of module 'zynq_ultra_ps_e_v3_4_1_zynq_ultra_ps_e' is unconnected for instance 'inst' [d:/University/251/DA/wrapper/wrapper.gen/sources_1/bd/SoC/ip/SoC_zynq_ultra_ps_e_0_0/synth/SoC_zynq_ultra_ps_e_0_0.v:363]
WARNING: [Synth 8-7071] port 'emio_enet2_signal_detect' of module 'zynq_ultra_ps_e_v3_4_1_zynq_ultra_ps_e' is unconnected for instance 'inst' [d:/University/251/DA/wrapper/wrapper.gen/sources_1/bd/SoC/ip/SoC_zynq_ultra_ps_e_0_0/synth/SoC_zynq_ultra_ps_e_0_0.v:363]
WARNING: [Synth 8-7071] port 'emio_enet3_signal_detect' of module 'zynq_ultra_ps_e_v3_4_1_zynq_ultra_ps_e' is unconnected for instance 'inst' [d:/University/251/DA/wrapper/wrapper.gen/sources_1/bd/SoC/ip/SoC_zynq_ultra_ps_e_0_0/synth/SoC_zynq_ultra_ps_e_0_0.v:363]
WARNING: [Synth 8-7023] instance 'inst' of module 'zynq_ultra_ps_e_v3_4_1_zynq_ultra_ps_e' has 1491 connections declared, but only 1487 given [d:/University/251/DA/wrapper/wrapper.gen/sources_1/bd/SoC/ip/SoC_zynq_ultra_ps_e_0_0/synth/SoC_zynq_ultra_ps_e_0_0.v:363]
WARNING: [Synth 8-7071] port 'maxigp0_awuser' of module 'SoC_zynq_ultra_ps_e_0_0' is unconnected for instance 'zynq_ultra_ps_e_0' [d:/University/251/DA/wrapper/wrapper.gen/sources_1/bd/SoC/synth/SoC.v:266]
WARNING: [Synth 8-7071] port 'maxigp0_aruser' of module 'SoC_zynq_ultra_ps_e_0_0' is unconnected for instance 'zynq_ultra_ps_e_0' [d:/University/251/DA/wrapper/wrapper.gen/sources_1/bd/SoC/synth/SoC.v:266]
WARNING: [Synth 8-7071] port 'maxigp1_awuser' of module 'SoC_zynq_ultra_ps_e_0_0' is unconnected for instance 'zynq_ultra_ps_e_0' [d:/University/251/DA/wrapper/wrapper.gen/sources_1/bd/SoC/synth/SoC.v:266]
WARNING: [Synth 8-7071] port 'maxigp1_aruser' of module 'SoC_zynq_ultra_ps_e_0_0' is unconnected for instance 'zynq_ultra_ps_e_0' [d:/University/251/DA/wrapper/wrapper.gen/sources_1/bd/SoC/synth/SoC.v:266]
WARNING: [Synth 8-7071] port 'pl_clk1' of module 'SoC_zynq_ultra_ps_e_0_0' is unconnected for instance 'zynq_ultra_ps_e_0' [d:/University/251/DA/wrapper/wrapper.gen/sources_1/bd/SoC/synth/SoC.v:266]
WARNING: [Synth 8-7023] instance 'zynq_ultra_ps_e_0' of module 'SoC_zynq_ultra_ps_e_0_0' has 84 connections declared, but only 79 given [d:/University/251/DA/wrapper/wrapper.gen/sources_1/bd/SoC/synth/SoC.v:266]
WARNING: [Synth 8-3936] Found unconnected internal register 'a_r_reg' and it is trimmed from '24' to '16' bits. [d:/University/251/DA/wrapper/wrapper.gen/sources_1/bd/SoC/ipshared/1e43/src/hqc_barrett_red.v:83]
WARNING: [Synth 8-6014] Unused sequential element gen_one_reg_reg was removed.  [d:/University/251/DA/wrapper/wrapper.gen/sources_1/bd/SoC/ipshared/1e43/src/onegen_ct.v:112]
WARNING: [Synth 8-6014] Unused sequential element collision_reg_reg_reg_reg was removed.  [d:/University/251/DA/wrapper/wrapper.gen/sources_1/bd/SoC/ipshared/1e43/src/onegen_ct.v:175]
WARNING: [Synth 8-6014] Unused sequential element collision_reg_reg_reg_reg_reg was removed.  [d:/University/251/DA/wrapper/wrapper.gen/sources_1/bd/SoC/ipshared/1e43/src/onegen_ct.v:176]
WARNING: [Synth 8-6014] Unused sequential element shake_output_counter_reg was removed.  [d:/University/251/DA/wrapper/wrapper.gen/sources_1/bd/SoC/ipshared/1e43/src/fixed_weight_ct.v:365]
WARNING: [Synth 8-6014] Unused sequential element dout_valid_sh_internal_reg_reg was removed.  [d:/University/251/DA/wrapper/wrapper.gen/sources_1/bd/SoC/ipshared/1e43/src/fixed_weight_ct.v:873]
WARNING: [Synth 8-6014] Unused sequential element seed_is_loaded_in_shake_reg was removed.  [d:/University/251/DA/wrapper/wrapper.gen/sources_1/bd/SoC/ipshared/1e43/src/fixed_weight_ct.v:904]
WARNING: [Synth 8-6014] Unused sequential element shake_result_ready_reg was removed.  [d:/University/251/DA/wrapper/wrapper.gen/sources_1/bd/SoC/ipshared/1e43/src/fixed_weight_ct.v:905]
WARNING: [Synth 8-3848] Net force_done_shake in module/entity fixed_weight_ct does not have driver. [d:/University/251/DA/wrapper/wrapper.gen/sources_1/bd/SoC/ipshared/1e43/src/fixed_weight_ct.v:118]
WARNING: [Synth 8-3848] Net data_in_ms in module/entity fixed_weight_ct does not have driver. [d:/University/251/DA/wrapper/wrapper.gen/sources_1/bd/SoC/ipshared/1e43/src/fixed_weight_ct.v:126]
WARNING: [Synth 8-6014] Unused sequential element pk_rand_addr_reg_reg was removed.  [d:/University/251/DA/wrapper/wrapper.gen/sources_1/bd/SoC/ipshared/1e43/src/vect_set_random.v:200]
WARNING: [Synth 8-6014] Unused sequential element shake_dout_valid_reg_reg was removed.  [d:/University/251/DA/wrapper/wrapper.gen/sources_1/bd/SoC/ipshared/1e43/src/vect_set_random.v:234]
WARNING: [Synth 8-6014] Unused sequential element sel_rmem_reg_reg was removed.  [d:/University/251/DA/wrapper/wrapper.gen/sources_1/bd/SoC/ipshared/1e43/src/vect_set_random.v:291]
WARNING: [Synth 8-6014] Unused sequential element shake_result_ready_reg was removed.  [d:/University/251/DA/wrapper/wrapper.gen/sources_1/bd/SoC/ipshared/1e43/src/vect_set_random.v:358]
WARNING: [Synth 8-6014] Unused sequential element din_0_intermediate_reg was removed.  [d:/University/251/DA/wrapper/wrapper.gen/sources_1/bd/SoC/ipshared/1e43/src/poly_mult.v:290]
WARNING: [Synth 8-6014] Unused sequential element din_1_intermediate_reg was removed.  [d:/University/251/DA/wrapper/wrapper.gen/sources_1/bd/SoC/ipshared/1e43/src/poly_mult.v:291]
WARNING: [Synth 8-6014] Unused sequential element gen_one_reg_reg was removed.  [d:/University/251/DA/wrapper/wrapper.gen/sources_1/bd/SoC/ipshared/1e43/src/loc_based_adder.v:88]
WARNING: [Synth 8-6014] Unused sequential element gen_one_reg_reg was removed.  [d:/University/251/DA/wrapper/wrapper.gen/sources_1/bd/SoC/ipshared/1e43/src/onegen_ct.v:112]
WARNING: [Synth 8-6014] Unused sequential element collision_reg_reg_reg_reg was removed.  [d:/University/251/DA/wrapper/wrapper.gen/sources_1/bd/SoC/ipshared/1e43/src/onegen_ct.v:175]
WARNING: [Synth 8-6014] Unused sequential element collision_reg_reg_reg_reg_reg was removed.  [d:/University/251/DA/wrapper/wrapper.gen/sources_1/bd/SoC/ipshared/1e43/src/onegen_ct.v:176]
WARNING: [Synth 8-6014] Unused sequential element shake_output_counter_reg was removed.  [d:/University/251/DA/wrapper/wrapper.gen/sources_1/bd/SoC/ipshared/1e43/src/fixed_weight_ct.v:365]
WARNING: [Synth 8-6014] Unused sequential element dout_valid_sh_internal_reg_reg was removed.  [d:/University/251/DA/wrapper/wrapper.gen/sources_1/bd/SoC/ipshared/1e43/src/fixed_weight_ct.v:873]
WARNING: [Synth 8-6014] Unused sequential element seed_is_loaded_in_shake_reg was removed.  [d:/University/251/DA/wrapper/wrapper.gen/sources_1/bd/SoC/ipshared/1e43/src/fixed_weight_ct.v:904]
WARNING: [Synth 8-6014] Unused sequential element shake_result_ready_reg was removed.  [d:/University/251/DA/wrapper/wrapper.gen/sources_1/bd/SoC/ipshared/1e43/src/fixed_weight_ct.v:905]
WARNING: [Synth 8-3848] Net force_done_shake in module/entity fixed_weight_ct__parameterized0 does not have driver. [d:/University/251/DA/wrapper/wrapper.gen/sources_1/bd/SoC/ipshared/1e43/src/fixed_weight_ct.v:118]
WARNING: [Synth 8-3848] Net data_in_ms in module/entity fixed_weight_ct__parameterized0 does not have driver. [d:/University/251/DA/wrapper/wrapper.gen/sources_1/bd/SoC/ipshared/1e43/src/fixed_weight_ct.v:126]
WARNING: [Synth 8-3848] Net done in module/entity rm_encoder does not have driver. [d:/University/251/DA/wrapper/wrapper.gen/sources_1/bd/SoC/ipshared/1e43/src/rm_encoder.v:51]
WARNING: [Synth 8-6014] Unused sequential element gen_one_reg_reg was removed.  [d:/University/251/DA/wrapper/wrapper.gen/sources_1/bd/SoC/ipshared/1e43/src/loc_based_adder.v:88]
WARNING: [Synth 8-6014] Unused sequential element en_e_reg was removed.  [d:/University/251/DA/wrapper/wrapper.gen/sources_1/bd/SoC/ipshared/1e43/src/encrypt.v:542]
WARNING: [Synth 8-6014] Unused sequential element count_hash_inputs_test_reg was removed.  [d:/University/251/DA/wrapper/wrapper.gen/sources_1/bd/SoC/ipshared/1e43/src/encap.v:527]
WARNING: [Synth 8-6014] Unused sequential element sel_uv_int_reg was removed.  [d:/University/251/DA/wrapper/wrapper.gen/sources_1/bd/SoC/ipshared/1e43/src/encap.v:602]
WARNING: [Synth 8-6014] Unused sequential element done_hash_load_reg was removed.  [d:/University/251/DA/wrapper/wrapper.gen/sources_1/bd/SoC/ipshared/1e43/src/encap.v:1548]
WARNING: [Synth 8-3848] Net chi_mod_34 in module/entity encap does not have driver. [d:/University/251/DA/wrapper/wrapper.gen/sources_1/bd/SoC/ipshared/1e43/src/encap.v:534]
WARNING: [Synth 8-3848] Net dout_valid_o in module/entity fft_part1 does not have driver. [d:/University/251/DA/wrapper/wrapper.gen/sources_1/bd/SoC/ipshared/1e43/src/fft_part1.v:30]
WARNING: [Synth 8-6014] Unused sequential element start_d_reg was removed.  [d:/University/251/DA/wrapper/wrapper.gen/sources_1/bd/SoC/ipshared/1e43/src/fft_part2.v:172]
WARNING: [Synth 8-3936] Found unconnected internal register 'cnt_in_d_reg' and it is trimmed from '8' to '5' bits. [d:/University/251/DA/wrapper/wrapper.gen/sources_1/bd/SoC/ipshared/1e43/src/fft_part2.v:139]
WARNING: [Synth 8-6014] Unused sequential element start_d_reg was removed.  [d:/University/251/DA/wrapper/wrapper.gen/sources_1/bd/SoC/ipshared/1e43/src/fft_part2.v:172]
WARNING: [Synth 8-3936] Found unconnected internal register 'cnt_in_d_reg' and it is trimmed from '8' to '6' bits. [d:/University/251/DA/wrapper/wrapper.gen/sources_1/bd/SoC/ipshared/1e43/src/fft_part2.v:139]
WARNING: [Synth 8-6014] Unused sequential element start_d_reg was removed.  [d:/University/251/DA/wrapper/wrapper.gen/sources_1/bd/SoC/ipshared/1e43/src/fft_part2.v:172]
WARNING: [Synth 8-3936] Found unconnected internal register 'cnt_in_d_reg' and it is trimmed from '8' to '7' bits. [d:/University/251/DA/wrapper/wrapper.gen/sources_1/bd/SoC/ipshared/1e43/src/fft_part2.v:139]
WARNING: [Synth 8-6014] Unused sequential element start_d_reg was removed.  [d:/University/251/DA/wrapper/wrapper.gen/sources_1/bd/SoC/ipshared/1e43/src/fft_part2.v:172]
WARNING: [Synth 8-3848] Net start_o in module/entity add_fft does not have driver. [d:/University/251/DA/wrapper/wrapper.gen/sources_1/bd/SoC/ipshared/1e43/src/add_fft.v:23]
WARNING: [Synth 8-3848] Net busy_o in module/entity hqc_rsdecod_roots does not have driver. [d:/University/251/DA/wrapper/wrapper.gen/sources_1/bd/SoC/ipshared/1e43/src/hqc_rsdecod_roots.v:36]
WARNING: [Synth 8-6014] Unused sequential element u_neq_reg was removed.  [d:/University/251/DA/wrapper/wrapper.gen/sources_1/bd/SoC/ipshared/1e43/src/decap.v:399]
WARNING: [Synth 8-6014] Unused sequential element v_neq_reg was removed.  [d:/University/251/DA/wrapper/wrapper.gen/sources_1/bd/SoC/ipshared/1e43/src/decap.v:413]
WARNING: [Synth 8-6014] Unused sequential element d_neq_reg was removed.  [d:/University/251/DA/wrapper/wrapper.gen/sources_1/bd/SoC/ipshared/1e43/src/decap.v:426]
WARNING: [Synth 8-6014] Unused sequential element verify_u_reg was removed.  [d:/University/251/DA/wrapper/wrapper.gen/sources_1/bd/SoC/ipshared/1e43/src/decap.v:660]
WARNING: [Synth 8-6014] Unused sequential element verify_v_reg was removed.  [d:/University/251/DA/wrapper/wrapper.gen/sources_1/bd/SoC/ipshared/1e43/src/decap.v:661]
WARNING: [Synth 8-6014] Unused sequential element verify_d_reg was removed.  [d:/University/251/DA/wrapper/wrapper.gen/sources_1/bd/SoC/ipshared/1e43/src/decap.v:662]
WARNING: [Synth 8-6014] Unused sequential element verify_u_reg_reg was removed.  [d:/University/251/DA/wrapper/wrapper.gen/sources_1/bd/SoC/ipshared/1e43/src/decap.v:859]
WARNING: [Synth 8-3848] Net y_addr in module/entity decap does not have driver. [d:/University/251/DA/wrapper/wrapper.gen/sources_1/bd/SoC/ipshared/1e43/src/decap.v:151]
WARNING: [Synth 8-3848] Net pm_start_e in module/entity decap does not have driver. [d:/University/251/DA/wrapper/wrapper.gen/sources_1/bd/SoC/ipshared/1e43/src/decap.v:271]
WARNING: [Synth 8-3848] Net pm_loc_in_e in module/entity decap does not have driver. [d:/University/251/DA/wrapper/wrapper.gen/sources_1/bd/SoC/ipshared/1e43/src/decap.v:272]
WARNING: [Synth 8-3848] Net pm_weight_e in module/entity decap does not have driver. [d:/University/251/DA/wrapper/wrapper.gen/sources_1/bd/SoC/ipshared/1e43/src/decap.v:273]
WARNING: [Synth 8-3848] Net pm_mux_word_0_e in module/entity decap does not have driver. [d:/University/251/DA/wrapper/wrapper.gen/sources_1/bd/SoC/ipshared/1e43/src/decap.v:274]
WARNING: [Synth 8-3848] Net pm_mux_word_1_e in module/entity decap does not have driver. [d:/University/251/DA/wrapper/wrapper.gen/sources_1/bd/SoC/ipshared/1e43/src/decap.v:275]
WARNING: [Synth 8-3848] Net pm_rd_dout_e in module/entity decap does not have driver. [d:/University/251/DA/wrapper/wrapper.gen/sources_1/bd/SoC/ipshared/1e43/src/decap.v:276]
WARNING: [Synth 8-3848] Net pm_addr_result_e in module/entity decap does not have driver. [d:/University/251/DA/wrapper/wrapper.gen/sources_1/bd/SoC/ipshared/1e43/src/decap.v:277]
WARNING: [Synth 8-3848] Net pm_add_wr_en_e in module/entity decap does not have driver. [d:/University/251/DA/wrapper/wrapper.gen/sources_1/bd/SoC/ipshared/1e43/src/decap.v:278]
WARNING: [Synth 8-3848] Net pm_add_addr_e in module/entity decap does not have driver. [d:/University/251/DA/wrapper/wrapper.gen/sources_1/bd/SoC/ipshared/1e43/src/decap.v:279]
WARNING: [Synth 8-3848] Net pm_add_in_e in module/entity decap does not have driver. [d:/University/251/DA/wrapper/wrapper.gen/sources_1/bd/SoC/ipshared/1e43/src/decap.v:280]
WARNING: [Synth 8-6014] Unused sequential element dout_reg_reg was removed.  [d:/University/251/DA/wrapper/wrapper.gen/sources_1/bd/SoC/ipshared/1e43/src/data_path.v:184]
WARNING: [Synth 8-3848] Net e_start_encap in module/entity hqc_kem_joint_design does not have driver. [d:/University/251/DA/wrapper/wrapper.gen/sources_1/bd/SoC/ipshared/1e43/src/hqc_kem_joint_design.v:305]
WARNING: [Synth 8-3848] Net e_m_in in module/entity hqc_kem_joint_design does not have driver. [d:/University/251/DA/wrapper/wrapper.gen/sources_1/bd/SoC/ipshared/1e43/src/hqc_kem_joint_design.v:306]
WARNING: [Synth 8-3848] Net e_m_addr in module/entity hqc_kem_joint_design does not have driver. [d:/University/251/DA/wrapper/wrapper.gen/sources_1/bd/SoC/ipshared/1e43/src/hqc_kem_joint_design.v:307]
WARNING: [Synth 8-3848] Net e_m_wen in module/entity hqc_kem_joint_design does not have driver. [d:/University/251/DA/wrapper/wrapper.gen/sources_1/bd/SoC/ipshared/1e43/src/hqc_kem_joint_design.v:308]
WARNING: [Synth 8-3848] Net e_sel_out in module/entity hqc_kem_joint_design does not have driver. [d:/University/251/DA/wrapper/wrapper.gen/sources_1/bd/SoC/ipshared/1e43/src/hqc_kem_joint_design.v:310]
WARNING: [Synth 8-3848] Net e_out_en in module/entity hqc_kem_joint_design does not have driver. [d:/University/251/DA/wrapper/wrapper.gen/sources_1/bd/SoC/ipshared/1e43/src/hqc_kem_joint_design.v:311]
WARNING: [Synth 8-3848] Net e_out_addr in module/entity hqc_kem_joint_design does not have driver. [d:/University/251/DA/wrapper/wrapper.gen/sources_1/bd/SoC/ipshared/1e43/src/hqc_kem_joint_design.v:312]
WARNING: [Synth 8-3848] Net e_u_v_in_wen in module/entity hqc_kem_joint_design does not have driver. [d:/University/251/DA/wrapper/wrapper.gen/sources_1/bd/SoC/ipshared/1e43/src/hqc_kem_joint_design.v:314]
WARNING: [Synth 8-3848] Net e_u_v_in_addr in module/entity hqc_kem_joint_design does not have driver. [d:/University/251/DA/wrapper/wrapper.gen/sources_1/bd/SoC/ipshared/1e43/src/hqc_kem_joint_design.v:315]
WARNING: [Synth 8-3848] Net e_u_v_in in module/entity hqc_kem_joint_design does not have driver. [d:/University/251/DA/wrapper/wrapper.gen/sources_1/bd/SoC/ipshared/1e43/src/hqc_kem_joint_design.v:316]
WARNING: [Synth 8-3848] Net e_resume_encap in module/entity hqc_kem_joint_design does not have driver. [d:/University/251/DA/wrapper/wrapper.gen/sources_1/bd/SoC/ipshared/1e43/src/hqc_kem_joint_design.v:317]
WARNING: [Synth 8-6014] Unused sequential element cmd_empty_reg was removed.  [d:/University/251/DA/wrapper/wrapper.gen/sources_1/bd/SoC/ipshared/4675/hdl/axi_dwidth_converter_v2_1_vlsyn_rfs.v:1053]
WARNING: [Synth 8-6014] Unused sequential element cmd_depth_reg was removed.  [d:/University/251/DA/wrapper/wrapper.gen/sources_1/bd/SoC/ipshared/4675/hdl/axi_dwidth_converter_v2_1_vlsyn_rfs.v:1054]
WARNING: [Synth 8-6014] Unused sequential element cmd_b_push_block_reg was removed.  [d:/University/251/DA/wrapper/wrapper.gen/sources_1/bd/SoC/ipshared/4675/hdl/axi_dwidth_converter_v2_1_vlsyn_rfs.v:976]
WARNING: [Synth 8-6014] Unused sequential element state_r1_reg was removed.  [d:/University/251/DA/wrapper/wrapper.gen/sources_1/bd/SoC/ipshared/aeb3/hdl/axi_protocol_converter_v2_1_vl_rfs.v:3383]
WARNING: [Synth 8-6014] Unused sequential element s_arlen_r_reg was removed.  [d:/University/251/DA/wrapper/wrapper.gen/sources_1/bd/SoC/ipshared/aeb3/hdl/axi_protocol_converter_v2_1_vl_rfs.v:3384]
WARNING: [Synth 8-6014] Unused sequential element gen_debug_trans_seq.debug_aw_trans_seq_i_reg was removed.  [d:/University/251/DA/wrapper/wrapper.gen/sources_1/bd/SoC/ipshared/c40e/hdl/axi_crossbar_v2_1_vl_rfs.v:2056]
WARNING: [Synth 8-6014] Unused sequential element gen_debug_trans_seq.debug_ar_trans_seq_i_reg was removed.  [d:/University/251/DA/wrapper/wrapper.gen/sources_1/bd/SoC/ipshared/c40e/hdl/axi_crossbar_v2_1_vl_rfs.v:2067]
WARNING: [Synth 8-6014] Unused sequential element gen_debug_trans_seq.debug_w_beat_cnt_i_reg was removed.  [d:/University/251/DA/wrapper/wrapper.gen/sources_1/bd/SoC/ipshared/c40e/hdl/axi_crossbar_v2_1_vl_rfs.v:2078]
WARNING: [Synth 8-6014] Unused sequential element gen_debug_trans_seq.debug_r_beat_cnt_i_reg was removed.  [d:/University/251/DA/wrapper/wrapper.gen/sources_1/bd/SoC/ipshared/c40e/hdl/axi_crossbar_v2_1_vl_rfs.v:2091]
WARNING: [Synth 8-3848] Net probe_out0 in module/entity bd_5c78_g_inst_0_gigantic_mux does not have driver. [d:/University/251/DA/wrapper/wrapper.gen/sources_1/bd/SoC/ip/SoC_system_ila_0_0/bd_0/ip/ip_1/bd_5c78_g_inst_0_gigantic_mux.v:1985]
WARNING: [Synth 8-3848] Net probe_out1 in module/entity bd_5c78_g_inst_0_gigantic_mux does not have driver. [d:/University/251/DA/wrapper/wrapper.gen/sources_1/bd/SoC/ip/SoC_system_ila_0_0/bd_0/ip/ip_1/bd_5c78_g_inst_0_gigantic_mux.v:1986]
WARNING: [Synth 8-3848] Net probe_out2 in module/entity bd_5c78_g_inst_0_gigantic_mux does not have driver. [d:/University/251/DA/wrapper/wrapper.gen/sources_1/bd/SoC/ip/SoC_system_ila_0_0/bd_0/ip/ip_1/bd_5c78_g_inst_0_gigantic_mux.v:1987]
WARNING: [Synth 8-3848] Net probe_out3 in module/entity bd_5c78_g_inst_0_gigantic_mux does not have driver. [d:/University/251/DA/wrapper/wrapper.gen/sources_1/bd/SoC/ip/SoC_system_ila_0_0/bd_0/ip/ip_1/bd_5c78_g_inst_0_gigantic_mux.v:1988]
WARNING: [Synth 8-3848] Net probe_out4 in module/entity bd_5c78_g_inst_0_gigantic_mux does not have driver. [d:/University/251/DA/wrapper/wrapper.gen/sources_1/bd/SoC/ip/SoC_system_ila_0_0/bd_0/ip/ip_1/bd_5c78_g_inst_0_gigantic_mux.v:1989]
WARNING: [Synth 8-3848] Net probe_out5 in module/entity bd_5c78_g_inst_0_gigantic_mux does not have driver. [d:/University/251/DA/wrapper/wrapper.gen/sources_1/bd/SoC/ip/SoC_system_ila_0_0/bd_0/ip/ip_1/bd_5c78_g_inst_0_gigantic_mux.v:1990]
WARNING: [Synth 8-3848] Net probe_out6 in module/entity bd_5c78_g_inst_0_gigantic_mux does not have driver. [d:/University/251/DA/wrapper/wrapper.gen/sources_1/bd/SoC/ip/SoC_system_ila_0_0/bd_0/ip/ip_1/bd_5c78_g_inst_0_gigantic_mux.v:1991]
WARNING: [Synth 8-3848] Net probe_out7 in module/entity bd_5c78_g_inst_0_gigantic_mux does not have driver. [d:/University/251/DA/wrapper/wrapper.gen/sources_1/bd/SoC/ip/SoC_system_ila_0_0/bd_0/ip/ip_1/bd_5c78_g_inst_0_gigantic_mux.v:1992]
WARNING: [Synth 8-3848] Net probe_out8 in module/entity bd_5c78_g_inst_0_gigantic_mux does not have driver. [d:/University/251/DA/wrapper/wrapper.gen/sources_1/bd/SoC/ip/SoC_system_ila_0_0/bd_0/ip/ip_1/bd_5c78_g_inst_0_gigantic_mux.v:1993]
WARNING: [Synth 8-3848] Net probe_out9 in module/entity bd_5c78_g_inst_0_gigantic_mux does not have driver. [d:/University/251/DA/wrapper/wrapper.gen/sources_1/bd/SoC/ip/SoC_system_ila_0_0/bd_0/ip/ip_1/bd_5c78_g_inst_0_gigantic_mux.v:1994]
WARNING: [Synth 8-3848] Net probe_out10 in module/entity bd_5c78_g_inst_0_gigantic_mux does not have driver. [d:/University/251/DA/wrapper/wrapper.gen/sources_1/bd/SoC/ip/SoC_system_ila_0_0/bd_0/ip/ip_1/bd_5c78_g_inst_0_gigantic_mux.v:1995]
WARNING: [Synth 8-3848] Net probe_out11 in module/entity bd_5c78_g_inst_0_gigantic_mux does not have driver. [d:/University/251/DA/wrapper/wrapper.gen/sources_1/bd/SoC/ip/SoC_system_ila_0_0/bd_0/ip/ip_1/bd_5c78_g_inst_0_gigantic_mux.v:1996]
WARNING: [Synth 8-3848] Net probe_out12 in module/entity bd_5c78_g_inst_0_gigantic_mux does not have driver. [d:/University/251/DA/wrapper/wrapper.gen/sources_1/bd/SoC/ip/SoC_system_ila_0_0/bd_0/ip/ip_1/bd_5c78_g_inst_0_gigantic_mux.v:1997]
WARNING: [Synth 8-3848] Net probe_out13 in module/entity bd_5c78_g_inst_0_gigantic_mux does not have driver. [d:/University/251/DA/wrapper/wrapper.gen/sources_1/bd/SoC/ip/SoC_system_ila_0_0/bd_0/ip/ip_1/bd_5c78_g_inst_0_gigantic_mux.v:1998]
WARNING: [Synth 8-3848] Net probe_out14 in module/entity bd_5c78_g_inst_0_gigantic_mux does not have driver. [d:/University/251/DA/wrapper/wrapper.gen/sources_1/bd/SoC/ip/SoC_system_ila_0_0/bd_0/ip/ip_1/bd_5c78_g_inst_0_gigantic_mux.v:1999]
WARNING: [Synth 8-3848] Net probe_out15 in module/entity bd_5c78_g_inst_0_gigantic_mux does not have driver. [d:/University/251/DA/wrapper/wrapper.gen/sources_1/bd/SoC/ip/SoC_system_ila_0_0/bd_0/ip/ip_1/bd_5c78_g_inst_0_gigantic_mux.v:2000]
WARNING: [Synth 8-3848] Net probe_out16 in module/entity bd_5c78_g_inst_0_gigantic_mux does not have driver. [d:/University/251/DA/wrapper/wrapper.gen/sources_1/bd/SoC/ip/SoC_system_ila_0_0/bd_0/ip/ip_1/bd_5c78_g_inst_0_gigantic_mux.v:2001]
WARNING: [Synth 8-3848] Net probe_out17 in module/entity bd_5c78_g_inst_0_gigantic_mux does not have driver. [d:/University/251/DA/wrapper/wrapper.gen/sources_1/bd/SoC/ip/SoC_system_ila_0_0/bd_0/ip/ip_1/bd_5c78_g_inst_0_gigantic_mux.v:2002]
WARNING: [Synth 8-3848] Net probe_out18 in module/entity bd_5c78_g_inst_0_gigantic_mux does not have driver. [d:/University/251/DA/wrapper/wrapper.gen/sources_1/bd/SoC/ip/SoC_system_ila_0_0/bd_0/ip/ip_1/bd_5c78_g_inst_0_gigantic_mux.v:2003]
WARNING: [Synth 8-3848] Net probe_out19 in module/entity bd_5c78_g_inst_0_gigantic_mux does not have driver. [d:/University/251/DA/wrapper/wrapper.gen/sources_1/bd/SoC/ip/SoC_system_ila_0_0/bd_0/ip/ip_1/bd_5c78_g_inst_0_gigantic_mux.v:2004]
WARNING: [Synth 8-3848] Net probe_out20 in module/entity bd_5c78_g_inst_0_gigantic_mux does not have driver. [d:/University/251/DA/wrapper/wrapper.gen/sources_1/bd/SoC/ip/SoC_system_ila_0_0/bd_0/ip/ip_1/bd_5c78_g_inst_0_gigantic_mux.v:2005]
WARNING: [Synth 8-3848] Net probe_out21 in module/entity bd_5c78_g_inst_0_gigantic_mux does not have driver. [d:/University/251/DA/wrapper/wrapper.gen/sources_1/bd/SoC/ip/SoC_system_ila_0_0/bd_0/ip/ip_1/bd_5c78_g_inst_0_gigantic_mux.v:2006]
WARNING: [Synth 8-3848] Net probe_out22 in module/entity bd_5c78_g_inst_0_gigantic_mux does not have driver. [d:/University/251/DA/wrapper/wrapper.gen/sources_1/bd/SoC/ip/SoC_system_ila_0_0/bd_0/ip/ip_1/bd_5c78_g_inst_0_gigantic_mux.v:2007]
WARNING: [Synth 8-3848] Net probe_out23 in module/entity bd_5c78_g_inst_0_gigantic_mux does not have driver. [d:/University/251/DA/wrapper/wrapper.gen/sources_1/bd/SoC/ip/SoC_system_ila_0_0/bd_0/ip/ip_1/bd_5c78_g_inst_0_gigantic_mux.v:2008]
WARNING: [Synth 8-3848] Net probe_out24 in module/entity bd_5c78_g_inst_0_gigantic_mux does not have driver. [d:/University/251/DA/wrapper/wrapper.gen/sources_1/bd/SoC/ip/SoC_system_ila_0_0/bd_0/ip/ip_1/bd_5c78_g_inst_0_gigantic_mux.v:2009]
WARNING: [Synth 8-3848] Net probe_out25 in module/entity bd_5c78_g_inst_0_gigantic_mux does not have driver. [d:/University/251/DA/wrapper/wrapper.gen/sources_1/bd/SoC/ip/SoC_system_ila_0_0/bd_0/ip/ip_1/bd_5c78_g_inst_0_gigantic_mux.v:2010]
WARNING: [Synth 8-3848] Net probe_out26 in module/entity bd_5c78_g_inst_0_gigantic_mux does not have driver. [d:/University/251/DA/wrapper/wrapper.gen/sources_1/bd/SoC/ip/SoC_system_ila_0_0/bd_0/ip/ip_1/bd_5c78_g_inst_0_gigantic_mux.v:2011]
WARNING: [Synth 8-3848] Net probe_out27 in module/entity bd_5c78_g_inst_0_gigantic_mux does not have driver. [d:/University/251/DA/wrapper/wrapper.gen/sources_1/bd/SoC/ip/SoC_system_ila_0_0/bd_0/ip/ip_1/bd_5c78_g_inst_0_gigantic_mux.v:2012]
WARNING: [Synth 8-3848] Net probe_out28 in module/entity bd_5c78_g_inst_0_gigantic_mux does not have driver. [d:/University/251/DA/wrapper/wrapper.gen/sources_1/bd/SoC/ip/SoC_system_ila_0_0/bd_0/ip/ip_1/bd_5c78_g_inst_0_gigantic_mux.v:2013]
WARNING: [Synth 8-3848] Net probe_out29 in module/entity bd_5c78_g_inst_0_gigantic_mux does not have driver. [d:/University/251/DA/wrapper/wrapper.gen/sources_1/bd/SoC/ip/SoC_system_ila_0_0/bd_0/ip/ip_1/bd_5c78_g_inst_0_gigantic_mux.v:2014]
WARNING: [Synth 8-3848] Net probe_out30 in module/entity bd_5c78_g_inst_0_gigantic_mux does not have driver. [d:/University/251/DA/wrapper/wrapper.gen/sources_1/bd/SoC/ip/SoC_system_ila_0_0/bd_0/ip/ip_1/bd_5c78_g_inst_0_gigantic_mux.v:2015]
WARNING: [Synth 8-3848] Net probe_out31 in module/entity bd_5c78_g_inst_0_gigantic_mux does not have driver. [d:/University/251/DA/wrapper/wrapper.gen/sources_1/bd/SoC/ip/SoC_system_ila_0_0/bd_0/ip/ip_1/bd_5c78_g_inst_0_gigantic_mux.v:2016]
WARNING: [Synth 8-3848] Net probe_out32 in module/entity bd_5c78_g_inst_0_gigantic_mux does not have driver. [d:/University/251/DA/wrapper/wrapper.gen/sources_1/bd/SoC/ip/SoC_system_ila_0_0/bd_0/ip/ip_1/bd_5c78_g_inst_0_gigantic_mux.v:2017]
WARNING: [Synth 8-3848] Net probe_out33 in module/entity bd_5c78_g_inst_0_gigantic_mux does not have driver. [d:/University/251/DA/wrapper/wrapper.gen/sources_1/bd/SoC/ip/SoC_system_ila_0_0/bd_0/ip/ip_1/bd_5c78_g_inst_0_gigantic_mux.v:2018]
WARNING: [Synth 8-3848] Net probe_out34 in module/entity bd_5c78_g_inst_0_gigantic_mux does not have driver. [d:/University/251/DA/wrapper/wrapper.gen/sources_1/bd/SoC/ip/SoC_system_ila_0_0/bd_0/ip/ip_1/bd_5c78_g_inst_0_gigantic_mux.v:2019]
WARNING: [Synth 8-3848] Net probe_out35 in module/entity bd_5c78_g_inst_0_gigantic_mux does not have driver. [d:/University/251/DA/wrapper/wrapper.gen/sources_1/bd/SoC/ip/SoC_system_ila_0_0/bd_0/ip/ip_1/bd_5c78_g_inst_0_gigantic_mux.v:2020]
WARNING: [Synth 8-3848] Net probe_out36 in module/entity bd_5c78_g_inst_0_gigantic_mux does not have driver. [d:/University/251/DA/wrapper/wrapper.gen/sources_1/bd/SoC/ip/SoC_system_ila_0_0/bd_0/ip/ip_1/bd_5c78_g_inst_0_gigantic_mux.v:2021]
WARNING: [Synth 8-3848] Net probe_out37 in module/entity bd_5c78_g_inst_0_gigantic_mux does not have driver. [d:/University/251/DA/wrapper/wrapper.gen/sources_1/bd/SoC/ip/SoC_system_ila_0_0/bd_0/ip/ip_1/bd_5c78_g_inst_0_gigantic_mux.v:2022]
WARNING: [Synth 8-3848] Net probe_out38 in module/entity bd_5c78_g_inst_0_gigantic_mux does not have driver. [d:/University/251/DA/wrapper/wrapper.gen/sources_1/bd/SoC/ip/SoC_system_ila_0_0/bd_0/ip/ip_1/bd_5c78_g_inst_0_gigantic_mux.v:2023]
WARNING: [Synth 8-3848] Net probe_out39 in module/entity bd_5c78_g_inst_0_gigantic_mux does not have driver. [d:/University/251/DA/wrapper/wrapper.gen/sources_1/bd/SoC/ip/SoC_system_ila_0_0/bd_0/ip/ip_1/bd_5c78_g_inst_0_gigantic_mux.v:2024]
WARNING: [Synth 8-3848] Net probe_out40 in module/entity bd_5c78_g_inst_0_gigantic_mux does not have driver. [d:/University/251/DA/wrapper/wrapper.gen/sources_1/bd/SoC/ip/SoC_system_ila_0_0/bd_0/ip/ip_1/bd_5c78_g_inst_0_gigantic_mux.v:2025]
WARNING: [Synth 8-3848] Net probe_out41 in module/entity bd_5c78_g_inst_0_gigantic_mux does not have driver. [d:/University/251/DA/wrapper/wrapper.gen/sources_1/bd/SoC/ip/SoC_system_ila_0_0/bd_0/ip/ip_1/bd_5c78_g_inst_0_gigantic_mux.v:2026]
WARNING: [Synth 8-3848] Net probe_out42 in module/entity bd_5c78_g_inst_0_gigantic_mux does not have driver. [d:/University/251/DA/wrapper/wrapper.gen/sources_1/bd/SoC/ip/SoC_system_ila_0_0/bd_0/ip/ip_1/bd_5c78_g_inst_0_gigantic_mux.v:2027]
WARNING: [Synth 8-3848] Net probe_out43 in module/entity bd_5c78_g_inst_0_gigantic_mux does not have driver. [d:/University/251/DA/wrapper/wrapper.gen/sources_1/bd/SoC/ip/SoC_system_ila_0_0/bd_0/ip/ip_1/bd_5c78_g_inst_0_gigantic_mux.v:2028]
WARNING: [Synth 8-3848] Net probe_out44 in module/entity bd_5c78_g_inst_0_gigantic_mux does not have driver. [d:/University/251/DA/wrapper/wrapper.gen/sources_1/bd/SoC/ip/SoC_system_ila_0_0/bd_0/ip/ip_1/bd_5c78_g_inst_0_gigantic_mux.v:2029]
WARNING: [Synth 8-3848] Net probe_out45 in module/entity bd_5c78_g_inst_0_gigantic_mux does not have driver. [d:/University/251/DA/wrapper/wrapper.gen/sources_1/bd/SoC/ip/SoC_system_ila_0_0/bd_0/ip/ip_1/bd_5c78_g_inst_0_gigantic_mux.v:2030]
WARNING: [Synth 8-3848] Net probe_out46 in module/entity bd_5c78_g_inst_0_gigantic_mux does not have driver. [d:/University/251/DA/wrapper/wrapper.gen/sources_1/bd/SoC/ip/SoC_system_ila_0_0/bd_0/ip/ip_1/bd_5c78_g_inst_0_gigantic_mux.v:2031]
WARNING: [Synth 8-3848] Net probe_out47 in module/entity bd_5c78_g_inst_0_gigantic_mux does not have driver. [d:/University/251/DA/wrapper/wrapper.gen/sources_1/bd/SoC/ip/SoC_system_ila_0_0/bd_0/ip/ip_1/bd_5c78_g_inst_0_gigantic_mux.v:2032]
WARNING: [Synth 8-3848] Net probe_out48 in module/entity bd_5c78_g_inst_0_gigantic_mux does not have driver. [d:/University/251/DA/wrapper/wrapper.gen/sources_1/bd/SoC/ip/SoC_system_ila_0_0/bd_0/ip/ip_1/bd_5c78_g_inst_0_gigantic_mux.v:2033]
WARNING: [Synth 8-3848] Net probe_out49 in module/entity bd_5c78_g_inst_0_gigantic_mux does not have driver. [d:/University/251/DA/wrapper/wrapper.gen/sources_1/bd/SoC/ip/SoC_system_ila_0_0/bd_0/ip/ip_1/bd_5c78_g_inst_0_gigantic_mux.v:2034]
WARNING: [Synth 8-3848] Net probe_out50 in module/entity bd_5c78_g_inst_0_gigantic_mux does not have driver. [d:/University/251/DA/wrapper/wrapper.gen/sources_1/bd/SoC/ip/SoC_system_ila_0_0/bd_0/ip/ip_1/bd_5c78_g_inst_0_gigantic_mux.v:2035]
WARNING: [Synth 8-3848] Net probe_out51 in module/entity bd_5c78_g_inst_0_gigantic_mux does not have driver. [d:/University/251/DA/wrapper/wrapper.gen/sources_1/bd/SoC/ip/SoC_system_ila_0_0/bd_0/ip/ip_1/bd_5c78_g_inst_0_gigantic_mux.v:2036]
WARNING: [Synth 8-3848] Net probe_out52 in module/entity bd_5c78_g_inst_0_gigantic_mux does not have driver. [d:/University/251/DA/wrapper/wrapper.gen/sources_1/bd/SoC/ip/SoC_system_ila_0_0/bd_0/ip/ip_1/bd_5c78_g_inst_0_gigantic_mux.v:2037]
WARNING: [Synth 8-3848] Net probe_out53 in module/entity bd_5c78_g_inst_0_gigantic_mux does not have driver. [d:/University/251/DA/wrapper/wrapper.gen/sources_1/bd/SoC/ip/SoC_system_ila_0_0/bd_0/ip/ip_1/bd_5c78_g_inst_0_gigantic_mux.v:2038]
WARNING: [Synth 8-3848] Net probe_out54 in module/entity bd_5c78_g_inst_0_gigantic_mux does not have driver. [d:/University/251/DA/wrapper/wrapper.gen/sources_1/bd/SoC/ip/SoC_system_ila_0_0/bd_0/ip/ip_1/bd_5c78_g_inst_0_gigantic_mux.v:2039]
WARNING: [Synth 8-3848] Net probe_out55 in module/entity bd_5c78_g_inst_0_gigantic_mux does not have driver. [d:/University/251/DA/wrapper/wrapper.gen/sources_1/bd/SoC/ip/SoC_system_ila_0_0/bd_0/ip/ip_1/bd_5c78_g_inst_0_gigantic_mux.v:2040]
WARNING: [Synth 8-3848] Net probe_out56 in module/entity bd_5c78_g_inst_0_gigantic_mux does not have driver. [d:/University/251/DA/wrapper/wrapper.gen/sources_1/bd/SoC/ip/SoC_system_ila_0_0/bd_0/ip/ip_1/bd_5c78_g_inst_0_gigantic_mux.v:2041]
WARNING: [Synth 8-3848] Net probe_out57 in module/entity bd_5c78_g_inst_0_gigantic_mux does not have driver. [d:/University/251/DA/wrapper/wrapper.gen/sources_1/bd/SoC/ip/SoC_system_ila_0_0/bd_0/ip/ip_1/bd_5c78_g_inst_0_gigantic_mux.v:2042]
WARNING: [Synth 8-3848] Net probe_out58 in module/entity bd_5c78_g_inst_0_gigantic_mux does not have driver. [d:/University/251/DA/wrapper/wrapper.gen/sources_1/bd/SoC/ip/SoC_system_ila_0_0/bd_0/ip/ip_1/bd_5c78_g_inst_0_gigantic_mux.v:2043]
WARNING: [Synth 8-3848] Net probe_out59 in module/entity bd_5c78_g_inst_0_gigantic_mux does not have driver. [d:/University/251/DA/wrapper/wrapper.gen/sources_1/bd/SoC/ip/SoC_system_ila_0_0/bd_0/ip/ip_1/bd_5c78_g_inst_0_gigantic_mux.v:2044]
WARNING: [Synth 8-3848] Net probe_out60 in module/entity bd_5c78_g_inst_0_gigantic_mux does not have driver. [d:/University/251/DA/wrapper/wrapper.gen/sources_1/bd/SoC/ip/SoC_system_ila_0_0/bd_0/ip/ip_1/bd_5c78_g_inst_0_gigantic_mux.v:2045]
WARNING: [Synth 8-3848] Net probe_out61 in module/entity bd_5c78_g_inst_0_gigantic_mux does not have driver. [d:/University/251/DA/wrapper/wrapper.gen/sources_1/bd/SoC/ip/SoC_system_ila_0_0/bd_0/ip/ip_1/bd_5c78_g_inst_0_gigantic_mux.v:2046]
WARNING: [Synth 8-3848] Net probe_out62 in module/entity bd_5c78_g_inst_0_gigantic_mux does not have driver. [d:/University/251/DA/wrapper/wrapper.gen/sources_1/bd/SoC/ip/SoC_system_ila_0_0/bd_0/ip/ip_1/bd_5c78_g_inst_0_gigantic_mux.v:2047]
WARNING: [Synth 8-3848] Net probe_out63 in module/entity bd_5c78_g_inst_0_gigantic_mux does not have driver. [d:/University/251/DA/wrapper/wrapper.gen/sources_1/bd/SoC/ip/SoC_system_ila_0_0/bd_0/ip/ip_1/bd_5c78_g_inst_0_gigantic_mux.v:2048]
WARNING: [Synth 8-3848] Net probe_out64 in module/entity bd_5c78_g_inst_0_gigantic_mux does not have driver. [d:/University/251/DA/wrapper/wrapper.gen/sources_1/bd/SoC/ip/SoC_system_ila_0_0/bd_0/ip/ip_1/bd_5c78_g_inst_0_gigantic_mux.v:2049]
WARNING: [Synth 8-3848] Net probe_out65 in module/entity bd_5c78_g_inst_0_gigantic_mux does not have driver. [d:/University/251/DA/wrapper/wrapper.gen/sources_1/bd/SoC/ip/SoC_system_ila_0_0/bd_0/ip/ip_1/bd_5c78_g_inst_0_gigantic_mux.v:2050]
WARNING: [Synth 8-3848] Net probe_out66 in module/entity bd_5c78_g_inst_0_gigantic_mux does not have driver. [d:/University/251/DA/wrapper/wrapper.gen/sources_1/bd/SoC/ip/SoC_system_ila_0_0/bd_0/ip/ip_1/bd_5c78_g_inst_0_gigantic_mux.v:2051]
WARNING: [Synth 8-3848] Net probe_out67 in module/entity bd_5c78_g_inst_0_gigantic_mux does not have driver. [d:/University/251/DA/wrapper/wrapper.gen/sources_1/bd/SoC/ip/SoC_system_ila_0_0/bd_0/ip/ip_1/bd_5c78_g_inst_0_gigantic_mux.v:2052]
WARNING: [Synth 8-3848] Net probe_out68 in module/entity bd_5c78_g_inst_0_gigantic_mux does not have driver. [d:/University/251/DA/wrapper/wrapper.gen/sources_1/bd/SoC/ip/SoC_system_ila_0_0/bd_0/ip/ip_1/bd_5c78_g_inst_0_gigantic_mux.v:2053]
INFO: [Common 17-14] Message 'Synth 8-3848' appears 100 times and further instances of the messages will be disabled. Use the Tcl command set_msg_config to change the current settings.
INFO: [Synth 8-6071] Mark debug on the nets applies keep_hierarchy on instance 'g_inst'. This will prevent further optimization [d:/University/251/DA/wrapper/wrapper.gen/sources_1/bd/SoC/ip/SoC_system_ila_0_0/bd_0/synth/bd_5c78.v:125]
INFO: [Synth 8-6071] Mark debug on the nets applies keep_hierarchy on instance 'ila_lib'. This will prevent further optimization [d:/University/251/DA/wrapper/wrapper.gen/sources_1/bd/SoC/ip/SoC_system_ila_0_0/bd_0/synth/bd_5c78.v:170]
INFO: [Synth 8-6071] Mark debug on the nets applies keep_hierarchy on instance 'slot_0_aw'. This will prevent further optimization [d:/University/251/DA/wrapper/wrapper.gen/sources_1/bd/SoC/ip/SoC_system_ila_0_0/bd_0/synth/bd_5c78.v:194]
INFO: [Synth 8-6071] Mark debug on the nets applies keep_hierarchy on instance 'slot_0_w'. This will prevent further optimization [d:/University/251/DA/wrapper/wrapper.gen/sources_1/bd/SoC/ip/SoC_system_ila_0_0/bd_0/synth/bd_5c78.v:206]
INFO: [Synth 8-6071] Mark debug on the nets applies keep_hierarchy on instance 'slot_0_b'. This will prevent further optimization [d:/University/251/DA/wrapper/wrapper.gen/sources_1/bd/SoC/ip/SoC_system_ila_0_0/bd_0/synth/bd_5c78.v:198]
INFO: [Synth 8-6071] Mark debug on the nets applies keep_hierarchy on instance 'slot_0_ar'. This will prevent further optimization [d:/University/251/DA/wrapper/wrapper.gen/sources_1/bd/SoC/ip/SoC_system_ila_0_0/bd_0/synth/bd_5c78.v:190]
INFO: [Synth 8-6071] Mark debug on the nets applies keep_hierarchy on instance 'slot_0_r'. This will prevent further optimization [d:/University/251/DA/wrapper/wrapper.gen/sources_1/bd/SoC/ip/SoC_system_ila_0_0/bd_0/synth/bd_5c78.v:202]
WARNING: [Synth 8-7129] Port dp_audio_ref_clk in module zynq_ultra_ps_e_v3_4_1_zynq_ultra_ps_e is either unconnected or has no load
WARNING: [Synth 8-7129] Port irq_ipi_pl_0 in module zynq_ultra_ps_e_v3_4_1_zynq_ultra_ps_e is either unconnected or has no load
WARNING: [Synth 8-7129] Port irq_ipi_pl_1 in module zynq_ultra_ps_e_v3_4_1_zynq_ultra_ps_e is either unconnected or has no load
WARNING: [Synth 8-7129] Port irq_ipi_pl_2 in module zynq_ultra_ps_e_v3_4_1_zynq_ultra_ps_e is either unconnected or has no load
WARNING: [Synth 8-7129] Port irq_ipi_pl_3 in module zynq_ultra_ps_e_v3_4_1_zynq_ultra_ps_e is either unconnected or has no load
WARNING: [Synth 8-7129] Port saxihpc0_fpd_rclk in module zynq_ultra_ps_e_v3_4_1_zynq_ultra_ps_e is either unconnected or has no load
WARNING: [Synth 8-7129] Port saxihpc0_fpd_wclk in module zynq_ultra_ps_e_v3_4_1_zynq_ultra_ps_e is either unconnected or has no load
WARNING: [Synth 8-7129] Port saxihpc1_fpd_rclk in module zynq_ultra_ps_e_v3_4_1_zynq_ultra_ps_e is either unconnected or has no load
WARNING: [Synth 8-7129] Port saxihpc1_fpd_wclk in module zynq_ultra_ps_e_v3_4_1_zynq_ultra_ps_e is either unconnected or has no load
WARNING: [Synth 8-7129] Port saxihp0_fpd_rclk in module zynq_ultra_ps_e_v3_4_1_zynq_ultra_ps_e is either unconnected or has no load
WARNING: [Synth 8-7129] Port saxihp0_fpd_wclk in module zynq_ultra_ps_e_v3_4_1_zynq_ultra_ps_e is either unconnected or has no load
WARNING: [Synth 8-7129] Port saxihp1_fpd_rclk in module zynq_ultra_ps_e_v3_4_1_zynq_ultra_ps_e is either unconnected or has no load
WARNING: [Synth 8-7129] Port saxihp1_fpd_wclk in module zynq_ultra_ps_e_v3_4_1_zynq_ultra_ps_e is either unconnected or has no load
WARNING: [Synth 8-7129] Port saxihp2_fpd_rclk in module zynq_ultra_ps_e_v3_4_1_zynq_ultra_ps_e is either unconnected or has no load
WARNING: [Synth 8-7129] Port saxihp2_fpd_wclk in module zynq_ultra_ps_e_v3_4_1_zynq_ultra_ps_e is either unconnected or has no load
WARNING: [Synth 8-7129] Port saxihp3_fpd_rclk in module zynq_ultra_ps_e_v3_4_1_zynq_ultra_ps_e is either unconnected or has no load
WARNING: [Synth 8-7129] Port saxihp3_fpd_wclk in module zynq_ultra_ps_e_v3_4_1_zynq_ultra_ps_e is either unconnected or has no load
WARNING: [Synth 8-7129] Port saxi_lpd_rclk in module zynq_ultra_ps_e_v3_4_1_zynq_ultra_ps_e is either unconnected or has no load
WARNING: [Synth 8-7129] Port saxi_lpd_wclk in module zynq_ultra_ps_e_v3_4_1_zynq_ultra_ps_e is either unconnected or has no load
WARNING: [Synth 8-7129] Port sacefpd_awuser[15] in module zynq_ultra_ps_e_v3_4_1_zynq_ultra_ps_e is either unconnected or has no load
WARNING: [Synth 8-7129] Port sacefpd_awuser[14] in module zynq_ultra_ps_e_v3_4_1_zynq_ultra_ps_e is either unconnected or has no load
WARNING: [Synth 8-7129] Port sacefpd_awuser[13] in module zynq_ultra_ps_e_v3_4_1_zynq_ultra_ps_e is either unconnected or has no load
WARNING: [Synth 8-7129] Port sacefpd_awuser[12] in module zynq_ultra_ps_e_v3_4_1_zynq_ultra_ps_e is either unconnected or has no load
WARNING: [Synth 8-7129] Port sacefpd_awuser[11] in module zynq_ultra_ps_e_v3_4_1_zynq_ultra_ps_e is either unconnected or has no load
WARNING: [Synth 8-7129] Port sacefpd_awuser[10] in module zynq_ultra_ps_e_v3_4_1_zynq_ultra_ps_e is either unconnected or has no load
WARNING: [Synth 8-7129] Port sacefpd_awuser[9] in module zynq_ultra_ps_e_v3_4_1_zynq_ultra_ps_e is either unconnected or has no load
WARNING: [Synth 8-7129] Port sacefpd_awuser[8] in module zynq_ultra_ps_e_v3_4_1_zynq_ultra_ps_e is either unconnected or has no load
WARNING: [Synth 8-7129] Port sacefpd_awuser[7] in module zynq_ultra_ps_e_v3_4_1_zynq_ultra_ps_e is either unconnected or has no load
WARNING: [Synth 8-7129] Port sacefpd_awuser[6] in module zynq_ultra_ps_e_v3_4_1_zynq_ultra_ps_e is either unconnected or has no load
WARNING: [Synth 8-7129] Port sacefpd_aruser[15] in module zynq_ultra_ps_e_v3_4_1_zynq_ultra_ps_e is either unconnected or has no load
WARNING: [Synth 8-7129] Port sacefpd_aruser[14] in module zynq_ultra_ps_e_v3_4_1_zynq_ultra_ps_e is either unconnected or has no load
WARNING: [Synth 8-7129] Port sacefpd_aruser[13] in module zynq_ultra_ps_e_v3_4_1_zynq_ultra_ps_e is either unconnected or has no load
WARNING: [Synth 8-7129] Port sacefpd_aruser[12] in module zynq_ultra_ps_e_v3_4_1_zynq_ultra_ps_e is either unconnected or has no load
WARNING: [Synth 8-7129] Port sacefpd_aruser[11] in module zynq_ultra_ps_e_v3_4_1_zynq_ultra_ps_e is either unconnected or has no load
WARNING: [Synth 8-7129] Port sacefpd_aruser[10] in module zynq_ultra_ps_e_v3_4_1_zynq_ultra_ps_e is either unconnected or has no load
WARNING: [Synth 8-7129] Port sacefpd_aruser[9] in module zynq_ultra_ps_e_v3_4_1_zynq_ultra_ps_e is either unconnected or has no load
WARNING: [Synth 8-7129] Port sacefpd_aruser[8] in module zynq_ultra_ps_e_v3_4_1_zynq_ultra_ps_e is either unconnected or has no load
WARNING: [Synth 8-7129] Port sacefpd_aruser[7] in module zynq_ultra_ps_e_v3_4_1_zynq_ultra_ps_e is either unconnected or has no load
WARNING: [Synth 8-7129] Port sacefpd_aruser[6] in module zynq_ultra_ps_e_v3_4_1_zynq_ultra_ps_e is either unconnected or has no load
WARNING: [Synth 8-7129] Port test_adc_clk[3] in module zynq_ultra_ps_e_v3_4_1_zynq_ultra_ps_e is either unconnected or has no load
WARNING: [Synth 8-7129] Port test_adc_clk[2] in module zynq_ultra_ps_e_v3_4_1_zynq_ultra_ps_e is either unconnected or has no load
WARNING: [Synth 8-7129] Port test_adc_clk[1] in module zynq_ultra_ps_e_v3_4_1_zynq_ultra_ps_e is either unconnected or has no load
WARNING: [Synth 8-7129] Port test_adc_clk[0] in module zynq_ultra_ps_e_v3_4_1_zynq_ultra_ps_e is either unconnected or has no load
WARNING: [Synth 8-7129] Port test_adc_in[31] in module zynq_ultra_ps_e_v3_4_1_zynq_ultra_ps_e is either unconnected or has no load
WARNING: [Synth 8-7129] Port test_adc_in[30] in module zynq_ultra_ps_e_v3_4_1_zynq_ultra_ps_e is either unconnected or has no load
WARNING: [Synth 8-7129] Port test_adc_in[29] in module zynq_ultra_ps_e_v3_4_1_zynq_ultra_ps_e is either unconnected or has no load
WARNING: [Synth 8-7129] Port test_adc_in[28] in module zynq_ultra_ps_e_v3_4_1_zynq_ultra_ps_e is either unconnected or has no load
WARNING: [Synth 8-7129] Port test_adc_in[27] in module zynq_ultra_ps_e_v3_4_1_zynq_ultra_ps_e is either unconnected or has no load
WARNING: [Synth 8-7129] Port test_adc_in[26] in module zynq_ultra_ps_e_v3_4_1_zynq_ultra_ps_e is either unconnected or has no load
WARNING: [Synth 8-7129] Port test_adc_in[25] in module zynq_ultra_ps_e_v3_4_1_zynq_ultra_ps_e is either unconnected or has no load
WARNING: [Synth 8-7129] Port test_adc_in[24] in module zynq_ultra_ps_e_v3_4_1_zynq_ultra_ps_e is either unconnected or has no load
WARNING: [Synth 8-7129] Port test_adc_in[23] in module zynq_ultra_ps_e_v3_4_1_zynq_ultra_ps_e is either unconnected or has no load
WARNING: [Synth 8-7129] Port test_adc_in[22] in module zynq_ultra_ps_e_v3_4_1_zynq_ultra_ps_e is either unconnected or has no load
WARNING: [Synth 8-7129] Port test_adc_in[21] in module zynq_ultra_ps_e_v3_4_1_zynq_ultra_ps_e is either unconnected or has no load
WARNING: [Synth 8-7129] Port test_adc_in[20] in module zynq_ultra_ps_e_v3_4_1_zynq_ultra_ps_e is either unconnected or has no load
WARNING: [Synth 8-7129] Port test_adc_in[19] in module zynq_ultra_ps_e_v3_4_1_zynq_ultra_ps_e is either unconnected or has no load
WARNING: [Synth 8-7129] Port test_adc_in[18] in module zynq_ultra_ps_e_v3_4_1_zynq_ultra_ps_e is either unconnected or has no load
WARNING: [Synth 8-7129] Port test_adc_in[17] in module zynq_ultra_ps_e_v3_4_1_zynq_ultra_ps_e is either unconnected or has no load
WARNING: [Synth 8-7129] Port test_adc_in[16] in module zynq_ultra_ps_e_v3_4_1_zynq_ultra_ps_e is either unconnected or has no load
WARNING: [Synth 8-7129] Port test_adc_in[15] in module zynq_ultra_ps_e_v3_4_1_zynq_ultra_ps_e is either unconnected or has no load
WARNING: [Synth 8-7129] Port test_adc_in[14] in module zynq_ultra_ps_e_v3_4_1_zynq_ultra_ps_e is either unconnected or has no load
WARNING: [Synth 8-7129] Port test_adc_in[13] in module zynq_ultra_ps_e_v3_4_1_zynq_ultra_ps_e is either unconnected or has no load
WARNING: [Synth 8-7129] Port test_adc_in[12] in module zynq_ultra_ps_e_v3_4_1_zynq_ultra_ps_e is either unconnected or has no load
WARNING: [Synth 8-7129] Port test_adc_in[11] in module zynq_ultra_ps_e_v3_4_1_zynq_ultra_ps_e is either unconnected or has no load
WARNING: [Synth 8-7129] Port test_adc_in[10] in module zynq_ultra_ps_e_v3_4_1_zynq_ultra_ps_e is either unconnected or has no load
WARNING: [Synth 8-7129] Port test_adc_in[9] in module zynq_ultra_ps_e_v3_4_1_zynq_ultra_ps_e is either unconnected or has no load
WARNING: [Synth 8-7129] Port test_adc_in[8] in module zynq_ultra_ps_e_v3_4_1_zynq_ultra_ps_e is either unconnected or has no load
WARNING: [Synth 8-7129] Port test_adc_in[7] in module zynq_ultra_ps_e_v3_4_1_zynq_ultra_ps_e is either unconnected or has no load
WARNING: [Synth 8-7129] Port test_adc_in[6] in module zynq_ultra_ps_e_v3_4_1_zynq_ultra_ps_e is either unconnected or has no load
WARNING: [Synth 8-7129] Port test_adc_in[5] in module zynq_ultra_ps_e_v3_4_1_zynq_ultra_ps_e is either unconnected or has no load
WARNING: [Synth 8-7129] Port test_adc_in[4] in module zynq_ultra_ps_e_v3_4_1_zynq_ultra_ps_e is either unconnected or has no load
WARNING: [Synth 8-7129] Port test_adc_in[3] in module zynq_ultra_ps_e_v3_4_1_zynq_ultra_ps_e is either unconnected or has no load
WARNING: [Synth 8-7129] Port test_adc_in[2] in module zynq_ultra_ps_e_v3_4_1_zynq_ultra_ps_e is either unconnected or has no load
WARNING: [Synth 8-7129] Port test_adc_in[1] in module zynq_ultra_ps_e_v3_4_1_zynq_ultra_ps_e is either unconnected or has no load
WARNING: [Synth 8-7129] Port test_adc_in[0] in module zynq_ultra_ps_e_v3_4_1_zynq_ultra_ps_e is either unconnected or has no load
WARNING: [Synth 8-7129] Port test_adc2_in[31] in module zynq_ultra_ps_e_v3_4_1_zynq_ultra_ps_e is either unconnected or has no load
WARNING: [Synth 8-7129] Port test_adc2_in[30] in module zynq_ultra_ps_e_v3_4_1_zynq_ultra_ps_e is either unconnected or has no load
WARNING: [Synth 8-7129] Port test_adc2_in[29] in module zynq_ultra_ps_e_v3_4_1_zynq_ultra_ps_e is either unconnected or has no load
WARNING: [Synth 8-7129] Port test_adc2_in[28] in module zynq_ultra_ps_e_v3_4_1_zynq_ultra_ps_e is either unconnected or has no load
WARNING: [Synth 8-7129] Port test_adc2_in[27] in module zynq_ultra_ps_e_v3_4_1_zynq_ultra_ps_e is either unconnected or has no load
WARNING: [Synth 8-7129] Port test_adc2_in[26] in module zynq_ultra_ps_e_v3_4_1_zynq_ultra_ps_e is either unconnected or has no load
WARNING: [Synth 8-7129] Port test_adc2_in[25] in module zynq_ultra_ps_e_v3_4_1_zynq_ultra_ps_e is either unconnected or has no load
WARNING: [Synth 8-7129] Port test_adc2_in[24] in module zynq_ultra_ps_e_v3_4_1_zynq_ultra_ps_e is either unconnected or has no load
WARNING: [Synth 8-7129] Port test_adc2_in[23] in module zynq_ultra_ps_e_v3_4_1_zynq_ultra_ps_e is either unconnected or has no load
WARNING: [Synth 8-7129] Port test_adc2_in[22] in module zynq_ultra_ps_e_v3_4_1_zynq_ultra_ps_e is either unconnected or has no load
WARNING: [Synth 8-7129] Port test_adc2_in[21] in module zynq_ultra_ps_e_v3_4_1_zynq_ultra_ps_e is either unconnected or has no load
WARNING: [Synth 8-7129] Port test_adc2_in[20] in module zynq_ultra_ps_e_v3_4_1_zynq_ultra_ps_e is either unconnected or has no load
WARNING: [Synth 8-7129] Port test_adc2_in[19] in module zynq_ultra_ps_e_v3_4_1_zynq_ultra_ps_e is either unconnected or has no load
WARNING: [Synth 8-7129] Port test_adc2_in[18] in module zynq_ultra_ps_e_v3_4_1_zynq_ultra_ps_e is either unconnected or has no load
WARNING: [Synth 8-7129] Port test_adc2_in[17] in module zynq_ultra_ps_e_v3_4_1_zynq_ultra_ps_e is either unconnected or has no load
WARNING: [Synth 8-7129] Port test_adc2_in[16] in module zynq_ultra_ps_e_v3_4_1_zynq_ultra_ps_e is either unconnected or has no load
WARNING: [Synth 8-7129] Port test_adc2_in[15] in module zynq_ultra_ps_e_v3_4_1_zynq_ultra_ps_e is either unconnected or has no load
WARNING: [Synth 8-7129] Port test_adc2_in[14] in module zynq_ultra_ps_e_v3_4_1_zynq_ultra_ps_e is either unconnected or has no load
WARNING: [Synth 8-7129] Port test_adc2_in[13] in module zynq_ultra_ps_e_v3_4_1_zynq_ultra_ps_e is either unconnected or has no load
WARNING: [Synth 8-7129] Port test_adc2_in[12] in module zynq_ultra_ps_e_v3_4_1_zynq_ultra_ps_e is either unconnected or has no load
WARNING: [Synth 8-7129] Port test_adc2_in[11] in module zynq_ultra_ps_e_v3_4_1_zynq_ultra_ps_e is either unconnected or has no load
WARNING: [Synth 8-7129] Port test_adc2_in[10] in module zynq_ultra_ps_e_v3_4_1_zynq_ultra_ps_e is either unconnected or has no load
WARNING: [Synth 8-7129] Port test_adc2_in[9] in module zynq_ultra_ps_e_v3_4_1_zynq_ultra_ps_e is either unconnected or has no load
WARNING: [Synth 8-7129] Port test_adc2_in[8] in module zynq_ultra_ps_e_v3_4_1_zynq_ultra_ps_e is either unconnected or has no load
WARNING: [Synth 8-7129] Port test_adc2_in[7] in module zynq_ultra_ps_e_v3_4_1_zynq_ultra_ps_e is either unconnected or has no load
INFO: [Common 17-14] Message 'Synth 8-7129' appears 100 times and further instances of the messages will be disabled. Use the Tcl command set_msg_config to change the current settings.
---------------------------------------------------------------------------------
Finished RTL Elaboration : Time (s): cpu = 00:00:33 ; elapsed = 00:00:38 . Memory (MB): peak = 2580.828 ; gain = 1067.016
---------------------------------------------------------------------------------
---------------------------------------------------------------------------------
Start Handling Custom Attributes
---------------------------------------------------------------------------------
---------------------------------------------------------------------------------
Finished Handling Custom Attributes : Time (s): cpu = 00:00:34 ; elapsed = 00:00:38 . Memory (MB): peak = 2580.828 ; gain = 1067.016
---------------------------------------------------------------------------------
---------------------------------------------------------------------------------
Finished RTL Optimization Phase 1 : Time (s): cpu = 00:00:34 ; elapsed = 00:00:38 . Memory (MB): peak = 2580.828 ; gain = 1067.016
---------------------------------------------------------------------------------
Netlist sorting complete. Time (s): cpu = 00:00:01 ; elapsed = 00:00:00.880 . Memory (MB): peak = 2580.828 ; gain = 0.000
INFO: [Netlist 29-17] Analyzing 222 Unisim elements for replacement
INFO: [Netlist 29-28] Unisim Transformation completed in 0 CPU seconds
INFO: [Project 1-570] Preparing netlist for logic optimization

Processing XDC Constraints
Initializing timing engine
Parsing XDC File [d:/University/251/DA/wrapper/wrapper.gen/sources_1/bd/SoC/ip/SoC_zynq_ultra_ps_e_0_0/SoC_zynq_ultra_ps_e_0_0.xdc] for cell 'SoC_i/zynq_ultra_ps_e_0/inst'
Finished Parsing XDC File [d:/University/251/DA/wrapper/wrapper.gen/sources_1/bd/SoC/ip/SoC_zynq_ultra_ps_e_0_0/SoC_zynq_ultra_ps_e_0_0.xdc] for cell 'SoC_i/zynq_ultra_ps_e_0/inst'
Parsing XDC File [d:/University/251/DA/wrapper/wrapper.gen/sources_1/bd/SoC/ip/SoC_rst_ps8_0_99M_0/SoC_rst_ps8_0_99M_0_board.xdc] for cell 'SoC_i/rst_ps8_0_99M/U0'
Finished Parsing XDC File [d:/University/251/DA/wrapper/wrapper.gen/sources_1/bd/SoC/ip/SoC_rst_ps8_0_99M_0/SoC_rst_ps8_0_99M_0_board.xdc] for cell 'SoC_i/rst_ps8_0_99M/U0'
Parsing XDC File [d:/University/251/DA/wrapper/wrapper.gen/sources_1/bd/SoC/ip/SoC_rst_ps8_0_99M_0/SoC_rst_ps8_0_99M_0.xdc] for cell 'SoC_i/rst_ps8_0_99M/U0'
Finished Parsing XDC File [d:/University/251/DA/wrapper/wrapper.gen/sources_1/bd/SoC/ip/SoC_rst_ps8_0_99M_0/SoC_rst_ps8_0_99M_0.xdc] for cell 'SoC_i/rst_ps8_0_99M/U0'
Parsing XDC File [d:/University/251/DA/wrapper/wrapper.gen/sources_1/bd/SoC/ip/SoC_system_ila_0_0/bd_0/ip/ip_0/ila_v6_2/constraints/ila.xdc] for cell 'SoC_i/system_ila_0/inst/ila_lib/inst'
Finished Parsing XDC File [d:/University/251/DA/wrapper/wrapper.gen/sources_1/bd/SoC/ip/SoC_system_ila_0_0/bd_0/ip/ip_0/ila_v6_2/constraints/ila.xdc] for cell 'SoC_i/system_ila_0/inst/ila_lib/inst'
Parsing XDC File [D:/University/251/DA/wrapper/wrapper.runs/synth_1/dont_touch.xdc]
Finished Parsing XDC File [D:/University/251/DA/wrapper/wrapper.runs/synth_1/dont_touch.xdc]
INFO: [Project 1-236] Implementation specific constraints were found while reading constraint file [D:/University/251/DA/wrapper/wrapper.runs/synth_1/dont_touch.xdc]. These constraints will be ignored for synthesis but will be used in implementation. Impacted constraints are listed in the file [.Xil/SoC_wrapper_propImpl.xdc].
Resolution: To avoid this warning, move constraints listed in [.Xil/SoC_wrapper_propImpl.xdc] to another XDC file and exclude this new file from synthesis with the used_in_synthesis property (File Properties dialog in GUI) and re-run elaboration/synthesis.
INFO: [Project 1-1714] 6 XPM XDC files have been applied to the design.
Completed Processing XDC Constraints

Netlist sorting complete. Time (s): cpu = 00:00:00 ; elapsed = 00:00:00.012 . Memory (MB): peak = 2580.828 ; gain = 0.000
INFO: [Project 1-111] Unisim Transformation Summary:
  A total of 167 instances were transformed.
  CFGLUT5 => CFGLUT5 (SRL16E, SRLC32E): 132 instances
  CFGLUT5 => SRLC32E: 22 instances
  FDR => FDRE: 12 instances
  SRL16 => SRL16E: 1 instance 

Constraint Validation Runtime : Time (s): cpu = 00:00:01 ; elapsed = 00:00:00.283 . Memory (MB): peak = 2580.828 ; gain = 0.000
---------------------------------------------------------------------------------
Finished Constraint Validation : Time (s): cpu = 00:00:52 ; elapsed = 00:00:57 . Memory (MB): peak = 2580.828 ; gain = 1067.016
---------------------------------------------------------------------------------
---------------------------------------------------------------------------------
Start Loading Part and Timing Information
---------------------------------------------------------------------------------
Loading part: xck26-sfvc784-2LV-c
INFO: [Synth 8-6742] Reading net delay rules and data
---------------------------------------------------------------------------------
Finished Loading Part and Timing Information : Time (s): cpu = 00:00:52 ; elapsed = 00:00:57 . Memory (MB): peak = 2580.828 ; gain = 1067.016
---------------------------------------------------------------------------------
---------------------------------------------------------------------------------
Start Applying 'set_property' XDC Constraints
---------------------------------------------------------------------------------
Applied set_property DONT_TOUCH = true for SoC_i/zynq_ultra_ps_e_0/inst/PS8_i. (constraint file  d:/University/251/DA/wrapper/wrapper.gen/sources_1/bd/SoC/ip/SoC_zynq_ultra_ps_e_0_0/SoC_zynq_ultra_ps_e_0_0.xdc, line 26).
Applied set_property KEEP_HIERARCHY = SOFT for SoC_i/zynq_ultra_ps_e_0/inst. (constraint file  D:/University/251/DA/wrapper/wrapper.runs/synth_1/dont_touch.xdc, line 64).
Applied set_property KEEP_HIERARCHY = SOFT for SoC_i/rst_ps8_0_99M/U0. (constraint file  D:/University/251/DA/wrapper/wrapper.runs/synth_1/dont_touch.xdc, line 69).
Applied set_property KEEP_HIERARCHY = SOFT for SoC_i/system_ila_0/inst/ila_lib/inst. (constraint file  D:/University/251/DA/wrapper/wrapper.runs/synth_1/dont_touch.xdc, line 75).
Applied set_property KEEP_HIERARCHY = SOFT for SoC_i/ps8_0_axi_periph/s00_couplers/auto_ds/inst. (constraint file  D:/University/251/DA/wrapper/wrapper.runs/synth_1/dont_touch.xdc, line 87).
Applied set_property KEEP_HIERARCHY = SOFT for SoC_i/ps8_0_axi_periph/s01_couplers/auto_ds/inst. (constraint file  D:/University/251/DA/wrapper/wrapper.runs/synth_1/dont_touch.xdc, line 94).
Applied set_property KEEP_HIERARCHY = SOFT for SoC_i. (constraint file  auto generated constraint).
Applied set_property KEEP_HIERARCHY = SOFT for SoC_i/zynq_ultra_ps_e_0. (constraint file  auto generated constraint).
Applied set_property KEEP_HIERARCHY = SOFT for SoC_i/axi_wrapper_0. (constraint file  auto generated constraint).
Applied set_property KEEP_HIERARCHY = SOFT for SoC_i/ps8_0_axi_periph/xbar. (constraint file  auto generated constraint).
Applied set_property KEEP_HIERARCHY = SOFT for SoC_i/ps8_0_axi_periph/s00_couplers/auto_ds. (constraint file  auto generated constraint).
Applied set_property KEEP_HIERARCHY = SOFT for SoC_i/ps8_0_axi_periph/s00_couplers/auto_pc. (constraint file  auto generated constraint).
Applied set_property KEEP_HIERARCHY = SOFT for SoC_i/ps8_0_axi_periph/s01_couplers/auto_ds. (constraint file  auto generated constraint).
Applied set_property KEEP_HIERARCHY = SOFT for SoC_i/ps8_0_axi_periph/s01_couplers/auto_pc. (constraint file  auto generated constraint).
Applied set_property KEEP_HIERARCHY = SOFT for SoC_i/ps8_0_axi_periph. (constraint file  auto generated constraint).
Applied set_property KEEP_HIERARCHY = SOFT for SoC_i/rst_ps8_0_99M. (constraint file  auto generated constraint).
Applied set_property KEEP_HIERARCHY = SOFT for SoC_i/system_ila_0. (constraint file  auto generated constraint).
Applied set_property KEEP_HIERARCHY = SOFT for SoC_i/system_ila_0/inst. (constraint file  auto generated constraint).
Applied set_property KEEP_HIERARCHY = SOFT for SoC_i/system_ila_0/inst/ila_lib. (constraint file  auto generated constraint).
Applied set_property KEEP_HIERARCHY = SOFT for SoC_i/system_ila_0/inst/g_inst. (constraint file  auto generated constraint).
Applied set_property KEEP_HIERARCHY = SOFT for SoC_i/system_ila_0/inst/slot_0_aw. (constraint file  auto generated constraint).
Applied set_property KEEP_HIERARCHY = SOFT for SoC_i/system_ila_0/inst/slot_0_w. (constraint file  auto generated constraint).
Applied set_property KEEP_HIERARCHY = SOFT for SoC_i/system_ila_0/inst/slot_0_b. (constraint file  auto generated constraint).
Applied set_property KEEP_HIERARCHY = SOFT for SoC_i/system_ila_0/inst/slot_0_ar. (constraint file  auto generated constraint).
Applied set_property KEEP_HIERARCHY = SOFT for SoC_i/system_ila_0/inst/slot_0_r. (constraint file  auto generated constraint).
Applied set_property KEEP_HIERARCHY = SOFT for SoC_i/ps8_0_axi_periph/s00_couplers/auto_ds/inst/\gen_downsizer.gen_simple_downsizer.axi_downsizer_inst /\USE_WRITE.write_addr_inst /\USE_B_CHANNEL.cmd_b_queue /inst/fifo_gen_inst/inst_fifo_gen/\gconvfifo.rf /\grf.rf /rstblk/\ngwrdrst.grst.g7serrst.gnsckt_wrst.rst_wr_reg2_inst . (constraint file  auto generated constraint).
Applied set_property KEEP_HIERARCHY = SOFT for SoC_i/ps8_0_axi_periph/s00_couplers/auto_ds/inst/\gen_downsizer.gen_simple_downsizer.axi_downsizer_inst /\USE_WRITE.write_addr_inst /cmd_queue/inst/fifo_gen_inst/inst_fifo_gen/\gconvfifo.rf /\grf.rf /rstblk/\ngwrdrst.grst.g7serrst.gnsckt_wrst.rst_wr_reg2_inst . (constraint file  auto generated constraint).
Applied set_property KEEP_HIERARCHY = SOFT for SoC_i/ps8_0_axi_periph/s00_couplers/auto_ds/inst/\gen_downsizer.gen_simple_downsizer.axi_downsizer_inst /\USE_READ.read_addr_inst /cmd_queue/inst/fifo_gen_inst/inst_fifo_gen/\gconvfifo.rf /\grf.rf /rstblk/\ngwrdrst.grst.g7serrst.gnsckt_wrst.rst_wr_reg2_inst . (constraint file  auto generated constraint).
Applied set_property KEEP_HIERARCHY = SOFT for SoC_i/ps8_0_axi_periph/s01_couplers/auto_ds/inst/\gen_downsizer.gen_simple_downsizer.axi_downsizer_inst /\USE_WRITE.write_addr_inst /\USE_B_CHANNEL.cmd_b_queue /inst/fifo_gen_inst/inst_fifo_gen/\gconvfifo.rf /\grf.rf /rstblk/\ngwrdrst.grst.g7serrst.gnsckt_wrst.rst_wr_reg2_inst . (constraint file  auto generated constraint).
Applied set_property KEEP_HIERARCHY = SOFT for SoC_i/ps8_0_axi_periph/s01_couplers/auto_ds/inst/\gen_downsizer.gen_simple_downsizer.axi_downsizer_inst /\USE_WRITE.write_addr_inst /cmd_queue/inst/fifo_gen_inst/inst_fifo_gen/\gconvfifo.rf /\grf.rf /rstblk/\ngwrdrst.grst.g7serrst.gnsckt_wrst.rst_wr_reg2_inst . (constraint file  auto generated constraint).
Applied set_property KEEP_HIERARCHY = SOFT for SoC_i/ps8_0_axi_periph/s01_couplers/auto_ds/inst/\gen_downsizer.gen_simple_downsizer.axi_downsizer_inst /\USE_READ.read_addr_inst /cmd_queue/inst/fifo_gen_inst/inst_fifo_gen/\gconvfifo.rf /\grf.rf /rstblk/\ngwrdrst.grst.g7serrst.gnsckt_wrst.rst_wr_reg2_inst . (constraint file  auto generated constraint).
---------------------------------------------------------------------------------
Finished applying 'set_property' XDC Constraints : Time (s): cpu = 00:00:52 ; elapsed = 00:00:58 . Memory (MB): peak = 2580.828 ; gain = 1067.016
---------------------------------------------------------------------------------
---------------------------------------------------------------------------------
Start Preparing Guide Design
---------------------------------------------------------------------------------
WARNING: [Synth 8-6702] IncrSynth : Design change found in an area of the design that prevents previous synthesis information being used, Reverting to default synthesis
---------------------------------------------------------------------------------
Finished Doing Graph Differ : Time (s): cpu = 00:00:55 ; elapsed = 00:01:01 . Memory (MB): peak = 2580.828 ; gain = 1067.016
---------------------------------------------------------------------------------
---------------------------------------------------------------------------------
Finished Preparing Guide Design : Time (s): cpu = 00:00:55 ; elapsed = 00:01:01 . Memory (MB): peak = 2580.828 ; gain = 1067.016
---------------------------------------------------------------------------------
INFO: [Synth 8-802] inferred FSM for state register 'state_write_reg' in module 'axi_wrapper_slave_lite_v1_0_S00_AXI'
INFO: [Synth 8-802] inferred FSM for state register 'state_read_reg' in module 'axi_wrapper_slave_lite_v1_0_S00_AXI'
WARNING: [Synth 8-3936] Found unconnected internal register 'dout_shake_reg_reg' and it is trimmed from '32' to '24' bits. [d:/University/251/DA/wrapper/wrapper.gen/sources_1/bd/SoC/ipshared/1e43/src/fixed_weight_ct.v:208]
INFO: [Synth 8-802] inferred FSM for state register 'ctx_state_reg' in module 'fixed_weight_ct'
INFO: [Synth 8-802] inferred FSM for state register 'state_shake_reg' in module 'fixed_weight_ct'
INFO: [Synth 8-802] inferred FSM for state register 'pk_state_reg' in module 'vect_set_random'
INFO: [Synth 8-802] inferred FSM for state register 'state_reg' in module 'poly_mult'
INFO: [Synth 8-802] inferred FSM for state register 'inter_mem_wr_delay_reg' in module 'poly_mult'
INFO: [Synth 8-802] inferred FSM for state register 'state_reg' in module 'loc_based_adder'
INFO: [Synth 8-802] inferred FSM for state register 'state_reg' in module 'keygen'
INFO: [Synth 8-802] inferred FSM for state register 'trx_state_reg' in module 'keygen'
WARNING: [Synth 8-3936] Found unconnected internal register 'dout_shake_reg_reg' and it is trimmed from '32' to '24' bits. [d:/University/251/DA/wrapper/wrapper.gen/sources_1/bd/SoC/ipshared/1e43/src/fixed_weight_ct.v:208]
INFO: [Synth 8-802] inferred FSM for state register 'ctx_state_reg' in module 'fixed_weight_ct__parameterized0'
INFO: [Synth 8-802] inferred FSM for state register 'state_shake_reg' in module 'fixed_weight_ct__parameterized0'
INFO: [Synth 8-802] inferred FSM for state register 'state_reg' in module 'reed_solomon_encode'
INFO: [Synth 8-802] inferred FSM for state register 'state_reg' in module 'reed_muller_encode'
INFO: [Synth 8-802] inferred FSM for state register 'state_reg' in module 'loc_based_adder__parameterized0'
INFO: [Synth 8-802] inferred FSM for state register 'state_reg' in module 'xor_based_adder'
INFO: [Synth 8-802] inferred FSM for state register 'state_reg' in module 'encrypt'
INFO: [Synth 8-802] inferred FSM for state register 'trx_state_reg' in module 'encrypt'
INFO: [Synth 8-802] inferred FSM for state register 'u_state_reg' in module 'encrypt'
INFO: [Synth 8-802] inferred FSM for state register 'v_state_reg' in module 'encrypt'
INFO: [Synth 8-802] inferred FSM for state register 'state_reg' in module 'encap'
INFO: [Synth 8-802] inferred FSM for state register 'h_state_reg' in module 'encap'
INFO: [Synth 8-802] inferred FSM for state register 'state_reg' in module 'v_minus_uy'
WARNING: [Synth 8-3936] Found unconnected internal register 'sigma_buf_reg' and it is trimmed from '128' to '120' bits. [d:/University/251/DA/wrapper/wrapper.gen/sources_1/bd/SoC/ipshared/1e43/src/hqc_rsdecod_zpoly.v:67]
INFO: [Synth 8-802] inferred FSM for state register 'state_reg' in module 'decap'
INFO: [Synth 8-802] inferred FSM for state register 'current_state_reg' in module 'control_path'
INFO: [Synth 8-802] inferred FSM for state register 'gpregsm1.curr_fwft_state_reg' in module 'fifo_generator_v13_2_7_rd_fwft'
INFO: [Synth 8-802] inferred FSM for state register 'state_reg' in module 'axi_protocol_converter_v2_1_27_b2s_wr_cmd_fsm'
INFO: [Synth 8-802] inferred FSM for state register 'state_reg' in module 'axi_protocol_converter_v2_1_27_b2s_rd_cmd_fsm'
INFO: [Synth 8-802] inferred FSM for state register 'current_state_reg' in module 'xsdbs_v1_0_2_reg_p2s'
INFO: [Synth 8-802] inferred FSM for state register 'current_state_reg' in module 'xsdbs_v1_0_2_reg_p2s__parameterized0'
INFO: [Synth 8-802] inferred FSM for state register 'current_state_reg' in module 'xsdbs_v1_0_2_reg_p2s__parameterized1'
INFO: [Synth 8-802] inferred FSM for state register 'current_state_reg' in module 'xsdbs_v1_0_2_reg_p2s__parameterized2'
INFO: [Synth 8-802] inferred FSM for state register 'current_state_reg' in module 'xsdbs_v1_0_2_reg_p2s__parameterized3'
INFO: [Synth 8-802] inferred FSM for state register 'current_state_reg' in module 'xsdbs_v1_0_2_reg_p2s__parameterized4'
INFO: [Synth 8-802] inferred FSM for state register 'current_state_reg' in module 'xsdbs_v1_0_2_reg_p2s__parameterized5'
INFO: [Synth 8-802] inferred FSM for state register 'current_state_reg' in module 'xsdbs_v1_0_2_reg_p2s__parameterized6'
INFO: [Synth 8-802] inferred FSM for state register 'current_state_reg' in module 'xsdbs_v1_0_2_reg_p2s__parameterized7'
INFO: [Synth 8-802] inferred FSM for state register 'current_state_reg' in module 'xsdbs_v1_0_2_reg_p2s__parameterized8'
INFO: [Synth 8-802] inferred FSM for state register 'current_state_reg' in module 'xsdbs_v1_0_2_reg_p2s__parameterized9'
INFO: [Synth 8-802] inferred FSM for state register 'current_state_reg' in module 'xsdbs_v1_0_2_reg_p2s__parameterized10'
INFO: [Synth 8-802] inferred FSM for state register 'current_state_reg' in module 'xsdbs_v1_0_2_reg_p2s__parameterized11'
INFO: [Synth 8-802] inferred FSM for state register 'current_state_reg' in module 'xsdbs_v1_0_2_reg_p2s__parameterized12'
INFO: [Synth 8-802] inferred FSM for state register 'current_state_reg' in module 'xsdbs_v1_0_2_reg_p2s__parameterized13'
INFO: [Synth 8-802] inferred FSM for state register 'current_state_reg' in module 'xsdbs_v1_0_2_reg_p2s__parameterized14'
INFO: [Synth 8-802] inferred FSM for state register 'current_state_reg' in module 'xsdbs_v1_0_2_reg_p2s__parameterized15'
INFO: [Synth 8-802] inferred FSM for state register 'current_state_reg' in module 'xsdbs_v1_0_2_reg_p2s__parameterized16'
INFO: [Synth 8-802] inferred FSM for state register 'current_state_reg' in module 'xsdbs_v1_0_2_reg_p2s__parameterized17'
INFO: [Synth 8-802] inferred FSM for state register 'current_state_reg' in module 'xsdbs_v1_0_2_reg_p2s__parameterized18'
INFO: [Synth 8-802] inferred FSM for state register 'current_state_reg' in module 'ltlib_v1_0_0_generic_memrd'
---------------------------------------------------------------------------------------------------
                   State |                     New Encoding |                Previous Encoding 
---------------------------------------------------------------------------------------------------
                    Idle |                               00 |                               00
                   Waddr |                               01 |                               10
                   Wdata |                               10 |                               11
---------------------------------------------------------------------------------------------------
INFO: [Synth 8-3354] encoded FSM with state register 'state_write_reg' using encoding 'sequential' in module 'axi_wrapper_slave_lite_v1_0_S00_AXI'
---------------------------------------------------------------------------------------------------
                   State |                     New Encoding |                Previous Encoding 
---------------------------------------------------------------------------------------------------
                    Idle |                               00 |                               00
                   Raddr |                               01 |                               10
                   Rdata |                               10 |                               11
---------------------------------------------------------------------------------------------------
INFO: [Synth 8-3354] encoded FSM with state register 'state_read_reg' using encoding 'sequential' in module 'axi_wrapper_slave_lite_v1_0_S00_AXI'
INFO: [Synth 8-7030] Implemented Non-Cascaded Block Ram (cascade_height = 1) of width 15 for RAM "mem_dual:/mem_reg"
INFO: [Synth 8-3971] The signal "mem_dual:/mem_reg" was recognized as a true dual port RAM template.
INFO: [Synth 8-7030] Implemented Non-Cascaded Block Ram (cascade_height = 1) of width 32 for RAM "mem_dual__parameterized0:/mem_reg"
INFO: [Synth 8-3971] The signal "mem_dual__parameterized0:/mem_reg" was recognized as a true dual port RAM template.
INFO: [Synth 8-7030] Implemented Non-Cascaded Block Ram (cascade_height = 1) of width 36 for RAM "mem_dual__parameterized1:/mem_reg"
INFO: [Synth 8-7030] Implemented Non-Cascaded Block Ram (cascade_height = 1) of width 36 for RAM "mem_dual__parameterized1:/mem_reg"
INFO: [Synth 8-7030] Implemented Non-Cascaded Block Ram (cascade_height = 1) of width 36 for RAM "mem_dual__parameterized1:/mem_reg"
INFO: [Synth 8-7030] Implemented Non-Cascaded Block Ram (cascade_height = 1) of width 20 for RAM "mem_dual__parameterized1:/mem_reg"
INFO: [Synth 8-3971] The signal "mem_dual__parameterized1:/mem_reg" was recognized as a true dual port RAM template.
INFO: [Synth 8-7082] The signal mem_reg is implemented as Block RAM but is better mapped onto distributed LUT RAM for the following reason(s): The depth (4 address bits) is shallow. Please use attribute (* ram_style = "distributed" *) to instruct Vivado to infer distributed LUT RAM.
INFO: [Synth 8-7030] Implemented Non-Cascaded Block Ram (cascade_height = 1) of width 24 for RAM "mem_dual__parameterized2:/mem_reg"
INFO: [Synth 8-3971] The signal "mem_dual__parameterized2:/mem_reg" was recognized as a true dual port RAM template.
INFO: [Synth 8-7030] Implemented Non-Cascaded Block Ram (cascade_height = 1) of width 15 for RAM "mem_single__parameterized0:/mem_reg"
INFO: [Synth 8-7030] Implemented Non-Cascaded Block Ram (cascade_height = 1) of width 32 for RAM "mem_dual__parameterized3:/mem_reg"
INFO: [Synth 8-3971] The signal "mem_dual__parameterized3:/mem_reg" was recognized as a true dual port RAM template.
WARNING: [Synth 8-327] inferring latch for variable 'wren_1_reg' [d:/University/251/DA/wrapper/wrapper.gen/sources_1/bd/SoC/ipshared/1e43/src/onegen_ct.v:155]
WARNING: [Synth 8-327] inferring latch for variable 'init_reg' [d:/University/251/DA/wrapper/wrapper.gen/sources_1/bd/SoC/ipshared/1e43/src/onegen_ct.v:363]
WARNING: [Synth 8-327] inferring latch for variable 'rd_en_reg' [d:/University/251/DA/wrapper/wrapper.gen/sources_1/bd/SoC/ipshared/1e43/src/onegen_ct.v:364]
WARNING: [Synth 8-327] inferring latch for variable 'reading_out_reg' [d:/University/251/DA/wrapper/wrapper.gen/sources_1/bd/SoC/ipshared/1e43/src/onegen_ct.v:161]
WARNING: [Synth 8-327] inferring latch for variable 'wren_0_reg' [d:/University/251/DA/wrapper/wrapper.gen/sources_1/bd/SoC/ipshared/1e43/src/onegen_ct.v:154]
---------------------------------------------------------------------------------------------------
                   State |                     New Encoding |                Previous Encoding 
---------------------------------------------------------------------------------------------------
                 iSTATE3 |                        000000001 |                             0000
                 iSTATE1 |                        000000010 |                             0010
                 iSTATE0 |                        000000100 |                             0011
                  iSTATE |                        000001000 |                             0100
                 iSTATE4 |                        000010000 |                             0111
                 iSTATE6 |                        000100000 |                             1000
                 iSTATE5 |                        001000000 |                             1001
                 iSTATE2 |                        010000000 |                             1010
*
                 iSTATE7 |                        100000000 |                             0101
---------------------------------------------------------------------------------------------------
INFO: [Synth 8-3354] encoded FSM with state register 'state_shake_reg' using encoding 'one-hot' in module 'fixed_weight_ct'
---------------------------------------------------------------------------------------------------
                   State |                     New Encoding |                Previous Encoding 
---------------------------------------------------------------------------------------------------
                 iSTATE4 |                              000 |                            00000
                  iSTATE |                              001 |                            00001
                 iSTATE0 |                              010 |                            00010
                 iSTATE1 |                              011 |                            00011
                 iSTATE2 |                              100 |                            00110
                 iSTATE3 |                              101 |                            00101
*
---------------------------------------------------------------------------------------------------
INFO: [Synth 8-3354] encoded FSM with state register 'ctx_state_reg' using encoding 'sequential' in module 'fixed_weight_ct'
WARNING: [Synth 8-327] inferring latch for variable 'squeeze_ctrl_reg' [d:/University/251/DA/wrapper/wrapper.gen/sources_1/bd/SoC/ipshared/1e43/src/fixed_weight_ct.v:723]
WARNING: [Synth 8-327] inferring latch for variable 'shake_input_type_reg' [d:/University/251/DA/wrapper/wrapper.gen/sources_1/bd/SoC/ipshared/1e43/src/fixed_weight_ct.v:189]
WARNING: [Synth 8-327] inferring latch for variable 'init_mem_onegen_reg' [d:/University/251/DA/wrapper/wrapper.gen/sources_1/bd/SoC/ipshared/1e43/src/fixed_weight_ct.v:306]
WARNING: [Synth 8-327] inferring latch for variable 'decrease_weight_count_reg' [d:/University/251/DA/wrapper/wrapper.gen/sources_1/bd/SoC/ipshared/1e43/src/fixed_weight_ct.v:726]
WARNING: [Synth 8-327] inferring latch for variable 'weight_counter_init_reg' [d:/University/251/DA/wrapper/wrapper.gen/sources_1/bd/SoC/ipshared/1e43/src/fixed_weight_ct.v:725]
WARNING: [Synth 8-327] inferring latch for variable 'sel_ctx_reg' [d:/University/251/DA/wrapper/wrapper.gen/sources_1/bd/SoC/ipshared/1e43/src/fixed_weight_ct.v:222]
---------------------------------------------------------------------------------------------------
                   State |                     New Encoding |                Previous Encoding 
---------------------------------------------------------------------------------------------------
                  iSTATE |                               00 |                             0000
                 iSTATE1 |                               01 |                             0001
                 iSTATE0 |                               10 |                             0010
*
---------------------------------------------------------------------------------------------------
INFO: [Synth 8-3354] encoded FSM with state register 'pk_state_reg' using encoding 'sequential' in module 'vect_set_random'
WARNING: [Synth 8-327] inferring latch for variable 'shake_input_type_reg' [d:/University/251/DA/wrapper/wrapper.gen/sources_1/bd/SoC/ipshared/1e43/src/vect_set_random.v:125]
---------------------------------------------------------------------------------------------------
                   State |                     New Encoding |                Previous Encoding 
---------------------------------------------------------------------------------------------------
                 iSTATE1 |                               00 |                               00
                 iSTATE0 |                               01 |                               01
*
                  iSTATE |                               10 |                               10
---------------------------------------------------------------------------------------------------
INFO: [Synth 8-3354] encoded FSM with state register 'inter_mem_wr_delay_reg' using encoding 'sequential' in module 'poly_mult'
---------------------------------------------------------------------------------------------------
                   State |                     New Encoding |                Previous Encoding 
---------------------------------------------------------------------------------------------------
                  iSTATE |                              000 |                             0000
                 iSTATE0 |                              001 |                             0001
                 iSTATE5 |                              010 |                             0011
                 iSTATE2 |                              011 |                             0100
                 iSTATE3 |                              100 |                             0010
                 iSTATE4 |                              101 |                             0101
*
---------------------------------------------------------------------------------------------------
INFO: [Synth 8-3354] encoded FSM with state register 'state_reg' using encoding 'sequential' in module 'poly_mult'
---------------------------------------------------------------------------------------------------
                   State |                     New Encoding |                Previous Encoding 
---------------------------------------------------------------------------------------------------
                  iSTATE |                               00 |                             0000
                 iSTATE0 |                               01 |                             0001
                 iSTATE2 |                               10 |                             0010
*
                 iSTATE1 |                               11 |                             0011
---------------------------------------------------------------------------------------------------
INFO: [Synth 8-3354] encoded FSM with state register 'state_reg' using encoding 'sequential' in module 'loc_based_adder'
---------------------------------------------------------------------------------------------------
                   State |                     New Encoding |                Previous Encoding 
---------------------------------------------------------------------------------------------------
                 iSTATE0 |                              001 |                             0000
                 iSTATE1 |                              010 |                             0001
                  iSTATE |                              100 |                             0010
*
---------------------------------------------------------------------------------------------------
INFO: [Synth 8-3354] encoded FSM with state register 'trx_state_reg' using encoding 'one-hot' in module 'keygen'
---------------------------------------------------------------------------------------------------
                   State |                     New Encoding |                Previous Encoding 
---------------------------------------------------------------------------------------------------
                 iSTATE3 |                        000000001 |                             0000
                 iSTATE2 |                        000000010 |                             0001
                 iSTATE5 |                        000000100 |                             1000
                 iSTATE1 |                        000001000 |                             0010
                 iSTATE0 |                        000010000 |                             0011
                  iSTATE |                        000100000 |                             0100
                 iSTATE7 |                        001000000 |                             0101
                 iSTATE6 |                        010000000 |                             0110
*
                 iSTATE4 |                        100000000 |                             0111
---------------------------------------------------------------------------------------------------
INFO: [Synth 8-3354] encoded FSM with state register 'state_reg' using encoding 'one-hot' in module 'keygen'
WARNING: [Synth 8-327] inferring latch for variable 'start_x_transfer_reg' [d:/University/251/DA/wrapper/wrapper.gen/sources_1/bd/SoC/ipshared/1e43/src/keygen.v:587]
WARNING: [Synth 8-327] inferring latch for variable 'sel_fw_reg' [d:/University/251/DA/wrapper/wrapper.gen/sources_1/bd/SoC/ipshared/1e43/src/keygen.v:207]
WARNING: [Synth 8-327] inferring latch for variable 'start_poly_mult_reg' [d:/University/251/DA/wrapper/wrapper.gen/sources_1/bd/SoC/ipshared/1e43/src/keygen.v:373]
WARNING: [Synth 8-327] inferring latch for variable 'start_fw_reg' [d:/University/251/DA/wrapper/wrapper.gen/sources_1/bd/SoC/ipshared/1e43/src/keygen.v:257]
WARNING: [Synth 8-327] inferring latch for variable 'sel_x_reg' [d:/University/251/DA/wrapper/wrapper.gen/sources_1/bd/SoC/ipshared/1e43/src/keygen.v:220]
WARNING: [Synth 8-327] inferring latch for variable 'start_adder_reg' [d:/University/251/DA/wrapper/wrapper.gen/sources_1/bd/SoC/ipshared/1e43/src/keygen.v:416]
INFO: [Synth 8-7030] Implemented Non-Cascaded Block Ram (cascade_height = 1) of width 24 for RAM "mem_dual__parameterized4:/mem_reg"
INFO: [Synth 8-3971] The signal "mem_dual__parameterized4:/mem_reg" was recognized as a true dual port RAM template.
INFO: [Synth 8-7030] Implemented Non-Cascaded Block Ram (cascade_height = 1) of width 15 for RAM "mem_single__parameterized1:/mem_reg"
WARNING: [Synth 8-327] inferring latch for variable 'wren_1_reg' [d:/University/251/DA/wrapper/wrapper.gen/sources_1/bd/SoC/ipshared/1e43/src/onegen_ct.v:155]
WARNING: [Synth 8-327] inferring latch for variable 'init_reg' [d:/University/251/DA/wrapper/wrapper.gen/sources_1/bd/SoC/ipshared/1e43/src/onegen_ct.v:363]
WARNING: [Synth 8-327] inferring latch for variable 'rd_en_reg' [d:/University/251/DA/wrapper/wrapper.gen/sources_1/bd/SoC/ipshared/1e43/src/onegen_ct.v:364]
WARNING: [Synth 8-327] inferring latch for variable 'reading_out_reg' [d:/University/251/DA/wrapper/wrapper.gen/sources_1/bd/SoC/ipshared/1e43/src/onegen_ct.v:161]
WARNING: [Synth 8-327] inferring latch for variable 'wren_0_reg' [d:/University/251/DA/wrapper/wrapper.gen/sources_1/bd/SoC/ipshared/1e43/src/onegen_ct.v:154]
---------------------------------------------------------------------------------------------------
                   State |                     New Encoding |                Previous Encoding 
---------------------------------------------------------------------------------------------------
                 iSTATE3 |                        000000001 |                             0000
                 iSTATE1 |                        000000010 |                             0010
                 iSTATE0 |                        000000100 |                             0011
                  iSTATE |                        000001000 |                             0100
                 iSTATE4 |                        000010000 |                             0111
                 iSTATE6 |                        000100000 |                             1000
                 iSTATE5 |                        001000000 |                             1001
                 iSTATE2 |                        010000000 |                             1010
*
                 iSTATE7 |                        100000000 |                             0101
---------------------------------------------------------------------------------------------------
INFO: [Synth 8-3354] encoded FSM with state register 'state_shake_reg' using encoding 'one-hot' in module 'fixed_weight_ct__parameterized0'
---------------------------------------------------------------------------------------------------
                   State |                     New Encoding |                Previous Encoding 
---------------------------------------------------------------------------------------------------
                 iSTATE4 |                              000 |                            00000
                  iSTATE |                              001 |                            00001
                 iSTATE0 |                              010 |                            00010
                 iSTATE1 |                              011 |                            00011
                 iSTATE2 |                              100 |                            00110
                 iSTATE3 |                              101 |                            00101
*
---------------------------------------------------------------------------------------------------
INFO: [Synth 8-3354] encoded FSM with state register 'ctx_state_reg' using encoding 'sequential' in module 'fixed_weight_ct__parameterized0'
WARNING: [Synth 8-327] inferring latch for variable 'squeeze_ctrl_reg' [d:/University/251/DA/wrapper/wrapper.gen/sources_1/bd/SoC/ipshared/1e43/src/fixed_weight_ct.v:723]
WARNING: [Synth 8-327] inferring latch for variable 'shake_input_type_reg' [d:/University/251/DA/wrapper/wrapper.gen/sources_1/bd/SoC/ipshared/1e43/src/fixed_weight_ct.v:189]
WARNING: [Synth 8-327] inferring latch for variable 'init_mem_onegen_reg' [d:/University/251/DA/wrapper/wrapper.gen/sources_1/bd/SoC/ipshared/1e43/src/fixed_weight_ct.v:306]
WARNING: [Synth 8-327] inferring latch for variable 'decrease_weight_count_reg' [d:/University/251/DA/wrapper/wrapper.gen/sources_1/bd/SoC/ipshared/1e43/src/fixed_weight_ct.v:726]
WARNING: [Synth 8-327] inferring latch for variable 'weight_counter_init_reg' [d:/University/251/DA/wrapper/wrapper.gen/sources_1/bd/SoC/ipshared/1e43/src/fixed_weight_ct.v:725]
WARNING: [Synth 8-327] inferring latch for variable 'sel_ctx_reg' [d:/University/251/DA/wrapper/wrapper.gen/sources_1/bd/SoC/ipshared/1e43/src/fixed_weight_ct.v:222]
---------------------------------------------------------------------------------------------------
                   State |                     New Encoding |                Previous Encoding 
---------------------------------------------------------------------------------------------------
                 iSTATE2 |                             0001 |                             0000
                 iSTATE1 |                             0010 |                             0001
                 iSTATE0 |                             0100 |                             0010
                  iSTATE |                             1000 |                             0011
*
---------------------------------------------------------------------------------------------------
INFO: [Synth 8-3354] encoded FSM with state register 'state_reg' using encoding 'one-hot' in module 'reed_solomon_encode'
WARNING: [Synth 8-327] inferring latch for variable 'capture_cdw_reg' [d:/University/251/DA/wrapper/wrapper.gen/sources_1/bd/SoC/ipshared/1e43/src/reed_solomon_encode.v:193]
---------------------------------------------------------------------------------------------------
                   State |                     New Encoding |                Previous Encoding 
---------------------------------------------------------------------------------------------------
                  iSTATE |                              001 |                             0000
                 iSTATE0 |                              010 |                             0001
                 iSTATE1 |                              100 |                             0011
*
---------------------------------------------------------------------------------------------------
INFO: [Synth 8-3354] encoded FSM with state register 'state_reg' using encoding 'one-hot' in module 'reed_muller_encode'
---------------------------------------------------------------------------------------------------
                   State |                     New Encoding |                Previous Encoding 
---------------------------------------------------------------------------------------------------
                  iSTATE |                               00 |                             0000
                 iSTATE0 |                               01 |                             0001
                 iSTATE2 |                               10 |                             0010
*
                 iSTATE1 |                               11 |                             0011
---------------------------------------------------------------------------------------------------
INFO: [Synth 8-3354] encoded FSM with state register 'state_reg' using encoding 'sequential' in module 'loc_based_adder__parameterized0'
---------------------------------------------------------------------------------------------------
                   State |                     New Encoding |                Previous Encoding 
---------------------------------------------------------------------------------------------------
                  iSTATE |                              001 |                             0000
                 iSTATE0 |                              010 |                             0001
                 iSTATE1 |                              100 |                             0010
*
---------------------------------------------------------------------------------------------------
INFO: [Synth 8-3354] encoded FSM with state register 'state_reg' using encoding 'one-hot' in module 'xor_based_adder'
---------------------------------------------------------------------------------------------------
                   State |                     New Encoding |                Previous Encoding 
---------------------------------------------------------------------------------------------------
                 iSTATE0 |                              001 |                             0000
                 iSTATE1 |                              010 |                             0001
                  iSTATE |                              100 |                             0010
*
---------------------------------------------------------------------------------------------------
INFO: [Synth 8-3354] encoded FSM with state register 'trx_state_reg' using encoding 'one-hot' in module 'encrypt'
---------------------------------------------------------------------------------------------------
                   State |                     New Encoding |                Previous Encoding 
---------------------------------------------------------------------------------------------------
                  iSTATE |                              000 |                             0000
                 iSTATE0 |                              001 |                             0001
                 iSTATE1 |                              010 |                             0101
                 iSTATE2 |                              011 |                             0010
                 iSTATE3 |                              100 |                             0110
                 iSTATE4 |                              101 |                             0011
                 iSTATE5 |                              110 |                             0100
*
---------------------------------------------------------------------------------------------------
INFO: [Synth 8-3354] encoded FSM with state register 'state_reg' using encoding 'sequential' in module 'encrypt'
---------------------------------------------------------------------------------------------------
                   State |                     New Encoding |                Previous Encoding 
---------------------------------------------------------------------------------------------------
                 iSTATE0 |                               00 |                             0000
                 iSTATE1 |                               01 |                             0001
                 iSTATE2 |                               10 |                             0010
                  iSTATE |                               11 |                             0011
*
---------------------------------------------------------------------------------------------------
INFO: [Synth 8-3354] encoded FSM with state register 'u_state_reg' using encoding 'sequential' in module 'encrypt'
---------------------------------------------------------------------------------------------------
                   State |                     New Encoding |                Previous Encoding 
---------------------------------------------------------------------------------------------------
                 iSTATE0 |                               00 |                             0000
                 iSTATE1 |                               01 |                             0001
                 iSTATE2 |                               10 |                             0010
                  iSTATE |                               11 |                             0011
*
---------------------------------------------------------------------------------------------------
INFO: [Synth 8-3354] encoded FSM with state register 'v_state_reg' using encoding 'sequential' in module 'encrypt'
WARNING: [Synth 8-327] inferring latch for variable 'start_adder_r1r2h_reg' [d:/University/251/DA/wrapper/wrapper.gen/sources_1/bd/SoC/ipshared/1e43/src/encrypt.v:466]
WARNING: [Synth 8-327] inferring latch for variable 'start_adder_mG_reg' [d:/University/251/DA/wrapper/wrapper.gen/sources_1/bd/SoC/ipshared/1e43/src/encrypt.v:504]
WARNING: [Synth 8-327] inferring latch for variable 'sel_fw_reg' [d:/University/251/DA/wrapper/wrapper.gen/sources_1/bd/SoC/ipshared/1e43/src/encrypt.v:180]
INFO: [Synth 8-7082] The signal mem_reg is implemented as Block RAM but is better mapped onto distributed LUT RAM for the following reason(s): The depth (2 address bits) is shallow. Please use attribute (* ram_style = "distributed" *) to instruct Vivado to infer distributed LUT RAM.
INFO: [Synth 8-7082] The signal mem_reg is implemented as Block RAM but is better mapped onto distributed LUT RAM for the following reason(s): The depth (4 address bits) is shallow. Please use attribute (* ram_style = "distributed" *) to instruct Vivado to infer distributed LUT RAM.
INFO: [Synth 8-7030] Implemented Non-Cascaded Block Ram (cascade_height = 1) of width 18 for RAM "mem_single__parameterized6:/mem_reg"
INFO: [Synth 8-7030] Implemented Non-Cascaded Block Ram (cascade_height = 1) of width 14 for RAM "mem_single__parameterized6:/mem_reg"
---------------------------------------------------------------------------------------------------
                   State |                     New Encoding |                Previous Encoding 
---------------------------------------------------------------------------------------------------
                iSTATE12 |      000000000000000000000000001 |                            00000
                 iSTATE6 |      000000000000000000000000010 |                            00010
                 iSTATE8 |      000000000000000000000000100 |                            00001
                 iSTATE4 |      000000000000000000000001000 |                            00011
                iSTATE24 |      000000000000000000000010000 |                            00100
                iSTATE23 |      000000000000000000000100000 |                            00101
                iSTATE17 |      000000000000000000001000000 |                            00110
                iSTATE16 |      000000000000000000010000000 |                            11000
                iSTATE15 |      000000000000000000100000000 |                            00111
                iSTATE22 |      000000000000000001000000000 |                            01000
                iSTATE20 |      000000000000000010000000000 |                            01001
                iSTATE14 |      000000000000000100000000000 |                            01010
                iSTATE10 |      000000000000001000000000000 |                            01011
                 iSTATE1 |      000000000000010000000000000 |                            01100
                 iSTATE0 |      000000000000100000000000000 |                            01101
                iSTATE13 |      000000000001000000000000000 |                            11001
                  iSTATE |      000000000010000000000000000 |                            01110
                 iSTATE7 |      000000000100000000000000000 |                            10000
                iSTATE25 |      000000001000000000000000000 |                            01111
                iSTATE21 |      000000010000000000000000000 |                            10100
                 iSTATE5 |      000000100000000000000000000 |                            10001
                 iSTATE2 |      000001000000000000000000000 |                            10011
                 iSTATE3 |      000010000000000000000000000 |                            10010
                iSTATE18 |      000100000000000000000000000 |                            10101
                iSTATE11 |      001000000000000000000000000 |                            10110
                 iSTATE9 |      010000000000000000000000000 |                            10111
                iSTATE19 |      100000000000000000000000000 |                            11111
*
---------------------------------------------------------------------------------------------------
INFO: [Synth 8-3354] encoded FSM with state register 'state_reg' using encoding 'one-hot' in module 'encap'
---------------------------------------------------------------------------------------------------
                   State |                     New Encoding |                Previous Encoding 
---------------------------------------------------------------------------------------------------
                 iSTATE4 |                           000001 |                             0000
                  iSTATE |                           000010 |                             0001
                 iSTATE0 |                           000100 |                             0010
                 iSTATE1 |                           001000 |                             0011
                 iSTATE2 |                           010000 |                             0100
                 iSTATE3 |                           100000 |                             0101
*
---------------------------------------------------------------------------------------------------
INFO: [Synth 8-3354] encoded FSM with state register 'h_state_reg' using encoding 'one-hot' in module 'encap'
WARNING: [Synth 8-327] inferring latch for variable 'cap_uv_reg' [d:/University/251/DA/wrapper/wrapper.gen/sources_1/bd/SoC/ipshared/1e43/src/encap.v:1109]
WARNING: [Synth 8-327] inferring latch for variable 'start_hash_reg' [d:/University/251/DA/wrapper/wrapper.gen/sources_1/bd/SoC/ipshared/1e43/src/encap.v:1102]
WARNING: [Synth 8-327] inferring latch for variable 'start_encrypt_reg' [d:/University/251/DA/wrapper/wrapper.gen/sources_1/bd/SoC/ipshared/1e43/src/encap.v:413]
WARNING: [Synth 8-327] inferring latch for variable 'init_msg_in_reg' [d:/University/251/DA/wrapper/wrapper.gen/sources_1/bd/SoC/ipshared/1e43/src/encap.v:1105]
WARNING: [Synth 8-327] inferring latch for variable 'shift_msg_in_reg' [d:/University/251/DA/wrapper/wrapper.gen/sources_1/bd/SoC/ipshared/1e43/src/encap.v:1106]
WARNING: [Synth 8-327] inferring latch for variable 'theta_wen_reg' [d:/University/251/DA/wrapper/wrapper.gen/sources_1/bd/SoC/ipshared/1e43/src/encap.v:417]
WARNING: [Synth 8-327] inferring latch for variable 'd_wen_reg' [d:/University/251/DA/wrapper/wrapper.gen/sources_1/bd/SoC/ipshared/1e43/src/encap.v:293]
WARNING: [Synth 8-327] inferring latch for variable 'shift_uv_reg' [d:/University/251/DA/wrapper/wrapper.gen/sources_1/bd/SoC/ipshared/1e43/src/encap.v:1110]
WARNING: [Synth 8-327] inferring latch for variable 'last_block_capture_reg' [d:/University/251/DA/wrapper/wrapper.gen/sources_1/bd/SoC/ipshared/1e43/src/encap.v:1112]
WARNING: [Synth 8-327] inferring latch for variable 'block_capture_reg' [d:/University/251/DA/wrapper/wrapper.gen/sources_1/bd/SoC/ipshared/1e43/src/encap.v:1111]
WARNING: [Synth 8-327] inferring latch for variable 'shake_in_type_reg' [d:/University/251/DA/wrapper/wrapper.gen/sources_1/bd/SoC/ipshared/1e43/src/encap.v:1101]
WARNING: [Synth 8-327] inferring latch for variable 'hash_mem_wen_reg' [d:/University/251/DA/wrapper/wrapper.gen/sources_1/bd/SoC/ipshared/1e43/src/encap.v:545]
---------------------------------------------------------------------------------------------------
                   State |                     New Encoding |                Previous Encoding 
---------------------------------------------------------------------------------------------------
                 iSTATE0 |                               00 |                             0000
                 iSTATE1 |                               01 |                             0001
                 iSTATE2 |                               10 |                             0010
                  iSTATE |                               11 |                             0011
*
---------------------------------------------------------------------------------------------------
INFO: [Synth 8-3354] encoded FSM with state register 'state_reg' using encoding 'sequential' in module 'v_minus_uy'
INFO: [Synth 8-6904] The RAM "syncfifo:/fifo_reg" of size (depth=32 x width=4) is automatically implemented using LUTRAM. BRAM implementation would be inefficient 
INFO: [Synth 8-6904] The RAM "syncfifo__parameterized0:/fifo_reg" of size (depth=32 x width=5) is automatically implemented using LUTRAM. BRAM implementation would be inefficient 
INFO: [Synth 8-6904] The RAM "syncfifo__parameterized1:/fifo_reg" of size (depth=32 x width=6) is automatically implemented using LUTRAM. BRAM implementation would be inefficient 
INFO: [Synth 8-6904] The RAM "syncfifo__parameterized2:/fifo_reg" of size (depth=32 x width=7) is automatically implemented using LUTRAM. BRAM implementation would be inefficient 
INFO: [Synth 8-6904] The RAM "syncfifo__parameterized3:/fifo_reg" of size (depth=32 x width=8) is automatically implemented using LUTRAM. BRAM implementation would be inefficient 
INFO: [Synth 8-6904] The RAM "syncfifo__parameterized4:/fifo_reg" of size (depth=32 x width=9) is automatically implemented using LUTRAM. BRAM implementation would be inefficient 
INFO: [Synth 8-6904] The RAM "syncfifo__parameterized5:/fifo_reg" of size (depth=32 x width=10) is automatically implemented using LUTRAM. BRAM implementation would be inefficient 
INFO: [Synth 8-6904] The RAM "syncfifo__parameterized6:/fifo_reg" of size (depth=16 x width=8) is automatically implemented using LUTRAM. BRAM implementation would be inefficient 
INFO: [Synth 8-6904] The RAM "syncfifo__parameterized7:/fifo_reg" of size (depth=64 x width=8) is automatically implemented using LUTRAM. BRAM implementation would be inefficient 
INFO: [Synth 8-6904] The RAM "syncfifo__parameterized8:/fifo_reg" of size (depth=128 x width=8) is automatically implemented using LUTRAM. BRAM implementation would be inefficient 
INFO: [Synth 8-6904] The RAM "hqc_rsdecod_roots:/mem_reg" of size (depth=256 x width=8) is automatically implemented using LUTRAM. BRAM implementation would be inefficient 
INFO: [Synth 8-6904] The RAM "hqc_rsdecod_err_val:/e_j_reg" of size (depth=15 x width=8) is automatically implemented using LUTRAM. BRAM implementation would be inefficient 
INFO: [Synth 8-6904] The RAM "hqc_rsdecod_err_val:/beta_j_reg" of size (depth=15 x width=8) is automatically implemented using LUTRAM. BRAM implementation would be inefficient 
---------------------------------------------------------------------------------------------------
                   State |                     New Encoding |                Previous Encoding 
---------------------------------------------------------------------------------------------------
                  iSTATE |                             0000 |                            00000
                 iSTATE9 |                             0001 |                            00001
                 iSTATE7 |                             0010 |                            00010
                 iSTATE5 |                             0011 |                            00011
                 iSTATE6 |                             0100 |                            00100
                 iSTATE4 |                             0101 |                            00101
                 iSTATE2 |                             0110 |                            00110
                 iSTATE1 |                             0111 |                            00111
                 iSTATE3 |                             1000 |                            01000
                 iSTATE0 |                             1001 |                            01001
                 iSTATE8 |                             1010 |                            01010
*
---------------------------------------------------------------------------------------------------
INFO: [Synth 8-3354] encoded FSM with state register 'state_reg' using encoding 'sequential' in module 'decap'
---------------------------------------------------------------------------------------------------
                   State |                     New Encoding |                Previous Encoding 
---------------------------------------------------------------------------------------------------
        s_command_header |                             0000 |                             0000
           s_read_length |                             0001 |                             0001
           s_absorb_data |                             0010 |                             0011
               s_process |                             0011 |                             0101
      s_absorb_pad_block |                             0100 |                             0100
               s_squeeze |                             0101 |                             0110
      s_prep_add_squeeze |                             0110 |                             0010
               s_stall_0 |                             0111 |                             1000
         s_squeeze_extra |                             1000 |                             0111
---------------------------------------------------------------------------------------------------
INFO: [Synth 8-3354] encoded FSM with state register 'current_state_reg' using encoding 'sequential' in module 'control_path'
WARNING: [Synth 8-327] inferring latch for variable 'din_ready_internal_reg' [d:/University/251/DA/wrapper/wrapper.gen/sources_1/bd/SoC/ipshared/1e43/src/control_path.v:1308]
WARNING: [Synth 8-327] inferring latch for variable 'dout_valid_reg' [d:/University/251/DA/wrapper/wrapper.gen/sources_1/bd/SoC/ipshared/1e43/src/control_path.v:1309]
WARNING: [Synth 8-327] inferring latch for variable 'computation_en_reg' [d:/University/251/DA/wrapper/wrapper.gen/sources_1/bd/SoC/ipshared/1e43/src/control_path.v:1336]
WARNING: [Synth 8-327] inferring latch for variable 'counter_ctrl_reg' [d:/University/251/DA/wrapper/wrapper.gen/sources_1/bd/SoC/ipshared/1e43/src/control_path.v:1342]
WARNING: [Synth 8-327] inferring latch for variable 'start_addr_reg' [d:/University/251/DA/wrapper/wrapper.gen/sources_1/bd/SoC/ipshared/1e43/src/control_path.v:1348]
WARNING: [Synth 8-327] inferring latch for variable 'din_padded_reg' [d:/University/251/DA/wrapper/wrapper.gen/sources_1/bd/SoC/ipshared/1e43/src/control_path.v:1357]
WARNING: [Synth 8-327] inferring latch for variable 'absorb_data_reg' [d:/University/251/DA/wrapper/wrapper.gen/sources_1/bd/SoC/ipshared/1e43/src/control_path.v:1330]
WARNING: [Synth 8-327] inferring latch for variable 'to_be_read_reg' [d:/University/251/DA/wrapper/wrapper.gen/sources_1/bd/SoC/ipshared/1e43/src/control_path.v:1351]
WARNING: [Synth 8-327] inferring latch for variable 'cshake_reg' [d:/University/251/DA/wrapper/wrapper.gen/sources_1/bd/SoC/ipshared/1e43/src/control_path.v:1312]
WARNING: [Synth 8-327] inferring latch for variable 'mux256_internal_reg' [d:/University/251/DA/wrapper/wrapper.gen/sources_1/bd/SoC/ipshared/1e43/src/control_path.v:1313]
WARNING: [Synth 8-327] inferring latch for variable 'rate_reg' [d:/University/251/DA/wrapper/wrapper.gen/sources_1/bd/SoC/ipshared/1e43/src/control_path.v:1315]
WARNING: [Synth 8-327] inferring latch for variable 'max_reads_count_reg' [d:/University/251/DA/wrapper/wrapper.gen/sources_1/bd/SoC/ipshared/1e43/src/control_path.v:1316]
WARNING: [Synth 8-327] inferring latch for variable 'bof_internal_reg' [d:/University/251/DA/wrapper/wrapper.gen/sources_1/bd/SoC/ipshared/1e43/src/control_path.v:1325]
WARNING: [Synth 8-327] inferring latch for variable 'eof_internal_reg' [d:/University/251/DA/wrapper/wrapper.gen/sources_1/bd/SoC/ipshared/1e43/src/control_path.v:1326]
WARNING: [Synth 8-327] inferring latch for variable 'extra_pad_reg' [d:/University/251/DA/wrapper/wrapper.gen/sources_1/bd/SoC/ipshared/1e43/src/control_path.v:1333]
WARNING: [Synth 8-327] inferring latch for variable 'requested_bytes_reg' [d:/University/251/DA/wrapper/wrapper.gen/sources_1/bd/SoC/ipshared/1e43/src/control_path.v:1345]
WARNING: [Synth 8-327] inferring latch for variable 'prev_start_addr_reg' [d:/University/251/DA/wrapper/wrapper.gen/sources_1/bd/SoC/ipshared/1e43/src/control_path.v:2121]
WARNING: [Synth 8-327] inferring latch for variable 'to_be_absorbed_reg' [d:/University/251/DA/wrapper/wrapper.gen/sources_1/bd/SoC/ipshared/1e43/src/control_path.v:1353]
WARNING: [Synth 8-327] inferring latch for variable 'data_length_reg' [d:/University/251/DA/wrapper/wrapper.gen/sources_1/bd/SoC/ipshared/1e43/src/control_path.v:1354]
WARNING: [Synth 8-327] inferring latch for variable 'din_save_reg' [d:/University/251/DA/wrapper/wrapper.gen/sources_1/bd/SoC/ipshared/1e43/src/control_path.v:1358]
INFO: [Synth 8-6904] The RAM "stateram_inference:/ram_low_reg" of size (depth=2 x width=32) is automatically implemented using LUTRAM. BRAM implementation would be inefficient 
INFO: [Synth 8-6904] The RAM "stateram_inference__parameterized0:/ram_high_reg" of size (depth=2 x width=12) is automatically implemented using LUTRAM. BRAM implementation would be inefficient 
INFO: [Synth 8-6904] The RAM "stateram_inference__parameterized0:/ram_low_reg" of size (depth=2 x width=20) is automatically implemented using LUTRAM. BRAM implementation would be inefficient 
INFO: [Synth 8-6904] The RAM "stateram_inference__parameterized1:/ram_high_reg" of size (depth=2 x width=11) is automatically implemented using LUTRAM. BRAM implementation would be inefficient 
INFO: [Synth 8-6904] The RAM "stateram_inference__parameterized1:/ram_low_reg" of size (depth=2 x width=21) is automatically implemented using LUTRAM. BRAM implementation would be inefficient 
INFO: [Synth 8-6904] The RAM "stateram_inference__parameterized2:/ram_high_reg" of size (depth=2 x width=21) is automatically implemented using LUTRAM. BRAM implementation would be inefficient 
INFO: [Synth 8-6904] The RAM "stateram_inference__parameterized2:/ram_low_reg" of size (depth=2 x width=11) is automatically implemented using LUTRAM. BRAM implementation would be inefficient 
INFO: [Synth 8-6904] The RAM "stateram_inference__parameterized3:/ram_high_reg" of size (depth=2 x width=14) is automatically implemented using LUTRAM. BRAM implementation would be inefficient 
INFO: [Synth 8-6904] The RAM "stateram_inference__parameterized3:/ram_low_reg" of size (depth=2 x width=18) is automatically implemented using LUTRAM. BRAM implementation would be inefficient 
INFO: [Synth 8-6904] The RAM "stateram_inference__parameterized4:/ram_high_reg" of size (depth=2 x width=28) is automatically implemented using LUTRAM. BRAM implementation would be inefficient 
INFO: [Synth 8-6904] The RAM "stateram_inference__parameterized4:/ram_low_reg" of size (depth=2 x width=4) is automatically implemented using LUTRAM. BRAM implementation would be inefficient 
INFO: [Synth 8-6904] The RAM "stateram_inference__parameterized5:/ram_high_reg" of size (depth=2 x width=20) is automatically implemented using LUTRAM. BRAM implementation would be inefficient 
INFO: [Synth 8-6904] The RAM "stateram_inference__parameterized5:/ram_low_reg" of size (depth=2 x width=12) is automatically implemented using LUTRAM. BRAM implementation would be inefficient 
INFO: [Synth 8-6904] The RAM "stateram_inference__parameterized6:/ram_high_reg" of size (depth=2 x width=3) is automatically implemented using LUTRAM. BRAM implementation would be inefficient 
INFO: [Synth 8-6904] The RAM "stateram_inference__parameterized6:/ram_low_reg" of size (depth=2 x width=29) is automatically implemented using LUTRAM. BRAM implementation would be inefficient 
INFO: [Synth 8-6904] The RAM "stateram_inference__parameterized7:/ram_high_reg" of size (depth=2 x width=13) is automatically implemented using LUTRAM. BRAM implementation would be inefficient 
INFO: [Synth 8-6904] The RAM "stateram_inference__parameterized7:/ram_low_reg" of size (depth=2 x width=19) is automatically implemented using LUTRAM. BRAM implementation would be inefficient 
INFO: [Synth 8-6904] The RAM "stateram_inference__parameterized8:/ram_high_reg" of size (depth=2 x width=29) is automatically implemented using LUTRAM. BRAM implementation would be inefficient 
INFO: [Synth 8-6904] The RAM "stateram_inference__parameterized8:/ram_low_reg" of size (depth=2 x width=3) is automatically implemented using LUTRAM. BRAM implementation would be inefficient 
INFO: [Synth 8-6904] The RAM "stateram_inference__parameterized9:/ram_high_reg" of size (depth=2 x width=1) is automatically implemented using LUTRAM. BRAM implementation would be inefficient 
INFO: [Synth 8-6904] The RAM "stateram_inference__parameterized9:/ram_low_reg" of size (depth=2 x width=31) is automatically implemented using LUTRAM. BRAM implementation would be inefficient 
INFO: [Synth 8-6904] The RAM "stateram_inference__parameterized10:/ram_high_reg" of size (depth=2 x width=6) is automatically implemented using LUTRAM. BRAM implementation would be inefficient 
INFO: [Synth 8-6904] The RAM "stateram_inference__parameterized10:/ram_low_reg" of size (depth=2 x width=26) is automatically implemented using LUTRAM. BRAM implementation would be inefficient 
INFO: [Synth 8-6904] The RAM "stateram_inference__parameterized11:/ram_high_reg" of size (depth=2 x width=25) is automatically implemented using LUTRAM. BRAM implementation would be inefficient 
INFO: [Synth 8-6904] The RAM "stateram_inference__parameterized11:/ram_low_reg" of size (depth=2 x width=7) is automatically implemented using LUTRAM. BRAM implementation would be inefficient 
INFO: [Synth 8-6904] The RAM "stateram_inference__parameterized12:/ram_high_reg" of size (depth=2 x width=8) is automatically implemented using LUTRAM. BRAM implementation would be inefficient 
INFO: [Synth 8-6904] The RAM "stateram_inference__parameterized12:/ram_low_reg" of size (depth=2 x width=24) is automatically implemented using LUTRAM. BRAM implementation would be inefficient 
INFO: [Synth 8-6904] The RAM "stateram_inference__parameterized13:/ram_high_reg" of size (depth=2 x width=18) is automatically implemented using LUTRAM. BRAM implementation would be inefficient 
INFO: [Synth 8-6904] The RAM "stateram_inference__parameterized13:/ram_low_reg" of size (depth=2 x width=14) is automatically implemented using LUTRAM. BRAM implementation would be inefficient 
INFO: [Synth 8-6904] The RAM "stateram_inference__parameterized14:/ram_high_reg" of size (depth=2 x width=27) is automatically implemented using LUTRAM. BRAM implementation would be inefficient 
INFO: [Synth 8-6904] The RAM "stateram_inference__parameterized14:/ram_low_reg" of size (depth=2 x width=5) is automatically implemented using LUTRAM. BRAM implementation would be inefficient 
INFO: [Synth 8-6904] The RAM "stateram_inference__parameterized15:/ram_high_reg" of size (depth=2 x width=4) is automatically implemented using LUTRAM. BRAM implementation would be inefficient 
INFO: [Synth 8-6904] The RAM "stateram_inference__parameterized15:/ram_low_reg" of size (depth=2 x width=28) is automatically implemented using LUTRAM. BRAM implementation would be inefficient 
INFO: [Synth 8-6904] The RAM "stateram_inference__parameterized16:/ram_high_reg" of size (depth=2 x width=10) is automatically implemented using LUTRAM. BRAM implementation would be inefficient 
INFO: [Synth 8-6904] The RAM "stateram_inference__parameterized16:/ram_low_reg" of size (depth=2 x width=22) is automatically implemented using LUTRAM. BRAM implementation would be inefficient 
INFO: [Synth 8-6904] The RAM "stateram_inference__parameterized17:/ram_high_reg" of size (depth=2 x width=15) is automatically implemented using LUTRAM. BRAM implementation would be inefficient 
INFO: [Synth 8-6904] The RAM "stateram_inference__parameterized17:/ram_low_reg" of size (depth=2 x width=17) is automatically implemented using LUTRAM. BRAM implementation would be inefficient 
INFO: [Synth 8-6904] The RAM "stateram_inference__parameterized18:/ram_high_reg" of size (depth=2 x width=24) is automatically implemented using LUTRAM. BRAM implementation would be inefficient 
INFO: [Synth 8-6904] The RAM "stateram_inference__parameterized18:/ram_low_reg" of size (depth=2 x width=8) is automatically implemented using LUTRAM. BRAM implementation would be inefficient 
INFO: [Synth 8-6904] The RAM "stateram_inference__parameterized19:/ram_high_reg" of size (depth=2 x width=30) is automatically implemented using LUTRAM. BRAM implementation would be inefficient 
INFO: [Synth 8-6904] The RAM "stateram_inference__parameterized19:/ram_low_reg" of size (depth=2 x width=2) is automatically implemented using LUTRAM. BRAM implementation would be inefficient 
INFO: [Synth 8-6904] The RAM "stateram_inference__parameterized20:/ram_high_reg" of size (depth=2 x width=23) is automatically implemented using LUTRAM. BRAM implementation would be inefficient 
INFO: [Synth 8-6904] The RAM "stateram_inference__parameterized20:/ram_low_reg" of size (depth=2 x width=9) is automatically implemented using LUTRAM. BRAM implementation would be inefficient 
INFO: [Synth 8-6904] The RAM "stateram_inference__parameterized21:/ram_high_reg" of size (depth=2 x width=7) is automatically implemented using LUTRAM. BRAM implementation would be inefficient 
INFO: [Synth 8-6904] The RAM "stateram_inference__parameterized21:/ram_low_reg" of size (depth=2 x width=25) is automatically implemented using LUTRAM. BRAM implementation would be inefficient 
INFO: [Synth 8-6904] The RAM "stateram_inference__parameterized22:/ram_high_reg" of size (depth=2 x width=9) is automatically implemented using LUTRAM. BRAM implementation would be inefficient 
INFO: [Synth 8-6904] The RAM "stateram_inference__parameterized22:/ram_low_reg" of size (depth=2 x width=23) is automatically implemented using LUTRAM. BRAM implementation would be inefficient 
INFO: [Synth 8-6904] The RAM "stateram_inference__parameterized23:/ram_high_reg" of size (depth=2 x width=2) is automatically implemented using LUTRAM. BRAM implementation would be inefficient 
INFO: [Synth 8-6904] The RAM "stateram_inference__parameterized23:/ram_low_reg" of size (depth=2 x width=30) is automatically implemented using LUTRAM. BRAM implementation would be inefficient 
INFO: [Synth 8-6159] Found Keep on FSM register 'gpregsm1.curr_fwft_state_reg' in module 'fifo_generator_v13_2_7_rd_fwft', re-encoding will not be performed
---------------------------------------------------------------------------------------------------
                   State |                     New Encoding |                Previous Encoding 
---------------------------------------------------------------------------------------------------
                 invalid |                               00 |                               00
            stage1_valid |                               10 |                               10
       both_stages_valid |                               11 |                               11
            stage2_valid |                               01 |                               01
---------------------------------------------------------------------------------------------------
---------------------------------------------------------------------------------------------------
                   State |                     New Encoding |                Previous Encoding 
---------------------------------------------------------------------------------------------------
                 SM_IDLE |                               01 |                               00
               SM_CMD_EN |                               11 |                               01
         SM_CMD_ACCEPTED |                               10 |                               10
            SM_DONE_WAIT |                               00 |                               11
---------------------------------------------------------------------------------------------------
INFO: [Synth 8-3354] encoded FSM with state register 'state_reg' using encoding 'sequential' in module 'axi_protocol_converter_v2_1_27_b2s_wr_cmd_fsm'
---------------------------------------------------------------------------------------------------
                   State |                     New Encoding |                Previous Encoding 
---------------------------------------------------------------------------------------------------
                 SM_IDLE |                               01 |                               00
               SM_CMD_EN |                               11 |                               01
         SM_CMD_ACCEPTED |                               10 |                               10
                 SM_DONE |                               00 |                               11
---------------------------------------------------------------------------------------------------
INFO: [Synth 8-3354] encoded FSM with state register 'state_reg' using encoding 'sequential' in module 'axi_protocol_converter_v2_1_27_b2s_rd_cmd_fsm'
---------------------------------------------------------------------------------------------------
                   State |                     New Encoding |                Previous Encoding 
---------------------------------------------------------------------------------------------------
*
                    IDLE |                             0001 |                             0001
                     REG |                             0010 |                             0010
                     P2S |                             0100 |                             0100
                     S2P |                             1000 |                             1000
---------------------------------------------------------------------------------------------------
INFO: [Synth 8-3898] No Re-encoding of one hot register 'current_state_reg' in module 'xsdbs_v1_0_2_reg_p2s'
---------------------------------------------------------------------------------------------------
                   State |                     New Encoding |                Previous Encoding 
---------------------------------------------------------------------------------------------------
*
                    IDLE |                             0001 |                             0001
                     REG |                             0010 |                             0010
                     P2S |                             0100 |                             0100
                     S2P |                             1000 |                             1000
---------------------------------------------------------------------------------------------------
INFO: [Synth 8-3898] No Re-encoding of one hot register 'current_state_reg' in module 'xsdbs_v1_0_2_reg_p2s__parameterized0'
---------------------------------------------------------------------------------------------------
                   State |                     New Encoding |                Previous Encoding 
---------------------------------------------------------------------------------------------------
*
                    IDLE |                             0001 |                             0001
                     REG |                             0010 |                             0010
                     P2S |                             0100 |                             0100
                     S2P |                             1000 |                             1000
---------------------------------------------------------------------------------------------------
INFO: [Synth 8-3898] No Re-encoding of one hot register 'current_state_reg' in module 'xsdbs_v1_0_2_reg_p2s__parameterized1'
---------------------------------------------------------------------------------------------------
                   State |                     New Encoding |                Previous Encoding 
---------------------------------------------------------------------------------------------------
*
                    IDLE |                             0001 |                             0001
                     REG |                             0010 |                             0010
                     P2S |                             0100 |                             0100
                     S2P |                             1000 |                             1000
---------------------------------------------------------------------------------------------------
INFO: [Synth 8-3898] No Re-encoding of one hot register 'current_state_reg' in module 'xsdbs_v1_0_2_reg_p2s__parameterized2'
---------------------------------------------------------------------------------------------------
                   State |                     New Encoding |                Previous Encoding 
---------------------------------------------------------------------------------------------------
*
                    IDLE |                             0001 |                             0001
                     REG |                             0010 |                             0010
                     P2S |                             0100 |                             0100
                     S2P |                             1000 |                             1000
---------------------------------------------------------------------------------------------------
INFO: [Synth 8-3898] No Re-encoding of one hot register 'current_state_reg' in module 'xsdbs_v1_0_2_reg_p2s__parameterized3'
---------------------------------------------------------------------------------------------------
                   State |                     New Encoding |                Previous Encoding 
---------------------------------------------------------------------------------------------------
*
                    IDLE |                             0001 |                             0001
                     REG |                             0010 |                             0010
                     P2S |                             0100 |                             0100
                     S2P |                             1000 |                             1000
---------------------------------------------------------------------------------------------------
INFO: [Synth 8-3898] No Re-encoding of one hot register 'current_state_reg' in module 'xsdbs_v1_0_2_reg_p2s__parameterized4'
---------------------------------------------------------------------------------------------------
                   State |                     New Encoding |                Previous Encoding 
---------------------------------------------------------------------------------------------------
*
                    IDLE |                             0001 |                             0001
                     REG |                             0010 |                             0010
                     P2S |                             0100 |                             0100
                     S2P |                             1000 |                             1000
---------------------------------------------------------------------------------------------------
INFO: [Synth 8-3898] No Re-encoding of one hot register 'current_state_reg' in module 'xsdbs_v1_0_2_reg_p2s__parameterized5'
---------------------------------------------------------------------------------------------------
                   State |                     New Encoding |                Previous Encoding 
---------------------------------------------------------------------------------------------------
*
                    IDLE |                             0001 |                             0001
                     REG |                             0010 |                             0010
                     P2S |                             0100 |                             0100
                     S2P |                             1000 |                             1000
---------------------------------------------------------------------------------------------------
INFO: [Synth 8-3898] No Re-encoding of one hot register 'current_state_reg' in module 'xsdbs_v1_0_2_reg_p2s__parameterized6'
---------------------------------------------------------------------------------------------------
                   State |                     New Encoding |                Previous Encoding 
---------------------------------------------------------------------------------------------------
*
                    IDLE |                             0001 |                             0001
                     REG |                             0010 |                             0010
                     P2S |                             0100 |                             0100
                     S2P |                             1000 |                             1000
---------------------------------------------------------------------------------------------------
INFO: [Synth 8-3898] No Re-encoding of one hot register 'current_state_reg' in module 'xsdbs_v1_0_2_reg_p2s__parameterized7'
---------------------------------------------------------------------------------------------------
                   State |                     New Encoding |                Previous Encoding 
---------------------------------------------------------------------------------------------------
*
                    IDLE |                             0001 |                             0001
                     REG |                             0010 |                             0010
                     P2S |                             0100 |                             0100
                     S2P |                             1000 |                             1000
---------------------------------------------------------------------------------------------------
INFO: [Synth 8-3898] No Re-encoding of one hot register 'current_state_reg' in module 'xsdbs_v1_0_2_reg_p2s__parameterized8'
---------------------------------------------------------------------------------------------------
                   State |                     New Encoding |                Previous Encoding 
---------------------------------------------------------------------------------------------------
*
                    IDLE |                             0001 |                             0001
                     REG |                             0010 |                             0010
                     P2S |                             0100 |                             0100
                     S2P |                             1000 |                             1000
---------------------------------------------------------------------------------------------------
INFO: [Synth 8-3898] No Re-encoding of one hot register 'current_state_reg' in module 'xsdbs_v1_0_2_reg_p2s__parameterized9'
---------------------------------------------------------------------------------------------------
                   State |                     New Encoding |                Previous Encoding 
---------------------------------------------------------------------------------------------------
*
                    IDLE |                             0001 |                             0001
                     REG |                             0010 |                             0010
                     P2S |                             0100 |                             0100
                     S2P |                             1000 |                             1000
---------------------------------------------------------------------------------------------------
INFO: [Synth 8-3898] No Re-encoding of one hot register 'current_state_reg' in module 'xsdbs_v1_0_2_reg_p2s__parameterized10'
---------------------------------------------------------------------------------------------------
                   State |                     New Encoding |                Previous Encoding 
---------------------------------------------------------------------------------------------------
*
                    IDLE |                             0001 |                             0001
                     REG |                             0010 |                             0010
                     P2S |                             0100 |                             0100
                     S2P |                             1000 |                             1000
---------------------------------------------------------------------------------------------------
INFO: [Synth 8-3898] No Re-encoding of one hot register 'current_state_reg' in module 'xsdbs_v1_0_2_reg_p2s__parameterized11'
---------------------------------------------------------------------------------------------------
                   State |                     New Encoding |                Previous Encoding 
---------------------------------------------------------------------------------------------------
*
                    IDLE |                             0001 |                             0001
                     REG |                             0010 |                             0010
                     P2S |                             0100 |                             0100
                     S2P |                             1000 |                             1000
---------------------------------------------------------------------------------------------------
INFO: [Synth 8-3898] No Re-encoding of one hot register 'current_state_reg' in module 'xsdbs_v1_0_2_reg_p2s__parameterized12'
---------------------------------------------------------------------------------------------------
                   State |                     New Encoding |                Previous Encoding 
---------------------------------------------------------------------------------------------------
*
                    IDLE |                             0001 |                             0001
                     REG |                             0010 |                             0010
                     P2S |                             0100 |                             0100
                     S2P |                             1000 |                             1000
---------------------------------------------------------------------------------------------------
INFO: [Synth 8-3898] No Re-encoding of one hot register 'current_state_reg' in module 'xsdbs_v1_0_2_reg_p2s__parameterized13'
---------------------------------------------------------------------------------------------------
                   State |                     New Encoding |                Previous Encoding 
---------------------------------------------------------------------------------------------------
*
                    IDLE |                             0001 |                             0001
                     REG |                             0010 |                             0010
                     P2S |                             0100 |                             0100
                     S2P |                             1000 |                             1000
---------------------------------------------------------------------------------------------------
INFO: [Synth 8-3898] No Re-encoding of one hot register 'current_state_reg' in module 'xsdbs_v1_0_2_reg_p2s__parameterized14'
---------------------------------------------------------------------------------------------------
                   State |                     New Encoding |                Previous Encoding 
---------------------------------------------------------------------------------------------------
*
                    IDLE |                             0001 |                             0001
                     REG |                             0010 |                             0010
                     P2S |                             0100 |                             0100
                     S2P |                             1000 |                             1000
---------------------------------------------------------------------------------------------------
INFO: [Synth 8-3898] No Re-encoding of one hot register 'current_state_reg' in module 'xsdbs_v1_0_2_reg_p2s__parameterized15'
---------------------------------------------------------------------------------------------------
                   State |                     New Encoding |                Previous Encoding 
---------------------------------------------------------------------------------------------------
*
                    IDLE |                             0001 |                             0001
                     REG |                             0010 |                             0010
                     P2S |                             0100 |                             0100
                     S2P |                             1000 |                             1000
---------------------------------------------------------------------------------------------------
INFO: [Synth 8-3898] No Re-encoding of one hot register 'current_state_reg' in module 'xsdbs_v1_0_2_reg_p2s__parameterized16'
---------------------------------------------------------------------------------------------------
                   State |                     New Encoding |                Previous Encoding 
---------------------------------------------------------------------------------------------------
*
                    IDLE |                             0001 |                             0001
                     REG |                             0010 |                             0010
                     P2S |                             0100 |                             0100
                     S2P |                             1000 |                             1000
---------------------------------------------------------------------------------------------------
INFO: [Synth 8-3898] No Re-encoding of one hot register 'current_state_reg' in module 'xsdbs_v1_0_2_reg_p2s__parameterized17'
---------------------------------------------------------------------------------------------------
                   State |                     New Encoding |                Previous Encoding 
---------------------------------------------------------------------------------------------------
*
                    IDLE |                             0001 |                             0001
                     REG |                             0010 |                             0010
                     P2S |                             0100 |                             0100
                     S2P |                             1000 |                             1000
---------------------------------------------------------------------------------------------------
INFO: [Synth 8-3898] No Re-encoding of one hot register 'current_state_reg' in module 'xsdbs_v1_0_2_reg_p2s__parameterized18'
---------------------------------------------------------------------------------------------------
                   State |                     New Encoding |                Previous Encoding 
---------------------------------------------------------------------------------------------------
*
              RESET_ADDR |                          0000001 |                          0000001
            REQUEST_READ |                          0000010 |                          0000010
           WAIT_READ_ACK |                          0000100 |                          0000100
             OUTPUT_DATA |                          0001000 |                          0001000
                    IDLE |                          0010000 |                          0010000
         INCREMENT_BLOCK |                          0100000 |                          0100000
       INCREMENT_ADDRESS |                          1000000 |                          1000000
---------------------------------------------------------------------------------------------------
INFO: [Synth 8-3898] No Re-encoding of one hot register 'current_state_reg' in module 'ltlib_v1_0_0_generic_memrd'
---------------------------------------------------------------------------------
Finished RTL Optimization Phase 2 : Time (s): cpu = 00:01:10 ; elapsed = 00:01:18 . Memory (MB): peak = 2611.770 ; gain = 1097.957
---------------------------------------------------------------------------------


Incremental Synthesis Report Summary:

1. Incremental synthesis run: no

   Reason for not running incremental synthesis : Design change found in an area of the design that prevents previous synthesis information being used


INFO: [Synth 8-7130] Flow is switching to default flow due to incremental criteria not met. If you would like to alter this behaviour and have the flow terminate instead, please set the following parameter config_implementation {autoIncr.Synth.RejectBehavior Terminate}
---------------------------------------------------------------------------------
Start RTL Component Statistics 
---------------------------------------------------------------------------------
---------------------------------------------------------------------------------
Finished RTL Component Statistics 
---------------------------------------------------------------------------------
---------------------------------------------------------------------------------
Start Part Resource Summary
---------------------------------------------------------------------------------
Part Resources:
DSPs: 1248 (col length:96)
BRAMs: 288 (col length: RAMB18 96 RAMB36 48)
---------------------------------------------------------------------------------
Finished Part Resource Summary
---------------------------------------------------------------------------------
---------------------------------------------------------------------------------
Start Cross Boundary and Area Optimization
---------------------------------------------------------------------------------
INFO: [Synth 8-7082] The signal FIXEDWEIGHT/mem_single_seed/mem_reg is implemented as Block RAM but is better mapped onto distributed LUT RAM for the following reason(s): The depth (4 address bits) is shallow. Please use attribute (* ram_style = "distributed" *) to instruct Vivado to infer distributed LUT RAM.
WARNING: [Synth 8-6014] Unused sequential element FIXEDWEIGHT/shake_ctx/mem_reg was removed. 
INFO: [Synth 8-5784] Optimized 0 bits of RAM "FIXEDWEIGHT/loca_mem/mem_reg" due to constant propagation. Old ram width 15 bits, new ram width 15 bits.
INFO: [Synth 8-7030] Implemented Non-Cascaded Block Ram (cascade_height = 1) of width 15 for RAM "SoC_i/axi_wrapper_0/FIXEDWEIGHT/loca_mem/mem_reg"
INFO: [Synth 8-7030] Implemented Non-Cascaded Block Ram (cascade_height = 1) of width 32 for RAM "SoC_i/axi_wrapper_0/FIXEDWEIGHT/onegen_instance/mem_dual_A/mem_reg"
INFO: [Synth 8-3971] The signal "SoC_i/axi_wrapper_0/FIXEDWEIGHT/onegen_instance/mem_dual_A/mem_reg" was recognized as a true dual port RAM template.
INFO: [Synth 8-7082] The signal VECTSETRAND/mem_pk_seed/mem_reg is implemented as Block RAM but is better mapped onto distributed LUT RAM for the following reason(s): The depth (4 address bits) is shallow. Please use attribute (* ram_style = "distributed" *) to instruct Vivado to infer distributed LUT RAM.
WARNING: [Synth 8-6014] Unused sequential element VECTSETRAND/rand_mem/mem_reg was removed. 
INFO: [Synth 8-7030] Implemented Non-Cascaded Block Ram (cascade_height = 1) of width 36 for RAM "SoC_i/axi_wrapper_0/VECTSETRAND/rand_mem/mem_reg"
INFO: [Synth 8-7030] Implemented Non-Cascaded Block Ram (cascade_height = 1) of width 36 for RAM "SoC_i/axi_wrapper_0/VECTSETRAND/rand_mem/mem_reg"
INFO: [Synth 8-7030] Implemented Non-Cascaded Block Ram (cascade_height = 1) of width 36 for RAM "SoC_i/axi_wrapper_0/VECTSETRAND/rand_mem/mem_reg"
INFO: [Synth 8-7030] Implemented Non-Cascaded Block Ram (cascade_height = 1) of width 20 for RAM "SoC_i/axi_wrapper_0/VECTSETRAND/rand_mem/mem_reg"
INFO: [Synth 8-7030] Implemented Non-Cascaded Block Ram (cascade_height = 1) of width 15 for RAM "SoC_i/axi_wrapper_0/x_mem/mem_reg"
INFO: [Synth 8-7082] The signal MSG_MEM/mem_reg is implemented as Block RAM but is better mapped onto distributed LUT RAM for the following reason(s): The depth (2 address bits) is shallow. Please use attribute (* ram_style = "distributed" *) to instruct Vivado to infer distributed LUT RAM.
INFO: [Synth 8-7082] The signal D_MEM/mem_reg is implemented as Block RAM but is better mapped onto distributed LUT RAM for the following reason(s): The depth (4 address bits) is shallow. Please use attribute (* ram_style = "distributed" *) to instruct Vivado to infer distributed LUT RAM.
INFO: [Synth 8-7030] Implemented Non-Cascaded Block Ram (cascade_height = 1) of width 18 for RAM "SoC_i/axi_wrapper_0/HASH_MEM/mem_reg"
INFO: [Synth 8-7030] Implemented Non-Cascaded Block Ram (cascade_height = 1) of width 14 for RAM "SoC_i/axi_wrapper_0/HASH_MEM/mem_reg"
WARNING: [Synth 8-6014] Unused sequential element MEM_Y_INST/mem_reg was removed. 
INFO: [Synth 8-7030] Implemented Non-Cascaded Block Ram (cascade_height = 1) of width 15 for RAM "SoC_i/axi_wrapper_0/MEM_Y_INST/mem_reg"
WARNING: [Synth 8-6014] Unused sequential element MEM_D_INST/mem_reg was removed. 
INFO: [Synth 8-7082] The signal MEM_D_INST/mem_reg is implemented as Block RAM but is better mapped onto distributed LUT RAM for the following reason(s): The depth (4 address bits) is shallow. Please use attribute (* ram_style = "distributed" *) to instruct Vivado to infer distributed LUT RAM.
INFO: [Synth 8-7030] Implemented Non-Cascaded Block Ram (cascade_height = 1) of width 32 for RAM "SoC_i/axi_wrapper_0/MEM_D_INST/mem_reg"
WARNING: [Synth 8-6014] Unused sequential element RAM_H/mem_reg was removed. 
INFO: [Synth 8-7030] Implemented Non-Cascaded Block Ram (cascade_height = 1) of width 36 for RAM "SoC_i/axi_wrapper_0/RAM_H/mem_reg"
INFO: [Synth 8-7030] Implemented Non-Cascaded Block Ram (cascade_height = 1) of width 36 for RAM "SoC_i/axi_wrapper_0/RAM_H/mem_reg"
INFO: [Synth 8-7030] Implemented Non-Cascaded Block Ram (cascade_height = 1) of width 36 for RAM "SoC_i/axi_wrapper_0/RAM_H/mem_reg"
INFO: [Synth 8-7030] Implemented Non-Cascaded Block Ram (cascade_height = 1) of width 20 for RAM "SoC_i/axi_wrapper_0/RAM_H/mem_reg"
WARNING: [Synth 8-6014] Unused sequential element RAM_S/mem_reg was removed. 
INFO: [Synth 8-7030] Implemented Non-Cascaded Block Ram (cascade_height = 1) of width 36 for RAM "SoC_i/axi_wrapper_0/RAM_S/mem_reg"
INFO: [Synth 8-7030] Implemented Non-Cascaded Block Ram (cascade_height = 1) of width 36 for RAM "SoC_i/axi_wrapper_0/RAM_S/mem_reg"
INFO: [Synth 8-7030] Implemented Non-Cascaded Block Ram (cascade_height = 1) of width 36 for RAM "SoC_i/axi_wrapper_0/RAM_S/mem_reg"
INFO: [Synth 8-7030] Implemented Non-Cascaded Block Ram (cascade_height = 1) of width 20 for RAM "SoC_i/axi_wrapper_0/RAM_S/mem_reg"
WARNING: [Synth 8-6014] Unused sequential element RAM_U/mem_reg was removed. 
INFO: [Synth 8-7030] Implemented Non-Cascaded Block Ram (cascade_height = 1) of width 36 for RAM "SoC_i/axi_wrapper_0/RAM_U/mem_reg"
INFO: [Synth 8-7030] Implemented Non-Cascaded Block Ram (cascade_height = 1) of width 36 for RAM "SoC_i/axi_wrapper_0/RAM_U/mem_reg"
INFO: [Synth 8-7030] Implemented Non-Cascaded Block Ram (cascade_height = 1) of width 36 for RAM "SoC_i/axi_wrapper_0/RAM_U/mem_reg"
INFO: [Synth 8-7030] Implemented Non-Cascaded Block Ram (cascade_height = 1) of width 20 for RAM "SoC_i/axi_wrapper_0/RAM_U/mem_reg"
WARNING: [Synth 8-6014] Unused sequential element RAM_V/mem_reg was removed. 
INFO: [Synth 8-7030] Implemented Non-Cascaded Block Ram (cascade_height = 1) of width 36 for RAM "SoC_i/axi_wrapper_0/RAM_V/mem_reg"
INFO: [Synth 8-7030] Implemented Non-Cascaded Block Ram (cascade_height = 1) of width 36 for RAM "SoC_i/axi_wrapper_0/RAM_V/mem_reg"
INFO: [Synth 8-7030] Implemented Non-Cascaded Block Ram (cascade_height = 1) of width 36 for RAM "SoC_i/axi_wrapper_0/RAM_V/mem_reg"
INFO: [Synth 8-7030] Implemented Non-Cascaded Block Ram (cascade_height = 1) of width 20 for RAM "SoC_i/axi_wrapper_0/RAM_V/mem_reg"
INFO: [Synth 8-5544] ROM "p_0_out" won't be mapped to Block RAM because address size (2) smaller than threshold (5)
INFO: [Synth 8-7030] Implemented Non-Cascaded Block Ram (cascade_height = 1) of width 36 for RAM "poly_mult__GBM0/INTERLEAVED_RED_MEM/mem_reg"
INFO: [Synth 8-7030] Implemented Non-Cascaded Block Ram (cascade_height = 1) of width 36 for RAM "poly_mult__GBM0/INTERLEAVED_RED_MEM/mem_reg"
INFO: [Synth 8-7030] Implemented Non-Cascaded Block Ram (cascade_height = 1) of width 36 for RAM "poly_mult__GBM0/INTERLEAVED_RED_MEM/mem_reg"
INFO: [Synth 8-7030] Implemented Non-Cascaded Block Ram (cascade_height = 1) of width 20 for RAM "poly_mult__GBM0/INTERLEAVED_RED_MEM/mem_reg"
INFO: [Synth 8-3971] The signal "poly_mult__GBM0/INTERLEAVED_RED_MEM/mem_reg" was recognized as a true dual port RAM template.
INFO: [Synth 8-4471] merging register 'GF_MUL_SERIES[31].GFMUL/in_1_reg_reg[7:0]' into 'GF_MUL_SERIES[32].GFMUL/in_1_reg_reg[7:0]' [d:/University/251/DA/wrapper/wrapper.gen/sources_1/bd/SoC/ipshared/1e43/src/gf_mul.v:99]
INFO: [Synth 8-4471] merging register 'GF_MUL_SERIES[31].GFMUL/done_reg_1_reg' into 'GF_MUL_SERIES[32].GFMUL/done_reg_1_reg' [d:/University/251/DA/wrapper/wrapper.gen/sources_1/bd/SoC/ipshared/1e43/src/gf_mul.v:101]
INFO: [Synth 8-4471] merging register 'GF_MUL_SERIES[30].GFMUL/in_1_reg_reg[7:0]' into 'GF_MUL_SERIES[32].GFMUL/in_1_reg_reg[7:0]' [d:/University/251/DA/wrapper/wrapper.gen/sources_1/bd/SoC/ipshared/1e43/src/gf_mul.v:99]
INFO: [Synth 8-4471] merging register 'GF_MUL_SERIES[30].GFMUL/done_reg_1_reg' into 'GF_MUL_SERIES[32].GFMUL/done_reg_1_reg' [d:/University/251/DA/wrapper/wrapper.gen/sources_1/bd/SoC/ipshared/1e43/src/gf_mul.v:101]
INFO: [Synth 8-4471] merging register 'GF_MUL_SERIES[29].GFMUL/in_1_reg_reg[7:0]' into 'GF_MUL_SERIES[32].GFMUL/in_1_reg_reg[7:0]' [d:/University/251/DA/wrapper/wrapper.gen/sources_1/bd/SoC/ipshared/1e43/src/gf_mul.v:99]
INFO: [Synth 8-4471] merging register 'GF_MUL_SERIES[29].GFMUL/done_reg_1_reg' into 'GF_MUL_SERIES[32].GFMUL/done_reg_1_reg' [d:/University/251/DA/wrapper/wrapper.gen/sources_1/bd/SoC/ipshared/1e43/src/gf_mul.v:101]
INFO: [Synth 8-4471] merging register 'GF_MUL_SERIES[28].GFMUL/in_1_reg_reg[7:0]' into 'GF_MUL_SERIES[32].GFMUL/in_1_reg_reg[7:0]' [d:/University/251/DA/wrapper/wrapper.gen/sources_1/bd/SoC/ipshared/1e43/src/gf_mul.v:99]
INFO: [Synth 8-4471] merging register 'GF_MUL_SERIES[28].GFMUL/done_reg_1_reg' into 'GF_MUL_SERIES[32].GFMUL/done_reg_1_reg' [d:/University/251/DA/wrapper/wrapper.gen/sources_1/bd/SoC/ipshared/1e43/src/gf_mul.v:101]
INFO: [Synth 8-4471] merging register 'GF_MUL_SERIES[27].GFMUL/in_1_reg_reg[7:0]' into 'GF_MUL_SERIES[32].GFMUL/in_1_reg_reg[7:0]' [d:/University/251/DA/wrapper/wrapper.gen/sources_1/bd/SoC/ipshared/1e43/src/gf_mul.v:99]
INFO: [Synth 8-4471] merging register 'GF_MUL_SERIES[27].GFMUL/done_reg_1_reg' into 'GF_MUL_SERIES[32].GFMUL/done_reg_1_reg' [d:/University/251/DA/wrapper/wrapper.gen/sources_1/bd/SoC/ipshared/1e43/src/gf_mul.v:101]
INFO: [Synth 8-4471] merging register 'GF_MUL_SERIES[26].GFMUL/in_1_reg_reg[7:0]' into 'GF_MUL_SERIES[32].GFMUL/in_1_reg_reg[7:0]' [d:/University/251/DA/wrapper/wrapper.gen/sources_1/bd/SoC/ipshared/1e43/src/gf_mul.v:99]
INFO: [Synth 8-4471] merging register 'GF_MUL_SERIES[26].GFMUL/done_reg_1_reg' into 'GF_MUL_SERIES[32].GFMUL/done_reg_1_reg' [d:/University/251/DA/wrapper/wrapper.gen/sources_1/bd/SoC/ipshared/1e43/src/gf_mul.v:101]
INFO: [Synth 8-4471] merging register 'GF_MUL_SERIES[25].GFMUL/in_1_reg_reg[7:0]' into 'GF_MUL_SERIES[32].GFMUL/in_1_reg_reg[7:0]' [d:/University/251/DA/wrapper/wrapper.gen/sources_1/bd/SoC/ipshared/1e43/src/gf_mul.v:99]
INFO: [Synth 8-4471] merging register 'GF_MUL_SERIES[25].GFMUL/done_reg_1_reg' into 'GF_MUL_SERIES[32].GFMUL/done_reg_1_reg' [d:/University/251/DA/wrapper/wrapper.gen/sources_1/bd/SoC/ipshared/1e43/src/gf_mul.v:101]
INFO: [Synth 8-4471] merging register 'GF_MUL_SERIES[24].GFMUL/in_1_reg_reg[7:0]' into 'GF_MUL_SERIES[32].GFMUL/in_1_reg_reg[7:0]' [d:/University/251/DA/wrapper/wrapper.gen/sources_1/bd/SoC/ipshared/1e43/src/gf_mul.v:99]
INFO: [Synth 8-4471] merging register 'GF_MUL_SERIES[24].GFMUL/done_reg_1_reg' into 'GF_MUL_SERIES[32].GFMUL/done_reg_1_reg' [d:/University/251/DA/wrapper/wrapper.gen/sources_1/bd/SoC/ipshared/1e43/src/gf_mul.v:101]
INFO: [Synth 8-4471] merging register 'GF_MUL_SERIES[23].GFMUL/in_1_reg_reg[7:0]' into 'GF_MUL_SERIES[32].GFMUL/in_1_reg_reg[7:0]' [d:/University/251/DA/wrapper/wrapper.gen/sources_1/bd/SoC/ipshared/1e43/src/gf_mul.v:99]
INFO: [Synth 8-4471] merging register 'GF_MUL_SERIES[23].GFMUL/done_reg_1_reg' into 'GF_MUL_SERIES[32].GFMUL/done_reg_1_reg' [d:/University/251/DA/wrapper/wrapper.gen/sources_1/bd/SoC/ipshared/1e43/src/gf_mul.v:101]
INFO: [Synth 8-4471] merging register 'GF_MUL_SERIES[22].GFMUL/in_1_reg_reg[7:0]' into 'GF_MUL_SERIES[32].GFMUL/in_1_reg_reg[7:0]' [d:/University/251/DA/wrapper/wrapper.gen/sources_1/bd/SoC/ipshared/1e43/src/gf_mul.v:99]
INFO: [Synth 8-4471] merging register 'GF_MUL_SERIES[22].GFMUL/done_reg_1_reg' into 'GF_MUL_SERIES[32].GFMUL/done_reg_1_reg' [d:/University/251/DA/wrapper/wrapper.gen/sources_1/bd/SoC/ipshared/1e43/src/gf_mul.v:101]
INFO: [Synth 8-4471] merging register 'GF_MUL_SERIES[21].GFMUL/in_1_reg_reg[7:0]' into 'GF_MUL_SERIES[32].GFMUL/in_1_reg_reg[7:0]' [d:/University/251/DA/wrapper/wrapper.gen/sources_1/bd/SoC/ipshared/1e43/src/gf_mul.v:99]
INFO: [Synth 8-4471] merging register 'GF_MUL_SERIES[21].GFMUL/done_reg_1_reg' into 'GF_MUL_SERIES[32].GFMUL/done_reg_1_reg' [d:/University/251/DA/wrapper/wrapper.gen/sources_1/bd/SoC/ipshared/1e43/src/gf_mul.v:101]
INFO: [Synth 8-4471] merging register 'GF_MUL_SERIES[20].GFMUL/in_1_reg_reg[7:0]' into 'GF_MUL_SERIES[32].GFMUL/in_1_reg_reg[7:0]' [d:/University/251/DA/wrapper/wrapper.gen/sources_1/bd/SoC/ipshared/1e43/src/gf_mul.v:99]
INFO: [Synth 8-4471] merging register 'GF_MUL_SERIES[20].GFMUL/done_reg_1_reg' into 'GF_MUL_SERIES[32].GFMUL/done_reg_1_reg' [d:/University/251/DA/wrapper/wrapper.gen/sources_1/bd/SoC/ipshared/1e43/src/gf_mul.v:101]
INFO: [Synth 8-4471] merging register 'GF_MUL_SERIES[19].GFMUL/in_1_reg_reg[7:0]' into 'GF_MUL_SERIES[32].GFMUL/in_1_reg_reg[7:0]' [d:/University/251/DA/wrapper/wrapper.gen/sources_1/bd/SoC/ipshared/1e43/src/gf_mul.v:99]
INFO: [Synth 8-4471] merging register 'GF_MUL_SERIES[19].GFMUL/done_reg_1_reg' into 'GF_MUL_SERIES[32].GFMUL/done_reg_1_reg' [d:/University/251/DA/wrapper/wrapper.gen/sources_1/bd/SoC/ipshared/1e43/src/gf_mul.v:101]
INFO: [Synth 8-4471] merging register 'GF_MUL_SERIES[18].GFMUL/in_1_reg_reg[7:0]' into 'GF_MUL_SERIES[32].GFMUL/in_1_reg_reg[7:0]' [d:/University/251/DA/wrapper/wrapper.gen/sources_1/bd/SoC/ipshared/1e43/src/gf_mul.v:99]
INFO: [Synth 8-4471] merging register 'GF_MUL_SERIES[18].GFMUL/done_reg_1_reg' into 'GF_MUL_SERIES[32].GFMUL/done_reg_1_reg' [d:/University/251/DA/wrapper/wrapper.gen/sources_1/bd/SoC/ipshared/1e43/src/gf_mul.v:101]
INFO: [Synth 8-4471] merging register 'GF_MUL_SERIES[17].GFMUL/in_1_reg_reg[7:0]' into 'GF_MUL_SERIES[32].GFMUL/in_1_reg_reg[7:0]' [d:/University/251/DA/wrapper/wrapper.gen/sources_1/bd/SoC/ipshared/1e43/src/gf_mul.v:99]
INFO: [Synth 8-4471] merging register 'GF_MUL_SERIES[17].GFMUL/done_reg_1_reg' into 'GF_MUL_SERIES[32].GFMUL/done_reg_1_reg' [d:/University/251/DA/wrapper/wrapper.gen/sources_1/bd/SoC/ipshared/1e43/src/gf_mul.v:101]
INFO: [Synth 8-4471] merging register 'GF_MUL_SERIES[16].GFMUL/in_1_reg_reg[7:0]' into 'GF_MUL_SERIES[32].GFMUL/in_1_reg_reg[7:0]' [d:/University/251/DA/wrapper/wrapper.gen/sources_1/bd/SoC/ipshared/1e43/src/gf_mul.v:99]
INFO: [Synth 8-4471] merging register 'GF_MUL_SERIES[16].GFMUL/done_reg_1_reg' into 'GF_MUL_SERIES[32].GFMUL/done_reg_1_reg' [d:/University/251/DA/wrapper/wrapper.gen/sources_1/bd/SoC/ipshared/1e43/src/gf_mul.v:101]
INFO: [Synth 8-4471] merging register 'GF_MUL_SERIES[15].GFMUL/in_1_reg_reg[7:0]' into 'GF_MUL_SERIES[32].GFMUL/in_1_reg_reg[7:0]' [d:/University/251/DA/wrapper/wrapper.gen/sources_1/bd/SoC/ipshared/1e43/src/gf_mul.v:99]
INFO: [Synth 8-4471] merging register 'GF_MUL_SERIES[15].GFMUL/done_reg_1_reg' into 'GF_MUL_SERIES[32].GFMUL/done_reg_1_reg' [d:/University/251/DA/wrapper/wrapper.gen/sources_1/bd/SoC/ipshared/1e43/src/gf_mul.v:101]
INFO: [Synth 8-4471] merging register 'GF_MUL_SERIES[14].GFMUL/in_2_reg_reg[7:0]' into 'GF_MUL_SERIES[22].GFMUL/in_2_reg_reg[7:0]' [d:/University/251/DA/wrapper/wrapper.gen/sources_1/bd/SoC/ipshared/1e43/src/gf_mul.v:100]
INFO: [Synth 8-4471] merging register 'GF_MUL_SERIES[14].GFMUL/in_1_reg_reg[7:0]' into 'GF_MUL_SERIES[32].GFMUL/in_1_reg_reg[7:0]' [d:/University/251/DA/wrapper/wrapper.gen/sources_1/bd/SoC/ipshared/1e43/src/gf_mul.v:99]
INFO: [Synth 8-4471] merging register 'GF_MUL_SERIES[14].GFMUL/done_reg_1_reg' into 'GF_MUL_SERIES[32].GFMUL/done_reg_1_reg' [d:/University/251/DA/wrapper/wrapper.gen/sources_1/bd/SoC/ipshared/1e43/src/gf_mul.v:101]
INFO: [Synth 8-4471] merging register 'GF_MUL_SERIES[13].GFMUL/in_1_reg_reg[7:0]' into 'GF_MUL_SERIES[32].GFMUL/in_1_reg_reg[7:0]' [d:/University/251/DA/wrapper/wrapper.gen/sources_1/bd/SoC/ipshared/1e43/src/gf_mul.v:99]
INFO: [Synth 8-4471] merging register 'GF_MUL_SERIES[13].GFMUL/done_reg_1_reg' into 'GF_MUL_SERIES[32].GFMUL/done_reg_1_reg' [d:/University/251/DA/wrapper/wrapper.gen/sources_1/bd/SoC/ipshared/1e43/src/gf_mul.v:101]
INFO: [Synth 8-4471] merging register 'GF_MUL_SERIES[12].GFMUL/in_1_reg_reg[7:0]' into 'GF_MUL_SERIES[32].GFMUL/in_1_reg_reg[7:0]' [d:/University/251/DA/wrapper/wrapper.gen/sources_1/bd/SoC/ipshared/1e43/src/gf_mul.v:99]
INFO: [Synth 8-4471] merging register 'GF_MUL_SERIES[12].GFMUL/done_reg_1_reg' into 'GF_MUL_SERIES[32].GFMUL/done_reg_1_reg' [d:/University/251/DA/wrapper/wrapper.gen/sources_1/bd/SoC/ipshared/1e43/src/gf_mul.v:101]
INFO: [Synth 8-4471] merging register 'GF_MUL_SERIES[11].GFMUL/in_1_reg_reg[7:0]' into 'GF_MUL_SERIES[32].GFMUL/in_1_reg_reg[7:0]' [d:/University/251/DA/wrapper/wrapper.gen/sources_1/bd/SoC/ipshared/1e43/src/gf_mul.v:99]
INFO: [Synth 8-4471] merging register 'GF_MUL_SERIES[11].GFMUL/done_reg_1_reg' into 'GF_MUL_SERIES[32].GFMUL/done_reg_1_reg' [d:/University/251/DA/wrapper/wrapper.gen/sources_1/bd/SoC/ipshared/1e43/src/gf_mul.v:101]
INFO: [Synth 8-4471] merging register 'GF_MUL_SERIES[10].GFMUL/in_2_reg_reg[7:0]' into 'GF_MUL_SERIES[12].GFMUL/in_2_reg_reg[7:0]' [d:/University/251/DA/wrapper/wrapper.gen/sources_1/bd/SoC/ipshared/1e43/src/gf_mul.v:100]
INFO: [Synth 8-4471] merging register 'GF_MUL_SERIES[10].GFMUL/in_1_reg_reg[7:0]' into 'GF_MUL_SERIES[32].GFMUL/in_1_reg_reg[7:0]' [d:/University/251/DA/wrapper/wrapper.gen/sources_1/bd/SoC/ipshared/1e43/src/gf_mul.v:99]
INFO: [Synth 8-4471] merging register 'GF_MUL_SERIES[10].GFMUL/done_reg_1_reg' into 'GF_MUL_SERIES[32].GFMUL/done_reg_1_reg' [d:/University/251/DA/wrapper/wrapper.gen/sources_1/bd/SoC/ipshared/1e43/src/gf_mul.v:101]
INFO: [Synth 8-4471] merging register 'GF_MUL_SERIES[9].GFMUL/in_1_reg_reg[7:0]' into 'GF_MUL_SERIES[32].GFMUL/in_1_reg_reg[7:0]' [d:/University/251/DA/wrapper/wrapper.gen/sources_1/bd/SoC/ipshared/1e43/src/gf_mul.v:99]
INFO: [Synth 8-4471] merging register 'GF_MUL_SERIES[9].GFMUL/done_reg_1_reg' into 'GF_MUL_SERIES[32].GFMUL/done_reg_1_reg' [d:/University/251/DA/wrapper/wrapper.gen/sources_1/bd/SoC/ipshared/1e43/src/gf_mul.v:101]
INFO: [Synth 8-4471] merging register 'GF_MUL_SERIES[8].GFMUL/in_1_reg_reg[7:0]' into 'GF_MUL_SERIES[32].GFMUL/in_1_reg_reg[7:0]' [d:/University/251/DA/wrapper/wrapper.gen/sources_1/bd/SoC/ipshared/1e43/src/gf_mul.v:99]
INFO: [Synth 8-4471] merging register 'GF_MUL_SERIES[8].GFMUL/done_reg_1_reg' into 'GF_MUL_SERIES[32].GFMUL/done_reg_1_reg' [d:/University/251/DA/wrapper/wrapper.gen/sources_1/bd/SoC/ipshared/1e43/src/gf_mul.v:101]
INFO: [Synth 8-4471] merging register 'GF_MUL_SERIES[7].GFMUL/in_1_reg_reg[7:0]' into 'GF_MUL_SERIES[32].GFMUL/in_1_reg_reg[7:0]' [d:/University/251/DA/wrapper/wrapper.gen/sources_1/bd/SoC/ipshared/1e43/src/gf_mul.v:99]
INFO: [Synth 8-4471] merging register 'GF_MUL_SERIES[7].GFMUL/done_reg_1_reg' into 'GF_MUL_SERIES[32].GFMUL/done_reg_1_reg' [d:/University/251/DA/wrapper/wrapper.gen/sources_1/bd/SoC/ipshared/1e43/src/gf_mul.v:101]
INFO: [Synth 8-4471] merging register 'GF_MUL_SERIES[6].GFMUL/in_1_reg_reg[7:0]' into 'GF_MUL_SERIES[32].GFMUL/in_1_reg_reg[7:0]' [d:/University/251/DA/wrapper/wrapper.gen/sources_1/bd/SoC/ipshared/1e43/src/gf_mul.v:99]
INFO: [Synth 8-4471] merging register 'GF_MUL_SERIES[6].GFMUL/done_reg_1_reg' into 'GF_MUL_SERIES[32].GFMUL/done_reg_1_reg' [d:/University/251/DA/wrapper/wrapper.gen/sources_1/bd/SoC/ipshared/1e43/src/gf_mul.v:101]
INFO: [Synth 8-4471] merging register 'GF_MUL_SERIES[5].GFMUL/in_1_reg_reg[7:0]' into 'GF_MUL_SERIES[32].GFMUL/in_1_reg_reg[7:0]' [d:/University/251/DA/wrapper/wrapper.gen/sources_1/bd/SoC/ipshared/1e43/src/gf_mul.v:99]
INFO: [Synth 8-4471] merging register 'GF_MUL_SERIES[5].GFMUL/done_reg_1_reg' into 'GF_MUL_SERIES[32].GFMUL/done_reg_1_reg' [d:/University/251/DA/wrapper/wrapper.gen/sources_1/bd/SoC/ipshared/1e43/src/gf_mul.v:101]
INFO: [Synth 8-4471] merging register 'GF_MUL_SERIES[4].GFMUL/in_1_reg_reg[7:0]' into 'GF_MUL_SERIES[32].GFMUL/in_1_reg_reg[7:0]' [d:/University/251/DA/wrapper/wrapper.gen/sources_1/bd/SoC/ipshared/1e43/src/gf_mul.v:99]
INFO: [Synth 8-4471] merging register 'GF_MUL_SERIES[4].GFMUL/done_reg_1_reg' into 'GF_MUL_SERIES[32].GFMUL/done_reg_1_reg' [d:/University/251/DA/wrapper/wrapper.gen/sources_1/bd/SoC/ipshared/1e43/src/gf_mul.v:101]
INFO: [Synth 8-4471] merging register 'GF_MUL_SERIES[3].GFMUL/in_1_reg_reg[7:0]' into 'GF_MUL_SERIES[32].GFMUL/in_1_reg_reg[7:0]' [d:/University/251/DA/wrapper/wrapper.gen/sources_1/bd/SoC/ipshared/1e43/src/gf_mul.v:99]
INFO: [Synth 8-4471] merging register 'GF_MUL_SERIES[3].GFMUL/done_reg_1_reg' into 'GF_MUL_SERIES[32].GFMUL/done_reg_1_reg' [d:/University/251/DA/wrapper/wrapper.gen/sources_1/bd/SoC/ipshared/1e43/src/gf_mul.v:101]
INFO: [Synth 8-4471] merging register 'GF_MUL_SERIES[2].GFMUL/in_2_reg_reg[7:0]' into 'GF_MUL_SERIES[26].GFMUL/in_2_reg_reg[7:0]' [d:/University/251/DA/wrapper/wrapper.gen/sources_1/bd/SoC/ipshared/1e43/src/gf_mul.v:100]
INFO: [Synth 8-4471] merging register 'GF_MUL_SERIES[2].GFMUL/in_1_reg_reg[7:0]' into 'GF_MUL_SERIES[32].GFMUL/in_1_reg_reg[7:0]' [d:/University/251/DA/wrapper/wrapper.gen/sources_1/bd/SoC/ipshared/1e43/src/gf_mul.v:99]
INFO: [Synth 8-4471] merging register 'GF_MUL_SERIES[2].GFMUL/done_reg_1_reg' into 'GF_MUL_SERIES[32].GFMUL/done_reg_1_reg' [d:/University/251/DA/wrapper/wrapper.gen/sources_1/bd/SoC/ipshared/1e43/src/gf_mul.v:101]
INFO: [Synth 8-4471] merging register 'GF_MUL_SERIES[1].GFMUL/in_1_reg_reg[7:0]' into 'GF_MUL_SERIES[32].GFMUL/in_1_reg_reg[7:0]' [d:/University/251/DA/wrapper/wrapper.gen/sources_1/bd/SoC/ipshared/1e43/src/gf_mul.v:99]
INFO: [Synth 8-4471] merging register 'GF_MUL_SERIES[1].GFMUL/done_reg_1_reg' into 'GF_MUL_SERIES[32].GFMUL/done_reg_1_reg' [d:/University/251/DA/wrapper/wrapper.gen/sources_1/bd/SoC/ipshared/1e43/src/gf_mul.v:101]
INFO: [Synth 8-4471] merging register 'GF_MUL_SERIES[14].GFMUL/out_reg_reg[7:0]' into 'GF_MUL_SERIES[22].GFMUL/out_reg_reg[7:0]' [d:/University/251/DA/wrapper/wrapper.gen/sources_1/bd/SoC/ipshared/1e43/src/gf_mul.v:147]
INFO: [Synth 8-4471] merging register 'GF_MUL_SERIES[10].GFMUL/out_reg_reg[7:0]' into 'GF_MUL_SERIES[12].GFMUL/out_reg_reg[7:0]' [d:/University/251/DA/wrapper/wrapper.gen/sources_1/bd/SoC/ipshared/1e43/src/gf_mul.v:147]
INFO: [Synth 8-4471] merging register 'GF_MUL_SERIES[2].GFMUL/out_reg_reg[7:0]' into 'GF_MUL_SERIES[26].GFMUL/out_reg_reg[7:0]' [d:/University/251/DA/wrapper/wrapper.gen/sources_1/bd/SoC/ipshared/1e43/src/gf_mul.v:147]
INFO: [Synth 8-7082] The signal mem_single_seed/mem_reg is implemented as Block RAM but is better mapped onto distributed LUT RAM for the following reason(s): The depth (4 address bits) is shallow. Please use attribute (* ram_style = "distributed" *) to instruct Vivado to infer distributed LUT RAM.
WARNING: [Synth 8-6014] Unused sequential element shake_ctx/mem_reg was removed. 
INFO: [Synth 8-5784] Optimized 0 bits of RAM "loca_mem/mem_reg" due to constant propagation. Old ram width 15 bits, new ram width 15 bits.
INFO: [Synth 8-7030] Implemented Non-Cascaded Block Ram (cascade_height = 1) of width 15 for RAM "FIXEDWEIGHT/loca_mem/mem_reg"
INFO: [Synth 8-7030] Implemented Non-Cascaded Block Ram (cascade_height = 1) of width 32 for RAM "FIXEDWEIGHT/onegen_instance/mem_dual_A/mem_reg"
INFO: [Synth 8-3971] The signal "FIXEDWEIGHT/onegen_instance/mem_dual_A/mem_reg" was recognized as a true dual port RAM template.
INFO: [Synth 8-7030] Implemented Non-Cascaded Block Ram (cascade_height = 1) of width 15 for RAM "encrypt__GC0/r1_mem/mem_reg"
INFO: [Synth 8-7030] Implemented Non-Cascaded Block Ram (cascade_height = 1) of width 15 for RAM "encrypt__GC0/r2_mem/mem_reg"
INFO: [Synth 8-6904] The RAM "DECRYPT/\DECODE/RM_DECOD/HADAMARD /\HADAMARD_LAYER[0].HL /FIFO_F0/fifo_reg" of size (depth=32 x width=4) is automatically implemented using LUTRAM. BRAM implementation would be inefficient 
INFO: [Synth 8-6904] The RAM "DECRYPT/\DECODE/RM_DECOD/HADAMARD /\HADAMARD_LAYER[0].HL /FIFO_F1/fifo_reg" of size (depth=32 x width=4) is automatically implemented using LUTRAM. BRAM implementation would be inefficient 
INFO: [Synth 8-6904] The RAM "DECRYPT/\DECODE/RM_DECOD/HADAMARD /\HADAMARD_LAYER[0].HL /FIFO_S0/fifo_reg" of size (depth=32 x width=4) is automatically implemented using LUTRAM. BRAM implementation would be inefficient 
INFO: [Synth 8-6904] The RAM "DECRYPT/\DECODE/RM_DECOD/HADAMARD /\HADAMARD_LAYER[0].HL /FIFO_S1/fifo_reg" of size (depth=32 x width=4) is automatically implemented using LUTRAM. BRAM implementation would be inefficient 
INFO: [Synth 8-6904] The RAM "DECRYPT/\DECODE/RM_DECOD/HADAMARD /\HADAMARD_LAYER[1].HL /FIFO_F0/fifo_reg" of size (depth=32 x width=5) is automatically implemented using LUTRAM. BRAM implementation would be inefficient 
INFO: [Synth 8-6904] The RAM "DECRYPT/\DECODE/RM_DECOD/HADAMARD /\HADAMARD_LAYER[1].HL /FIFO_F1/fifo_reg" of size (depth=32 x width=5) is automatically implemented using LUTRAM. BRAM implementation would be inefficient 
INFO: [Synth 8-6904] The RAM "DECRYPT/\DECODE/RM_DECOD/HADAMARD /\HADAMARD_LAYER[1].HL /FIFO_S0/fifo_reg" of size (depth=32 x width=5) is automatically implemented using LUTRAM. BRAM implementation would be inefficient 
INFO: [Synth 8-6904] The RAM "DECRYPT/\DECODE/RM_DECOD/HADAMARD /\HADAMARD_LAYER[1].HL /FIFO_S1/fifo_reg" of size (depth=32 x width=5) is automatically implemented using LUTRAM. BRAM implementation would be inefficient 
INFO: [Synth 8-6904] The RAM "DECRYPT/\DECODE/RM_DECOD/HADAMARD /\HADAMARD_LAYER[2].HL /FIFO_F0/fifo_reg" of size (depth=32 x width=6) is automatically implemented using LUTRAM. BRAM implementation would be inefficient 
INFO: [Synth 8-6904] The RAM "DECRYPT/\DECODE/RM_DECOD/HADAMARD /\HADAMARD_LAYER[2].HL /FIFO_F1/fifo_reg" of size (depth=32 x width=6) is automatically implemented using LUTRAM. BRAM implementation would be inefficient 
INFO: [Synth 8-6904] The RAM "DECRYPT/\DECODE/RM_DECOD/HADAMARD /\HADAMARD_LAYER[2].HL /FIFO_S0/fifo_reg" of size (depth=32 x width=6) is automatically implemented using LUTRAM. BRAM implementation would be inefficient 
INFO: [Synth 8-6904] The RAM "DECRYPT/\DECODE/RM_DECOD/HADAMARD /\HADAMARD_LAYER[2].HL /FIFO_S1/fifo_reg" of size (depth=32 x width=6) is automatically implemented using LUTRAM. BRAM implementation would be inefficient 
INFO: [Synth 8-6904] The RAM "DECRYPT/\DECODE/RM_DECOD/HADAMARD /\HADAMARD_LAYER[3].HL /FIFO_F0/fifo_reg" of size (depth=32 x width=7) is automatically implemented using LUTRAM. BRAM implementation would be inefficient 
INFO: [Synth 8-6904] The RAM "DECRYPT/\DECODE/RM_DECOD/HADAMARD /\HADAMARD_LAYER[3].HL /FIFO_F1/fifo_reg" of size (depth=32 x width=7) is automatically implemented using LUTRAM. BRAM implementation would be inefficient 
INFO: [Synth 8-6904] The RAM "DECRYPT/\DECODE/RM_DECOD/HADAMARD /\HADAMARD_LAYER[3].HL /FIFO_S0/fifo_reg" of size (depth=32 x width=7) is automatically implemented using LUTRAM. BRAM implementation would be inefficient 
INFO: [Synth 8-6904] The RAM "DECRYPT/\DECODE/RM_DECOD/HADAMARD /\HADAMARD_LAYER[3].HL /FIFO_S1/fifo_reg" of size (depth=32 x width=7) is automatically implemented using LUTRAM. BRAM implementation would be inefficient 
INFO: [Synth 8-6904] The RAM "DECRYPT/\DECODE/RM_DECOD/HADAMARD /\HADAMARD_LAYER[4].HL /FIFO_F0/fifo_reg" of size (depth=32 x width=8) is automatically implemented using LUTRAM. BRAM implementation would be inefficient 
INFO: [Synth 8-6904] The RAM "DECRYPT/\DECODE/RM_DECOD/HADAMARD /\HADAMARD_LAYER[4].HL /FIFO_S0/fifo_reg" of size (depth=32 x width=8) is automatically implemented using LUTRAM. BRAM implementation would be inefficient 
INFO: [Synth 8-6904] The RAM "DECRYPT/\DECODE/RM_DECOD/HADAMARD /\HADAMARD_LAYER[4].HL /FIFO_F1/fifo_reg" of size (depth=32 x width=8) is automatically implemented using LUTRAM. BRAM implementation would be inefficient 
INFO: [Synth 8-6904] The RAM "DECRYPT/\DECODE/RM_DECOD/HADAMARD /\HADAMARD_LAYER[4].HL /FIFO_S1/fifo_reg" of size (depth=32 x width=8) is automatically implemented using LUTRAM. BRAM implementation would be inefficient 
INFO: [Synth 8-6904] The RAM "DECRYPT/\DECODE/RM_DECOD/HADAMARD /\HADAMARD_LAYER[5].HL /FIFO_F0/fifo_reg" of size (depth=32 x width=9) is automatically implemented using LUTRAM. BRAM implementation would be inefficient 
INFO: [Synth 8-6904] The RAM "DECRYPT/\DECODE/RM_DECOD/HADAMARD /\HADAMARD_LAYER[5].HL /FIFO_S0/fifo_reg" of size (depth=32 x width=9) is automatically implemented using LUTRAM. BRAM implementation would be inefficient 
INFO: [Synth 8-6904] The RAM "DECRYPT/\DECODE/RM_DECOD/HADAMARD /\HADAMARD_LAYER[5].HL /FIFO_F1/fifo_reg" of size (depth=32 x width=9) is automatically implemented using LUTRAM. BRAM implementation would be inefficient 
INFO: [Synth 8-6904] The RAM "DECRYPT/\DECODE/RM_DECOD/HADAMARD /\HADAMARD_LAYER[5].HL /FIFO_S1/fifo_reg" of size (depth=32 x width=9) is automatically implemented using LUTRAM. BRAM implementation would be inefficient 
INFO: [Synth 8-6904] The RAM "DECRYPT/\DECODE/RM_DECOD/HADAMARD /\HADAMARD_LAYER[6].HL /FIFO_F0/fifo_reg" of size (depth=32 x width=10) is automatically implemented using LUTRAM. BRAM implementation would be inefficient 
INFO: [Synth 8-6904] The RAM "DECRYPT/\DECODE/RM_DECOD/HADAMARD /\HADAMARD_LAYER[6].HL /FIFO_S0/fifo_reg" of size (depth=32 x width=10) is automatically implemented using LUTRAM. BRAM implementation would be inefficient 
INFO: [Synth 8-6904] The RAM "DECRYPT/\DECODE/RM_DECOD/HADAMARD /\HADAMARD_LAYER[6].HL /FIFO_F1/fifo_reg" of size (depth=32 x width=10) is automatically implemented using LUTRAM. BRAM implementation would be inefficient 
INFO: [Synth 8-6904] The RAM "DECRYPT/\DECODE/RM_DECOD/HADAMARD /\HADAMARD_LAYER[6].HL /FIFO_S1/fifo_reg" of size (depth=32 x width=10) is automatically implemented using LUTRAM. BRAM implementation would be inefficient 
INFO: [Synth 8-5544] ROM "ADD_FFT/BUTTERFLY/" won't be mapped to Block RAM because address size (2) smaller than threshold (5)
INFO: [Synth 8-5544] ROM "ADD_FFT/FFT_PART2/ROUND[0].FFT_ROUND/g" won't be mapped to Block RAM because address size (4) smaller than threshold (5)
INFO: [Synth 8-6904] The RAM "DECRYPT/\DECODE/RS_DECOD /COMPUTE_ROOTS/ADD_FFT/FFT_PART2/ROUND[0].FFT_ROUND/FIFO_FFT/fifo_reg" of size (depth=16 x width=8) is automatically implemented using LUTRAM. BRAM implementation would be inefficient 
INFO: [Synth 8-6904] The RAM "DECRYPT/\DECODE/RS_DECOD /COMPUTE_ROOTS/ADD_FFT/FFT_PART2/ROUND[1].FFT_ROUND/FIFO_FFT/fifo_reg" of size (depth=32 x width=8) is automatically implemented using LUTRAM. BRAM implementation would be inefficient 
INFO: [Synth 8-6904] The RAM "DECRYPT/\DECODE/RS_DECOD /COMPUTE_ROOTS/ADD_FFT/FFT_PART2/ROUND[2].FFT_ROUND/FIFO_FFT/fifo_reg" of size (depth=64 x width=8) is automatically implemented using LUTRAM. BRAM implementation would be inefficient 
INFO: [Synth 8-6904] The RAM "DECRYPT/\DECODE/RS_DECOD /COMPUTE_ROOTS/ADD_FFT/FFT_PART2/ROUND[3].FFT_ROUND/FIFO_FFT/fifo_reg" of size (depth=128 x width=8) is automatically implemented using LUTRAM. BRAM implementation would be inefficient 
INFO: [Synth 8-6904] The RAM "DECRYPT/\DECODE/RS_DECOD /COMPUTE_ROOTS/mem_reg" of size (depth=256 x width=8) is automatically implemented using LUTRAM. BRAM implementation would be inefficient 
INFO: [Synth 8-6904] The RAM "DECRYPT/\DECODE/RS_DECOD /COMPUTE_ERRVALS/e_j_reg" of size (depth=15 x width=8) is automatically implemented using LUTRAM. BRAM implementation would be inefficient 
INFO: [Synth 8-6904] The RAM "DECRYPT/\DECODE/RS_DECOD /COMPUTE_ERRVALS/beta_j_reg" of size (depth=15 x width=8) is automatically implemented using LUTRAM. BRAM implementation would be inefficient 
INFO: [Synth 8-4471] merging register 'DECODE/RM_DECOD/FIND_PEAKS/FIND_PEAKS_1/start_d_reg' into 'DECODE/RM_DECOD/FIND_PEAKS/FIND_PEAKS_0/start_d_reg' [d:/University/251/DA/wrapper/wrapper.gen/sources_1/bd/SoC/ipshared/1e43/src/hqc_rmdecod_findpeaks.v:139]
INFO: [Synth 8-4471] merging register 'DECODE/RM_DECOD/RM_DECOD_CTRL/eas_start_ready_d_reg' into 'DECODE/RM_DECOD/EXPANSE_AND_SUM/din_ready_reg' [d:/University/251/DA/wrapper/wrapper.gen/sources_1/bd/SoC/ipshared/1e43/src/hqc_rmdecod_ctrl.v:94]
WARNING: [Synth 8-6014] Unused sequential element D_MEM/mem_reg was removed. 
INFO: [Synth 8-6904] The RAM "DECRYPT/DECODE/RM_DECOD/HADAMARD/HADAMARD_LAYER[0].HL/FIFO_F0/fifo_reg" of size (depth=32 x width=4) is automatically implemented using LUTRAM. BRAM implementation would be inefficient 
INFO: [Synth 8-6904] The RAM "DECRYPT/DECODE/RM_DECOD/HADAMARD/HADAMARD_LAYER[0].HL/FIFO_F1/fifo_reg" of size (depth=32 x width=4) is automatically implemented using LUTRAM. BRAM implementation would be inefficient 
INFO: [Synth 8-6904] The RAM "DECRYPT/DECODE/RM_DECOD/HADAMARD/HADAMARD_LAYER[0].HL/FIFO_S0/fifo_reg" of size (depth=32 x width=4) is automatically implemented using LUTRAM. BRAM implementation would be inefficient 
INFO: [Common 17-14] Message 'Synth 8-6904' appears 100 times and further instances of the messages will be disabled. Use the Tcl command set_msg_config to change the current settings.
INFO: [Synth 8-3886] merging instance 'DECRYPT/DECODE/RS_DECOD/COMPUTE_ROOTS/ADD_FFT/BUTTERFLY/tmp_reg[0]' (FDRE) to 'DECRYPT/DECODE/RS_DECOD/COMPUTE_ROOTS/ADD_FFT/BUTTERFLY/tmp_reg[8]'
INFO: [Synth 8-3886] merging instance 'DECRYPT/DECODE/RS_DECOD/COMPUTE_ROOTS/ADD_FFT/BUTTERFLY/tmp_reg[8]' (FDRE) to 'DECRYPT/DECODE/RS_DECOD/COMPUTE_ROOTS/ADD_FFT/BUTTERFLY/tmp_reg[16]'
INFO: [Synth 8-3886] merging instance 'DECRYPT/DECODE/RS_DECOD/COMPUTE_ROOTS/ADD_FFT/BUTTERFLY/tmp_reg[16]' (FDRE) to 'DECRYPT/DECODE/RS_DECOD/COMPUTE_ROOTS/ADD_FFT/BUTTERFLY/tmp_reg[24]'
INFO: [Synth 8-3886] merging instance 'DECRYPT/DECODE/RS_DECOD/COMPUTE_ROOTS/ADD_FFT/BUTTERFLY/tmp_reg[1]' (FDRE) to 'DECRYPT/DECODE/RS_DECOD/COMPUTE_ROOTS/ADD_FFT/BUTTERFLY/tmp_reg[9]'
INFO: [Synth 8-3886] merging instance 'DECRYPT/DECODE/RS_DECOD/COMPUTE_ROOTS/ADD_FFT/BUTTERFLY/tmp_reg[9]' (FDRE) to 'DECRYPT/DECODE/RS_DECOD/COMPUTE_ROOTS/ADD_FFT/BUTTERFLY/tmp_reg[17]'
INFO: [Synth 8-3886] merging instance 'DECRYPT/DECODE/RS_DECOD/COMPUTE_ROOTS/ADD_FFT/BUTTERFLY/tmp_reg[17]' (FDRE) to 'DECRYPT/DECODE/RS_DECOD/COMPUTE_ROOTS/ADD_FFT/BUTTERFLY/tmp_reg[25]'
INFO: [Synth 8-3886] merging instance 'DECRYPT/DECODE/RS_DECOD/COMPUTE_ROOTS/ADD_FFT/BUTTERFLY/tmp_reg[2]' (FDRE) to 'DECRYPT/DECODE/RS_DECOD/COMPUTE_ROOTS/ADD_FFT/BUTTERFLY/tmp_reg[10]'
INFO: [Synth 8-3886] merging instance 'DECRYPT/DECODE/RS_DECOD/COMPUTE_ROOTS/ADD_FFT/BUTTERFLY/tmp_reg[10]' (FDRE) to 'DECRYPT/DECODE/RS_DECOD/COMPUTE_ROOTS/ADD_FFT/BUTTERFLY/tmp_reg[18]'
INFO: [Synth 8-3886] merging instance 'DECRYPT/DECODE/RS_DECOD/COMPUTE_ROOTS/ADD_FFT/BUTTERFLY/tmp_reg[18]' (FDRE) to 'DECRYPT/DECODE/RS_DECOD/COMPUTE_ROOTS/ADD_FFT/BUTTERFLY/tmp_reg[26]'
INFO: [Synth 8-3886] merging instance 'DECRYPT/DECODE/RS_DECOD/COMPUTE_ROOTS/ADD_FFT/BUTTERFLY/tmp_reg[3]' (FDRE) to 'DECRYPT/DECODE/RS_DECOD/COMPUTE_ROOTS/ADD_FFT/BUTTERFLY/tmp_reg[11]'
INFO: [Synth 8-3886] merging instance 'DECRYPT/DECODE/RS_DECOD/COMPUTE_ROOTS/ADD_FFT/BUTTERFLY/tmp_reg[11]' (FDRE) to 'DECRYPT/DECODE/RS_DECOD/COMPUTE_ROOTS/ADD_FFT/BUTTERFLY/tmp_reg[19]'
INFO: [Synth 8-3886] merging instance 'DECRYPT/DECODE/RS_DECOD/COMPUTE_ROOTS/ADD_FFT/BUTTERFLY/tmp_reg[19]' (FDRE) to 'DECRYPT/DECODE/RS_DECOD/COMPUTE_ROOTS/ADD_FFT/BUTTERFLY/tmp_reg[27]'
INFO: [Synth 8-3886] merging instance 'DECRYPT/DECODE/RS_DECOD/COMPUTE_ROOTS/ADD_FFT/BUTTERFLY/tmp_reg[4]' (FDRE) to 'DECRYPT/DECODE/RS_DECOD/COMPUTE_ROOTS/ADD_FFT/BUTTERFLY/tmp_reg[12]'
INFO: [Synth 8-3886] merging instance 'DECRYPT/DECODE/RS_DECOD/COMPUTE_ROOTS/ADD_FFT/BUTTERFLY/tmp_reg[12]' (FDRE) to 'DECRYPT/DECODE/RS_DECOD/COMPUTE_ROOTS/ADD_FFT/BUTTERFLY/tmp_reg[20]'
INFO: [Synth 8-3886] merging instance 'DECRYPT/DECODE/RS_DECOD/COMPUTE_ROOTS/ADD_FFT/BUTTERFLY/tmp_reg[20]' (FDRE) to 'DECRYPT/DECODE/RS_DECOD/COMPUTE_ROOTS/ADD_FFT/BUTTERFLY/tmp_reg[28]'
INFO: [Synth 8-3886] merging instance 'DECRYPT/DECODE/RS_DECOD/COMPUTE_ROOTS/ADD_FFT/BUTTERFLY/tmp_reg[5]' (FDRE) to 'DECRYPT/DECODE/RS_DECOD/COMPUTE_ROOTS/ADD_FFT/BUTTERFLY/tmp_reg[13]'
INFO: [Synth 8-3886] merging instance 'DECRYPT/DECODE/RS_DECOD/COMPUTE_ROOTS/ADD_FFT/BUTTERFLY/tmp_reg[13]' (FDRE) to 'DECRYPT/DECODE/RS_DECOD/COMPUTE_ROOTS/ADD_FFT/BUTTERFLY/tmp_reg[21]'
INFO: [Synth 8-3886] merging instance 'DECRYPT/DECODE/RS_DECOD/COMPUTE_ROOTS/ADD_FFT/BUTTERFLY/tmp_reg[21]' (FDRE) to 'DECRYPT/DECODE/RS_DECOD/COMPUTE_ROOTS/ADD_FFT/BUTTERFLY/tmp_reg[29]'
INFO: [Synth 8-3886] merging instance 'DECRYPT/DECODE/RS_DECOD/COMPUTE_ROOTS/ADD_FFT/BUTTERFLY/tmp_reg[6]' (FDRE) to 'DECRYPT/DECODE/RS_DECOD/COMPUTE_ROOTS/ADD_FFT/BUTTERFLY/tmp_reg[14]'
INFO: [Synth 8-3886] merging instance 'DECRYPT/DECODE/RS_DECOD/COMPUTE_ROOTS/ADD_FFT/BUTTERFLY/tmp_reg[14]' (FDRE) to 'DECRYPT/DECODE/RS_DECOD/COMPUTE_ROOTS/ADD_FFT/BUTTERFLY/tmp_reg[22]'
INFO: [Synth 8-3886] merging instance 'DECRYPT/DECODE/RS_DECOD/COMPUTE_ROOTS/ADD_FFT/BUTTERFLY/tmp_reg[22]' (FDRE) to 'DECRYPT/DECODE/RS_DECOD/COMPUTE_ROOTS/ADD_FFT/BUTTERFLY/tmp_reg[30]'
INFO: [Synth 8-3886] merging instance 'DECRYPT/DECODE/RS_DECOD/COMPUTE_ROOTS/ADD_FFT/BUTTERFLY/tmp_reg[7]' (FDRE) to 'DECRYPT/DECODE/RS_DECOD/COMPUTE_ROOTS/ADD_FFT/BUTTERFLY/tmp_reg[15]'
INFO: [Synth 8-3886] merging instance 'DECRYPT/DECODE/RS_DECOD/COMPUTE_ROOTS/ADD_FFT/BUTTERFLY/tmp_reg[15]' (FDRE) to 'DECRYPT/DECODE/RS_DECOD/COMPUTE_ROOTS/ADD_FFT/BUTTERFLY/tmp_reg[23]'
INFO: [Synth 8-3886] merging instance 'DECRYPT/DECODE/RS_DECOD/COMPUTE_ROOTS/ADD_FFT/BUTTERFLY/tmp_reg[23]' (FDRE) to 'DECRYPT/DECODE/RS_DECOD/COMPUTE_ROOTS/ADD_FFT/BUTTERFLY/tmp_reg[31]'
INFO: [Synth 8-3886] merging instance 'DECRYPT/DECODE/RS_DECOD/COMPUTE_ROOTS/ADD_FFT/a2_buf_reg[0]' (FDE) to 'DECRYPT/DECODE/RS_DECOD/COMPUTE_ROOTS/ADD_FFT/a2_buf_reg[1]'
INFO: [Synth 8-3886] merging instance 'DECRYPT/DECODE/RS_DECOD/COMPUTE_ROOTS/ADD_FFT/a2_buf_reg[1]' (FDE) to 'DECRYPT/DECODE/RS_DECOD/COMPUTE_ROOTS/ADD_FFT/a2_buf_reg[2]'
INFO: [Synth 8-3886] merging instance 'DECRYPT/DECODE/RS_DECOD/COMPUTE_ROOTS/ADD_FFT/a2_buf_reg[2]' (FDE) to 'DECRYPT/DECODE/RS_DECOD/COMPUTE_ROOTS/ADD_FFT/a2_buf_reg[3]'
INFO: [Synth 8-3886] merging instance 'DECRYPT/DECODE/RS_DECOD/COMPUTE_ROOTS/ADD_FFT/a2_buf_reg[3]' (FDE) to 'DECRYPT/DECODE/RS_DECOD/COMPUTE_ROOTS/ADD_FFT/a2_buf_reg[4]'
INFO: [Synth 8-3886] merging instance 'DECRYPT/DECODE/RS_DECOD/COMPUTE_ROOTS/ADD_FFT/a2_buf_reg[4]' (FDE) to 'DECRYPT/DECODE/RS_DECOD/COMPUTE_ROOTS/ADD_FFT/a2_buf_reg[5]'
INFO: [Synth 8-3886] merging instance 'DECRYPT/DECODE/RS_DECOD/COMPUTE_ROOTS/ADD_FFT/a2_buf_reg[5]' (FDE) to 'DECRYPT/DECODE/RS_DECOD/COMPUTE_ROOTS/ADD_FFT/a2_buf_reg[6]'
INFO: [Synth 8-3886] merging instance 'DECRYPT/DECODE/RS_DECOD/COMPUTE_ROOTS/ADD_FFT/a2_buf_reg[6]' (FDE) to 'DECRYPT/DECODE/RS_DECOD/COMPUTE_ROOTS/ADD_FFT/a2_buf_reg[7]'
INFO: [Synth 8-3333] propagating constant 0 across sequential element (DECRYPT/\DECODE/RS_DECOD /COMPUTE_ROOTS/\ADD_FFT/a2_buf_reg[7] )
INFO: [Synth 8-3886] merging instance 'DECRYPT/DECODE/RS_DECOD/COMPUTE_ROOTS/ADD_FFT/FFT_PART2/ROUND[0].FFT_ROUND/g_reg[4]' (FD) to 'DECRYPT/DECODE/RS_DECOD/COMPUTE_ROOTS/ADD_FFT/FFT_PART2/ROUND[0].FFT_ROUND/g_reg[6]'
INFO: [Synth 8-3886] merging instance 'DECRYPT/DECODE/RS_DECOD/COMPUTE_ROOTS/ADD_FFT/FFT_PART2/ROUND[0].FFT_ROUND/cnt_in_d_reg[2]' (FD) to 'DECRYPT/DECODE/RS_DECOD/COMPUTE_ROOTS/ADD_FFT/FFT_PART2/ROUND[0].FFT_ROUND/g_reg[7]'
INFO: [Synth 8-3333] propagating constant 0 across sequential element (DECRYPT/\DECODE/RS_DECOD /COMPUTE_ROOTS/\ADD_FFT/FFT_PART2/ROUND[0].FFT_ROUND/g_reg[6] )
INFO: [Synth 8-3886] merging instance 'DECRYPT/DECODE/RS_DECOD/COMPUTE_ELP/X_sigma_p_reg[0]' (FDRE) to 'DECRYPT/DECODE/RS_DECOD/COMPUTE_ELP/X_sigma_p_reg[1]'
INFO: [Synth 8-3886] merging instance 'DECRYPT/DECODE/RS_DECOD/COMPUTE_ELP/X_sigma_p_reg[1]' (FDRE) to 'DECRYPT/DECODE/RS_DECOD/COMPUTE_ELP/sigma_reg[1]'
INFO: [Synth 8-3886] merging instance 'DECRYPT/DECODE/RS_DECOD/COMPUTE_ELP/X_sigma_p_reg[2]' (FDRE) to 'DECRYPT/DECODE/RS_DECOD/COMPUTE_ELP/sigma_reg[1]'
INFO: [Synth 8-3886] merging instance 'DECRYPT/DECODE/RS_DECOD/COMPUTE_ELP/X_sigma_p_reg[3]' (FDRE) to 'DECRYPT/DECODE/RS_DECOD/COMPUTE_ELP/sigma_reg[1]'
INFO: [Synth 8-3886] merging instance 'DECRYPT/DECODE/RS_DECOD/COMPUTE_ELP/X_sigma_p_reg[4]' (FDRE) to 'DECRYPT/DECODE/RS_DECOD/COMPUTE_ELP/sigma_reg[1]'
INFO: [Synth 8-3886] merging instance 'DECRYPT/DECODE/RS_DECOD/COMPUTE_ELP/X_sigma_p_reg[5]' (FDRE) to 'DECRYPT/DECODE/RS_DECOD/COMPUTE_ELP/sigma_reg[1]'
INFO: [Synth 8-3886] merging instance 'DECRYPT/DECODE/RS_DECOD/COMPUTE_ELP/X_sigma_p_reg[6]' (FDRE) to 'DECRYPT/DECODE/RS_DECOD/COMPUTE_ELP/sigma_reg[1]'
INFO: [Synth 8-3886] merging instance 'DECRYPT/DECODE/RS_DECOD/COMPUTE_ELP/X_sigma_p_reg[7]' (FDRE) to 'DECRYPT/DECODE/RS_DECOD/COMPUTE_ELP/sigma_reg[1]'
INFO: [Synth 8-3886] merging instance 'DECRYPT/DECODE/RS_DECOD/COMPUTE_ELP/pp_reg[7]' (FDSE) to 'DECRYPT/DECODE/RS_DECOD/COMPUTE_ELP/pp_reg[6]'
INFO: [Synth 8-3886] merging instance 'DECRYPT/DECODE/RS_DECOD/COMPUTE_ELP/sigma_reg[1]' (FDRE) to 'DECRYPT/DECODE/RS_DECOD/COMPUTE_ELP/sigma_reg[2]'
INFO: [Synth 8-3886] merging instance 'DECRYPT/DECODE/RS_DECOD/COMPUTE_ELP/sigma_reg[2]' (FDRE) to 'DECRYPT/DECODE/RS_DECOD/COMPUTE_ELP/sigma_reg[3]'
INFO: [Synth 8-3886] merging instance 'DECRYPT/DECODE/RS_DECOD/COMPUTE_ELP/sigma_reg[3]' (FDRE) to 'DECRYPT/DECODE/RS_DECOD/COMPUTE_ELP/sigma_reg[4]'
INFO: [Synth 8-3886] merging instance 'DECRYPT/DECODE/RS_DECOD/COMPUTE_ELP/sigma_reg[4]' (FDRE) to 'DECRYPT/DECODE/RS_DECOD/COMPUTE_ELP/sigma_reg[5]'
INFO: [Synth 8-3886] merging instance 'DECRYPT/DECODE/RS_DECOD/COMPUTE_ELP/sigma_reg[5]' (FDRE) to 'DECRYPT/DECODE/RS_DECOD/COMPUTE_ELP/sigma_reg[6]'
INFO: [Synth 8-3886] merging instance 'DECRYPT/DECODE/RS_DECOD/COMPUTE_ELP/sigma_reg[6]' (FDRE) to 'DECRYPT/DECODE/RS_DECOD/COMPUTE_ELP/sigma_reg[7]'
INFO: [Synth 8-3333] propagating constant 0 across sequential element (DECRYPT/\DECODE/RS_DECOD /COMPUTE_ELP/\sigma_reg[7] )
INFO: [Synth 8-3886] merging instance 'DECRYPT/DECODE/RM_DECOD/HADAMARD/HADAMARD_LAYER[0].HL/add_out1_reg[2]' (FDE) to 'DECRYPT/DECODE/RM_DECOD/HADAMARD/HADAMARD_LAYER[0].HL/add_out1_reg[3]'
INFO: [Synth 8-3333] propagating constant 0 across sequential element (DECRYPT/\DECODE/RM_DECOD/HADAMARD/HADAMARD_LAYER[0].HL/add_out0_reg[3] )
INFO: [Synth 8-3886] merging instance 'DECRYPT/DECODE/RM_DECOD/HADAMARD/HADAMARD_LAYER[0].HL/FIFO_S1/wr_data_reg[2]' (FDE) to 'DECRYPT/DECODE/RM_DECOD/HADAMARD/HADAMARD_LAYER[0].HL/FIFO_S1/wr_data_reg[3]'
INFO: [Synth 8-3886] merging instance 'DECRYPT/DECODE/RM_DECOD/HADAMARD/HADAMARD_LAYER[0].HL/FIFO_S0/wr_data_reg[2]' (FDE) to 'DECRYPT/DECODE/RM_DECOD/HADAMARD/HADAMARD_LAYER[0].HL/FIFO_S0/wr_data_reg[3]'
INFO: [Synth 8-3333] propagating constant 0 across sequential element (DECRYPT/\DECODE/RM_DECOD/FIND_PEAKS/FIND_PEAKS_0/cnt_in0_inferred__0 /\DECODE/RM_DECOD/FIND_PEAKS/FIND_PEAKS_0/cnt_in_reg[0] )
INFO: [Synth 8-3333] propagating constant 1 across sequential element (DECRYPT/\DECODE/RM_DECOD/FIND_PEAKS/FIND_PEAKS_1/cnt_in0_inferred__0 /\DECODE/RM_DECOD/FIND_PEAKS/FIND_PEAKS_1/cnt_in_reg[0] )
INFO: [Synth 8-3333] propagating constant 0 across sequential element (u_v_in_wen_reg_reg)
INFO: [Synth 8-3333] propagating constant 0 across sequential element (DECRYPT/\DECODE/RS_DECOD /COMPUTE_ROOTS/\ADD_FFT/BUTTERFLY/tmp_reg[24] )
INFO: [Synth 8-3333] propagating constant 0 across sequential element (DECRYPT/\DECODE/RS_DECOD /COMPUTE_ROOTS/\ADD_FFT/BUTTERFLY/tmp_reg[25] )
INFO: [Synth 8-3333] propagating constant 0 across sequential element (DECRYPT/\DECODE/RS_DECOD /COMPUTE_ROOTS/\ADD_FFT/BUTTERFLY/tmp_reg[26] )
INFO: [Synth 8-3333] propagating constant 0 across sequential element (DECRYPT/\DECODE/RS_DECOD /COMPUTE_ROOTS/\ADD_FFT/BUTTERFLY/tmp_reg[27] )
INFO: [Synth 8-3333] propagating constant 0 across sequential element (DECRYPT/\DECODE/RS_DECOD /COMPUTE_ROOTS/\ADD_FFT/BUTTERFLY/tmp_reg[28] )
INFO: [Synth 8-3333] propagating constant 0 across sequential element (DECRYPT/\DECODE/RS_DECOD /COMPUTE_ROOTS/\ADD_FFT/BUTTERFLY/tmp_reg[29] )
INFO: [Synth 8-3333] propagating constant 0 across sequential element (DECRYPT/\DECODE/RS_DECOD /COMPUTE_ROOTS/\ADD_FFT/BUTTERFLY/tmp_reg[30] )
INFO: [Synth 8-3333] propagating constant 0 across sequential element (DECRYPT/\DECODE/RS_DECOD /COMPUTE_ROOTS/\ADD_FFT/BUTTERFLY/tmp_reg[31] )
INFO: [Synth 8-3886] merging instance 'DECRYPT/DECODE/RS_DECOD/COMPUTE_ELP/X_sigma_p_reg[9]' (FDRE) to 'DECRYPT/DECODE/RS_DECOD/COMPUTE_ELP/X_sigma_p_reg[10]'
INFO: [Synth 8-3886] merging instance 'DECRYPT/DECODE/RS_DECOD/COMPUTE_ELP/X_sigma_p_reg[10]' (FDRE) to 'DECRYPT/DECODE/RS_DECOD/COMPUTE_ELP/X_sigma_p_reg[11]'
INFO: [Synth 8-3886] merging instance 'DECRYPT/DECODE/RS_DECOD/COMPUTE_ELP/X_sigma_p_reg[11]' (FDRE) to 'DECRYPT/DECODE/RS_DECOD/COMPUTE_ELP/X_sigma_p_reg[12]'
INFO: [Synth 8-3886] merging instance 'DECRYPT/DECODE/RS_DECOD/COMPUTE_ELP/X_sigma_p_reg[12]' (FDRE) to 'DECRYPT/DECODE/RS_DECOD/COMPUTE_ELP/X_sigma_p_reg[13]'
INFO: [Synth 8-3886] merging instance 'DECRYPT/DECODE/RS_DECOD/COMPUTE_ELP/X_sigma_p_reg[13]' (FDRE) to 'DECRYPT/DECODE/RS_DECOD/COMPUTE_ELP/X_sigma_p_reg[14]'
INFO: [Synth 8-3886] merging instance 'DECRYPT/DECODE/RS_DECOD/COMPUTE_ELP/X_sigma_p_reg[14]' (FDRE) to 'DECRYPT/DECODE/RS_DECOD/COMPUTE_ELP/X_sigma_p_reg[15]'
INFO: [Synth 8-3333] propagating constant 0 across sequential element (DECRYPT/\DECODE/RS_DECOD /COMPUTE_ELP/\X_sigma_p_reg[15] )
INFO: [Synth 8-3333] propagating constant 0 across sequential element (DECRYPT/\DECODE/RM_DECOD/HADAMARD/HADAMARD_LAYER[0].HL/FIFO_F1/wr_data_reg[3] )
INFO: [Synth 8-3333] propagating constant 0 across sequential element (DECRYPT/\DECODE/RM_DECOD/HADAMARD/HADAMARD_LAYER[0].HL/FIFO_F0/wr_data_reg[3] )
INFO: [Synth 8-3333] propagating constant 0 across sequential element (DECRYPT/\DECODE/RM_DECOD/FIND_PEAKS/FIND_PEAKS_0/peak_pos_reg[0] )
INFO: [Synth 8-3333] propagating constant 1 across sequential element (DECRYPT/\DECODE/RM_DECOD/FIND_PEAKS/FIND_PEAKS_1/peak_pos_reg[0] )
INFO: [Synth 8-3886] merging instance 'DECRYPT/DECODE/RM_DECOD/HADAMARD/HADAMARD_LAYER[1].HL/add_out1_reg[0]' (FDE) to 'DECRYPT/DECODE/RM_DECOD/HADAMARD/HADAMARD_LAYER[1].HL/add_out0_reg[0]'
INFO: [Synth 8-3886] merging instance 'DECRYPT/DECODE/RM_DECOD/HADAMARD/HADAMARD_LAYER[2].HL/add_out1_reg[0]' (FDE) to 'DECRYPT/DECODE/RM_DECOD/HADAMARD/HADAMARD_LAYER[2].HL/add_out0_reg[0]'
INFO: [Common 17-14] Message 'Synth 8-6904' appears 100 times and further instances of the messages will be disabled. Use the Tcl command set_msg_config to change the current settings.
INFO: [Synth 8-5546] ROM "round_constants/rc_const" won't be mapped to RAM because it is too sparse
INFO: [Synth 8-3333] propagating constant 0 across sequential element (\SHAKE256/data_path_instance /state_ram_instance/\generate_addr_offsets_precalc[0].addr_offsets_precalc_reg[0][0] )
INFO: [Synth 8-3886] merging instance 'SHAKE256/data_path_instance/state_ram_instance/ram_generator[10].ram/raddr_high_reg_reg[0]' (FDRE) to 'SHAKE256/data_path_instance/state_ram_instance/ram_generator[18].ram/raddr_high_reg_reg[0]'
INFO: [Synth 8-3886] merging instance 'SHAKE256/data_path_instance/state_ram_instance/ram_generator[24].ram/raddr_high_reg_reg[0]' (FDRE) to 'SHAKE256/data_path_instance/state_ram_instance/ram_generator[18].ram/raddr_high_reg_reg[0]'
INFO: [Synth 8-3886] merging instance 'SHAKE256/data_path_instance/state_ram_instance/ram_generator[7].ram/raddr_high_reg_reg[0]' (FDRE) to 'SHAKE256/data_path_instance/state_ram_instance/ram_generator[18].ram/raddr_high_reg_reg[0]'
INFO: [Synth 8-3886] merging instance 'SHAKE256/data_path_instance/state_ram_instance/ram_generator[16].ram/raddr_high_reg_reg[0]' (FDRE) to 'SHAKE256/data_path_instance/state_ram_instance/ram_generator[22].ram/raddr_high_reg_reg[0]'
INFO: [Synth 8-3886] merging instance 'SHAKE256/data_path_instance/state_ram_instance/ram_generator[11].ram/raddr_high_reg_reg[0]' (FDRE) to 'SHAKE256/data_path_instance/state_ram_instance/ram_generator[18].ram/raddr_high_reg_reg[0]'
INFO: [Synth 8-3886] merging instance 'SHAKE256/data_path_instance/state_ram_instance/ram_generator[22].ram/raddr_high_reg_reg[0]' (FDRE) to 'SHAKE256/data_path_instance/state_ram_instance/ram_generator[20].ram/raddr_high_reg_reg[0]'
INFO: [Synth 8-3886] merging instance 'SHAKE256/data_path_instance/state_ram_instance/ram_generator[13].ram/raddr_high_reg_reg[0]' (FDRE) to 'SHAKE256/data_path_instance/state_ram_instance/ram_generator[18].ram/raddr_high_reg_reg[0]'
INFO: [Synth 8-3886] merging instance 'SHAKE256/data_path_instance/state_ram_instance/ram_generator[23].ram/raddr_high_reg_reg[0]' (FDRE) to 'SHAKE256/data_path_instance/state_ram_instance/ram_generator[20].ram/raddr_high_reg_reg[0]'
INFO: [Synth 8-3886] merging instance 'SHAKE256/data_path_instance/state_ram_instance/ram_generator[17].ram/raddr_high_reg_reg[0]' (FDRE) to 'SHAKE256/data_path_instance/state_ram_instance/ram_generator[18].ram/raddr_high_reg_reg[0]'
INFO: [Synth 8-3886] merging instance 'SHAKE256/data_path_instance/state_ram_instance/ram_generator[2].ram/raddr_high_reg_reg[0]' (FDRE) to 'SHAKE256/data_path_instance/state_ram_instance/ram_generator[20].ram/raddr_high_reg_reg[0]'
INFO: [Synth 8-3886] merging instance 'SHAKE256/data_path_instance/state_ram_instance/ram_generator[1].ram/raddr_high_reg_reg[0]' (FDRE) to 'SHAKE256/data_path_instance/state_ram_instance/ram_generator[20].ram/raddr_high_reg_reg[0]'
INFO: [Synth 8-3886] merging instance 'SHAKE256/data_path_instance/state_ram_instance/ram_generator[8].ram/raddr_high_reg_reg[0]' (FDRE) to 'SHAKE256/data_path_instance/state_ram_instance/ram_generator[20].ram/raddr_high_reg_reg[0]'
INFO: [Synth 8-3886] merging instance 'SHAKE256/data_path_instance/state_ram_instance/ram_generator[4].ram/raddr_high_reg_reg[0]' (FDRE) to 'SHAKE256/data_path_instance/state_ram_instance/ram_generator[18].ram/raddr_high_reg_reg[0]'
INFO: [Synth 8-3886] merging instance 'SHAKE256/data_path_instance/state_ram_instance/ram_generator[18].ram/raddr_high_reg_reg[0]' (FDRE) to 'SHAKE256/data_path_instance/state_ram_instance/ram_generator[15].ram/raddr_high_reg_reg[0]'
INFO: [Synth 8-3886] merging instance 'SHAKE256/data_path_instance/state_ram_instance/ram_generator[14].ram/raddr_high_reg_reg[0]' (FDRE) to 'SHAKE256/data_path_instance/state_ram_instance/ram_generator[15].ram/raddr_high_reg_reg[0]'
INFO: [Synth 8-3886] merging instance 'SHAKE256/data_path_instance/state_ram_instance/ram_generator[6].ram/raddr_high_reg_reg[0]' (FDRE) to 'SHAKE256/data_path_instance/state_ram_instance/ram_generator[15].ram/raddr_high_reg_reg[0]'
INFO: [Synth 8-3886] merging instance 'SHAKE256/data_path_instance/state_ram_instance/ram_generator[3].ram/raddr_high_reg_reg[0]' (FDRE) to 'SHAKE256/data_path_instance/state_ram_instance/ram_generator[15].ram/raddr_high_reg_reg[0]'
INFO: [Synth 8-3886] merging instance 'SHAKE256/data_path_instance/state_ram_instance/ram_generator[21].ram/raddr_high_reg_reg[0]' (FDRE) to 'SHAKE256/data_path_instance/state_ram_instance/ram_generator[20].ram/raddr_high_reg_reg[0]'
INFO: [Synth 8-3886] merging instance 'SHAKE256/data_path_instance/state_ram_instance/ram_generator[19].ram/raddr_high_reg_reg[0]' (FDRE) to 'SHAKE256/data_path_instance/state_ram_instance/ram_generator[20].ram/raddr_high_reg_reg[0]'
INFO: [Synth 8-3886] merging instance 'SHAKE256/data_path_instance/state_ram_instance/ram_generator[12].ram/raddr_high_reg_reg[0]' (FDRE) to 'SHAKE256/data_path_instance/state_ram_instance/ram_generator[15].ram/raddr_high_reg_reg[0]'
INFO: [Synth 8-3886] merging instance 'SHAKE256/data_path_instance/round_constants/rcout_reg[4]' (FD) to 'SHAKE256/data_path_instance/round_constants/rcout_reg[2]'
INFO: [Synth 8-3886] merging instance 'SHAKE256/data_path_instance/round_constants/rcout_reg[24]' (FD) to 'SHAKE256/data_path_instance/round_constants/rcout_reg[2]'
INFO: [Synth 8-3886] merging instance 'SHAKE256/data_path_instance/state_ram_instance/ram_generator[15].ram/raddr_high_reg_reg[0]' (FDRE) to 'SHAKE256/data_path_instance/state_ram_instance/ram_generator[5].ram/raddr_high_reg_reg[0]'
INFO: [Synth 8-3886] merging instance 'SHAKE256/data_path_instance/round_constants/rcout_reg[5]' (FD) to 'SHAKE256/data_path_instance/round_constants/rcout_reg[2]'
INFO: [Synth 8-3886] merging instance 'SHAKE256/data_path_instance/round_constants/rcout_reg[11]' (FD) to 'SHAKE256/data_path_instance/round_constants/rcout_reg[2]'
INFO: [Synth 8-3886] merging instance 'SHAKE256/data_path_instance/round_constants/rcout_reg[25]' (FD) to 'SHAKE256/data_path_instance/round_constants/rcout_reg[2]'
INFO: [Synth 8-3886] merging instance 'SHAKE256/data_path_instance/round_constants/rcout_reg[6]' (FD) to 'SHAKE256/data_path_instance/round_constants/rcout_reg[2]'
INFO: [Synth 8-3886] merging instance 'SHAKE256/data_path_instance/round_constants/rcout_reg[12]' (FD) to 'SHAKE256/data_path_instance/round_constants/rcout_reg[2]'
INFO: [Synth 8-3886] merging instance 'SHAKE256/data_path_instance/round_constants/rcout_reg[26]' (FD) to 'SHAKE256/data_path_instance/round_constants/rcout_reg[2]'
INFO: [Synth 8-3886] merging instance 'SHAKE256/data_path_instance/state_ram_instance/ram_generator[9].ram/raddr_high_reg_reg[0]' (FDRE) to 'SHAKE256/data_path_instance/state_ram_instance/ram_generator[20].ram/raddr_high_reg_reg[0]'
INFO: [Synth 8-3886] merging instance 'SHAKE256/data_path_instance/round_constants/rcout_reg[13]' (FD) to 'SHAKE256/data_path_instance/round_constants/rcout_reg[2]'
INFO: [Synth 8-3886] merging instance 'SHAKE256/data_path_instance/round_constants/rcout_reg[27]' (FD) to 'SHAKE256/data_path_instance/round_constants/rcout_reg[2]'
INFO: [Synth 8-3886] merging instance 'SHAKE256/data_path_instance/round_constants/rcout_reg[8]' (FD) to 'SHAKE256/data_path_instance/round_constants/rcout_reg[2]'
INFO: [Synth 8-3886] merging instance 'SHAKE256/data_path_instance/round_constants/rcout_reg[14]' (FD) to 'SHAKE256/data_path_instance/round_constants/rcout_reg[2]'
INFO: [Synth 8-3886] merging instance 'SHAKE256/data_path_instance/round_constants/rcout_reg[28]' (FD) to 'SHAKE256/data_path_instance/round_constants/rcout_reg[2]'
INFO: [Synth 8-3886] merging instance 'SHAKE256/data_path_instance/round_constants/rcout_reg[20]' (FD) to 'SHAKE256/data_path_instance/round_constants/rcout_reg[2]'
INFO: [Synth 8-3886] merging instance 'SHAKE256/data_path_instance/round_constants/rcout_reg[2]' (FD) to 'SHAKE256/data_path_instance/round_constants/rcout_reg[9]'
INFO: [Synth 8-3886] merging instance 'SHAKE256/data_path_instance/round_constants/rcout_reg[17]' (FD) to 'SHAKE256/data_path_instance/round_constants/rcout_reg[9]'
INFO: [Synth 8-3886] merging instance 'SHAKE256/data_path_instance/round_constants/rcout_reg[9]' (FD) to 'SHAKE256/data_path_instance/round_constants/rcout_reg[10]'
INFO: [Synth 8-3886] merging instance 'SHAKE256/data_path_instance/state_ram_instance/ram_generator[24].ram/raddr_low_reg_reg[0]' (FDRE) to 'SHAKE256/data_path_instance/state_ram_instance/ram_generator[18].ram/raddr_low_reg_reg[0]'
INFO: [Synth 8-3886] merging instance 'SHAKE256/data_path_instance/round_constants/rcout_reg[29]' (FD) to 'SHAKE256/data_path_instance/round_constants/rcout_reg[10]'
INFO: [Common 17-14] Message 'Synth 8-3886' appears 100 times and further instances of the messages will be disabled. Use the Tcl command set_msg_config to change the current settings.
INFO: [Common 17-14] Message 'Synth 8-3886' appears 100 times and further instances of the messages will be disabled. Use the Tcl command set_msg_config to change the current settings.
INFO: [Synth 8-3333] propagating constant 0 across sequential element (\SHAKE256/data_path_instance /\round_constants/rcout_reg[19] )
INFO: [Synth 8-5544] ROM "split_addr_mask" won't be mapped to Block RAM because address size (3) smaller than threshold (5)
INFO: [Synth 8-5544] ROM "split_addr_mask" won't be mapped to Block RAM because address size (3) smaller than threshold (5)
INFO: [Synth 8-3936] Found unconnected internal register 'inst/gen_axilite.gen_b2s_conv.axilite_b2s/SI_REG/aw.aw_pipe/m_payload_i_reg' and it is trimmed from '70' to '62' bits. [d:/University/251/DA/wrapper/wrapper.gen/sources_1/bd/SoC/ipshared/f0b4/hdl/axi_register_slice_v2_1_vl_rfs.v:1731]
INFO: [Synth 8-3936] Found unconnected internal register 'inst/gen_axilite.gen_b2s_conv.axilite_b2s/SI_REG/b.b_pipe/m_payload_i_reg' and it is trimmed from '3' to '2' bits. [d:/University/251/DA/wrapper/wrapper.gen/sources_1/bd/SoC/ipshared/f0b4/hdl/axi_register_slice_v2_1_vl_rfs.v:1731]
INFO: [Synth 8-3936] Found unconnected internal register 'inst/gen_axilite.gen_b2s_conv.axilite_b2s/SI_REG/ar.ar_pipe/m_payload_i_reg' and it is trimmed from '70' to '62' bits. [d:/University/251/DA/wrapper/wrapper.gen/sources_1/bd/SoC/ipshared/f0b4/hdl/axi_register_slice_v2_1_vl_rfs.v:1731]
INFO: [Synth 8-3936] Found unconnected internal register 'inst/gen_axilite.gen_b2s_conv.axilite_b2s/SI_REG/r.r_pipe/m_payload_i_reg' and it is trimmed from '36' to '35' bits. [d:/University/251/DA/wrapper/wrapper.gen/sources_1/bd/SoC/ipshared/f0b4/hdl/axi_register_slice_v2_1_vl_rfs.v:1731]
INFO: [Synth 8-5544] ROM "split_addr_mask" won't be mapped to Block RAM because address size (3) smaller than threshold (5)
INFO: [Synth 8-5544] ROM "split_addr_mask" won't be mapped to Block RAM because address size (3) smaller than threshold (5)
INFO: [Synth 8-3936] Found unconnected internal register 'inst/gen_axilite.gen_b2s_conv.axilite_b2s/SI_REG/aw.aw_pipe/m_payload_i_reg' and it is trimmed from '70' to '62' bits. [d:/University/251/DA/wrapper/wrapper.gen/sources_1/bd/SoC/ipshared/f0b4/hdl/axi_register_slice_v2_1_vl_rfs.v:1731]
INFO: [Synth 8-3936] Found unconnected internal register 'inst/gen_axilite.gen_b2s_conv.axilite_b2s/SI_REG/b.b_pipe/m_payload_i_reg' and it is trimmed from '3' to '2' bits. [d:/University/251/DA/wrapper/wrapper.gen/sources_1/bd/SoC/ipshared/f0b4/hdl/axi_register_slice_v2_1_vl_rfs.v:1731]
INFO: [Synth 8-3936] Found unconnected internal register 'inst/gen_axilite.gen_b2s_conv.axilite_b2s/SI_REG/ar.ar_pipe/m_payload_i_reg' and it is trimmed from '70' to '62' bits. [d:/University/251/DA/wrapper/wrapper.gen/sources_1/bd/SoC/ipshared/f0b4/hdl/axi_register_slice_v2_1_vl_rfs.v:1731]
INFO: [Synth 8-3936] Found unconnected internal register 'inst/gen_axilite.gen_b2s_conv.axilite_b2s/SI_REG/r.r_pipe/m_payload_i_reg' and it is trimmed from '36' to '35' bits. [d:/University/251/DA/wrapper/wrapper.gen/sources_1/bd/SoC/ipshared/f0b4/hdl/axi_register_slice_v2_1_vl_rfs.v:1731]
INFO: [Synth 8-3936] Found unconnected internal register 'inst/gen_sasd.crossbar_sasd_0/reg_slice_r/m_payload_i_reg' and it is trimmed from '36' to '35' bits. [d:/University/251/DA/wrapper/wrapper.gen/sources_1/bd/SoC/ipshared/f0b4/hdl/axi_register_slice_v2_1_vl_rfs.v:1731]
INFO: [Common 17-14] Message 'Synth 8-7129' appears 100 times and further instances of the messages will be disabled. Use the Tcl command set_msg_config to change the current settings.
INFO: [Synth 8-3333] propagating constant 0 across sequential element (rst_ps8_0_99M/U0/\EXT_LPF/ACTIVE_LOW_AUX.ACT_LO_AUX/GENERATE_LEVEL_P_S_CDC.SINGLE_BIT.CROSS_PLEVEL_IN2SCNDRY_IN_cdc_to )
INFO: [Common 17-14] Message 'Synth 8-3886' appears 100 times and further instances of the messages will be disabled. Use the Tcl command set_msg_config to change the current settings.
INFO: [Synth 8-3333] propagating constant 0 across sequential element (ps8_0_axi_periph/\s00_couplers/auto_ds /inst/\gen_downsizer.gen_simple_downsizer.axi_downsizer_inst/USE_READ.read_addr_inst/next_mi_addr_reg[1] )
INFO: [Synth 8-3333] propagating constant 0 across sequential element (ps8_0_axi_periph/\s00_couplers/auto_ds /inst/\gen_downsizer.gen_simple_downsizer.axi_downsizer_inst/USE_WRITE.write_addr_inst/next_mi_addr_reg[1] )
INFO: [Synth 8-3333] propagating constant 0 across sequential element (ps8_0_axi_periph/\s01_couplers/auto_ds /inst/\gen_downsizer.gen_simple_downsizer.axi_downsizer_inst/USE_READ.read_addr_inst/next_mi_addr_reg[1] )
INFO: [Synth 8-3333] propagating constant 0 across sequential element (ps8_0_axi_periph/\s01_couplers/auto_ds /inst/\gen_downsizer.gen_simple_downsizer.axi_downsizer_inst/USE_WRITE.write_addr_inst/next_mi_addr_reg[1] )
INFO: [Synth 8-3333] propagating constant 0 across sequential element (ps8_0_axi_periph/\s01_couplers/auto_ds /inst/\gen_downsizer.gen_simple_downsizer.axi_downsizer_inst/USE_WRITE.write_addr_inst/num_transactions_q_reg[11] )
INFO: [Synth 8-3333] propagating constant 0 across sequential element (ps8_0_axi_periph/\s01_couplers/auto_ds /inst/\gen_downsizer.gen_simple_downsizer.axi_downsizer_inst/USE_READ.read_addr_inst/num_transactions_q_reg[11] )
INFO: [Synth 8-3333] propagating constant 0 across sequential element (ps8_0_axi_periph/\s00_couplers/auto_ds /inst/\gen_downsizer.gen_simple_downsizer.axi_downsizer_inst/USE_WRITE.write_addr_inst/num_transactions_q_reg[11] )
INFO: [Synth 8-3333] propagating constant 0 across sequential element (ps8_0_axi_periph/\s00_couplers/auto_ds /inst/\gen_downsizer.gen_simple_downsizer.axi_downsizer_inst/USE_READ.read_addr_inst/num_transactions_q_reg[11] )
INFO: [Synth 8-3333] propagating constant 0 across sequential element (rst_ps8_0_99M/U0/\EXT_LPF/ACTIVE_LOW_AUX.ACT_LO_AUX/GENERATE_LEVEL_P_S_CDC.SINGLE_BIT.CROSS_PLEVEL_IN2SCNDRY_s_level_out_d2 )
INFO: [Synth 8-3333] propagating constant 0 across sequential element (rst_ps8_0_99M/U0/\EXT_LPF/ACTIVE_LOW_AUX.ACT_LO_AUX/GENERATE_LEVEL_P_S_CDC.SINGLE_BIT.CROSS_PLEVEL_IN2SCNDRY_s_level_out_d3 )
INFO: [Synth 8-3333] propagating constant 0 across sequential element (ps8_0_axi_periph/\s01_couplers/auto_ds /inst/\gen_downsizer.gen_simple_downsizer.axi_downsizer_inst/USE_WRITE.write_addr_inst/USE_B_CHANNEL.cmd_b_queue/inst/fifo_gen_inst /i_0/\inst_fifo_gen/gconvfifo.rf/grf.rf/gntv_or_sync_fifo.mem/gdm.dm_gen.dm/gpr1.dout_i_reg[4] )
INFO: [Synth 8-3333] propagating constant 0 across sequential element (ps8_0_axi_periph/\s00_couplers/auto_ds /inst/\gen_downsizer.gen_simple_downsizer.axi_downsizer_inst/USE_WRITE.write_addr_inst/USE_B_CHANNEL.cmd_b_queue/inst/fifo_gen_inst /i_0/\inst_fifo_gen/gconvfifo.rf/grf.rf/gntv_or_sync_fifo.mem/gdm.dm_gen.dm/gpr1.dout_i_reg[4] )
INFO: [Synth 8-3333] propagating constant 0 across sequential element (rst_ps8_0_99M/U0/\EXT_LPF/ACTIVE_LOW_AUX.ACT_LO_AUX/GENERATE_LEVEL_P_S_CDC.SINGLE_BIT.CROSS_PLEVEL_IN2SCNDRY_s_level_out_d4 )
INFO: [Synth 8-3333] propagating constant 0 across sequential element (ps8_0_axi_periph/\s01_couplers/auto_ds /inst/\gen_downsizer.gen_simple_downsizer.axi_downsizer_inst/USE_WRITE.write_addr_inst/USE_B_CHANNEL.cmd_b_queue/inst/fifo_gen_inst /\inst_fifo_gen/gconvfifo.rf/grf.rf/gntv_or_sync_fifo.mem/goreg_dm.dout_i_reg[4] )
INFO: [Synth 8-3333] propagating constant 0 across sequential element (ps8_0_axi_periph/\s00_couplers/auto_ds /inst/\gen_downsizer.gen_simple_downsizer.axi_downsizer_inst/USE_WRITE.write_addr_inst/USE_B_CHANNEL.cmd_b_queue/inst/fifo_gen_inst /\inst_fifo_gen/gconvfifo.rf/grf.rf/gntv_or_sync_fifo.mem/goreg_dm.dout_i_reg[4] )
INFO: [Synth 8-3333] propagating constant 0 across sequential element (rst_ps8_0_99M/U0/\EXT_LPF/AUX_LPF[1].asr_lpf_reg[1] )
INFO: [Synth 8-3333] propagating constant 0 across sequential element (rst_ps8_0_99M/U0/\EXT_LPF/lpf_asr_reg )
WARNING: [Synth 8-3332] Sequential element (EXT_LPF/ACTIVE_LOW_EXT.ACT_LO_EXT/GENERATE_LEVEL_P_S_CDC.SINGLE_BIT.CROSS_PLEVEL_IN2SCNDRY_s_level_out_d5) is unused and will be removed from module proc_sys_reset.
WARNING: [Synth 8-3332] Sequential element (EXT_LPF/ACTIVE_LOW_EXT.ACT_LO_EXT/GENERATE_LEVEL_P_S_CDC.SINGLE_BIT.CROSS_PLEVEL_IN2SCNDRY_s_level_out_d6) is unused and will be removed from module proc_sys_reset.
WARNING: [Synth 8-3332] Sequential element (EXT_LPF/ACTIVE_LOW_AUX.ACT_LO_AUX/GENERATE_LEVEL_P_S_CDC.SINGLE_BIT.CROSS_PLEVEL_IN2SCNDRY_IN_cdc_to) is unused and will be removed from module proc_sys_reset.
WARNING: [Synth 8-3332] Sequential element (EXT_LPF/ACTIVE_LOW_AUX.ACT_LO_AUX/GENERATE_LEVEL_P_S_CDC.SINGLE_BIT.CROSS_PLEVEL_IN2SCNDRY_s_level_out_d2) is unused and will be removed from module proc_sys_reset.
WARNING: [Synth 8-3332] Sequential element (EXT_LPF/ACTIVE_LOW_AUX.ACT_LO_AUX/GENERATE_LEVEL_P_S_CDC.SINGLE_BIT.CROSS_PLEVEL_IN2SCNDRY_s_level_out_d3) is unused and will be removed from module proc_sys_reset.
WARNING: [Synth 8-3332] Sequential element (EXT_LPF/ACTIVE_LOW_AUX.ACT_LO_AUX/GENERATE_LEVEL_P_S_CDC.SINGLE_BIT.CROSS_PLEVEL_IN2SCNDRY_s_level_out_d4) is unused and will be removed from module proc_sys_reset.
WARNING: [Synth 8-3332] Sequential element (EXT_LPF/ACTIVE_LOW_AUX.ACT_LO_AUX/GENERATE_LEVEL_P_S_CDC.SINGLE_BIT.CROSS_PLEVEL_IN2SCNDRY_s_level_out_d5) is unused and will be removed from module proc_sys_reset.
WARNING: [Synth 8-3332] Sequential element (EXT_LPF/ACTIVE_LOW_AUX.ACT_LO_AUX/GENERATE_LEVEL_P_S_CDC.SINGLE_BIT.CROSS_PLEVEL_IN2SCNDRY_s_level_out_d6) is unused and will be removed from module proc_sys_reset.
WARNING: [Synth 8-3332] Sequential element (FDRE_inst) is unused and will be removed from module proc_sys_reset.
WARNING: [Synth 8-3332] Sequential element (BSR_OUT_DFF[0].FDRE_BSR) is unused and will be removed from module proc_sys_reset.
WARNING: [Synth 8-3332] Sequential element (ACTIVE_LOW_BSR_OUT_DFF[0].FDRE_BSR_N) is unused and will be removed from module proc_sys_reset.
WARNING: [Synth 8-3332] Sequential element (PR_OUT_DFF[0].FDRE_PER) is unused and will be removed from module proc_sys_reset.
INFO: [Synth 8-3333] propagating constant 0 across sequential element (system_ila_0/inst/ila_lib/inst/ila_core_inst/\u_ila_regs/shift_reg1_reg[1023] )
INFO: [Synth 8-3333] propagating constant 0 across sequential element (system_ila_0/inst/ila_lib/inst/ila_core_inst/\u_ila_regs/shift_reg0_reg[1023] )
INFO: [Synth 8-3333] propagating constant 0 across sequential element (system_ila_0/inst/ila_lib/inst/ila_core_inst/\u_trig/shift_cap_strg_qual_reg )
INFO: [Synth 8-3333] propagating constant 1 across sequential element (system_ila_0/inst/ila_lib/inst/ila_core_inst/\u_ila_regs/slaveRegDo_ff7_reg[0] )
INFO: [Synth 8-3333] propagating constant 1 across sequential element (system_ila_0/inst/ila_lib/inst/ila_core_inst/\u_ila_regs/N_DDR_MODE_MU1.MU_STATUS[1].mu_tpid_reg /\I_EN_STAT_EQ1.U_STAT/xsdb_reg_reg[0] )
INFO: [Synth 8-3333] propagating constant 1 across sequential element (system_ila_0/inst/ila_lib/inst/ila_core_inst/\u_ila_regs/reg_4 /\I_EN_STAT_EQ1.U_STAT/xsdb_reg_reg[0] )
INFO: [Synth 8-3333] propagating constant 1 across sequential element (system_ila_0/inst/ila_lib/inst/ila_core_inst/\u_ila_regs/N_DDR_MODE.PROBE_STATUS[17].probe_width_reg /\I_EN_STAT_EQ1.U_STAT/xsdb_reg_reg[1] )
INFO: [Synth 8-3333] propagating constant 1 across sequential element (system_ila_0/inst/ila_lib/inst/ila_core_inst/\u_ila_regs/N_DDR_MODE.PROBE_STATUS[16].probe_width_reg /\I_EN_STAT_EQ1.U_STAT/xsdb_reg_reg[1] )
INFO: [Synth 8-3333] propagating constant 1 across sequential element (system_ila_0/inst/ila_lib/inst/ila_core_inst/\u_ila_regs/N_DDR_MODE.PROBE_STATUS[15].probe_width_reg /\I_EN_STAT_EQ1.U_STAT/xsdb_reg_reg[1] )
INFO: [Synth 8-3333] propagating constant 1 across sequential element (system_ila_0/inst/ila_lib/inst/ila_core_inst/\u_ila_regs/N_DDR_MODE.PROBE_STATUS[14].probe_width_reg /\I_EN_STAT_EQ1.U_STAT/xsdb_reg_reg[1] )
INFO: [Synth 8-3333] propagating constant 1 across sequential element (system_ila_0/inst/ila_lib/inst/ila_core_inst/\u_ila_regs/N_DDR_MODE.PROBE_STATUS[13].probe_width_reg /\I_EN_STAT_EQ1.U_STAT/xsdb_reg_reg[1] )
INFO: [Synth 8-3333] propagating constant 1 across sequential element (system_ila_0/inst/ila_lib/inst/ila_core_inst/\u_ila_regs/N_DDR_MODE.PROBE_STATUS[10].probe_width_reg /\I_EN_STAT_EQ1.U_STAT/xsdb_reg_reg[1] )
INFO: [Synth 8-3333] propagating constant 1 across sequential element (system_ila_0/inst/ila_lib/inst/ila_core_inst/\u_ila_regs/N_DDR_MODE.PROBE_STATUS[8].probe_width_reg /\I_EN_STAT_EQ1.U_STAT/xsdb_reg_reg[1] )
INFO: [Synth 8-3333] propagating constant 1 across sequential element (system_ila_0/inst/ila_lib/inst/ila_core_inst/\u_ila_regs/N_DDR_MODE.PROBE_STATUS[7].probe_width_reg /\I_EN_STAT_EQ1.U_STAT/xsdb_reg_reg[1] )
INFO: [Synth 8-3333] propagating constant 1 across sequential element (system_ila_0/inst/ila_lib/inst/ila_core_inst/\u_ila_regs/N_DDR_MODE.PROBE_STATUS[6].probe_width_reg /\I_EN_STAT_EQ1.U_STAT/xsdb_reg_reg[1] )
INFO: [Synth 8-3333] propagating constant 1 across sequential element (system_ila_0/inst/ila_lib/inst/ila_core_inst/\u_ila_regs/N_DDR_MODE.PROBE_STATUS[5].probe_width_reg /\I_EN_STAT_EQ1.U_STAT/xsdb_reg_reg[1] )
INFO: [Synth 8-3333] propagating constant 1 across sequential element (system_ila_0/inst/ila_lib/inst/ila_core_inst/\u_ila_regs/N_DDR_MODE.PROBE_STATUS[0].probe_width_reg /\I_EN_STAT_EQ1.U_STAT/xsdb_reg_reg[1] )
INFO: [Synth 8-3333] propagating constant 1 across sequential element (system_ila_0/inst/ila_lib/inst/ila_core_inst/\u_ila_regs/N_DDR_MODE_MU1.MU_STATUS[3].mu_tpid_reg /\I_EN_STAT_EQ1.U_STAT/xsdb_reg_reg[1] )
INFO: [Synth 8-3333] propagating constant 1 across sequential element (system_ila_0/inst/ila_lib/inst/ila_core_inst/\u_ila_regs/N_DDR_MODE.PROBE_STATUS[3].probe_width_reg /\I_EN_STAT_EQ1.U_STAT/xsdb_reg_reg[1] )
INFO: [Synth 8-3333] propagating constant 1 across sequential element (system_ila_0/inst/ila_lib/inst/ila_core_inst/\u_ila_regs/N_DDR_MODE_MU1.MU_STATUS[2].mu_tpid_reg /\I_EN_STAT_EQ1.U_STAT/xsdb_reg_reg[1] )
INFO: [Synth 8-3333] propagating constant 1 across sequential element (system_ila_0/inst/ila_lib/inst/ila_core_inst/\u_ila_regs/N_DDR_MODE.PROBE_STATUS[2].probe_width_reg /\I_EN_STAT_EQ1.U_STAT/xsdb_reg_reg[1] )
INFO: [Synth 8-3333] propagating constant 1 across sequential element (system_ila_0/inst/ila_lib/inst/ila_core_inst/\u_ila_regs/N_DDR_MODE.PROBE_STATUS[12].probe_width_reg /\I_EN_STAT_EQ1.U_STAT/xsdb_reg_reg[2] )
INFO: [Synth 8-3333] propagating constant 1 across sequential element (system_ila_0/inst/ila_lib/inst/ila_core_inst/\u_ila_regs/N_DDR_MODE_MU1.MU_STATUS[7].mu_tpid_reg /\I_EN_STAT_EQ1.U_STAT/xsdb_reg_reg[2] )
INFO: [Synth 8-3333] propagating constant 1 across sequential element (system_ila_0/inst/ila_lib/inst/ila_core_inst/\u_ila_regs/N_DDR_MODE_MU1.MU_STATUS[6].mu_tpid_reg /\I_EN_STAT_EQ1.U_STAT/xsdb_reg_reg[2] )
INFO: [Synth 8-3333] propagating constant 1 across sequential element (system_ila_0/inst/ila_lib/inst/ila_core_inst/\u_ila_regs/N_DDR_MODE_MU1.MU_STATUS[5].mu_tpid_reg /\I_EN_STAT_EQ1.U_STAT/xsdb_reg_reg[2] )
INFO: [Synth 8-3333] propagating constant 1 across sequential element (system_ila_0/inst/ila_lib/inst/ila_core_inst/\u_ila_regs/N_DDR_MODE_MU1.MU_STATUS[4].mu_tpid_reg /\I_EN_STAT_EQ1.U_STAT/xsdb_reg_reg[2] )
INFO: [Synth 8-3333] propagating constant 1 across sequential element (system_ila_0/inst/ila_lib/inst/ila_core_inst/\u_ila_regs/N_DDR_MODE.PROBE_STATUS[4].probe_width_reg /\I_EN_STAT_EQ1.U_STAT/xsdb_reg_reg[2] )
INFO: [Synth 8-3333] propagating constant 1 across sequential element (system_ila_0/inst/ila_lib/inst/ila_core_inst/\u_ila_regs/N_DDR_MODE.PROBE_STATUS[1].probe_width_reg /\I_EN_STAT_EQ1.U_STAT/xsdb_reg_reg[2] )
INFO: [Synth 8-3333] propagating constant 1 across sequential element (system_ila_0/inst/ila_lib/inst/ila_core_inst/\u_ila_regs/N_DDR_MODE_MU1.MU_STATUS[15].mu_tpid_reg /\I_EN_STAT_EQ1.U_STAT/xsdb_reg_reg[3] )
INFO: [Synth 8-3333] propagating constant 1 across sequential element (system_ila_0/inst/ila_lib/inst/ila_core_inst/\u_ila_regs/N_DDR_MODE_MU1.MU_STATUS[14].mu_tpid_reg /\I_EN_STAT_EQ1.U_STAT/xsdb_reg_reg[3] )
INFO: [Synth 8-3333] propagating constant 1 across sequential element (system_ila_0/inst/ila_lib/inst/ila_core_inst/\u_ila_regs/N_DDR_MODE_MU1.MU_STATUS[13].mu_tpid_reg /\I_EN_STAT_EQ1.U_STAT/xsdb_reg_reg[3] )
INFO: [Synth 8-3333] propagating constant 1 across sequential element (system_ila_0/inst/ila_lib/inst/ila_core_inst/\u_ila_regs/N_DDR_MODE_MU1.MU_STATUS[12].mu_tpid_reg /\I_EN_STAT_EQ1.U_STAT/xsdb_reg_reg[3] )
INFO: [Synth 8-3333] propagating constant 1 across sequential element (system_ila_0/inst/ila_lib/inst/ila_core_inst/\u_ila_regs/N_DDR_MODE_MU1.MU_STATUS[11].mu_tpid_reg /\I_EN_STAT_EQ1.U_STAT/xsdb_reg_reg[3] )
INFO: [Synth 8-3333] propagating constant 1 across sequential element (system_ila_0/inst/ila_lib/inst/ila_core_inst/\u_ila_regs/N_DDR_MODE_MU1.MU_STATUS[10].mu_tpid_reg /\I_EN_STAT_EQ1.U_STAT/xsdb_reg_reg[3] )
INFO: [Synth 8-3333] propagating constant 1 across sequential element (system_ila_0/inst/ila_lib/inst/ila_core_inst/\u_ila_regs/N_DDR_MODE_MU1.MU_STATUS[9].mu_tpid_reg /\I_EN_STAT_EQ1.U_STAT/xsdb_reg_reg[3] )
INFO: [Synth 8-3333] propagating constant 1 across sequential element (system_ila_0/inst/ila_lib/inst/ila_core_inst/\u_ila_regs/N_DDR_MODE_MU1.MU_STATUS[8].mu_tpid_reg /\I_EN_STAT_EQ1.U_STAT/xsdb_reg_reg[3] )
INFO: [Synth 8-3333] propagating constant 1 across sequential element (system_ila_0/inst/ila_lib/inst/ila_core_inst/\u_ila_regs/N_DDR_MODE_MU1.MU_STATUS[17].mu_tpid_reg /\I_EN_STAT_EQ1.U_STAT/xsdb_reg_reg[4] )
INFO: [Synth 8-3333] propagating constant 1 across sequential element (system_ila_0/inst/ila_lib/inst/ila_core_inst/\u_ila_regs/N_DDR_MODE_MU1.MU_STATUS[16].mu_tpid_reg /\I_EN_STAT_EQ1.U_STAT/xsdb_reg_reg[4] )
INFO: [Synth 8-3333] propagating constant 1 across sequential element (system_ila_0/inst/ila_lib/inst/ila_core_inst/\u_ila_regs/reg_3 /\I_EN_STAT_EQ1.U_STAT/xsdb_reg_reg[4] )
INFO: [Synth 8-3333] propagating constant 1 across sequential element (system_ila_0/inst/ila_lib/inst/ila_core_inst/\u_ila_regs/N_DDR_MODE.PROBE_STATUS[11].probe_width_reg /\I_EN_STAT_EQ1.U_STAT/xsdb_reg_reg[5] )
INFO: [Synth 8-3333] propagating constant 1 across sequential element (system_ila_0/inst/ila_lib/inst/ila_core_inst/\u_ila_regs/N_DDR_MODE.PROBE_STATUS[9].probe_width_reg /\I_EN_STAT_EQ1.U_STAT/xsdb_reg_reg[5] )
INFO: [Synth 8-3333] propagating constant 1 across sequential element (system_ila_0/inst/ila_lib/inst/ila_core_inst/\u_ila_regs/reg_0 /\I_EN_STAT_EQ1.U_STAT/xsdb_reg_reg[6] )
INFO: [Synth 8-3333] propagating constant 1 across sequential element (system_ila_0/inst/ila_lib/inst/ila_core_inst/\u_ila_regs/slaveRegDo_ff8_reg[10] )
INFO: [Synth 8-3333] propagating constant 1 across sequential element (system_ila_0/inst/ila_lib/inst/ila_core_inst/\u_ila_regs/reg_1 /\I_EN_STAT_EQ1.U_STAT/xsdb_reg_reg[10] )
INFO: [Synth 8-3333] propagating constant 0 across sequential element (system_ila_0/inst/ila_lib/inst/ila_core_inst/\u_ila_regs/slaveRegDo_ff8_reg[13] )
INFO: [Synth 8-3333] propagating constant 0 across sequential element (system_ila_0/inst/ila_lib/inst/ila_core_inst/\u_ila_regs/CNT_WIDTH_STATUS[0].cnt_width_reg /\I_EN_STAT_EQ1.U_STAT/xsdb_reg_reg[15] )
INFO: [Synth 8-3333] propagating constant 0 across sequential element (system_ila_0/inst/ila_lib/inst/ila_core_inst/\u_ila_regs/CNT_WIDTH_STATUS[1].cnt_width_reg /\I_EN_STAT_EQ1.U_STAT/xsdb_reg_reg[15] )
INFO: [Synth 8-3333] propagating constant 0 across sequential element (system_ila_0/inst/ila_lib/inst/ila_core_inst/\u_ila_regs/CNT_WIDTH_STATUS[2].cnt_width_reg /\I_EN_STAT_EQ1.U_STAT/xsdb_reg_reg[15] )
INFO: [Synth 8-3333] propagating constant 0 across sequential element (system_ila_0/inst/ila_lib/inst/ila_core_inst/\u_ila_regs/CNT_WIDTH_STATUS[3].cnt_width_reg /\I_EN_STAT_EQ1.U_STAT/xsdb_reg_reg[15] )
INFO: [Synth 8-3333] propagating constant 0 across sequential element (system_ila_0/inst/ila_lib/inst/ila_core_inst/\u_ila_regs/reg_88f /\I_EN_STAT_EQ1.U_STAT/xsdb_reg_reg[15] )
INFO: [Synth 8-3333] propagating constant 0 across sequential element (system_ila_0/inst/ila_lib/inst/ila_core_inst/\u_ila_regs/reg_892 /\I_EN_STAT_EQ1.U_STAT/xsdb_reg_reg[15] )
INFO: [Synth 8-3333] propagating constant 0 across sequential element (system_ila_0/inst/ila_lib/inst/ila_core_inst/\u_ila_regs/reg_88d /\I_EN_STAT_EQ1.U_STAT/xsdb_reg_reg[15] )
INFO: [Synth 8-3333] propagating constant 0 across sequential element (system_ila_0/inst/ila_lib/inst/ila_core_inst/\u_ila_regs/reg_88c /\I_EN_STAT_EQ1.U_STAT/xsdb_reg_reg[15] )
INFO: [Synth 8-3333] propagating constant 0 across sequential element (system_ila_0/inst/ila_lib/inst/ila_core_inst/\u_ila_regs/reg_887 /\I_EN_STAT_EQ1.U_STAT/xsdb_reg_reg[15] )
INFO: [Synth 8-3333] propagating constant 0 across sequential element (system_ila_0/inst/ila_lib/inst/ila_core_inst/\u_ila_regs/N_DDR_MODE_MU1.MU_STATUS[17].mu_tpid_reg /\I_EN_STAT_EQ1.U_STAT/xsdb_reg_reg[15] )
INFO: [Synth 8-3333] propagating constant 0 across sequential element (system_ila_0/inst/ila_lib/inst/ila_core_inst/\u_ila_regs/N_DDR_MODE.PROBE_STATUS[17].probe_width_reg /\I_EN_STAT_EQ1.U_STAT/xsdb_reg_reg[15] )
INFO: [Synth 8-3333] propagating constant 0 across sequential element (system_ila_0/inst/ila_lib/inst/ila_core_inst/\u_ila_regs/N_DDR_MODE_MU1.MU_STATUS[16].mu_tpid_reg /\I_EN_STAT_EQ1.U_STAT/xsdb_reg_reg[15] )
INFO: [Synth 8-3333] propagating constant 0 across sequential element (system_ila_0/inst/ila_lib/inst/ila_core_inst/\u_ila_regs/N_DDR_MODE.PROBE_STATUS[16].probe_width_reg /\I_EN_STAT_EQ1.U_STAT/xsdb_reg_reg[15] )
INFO: [Synth 8-3333] propagating constant 0 across sequential element (system_ila_0/inst/ila_lib/inst/ila_core_inst/\u_ila_regs/N_DDR_MODE_MU1.MU_STATUS[15].mu_tpid_reg /\I_EN_STAT_EQ1.U_STAT/xsdb_reg_reg[15] )
INFO: [Synth 8-3333] propagating constant 0 across sequential element (system_ila_0/inst/ila_lib/inst/ila_core_inst/\u_ila_regs/N_DDR_MODE.PROBE_STATUS[15].probe_width_reg /\I_EN_STAT_EQ1.U_STAT/xsdb_reg_reg[15] )
INFO: [Common 17-14] Message 'Synth 8-3333' appears 100 times and further instances of the messages will be disabled. Use the Tcl command set_msg_config to change the current settings.
INFO: [Common 17-14] Message 'Synth 8-3333' appears 100 times and further instances of the messages will be disabled. Use the Tcl command set_msg_config to change the current settings.
---------------------------------------------------------------------------------
Finished Cross Boundary and Area Optimization : Time (s): cpu = 00:01:44 ; elapsed = 00:02:13 . Memory (MB): peak = 2641.340 ; gain = 1127.527
---------------------------------------------------------------------------------
---------------------------------------------------------------------------------
Start Applying XDC Timing Constraints
---------------------------------------------------------------------------------
---------------------------------------------------------------------------------
Finished Applying XDC Timing Constraints : Time (s): cpu = 00:02:00 ; elapsed = 00:02:35 . Memory (MB): peak = 4014.562 ; gain = 2500.750
---------------------------------------------------------------------------------
---------------------------------------------------------------------------------
Start Timing Optimization
---------------------------------------------------------------------------------
INFO: [Synth 8-5556] The block RAM "SoC_i/axi_wrapper_0/inst/DUT/DUT/DECAP_MODULE/ENCAP_FOR_RENCRYPT/HASH_MEM/mem_reg" may be mapped as a cascade chain, because it is not timing critical.
INFO: [Synth 8-7030] Implemented Non-Cascaded Block Ram (cascade_height = 1) of width 18 for RAM "SoC_i/axi_wrapper_0/inst/DUT/DUT/DECAP_MODULE/ENCAP_FOR_RENCRYPT/HASH_MEM/mem_reg"
INFO: [Synth 8-7030] Implemented Non-Cascaded Block Ram (cascade_height = 1) of width 14 for RAM "SoC_i/axi_wrapper_0/inst/DUT/DUT/DECAP_MODULE/ENCAP_FOR_RENCRYPT/HASH_MEM/mem_reg"
INFO: [Synth 8-5556] The block RAM "SoC_i/axi_wrapper_0/HASH_MEM/mem_reg" may be mapped as a cascade chain, because it is not timing critical.
INFO: [Synth 8-7030] Implemented Non-Cascaded Block Ram (cascade_height = 1) of width 18 for RAM "SoC_i/axi_wrapper_0/HASH_MEM/mem_reg"
INFO: [Synth 8-7030] Implemented Non-Cascaded Block Ram (cascade_height = 1) of width 14 for RAM "SoC_i/axi_wrapper_0/HASH_MEM/mem_reg"
---------------------------------------------------------------------------------
Finished Timing Optimization : Time (s): cpu = 00:03:19 ; elapsed = 00:03:57 . Memory (MB): peak = 4647.562 ; gain = 3133.750
---------------------------------------------------------------------------------
---------------------------------------------------------------------------------
Start Technology Mapping
---------------------------------------------------------------------------------
INFO: [Synth 8-7052] The timing for the instance SoC_i/axi_wrapper_0/POLY_MULTi_0/INTERLEAVED_RED_MEM/mem_reg_bram_0 (implemented as a Block RAM) might be sub-optimal as no optional output register could be merged into the ram block. Providing additional output register may help in improving timing.
INFO: [Synth 8-7052] The timing for the instance SoC_i/axi_wrapper_0/POLY_MULTi_0/INTERLEAVED_RED_MEM/mem_reg_bram_1 (implemented as a Block RAM) might be sub-optimal as no optional output register could be merged into the ram block. Providing additional output register may help in improving timing.
INFO: [Synth 8-7052] The timing for the instance SoC_i/axi_wrapper_0/POLY_MULTi_0/INTERLEAVED_RED_MEM/mem_reg_bram_2 (implemented as a Block RAM) might be sub-optimal as no optional output register could be merged into the ram block. Providing additional output register may help in improving timing.
INFO: [Synth 8-7052] The timing for the instance SoC_i/axi_wrapper_0/POLY_MULTi_0/INTERLEAVED_RED_MEM/mem_reg_bram_3 (implemented as a Block RAM) might be sub-optimal as no optional output register could be merged into the ram block. Providing additional output register may help in improving timing.
INFO: [Synth 8-7052] The timing for the instance SoC_i/axi_wrapper_0/POLY_MULTi_6/INTERLEAVED_RED_MEM/mem_reg_bram_0 (implemented as a Block RAM) might be sub-optimal as no optional output register could be merged into the ram block. Providing additional output register may help in improving timing.
INFO: [Synth 8-7052] The timing for the instance SoC_i/axi_wrapper_0/POLY_MULTi_6/INTERLEAVED_RED_MEM/mem_reg_bram_1 (implemented as a Block RAM) might be sub-optimal as no optional output register could be merged into the ram block. Providing additional output register may help in improving timing.
INFO: [Synth 8-7052] The timing for the instance SoC_i/axi_wrapper_0/POLY_MULTi_6/INTERLEAVED_RED_MEM/mem_reg_bram_2 (implemented as a Block RAM) might be sub-optimal as no optional output register could be merged into the ram block. Providing additional output register may help in improving timing.
INFO: [Synth 8-7052] The timing for the instance SoC_i/axi_wrapper_0/POLY_MULTi_6/INTERLEAVED_RED_MEM/mem_reg_bram_3 (implemented as a Block RAM) might be sub-optimal as no optional output register could be merged into the ram block. Providing additional output register may help in improving timing.
INFO: [Synth 8-7052] The timing for the instance SoC_i/axi_wrapper_0/POLY_MULTi_13/INTERLEAVED_RED_MEM/mem_reg_bram_0 (implemented as a Block RAM) might be sub-optimal as no optional output register could be merged into the ram block. Providing additional output register may help in improving timing.
INFO: [Synth 8-7052] The timing for the instance SoC_i/axi_wrapper_0/POLY_MULTi_13/INTERLEAVED_RED_MEM/mem_reg_bram_1 (implemented as a Block RAM) might be sub-optimal as no optional output register could be merged into the ram block. Providing additional output register may help in improving timing.
INFO: [Synth 8-7052] The timing for the instance SoC_i/axi_wrapper_0/POLY_MULTi_13/INTERLEAVED_RED_MEM/mem_reg_bram_2 (implemented as a Block RAM) might be sub-optimal as no optional output register could be merged into the ram block. Providing additional output register may help in improving timing.
INFO: [Synth 8-7052] The timing for the instance SoC_i/axi_wrapper_0/POLY_MULTi_13/INTERLEAVED_RED_MEM/mem_reg_bram_3 (implemented as a Block RAM) might be sub-optimal as no optional output register could be merged into the ram block. Providing additional output register may help in improving timing.
INFO: [Synth 8-7052] The timing for the instance SoC_i/axi_wrapper_0/POLY_MULTi_20/INTERLEAVED_RED_MEM/mem_reg_bram_0 (implemented as a Block RAM) might be sub-optimal as no optional output register could be merged into the ram block. Providing additional output register may help in improving timing.
INFO: [Synth 8-7052] The timing for the instance SoC_i/axi_wrapper_0/POLY_MULTi_20/INTERLEAVED_RED_MEM/mem_reg_bram_1 (implemented as a Block RAM) might be sub-optimal as no optional output register could be merged into the ram block. Providing additional output register may help in improving timing.
INFO: [Synth 8-7052] The timing for the instance SoC_i/axi_wrapper_0/POLY_MULTi_20/INTERLEAVED_RED_MEM/mem_reg_bram_2 (implemented as a Block RAM) might be sub-optimal as no optional output register could be merged into the ram block. Providing additional output register may help in improving timing.
INFO: [Synth 8-7052] The timing for the instance SoC_i/axi_wrapper_0/POLY_MULTi_20/INTERLEAVED_RED_MEM/mem_reg_bram_3 (implemented as a Block RAM) might be sub-optimal as no optional output register could be merged into the ram block. Providing additional output register may help in improving timing.
INFO: [Synth 8-7052] The timing for the instance SoC_i/axi_wrapper_0/DUTi_27/MEM_Y_INST/mem_reg_bram_0 (implemented as a Block RAM) might be sub-optimal as no optional output register could be merged into the ram block. Providing additional output register may help in improving timing.
INFO: [Synth 8-7052] The timing for the instance SoC_i/axi_wrapper_0/DUTi_27/MEM_Y_INST/mem_reg_bram_0 (implemented as a Block RAM) might be sub-optimal as no optional output register could be merged into the ram block. Providing additional output register may help in improving timing.
INFO: [Synth 8-7052] The timing for the instance SoC_i/axi_wrapper_0/DUTi_27/MEM_D_INST/mem_reg_bram_0 (implemented as a Block RAM) might be sub-optimal as no optional output register could be merged into the ram block. Providing additional output register may help in improving timing.
INFO: [Synth 8-7052] The timing for the instance SoC_i/axi_wrapper_0/DUTi_27/RAM_H/mem_reg_bram_0 (implemented as a Block RAM) might be sub-optimal as no optional output register could be merged into the ram block. Providing additional output register may help in improving timing.
INFO: [Synth 8-7052] The timing for the instance SoC_i/axi_wrapper_0/DUTi_27/RAM_H/mem_reg_bram_0 (implemented as a Block RAM) might be sub-optimal as no optional output register could be merged into the ram block. Providing additional output register may help in improving timing.
INFO: [Synth 8-7052] The timing for the instance SoC_i/axi_wrapper_0/DUTi_27/RAM_H/mem_reg_bram_1 (implemented as a Block RAM) might be sub-optimal as no optional output register could be merged into the ram block. Providing additional output register may help in improving timing.
INFO: [Synth 8-7052] The timing for the instance SoC_i/axi_wrapper_0/DUTi_27/RAM_H/mem_reg_bram_1 (implemented as a Block RAM) might be sub-optimal as no optional output register could be merged into the ram block. Providing additional output register may help in improving timing.
INFO: [Synth 8-7052] The timing for the instance SoC_i/axi_wrapper_0/DUTi_27/RAM_H/mem_reg_bram_2 (implemented as a Block RAM) might be sub-optimal as no optional output register could be merged into the ram block. Providing additional output register may help in improving timing.
INFO: [Synth 8-7052] The timing for the instance SoC_i/axi_wrapper_0/DUTi_27/RAM_H/mem_reg_bram_2 (implemented as a Block RAM) might be sub-optimal as no optional output register could be merged into the ram block. Providing additional output register may help in improving timing.
INFO: [Synth 8-7052] The timing for the instance SoC_i/axi_wrapper_0/DUTi_27/RAM_H/mem_reg_bram_3 (implemented as a Block RAM) might be sub-optimal as no optional output register could be merged into the ram block. Providing additional output register may help in improving timing.
INFO: [Synth 8-7052] The timing for the instance SoC_i/axi_wrapper_0/DUTi_27/RAM_H/mem_reg_bram_3 (implemented as a Block RAM) might be sub-optimal as no optional output register could be merged into the ram block. Providing additional output register may help in improving timing.
INFO: [Synth 8-7052] The timing for the instance SoC_i/axi_wrapper_0/DUTi_27/RAM_S/mem_reg_bram_0 (implemented as a Block RAM) might be sub-optimal as no optional output register could be merged into the ram block. Providing additional output register may help in improving timing.
INFO: [Synth 8-7052] The timing for the instance SoC_i/axi_wrapper_0/DUTi_27/RAM_S/mem_reg_bram_0 (implemented as a Block RAM) might be sub-optimal as no optional output register could be merged into the ram block. Providing additional output register may help in improving timing.
INFO: [Synth 8-7052] The timing for the instance SoC_i/axi_wrapper_0/DUTi_27/RAM_S/mem_reg_bram_1 (implemented as a Block RAM) might be sub-optimal as no optional output register could be merged into the ram block. Providing additional output register may help in improving timing.
INFO: [Synth 8-7052] The timing for the instance SoC_i/axi_wrapper_0/DUTi_27/RAM_S/mem_reg_bram_1 (implemented as a Block RAM) might be sub-optimal as no optional output register could be merged into the ram block. Providing additional output register may help in improving timing.
INFO: [Synth 8-7052] The timing for the instance SoC_i/axi_wrapper_0/DUTi_27/RAM_S/mem_reg_bram_2 (implemented as a Block RAM) might be sub-optimal as no optional output register could be merged into the ram block. Providing additional output register may help in improving timing.
INFO: [Synth 8-7052] The timing for the instance SoC_i/axi_wrapper_0/DUTi_27/RAM_S/mem_reg_bram_2 (implemented as a Block RAM) might be sub-optimal as no optional output register could be merged into the ram block. Providing additional output register may help in improving timing.
INFO: [Synth 8-7052] The timing for the instance SoC_i/axi_wrapper_0/DUTi_27/RAM_S/mem_reg_bram_3 (implemented as a Block RAM) might be sub-optimal as no optional output register could be merged into the ram block. Providing additional output register may help in improving timing.
INFO: [Synth 8-7052] The timing for the instance SoC_i/axi_wrapper_0/DUTi_27/RAM_S/mem_reg_bram_3 (implemented as a Block RAM) might be sub-optimal as no optional output register could be merged into the ram block. Providing additional output register may help in improving timing.
INFO: [Synth 8-7052] The timing for the instance SoC_i/axi_wrapper_0/DUTi_27/RAM_U/mem_reg_bram_0 (implemented as a Block RAM) might be sub-optimal as no optional output register could be merged into the ram block. Providing additional output register may help in improving timing.
INFO: [Synth 8-7052] The timing for the instance SoC_i/axi_wrapper_0/DUTi_27/RAM_U/mem_reg_bram_0 (implemented as a Block RAM) might be sub-optimal as no optional output register could be merged into the ram block. Providing additional output register may help in improving timing.
INFO: [Synth 8-7052] The timing for the instance SoC_i/axi_wrapper_0/DUTi_27/RAM_U/mem_reg_bram_1 (implemented as a Block RAM) might be sub-optimal as no optional output register could be merged into the ram block. Providing additional output register may help in improving timing.
INFO: [Synth 8-7052] The timing for the instance SoC_i/axi_wrapper_0/DUTi_27/RAM_U/mem_reg_bram_1 (implemented as a Block RAM) might be sub-optimal as no optional output register could be merged into the ram block. Providing additional output register may help in improving timing.
INFO: [Synth 8-7052] The timing for the instance SoC_i/axi_wrapper_0/DUTi_27/RAM_U/mem_reg_bram_2 (implemented as a Block RAM) might be sub-optimal as no optional output register could be merged into the ram block. Providing additional output register may help in improving timing.
INFO: [Synth 8-7052] The timing for the instance SoC_i/axi_wrapper_0/DUTi_27/RAM_U/mem_reg_bram_2 (implemented as a Block RAM) might be sub-optimal as no optional output register could be merged into the ram block. Providing additional output register may help in improving timing.
INFO: [Synth 8-7052] The timing for the instance SoC_i/axi_wrapper_0/DUTi_27/RAM_U/mem_reg_bram_3 (implemented as a Block RAM) might be sub-optimal as no optional output register could be merged into the ram block. Providing additional output register may help in improving timing.
INFO: [Synth 8-7052] The timing for the instance SoC_i/axi_wrapper_0/DUTi_27/RAM_U/mem_reg_bram_3 (implemented as a Block RAM) might be sub-optimal as no optional output register could be merged into the ram block. Providing additional output register may help in improving timing.
INFO: [Synth 8-7052] The timing for the instance SoC_i/axi_wrapper_0/DUTi_27/RAM_V/mem_reg_bram_0 (implemented as a Block RAM) might be sub-optimal as no optional output register could be merged into the ram block. Providing additional output register may help in improving timing.
INFO: [Synth 8-7052] The timing for the instance SoC_i/axi_wrapper_0/DUTi_27/RAM_V/mem_reg_bram_0 (implemented as a Block RAM) might be sub-optimal as no optional output register could be merged into the ram block. Providing additional output register may help in improving timing.
INFO: [Synth 8-7052] The timing for the instance SoC_i/axi_wrapper_0/DUTi_27/RAM_V/mem_reg_bram_1 (implemented as a Block RAM) might be sub-optimal as no optional output register could be merged into the ram block. Providing additional output register may help in improving timing.
INFO: [Synth 8-7052] The timing for the instance SoC_i/axi_wrapper_0/DUTi_27/RAM_V/mem_reg_bram_1 (implemented as a Block RAM) might be sub-optimal as no optional output register could be merged into the ram block. Providing additional output register may help in improving timing.
INFO: [Synth 8-7052] The timing for the instance SoC_i/axi_wrapper_0/DUTi_27/RAM_V/mem_reg_bram_2 (implemented as a Block RAM) might be sub-optimal as no optional output register could be merged into the ram block. Providing additional output register may help in improving timing.
INFO: [Synth 8-7052] The timing for the instance SoC_i/axi_wrapper_0/DUTi_27/RAM_V/mem_reg_bram_2 (implemented as a Block RAM) might be sub-optimal as no optional output register could be merged into the ram block. Providing additional output register may help in improving timing.
INFO: [Synth 8-7052] The timing for the instance SoC_i/axi_wrapper_0/DUTi_27/RAM_V/mem_reg_bram_3 (implemented as a Block RAM) might be sub-optimal as no optional output register could be merged into the ram block. Providing additional output register may help in improving timing.
INFO: [Synth 8-7052] The timing for the instance SoC_i/axi_wrapper_0/DUTi_27/RAM_V/mem_reg_bram_3 (implemented as a Block RAM) might be sub-optimal as no optional output register could be merged into the ram block. Providing additional output register may help in improving timing.
INFO: [Synth 8-7052] The timing for the instance SoC_i/axi_wrapper_0/DUTi_25/inst/DUT/DUT/DECAP_MODULE/DECRYPT/DECODE/RS_DECOD/COMPUTE_SYNDROMES/alpha_rom_reg_0 (implemented as a Block RAM) might be sub-optimal as no optional output register could be merged into the ram block. Providing additional output register may help in improving timing.
INFO: [Synth 8-7052] The timing for the instance SoC_i/axi_wrapper_0/DUTi_25/inst/DUT/DUT/DECAP_MODULE/DECRYPT/DECODE/RS_DECOD/COMPUTE_SYNDROMES/alpha_rom_reg_0 (implemented as a Block RAM) might be sub-optimal as no optional output register could be merged into the ram block. Providing additional output register may help in improving timing.
INFO: [Synth 8-7052] The timing for the instance SoC_i/axi_wrapper_0/DUTi_25/inst/DUT/DUT/DECAP_MODULE/DECRYPT/DECODE/RS_DECOD/COMPUTE_SYNDROMES/alpha_rom_reg_1 (implemented as a Block RAM) might be sub-optimal as no optional output register could be merged into the ram block. Providing additional output register may help in improving timing.
INFO: [Synth 8-7052] The timing for the instance SoC_i/axi_wrapper_0/DUTi_25/inst/DUT/DUT/DECAP_MODULE/DECRYPT/DECODE/RS_DECOD/COMPUTE_SYNDROMES/alpha_rom_reg_1 (implemented as a Block RAM) might be sub-optimal as no optional output register could be merged into the ram block. Providing additional output register may help in improving timing.
INFO: [Synth 8-7052] The timing for the instance SoC_i/axi_wrapper_0/DUTi_25/inst/DUT/DUT/DECAP_MODULE/DECRYPT/DECODE/RS_DECOD/COMPUTE_SYNDROMES/alpha_rom_reg_2 (implemented as a Block RAM) might be sub-optimal as no optional output register could be merged into the ram block. Providing additional output register may help in improving timing.
INFO: [Synth 8-7052] The timing for the instance SoC_i/axi_wrapper_0/DUTi_25/inst/DUT/DUT/DECAP_MODULE/DECRYPT/DECODE/RS_DECOD/COMPUTE_SYNDROMES/alpha_rom_reg_2 (implemented as a Block RAM) might be sub-optimal as no optional output register could be merged into the ram block. Providing additional output register may help in improving timing.
INFO: [Synth 8-7052] The timing for the instance SoC_i/axi_wrapper_0/DUTi_25/inst/DUT/DUT/DECAP_MODULE/DECRYPT/DECODE/RS_DECOD/COMPUTE_ELP/inv_dp_reg (implemented as a Block RAM) might be sub-optimal as no optional output register could be merged into the ram block. Providing additional output register may help in improving timing.
INFO: [Synth 8-7052] The timing for the instance SoC_i/axi_wrapper_0/DUTi_25/inst/DUT/DUT/DECAP_MODULE/DECRYPT/DECODE/RS_DECOD/COMPUTE_ERRVALS/inv_buf_reg (implemented as a Block RAM) might be sub-optimal as no optional output register could be merged into the ram block. Providing additional output register may help in improving timing.
INFO: [Synth 8-7052] The timing for the instance SoC_i/axi_wrapper_0/DUTi_5/inst/DUT/DUT/KEYGEN_MODULE/FIXEDWEIGHT/mem_single_seed/mem_reg (implemented as a Block RAM) might be sub-optimal as no optional output register could be merged into the ram block. Providing additional output register may help in improving timing.
INFO: [Synth 8-7052] The timing for the instance SoC_i/axi_wrapper_0/DUTi_5/inst/DUT/DUT/KEYGEN_MODULE/FIXEDWEIGHT/mem_single_seed/mem_reg (implemented as a Block RAM) might be sub-optimal as no optional output register could be merged into the ram block. Providing additional output register may help in improving timing.
INFO: [Synth 8-7052] The timing for the instance SoC_i/axi_wrapper_0/DUTi_5/inst/DUT/DUT/KEYGEN_MODULE/FIXEDWEIGHT/shake_ctx/mem_reg (implemented as a Block RAM) might be sub-optimal as no optional output register could be merged into the ram block. Providing additional output register may help in improving timing.
INFO: [Synth 8-7052] The timing for the instance SoC_i/axi_wrapper_0/DUTi_5/inst/DUT/DUT/KEYGEN_MODULE/FIXEDWEIGHT/loca_mem/mem_reg_bram_0 (implemented as a Block RAM) might be sub-optimal as no optional output register could be merged into the ram block. Providing additional output register may help in improving timing.
INFO: [Synth 8-7052] The timing for the instance SoC_i/axi_wrapper_0/DUTi_5/inst/DUT/DUT/KEYGEN_MODULE/FIXEDWEIGHT/onegen_instance/mem_dual_A/mem_reg_bram_0 (implemented as a Block RAM) might be sub-optimal as no optional output register could be merged into the ram block. Providing additional output register may help in improving timing.
INFO: [Synth 8-7052] The timing for the instance SoC_i/axi_wrapper_0/DUTi_5/inst/DUT/DUT/KEYGEN_MODULE/VECTSETRAND/mem_pk_seed/mem_reg (implemented as a Block RAM) might be sub-optimal as no optional output register could be merged into the ram block. Providing additional output register may help in improving timing.
INFO: [Synth 8-7052] The timing for the instance SoC_i/axi_wrapper_0/DUTi_5/inst/DUT/DUT/KEYGEN_MODULE/VECTSETRAND/mem_pk_seed/mem_reg (implemented as a Block RAM) might be sub-optimal as no optional output register could be merged into the ram block. Providing additional output register may help in improving timing.
INFO: [Synth 8-7052] The timing for the instance SoC_i/axi_wrapper_0/DUTi_5/inst/DUT/DUT/KEYGEN_MODULE/VECTSETRAND/rand_mem/mem_reg_bram_0 (implemented as a Block RAM) might be sub-optimal as no optional output register could be merged into the ram block. Providing additional output register may help in improving timing.
INFO: [Synth 8-7052] The timing for the instance SoC_i/axi_wrapper_0/DUTi_5/inst/DUT/DUT/KEYGEN_MODULE/VECTSETRAND/rand_mem/mem_reg_bram_0 (implemented as a Block RAM) might be sub-optimal as no optional output register could be merged into the ram block. Providing additional output register may help in improving timing.
INFO: [Synth 8-7052] The timing for the instance SoC_i/axi_wrapper_0/DUTi_5/inst/DUT/DUT/KEYGEN_MODULE/VECTSETRAND/rand_mem/mem_reg_bram_1 (implemented as a Block RAM) might be sub-optimal as no optional output register could be merged into the ram block. Providing additional output register may help in improving timing.
INFO: [Synth 8-7052] The timing for the instance SoC_i/axi_wrapper_0/DUTi_5/inst/DUT/DUT/KEYGEN_MODULE/VECTSETRAND/rand_mem/mem_reg_bram_1 (implemented as a Block RAM) might be sub-optimal as no optional output register could be merged into the ram block. Providing additional output register may help in improving timing.
INFO: [Synth 8-7052] The timing for the instance SoC_i/axi_wrapper_0/DUTi_5/inst/DUT/DUT/KEYGEN_MODULE/VECTSETRAND/rand_mem/mem_reg_bram_2 (implemented as a Block RAM) might be sub-optimal as no optional output register could be merged into the ram block. Providing additional output register may help in improving timing.
INFO: [Synth 8-7052] The timing for the instance SoC_i/axi_wrapper_0/DUTi_5/inst/DUT/DUT/KEYGEN_MODULE/VECTSETRAND/rand_mem/mem_reg_bram_2 (implemented as a Block RAM) might be sub-optimal as no optional output register could be merged into the ram block. Providing additional output register may help in improving timing.
INFO: [Synth 8-7052] The timing for the instance SoC_i/axi_wrapper_0/DUTi_5/inst/DUT/DUT/KEYGEN_MODULE/VECTSETRAND/rand_mem/mem_reg_bram_3 (implemented as a Block RAM) might be sub-optimal as no optional output register could be merged into the ram block. Providing additional output register may help in improving timing.
INFO: [Synth 8-7052] The timing for the instance SoC_i/axi_wrapper_0/DUTi_5/inst/DUT/DUT/KEYGEN_MODULE/VECTSETRAND/rand_mem/mem_reg_bram_3 (implemented as a Block RAM) might be sub-optimal as no optional output register could be merged into the ram block. Providing additional output register may help in improving timing.
INFO: [Synth 8-7052] The timing for the instance SoC_i/axi_wrapper_0/DUTi_5/inst/DUT/DUT/KEYGEN_MODULE/x_mem/mem_reg_bram_0 (implemented as a Block RAM) might be sub-optimal as no optional output register could be merged into the ram block. Providing additional output register may help in improving timing.
INFO: [Synth 8-7052] The timing for the instance SoC_i/axi_wrapper_0/DUTi_5/inst/DUT/DUT/ENCAP_MODULE/ENCRYPT/FIXEDWEIGHT/mem_single_seed/mem_reg (implemented as a Block RAM) might be sub-optimal as no optional output register could be merged into the ram block. Providing additional output register may help in improving timing.
INFO: [Synth 8-7052] The timing for the instance SoC_i/axi_wrapper_0/DUTi_5/inst/DUT/DUT/ENCAP_MODULE/ENCRYPT/FIXEDWEIGHT/mem_single_seed/mem_reg (implemented as a Block RAM) might be sub-optimal as no optional output register could be merged into the ram block. Providing additional output register may help in improving timing.
INFO: [Synth 8-7052] The timing for the instance SoC_i/axi_wrapper_0/DUTi_5/inst/DUT/DUT/ENCAP_MODULE/ENCRYPT/FIXEDWEIGHT/shake_ctx/mem_reg (implemented as a Block RAM) might be sub-optimal as no optional output register could be merged into the ram block. Providing additional output register may help in improving timing.
INFO: [Synth 8-7052] The timing for the instance SoC_i/axi_wrapper_0/DUTi_5/inst/DUT/DUT/ENCAP_MODULE/ENCRYPT/FIXEDWEIGHT/loca_mem/mem_reg_bram_0 (implemented as a Block RAM) might be sub-optimal as no optional output register could be merged into the ram block. Providing additional output register may help in improving timing.
INFO: [Synth 8-7052] The timing for the instance SoC_i/axi_wrapper_0/DUTi_5/inst/DUT/DUT/ENCAP_MODULE/ENCRYPT/FIXEDWEIGHT/onegen_instance/mem_dual_A/mem_reg_bram_0 (implemented as a Block RAM) might be sub-optimal as no optional output register could be merged into the ram block. Providing additional output register may help in improving timing.
INFO: [Synth 8-7052] The timing for the instance SoC_i/axi_wrapper_0/DUTi_5/inst/DUT/DUT/ENCAP_MODULE/ENCRYPT/ENCODE/REED_MULLER_ENCODE/CODEWORD/mem_reg_0 (implemented as a Block RAM) might be sub-optimal as no optional output register could be merged into the ram block. Providing additional output register may help in improving timing.
INFO: [Synth 8-7052] The timing for the instance SoC_i/axi_wrapper_0/DUTi_5/inst/DUT/DUT/ENCAP_MODULE/ENCRYPT/ENCODE/REED_MULLER_ENCODE/CODEWORD/mem_reg_0 (implemented as a Block RAM) might be sub-optimal as no optional output register could be merged into the ram block. Providing additional output register may help in improving timing.
INFO: [Synth 8-7052] The timing for the instance SoC_i/axi_wrapper_0/DUTi_5/inst/DUT/DUT/ENCAP_MODULE/ENCRYPT/ENCODE/REED_MULLER_ENCODE/CODEWORD/mem_reg_1 (implemented as a Block RAM) might be sub-optimal as no optional output register could be merged into the ram block. Providing additional output register may help in improving timing.
INFO: [Synth 8-7052] The timing for the instance SoC_i/axi_wrapper_0/DUTi_5/inst/DUT/DUT/ENCAP_MODULE/ENCRYPT/ENCODE/REED_MULLER_ENCODE/CODEWORD/mem_reg_1 (implemented as a Block RAM) might be sub-optimal as no optional output register could be merged into the ram block. Providing additional output register may help in improving timing.
INFO: [Synth 8-7052] The timing for the instance SoC_i/axi_wrapper_0/DUTi_5/inst/DUT/DUT/ENCAP_MODULE/ENCRYPT/r1_mem/mem_reg_bram_0 (implemented as a Block RAM) might be sub-optimal as no optional output register could be merged into the ram block. Providing additional output register may help in improving timing.
INFO: [Synth 8-7052] The timing for the instance SoC_i/axi_wrapper_0/DUTi_5/inst/DUT/DUT/ENCAP_MODULE/ENCRYPT/r2_mem/mem_reg_bram_0 (implemented as a Block RAM) might be sub-optimal as no optional output register could be merged into the ram block. Providing additional output register may help in improving timing.
INFO: [Synth 8-7052] The timing for the instance SoC_i/axi_wrapper_0/DUTi_5/inst/DUT/DUT/ENCAP_MODULE/ENCRYPT/u_mem/mem_reg_0 (implemented as a Block RAM) might be sub-optimal as no optional output register could be merged into the ram block. Providing additional output register may help in improving timing.
INFO: [Synth 8-7052] The timing for the instance SoC_i/axi_wrapper_0/DUTi_5/inst/DUT/DUT/ENCAP_MODULE/ENCRYPT/u_mem/mem_reg_0 (implemented as a Block RAM) might be sub-optimal as no optional output register could be merged into the ram block. Providing additional output register may help in improving timing.
INFO: [Synth 8-7052] The timing for the instance SoC_i/axi_wrapper_0/DUTi_5/inst/DUT/DUT/ENCAP_MODULE/ENCRYPT/u_mem/mem_reg_1 (implemented as a Block RAM) might be sub-optimal as no optional output register could be merged into the ram block. Providing additional output register may help in improving timing.
INFO: [Synth 8-7052] The timing for the instance SoC_i/axi_wrapper_0/DUTi_5/inst/DUT/DUT/ENCAP_MODULE/ENCRYPT/u_mem/mem_reg_1 (implemented as a Block RAM) might be sub-optimal as no optional output register could be merged into the ram block. Providing additional output register may help in improving timing.
INFO: [Synth 8-7052] The timing for the instance SoC_i/axi_wrapper_0/DUTi_5/inst/DUT/DUT/ENCAP_MODULE/MSG_MEM/mem_reg (implemented as a Block RAM) might be sub-optimal as no optional output register could be merged into the ram block. Providing additional output register may help in improving timing.
INFO: [Synth 8-7052] The timing for the instance SoC_i/axi_wrapper_0/DUTi_5/inst/DUT/DUT/ENCAP_MODULE/MSG_MEM/mem_reg (implemented as a Block RAM) might be sub-optimal as no optional output register could be merged into the ram block. Providing additional output register may help in improving timing.
INFO: [Synth 8-7052] The timing for the instance SoC_i/axi_wrapper_0/DUTi_5/inst/DUT/DUT/ENCAP_MODULE/D_MEM/mem_reg (implemented as a Block RAM) might be sub-optimal as no optional output register could be merged into the ram block. Providing additional output register may help in improving timing.
INFO: [Synth 8-7052] The timing for the instance SoC_i/axi_wrapper_0/DUTi_5/inst/DUT/DUT/ENCAP_MODULE/D_MEM/mem_reg (implemented as a Block RAM) might be sub-optimal as no optional output register could be merged into the ram block. Providing additional output register may help in improving timing.
INFO: [Synth 8-7052] The timing for the instance SoC_i/axi_wrapper_0/DUTi_5/inst/DUT/DUT/ENCAP_MODULE/HASH_MEM/mem_reg_bram_0 (implemented as a Block RAM) might be sub-optimal as no optional output register could be merged into the ram block. Providing additional output register may help in improving timing.
INFO: [Synth 8-7052] The timing for the instance SoC_i/axi_wrapper_0/DUTi_5/inst/DUT/DUT/ENCAP_MODULE/HASH_MEM/mem_reg_bram_1 (implemented as a Block RAM) might be sub-optimal as no optional output register could be merged into the ram block. Providing additional output register may help in improving timing.
INFO: [Synth 8-7052] The timing for the instance SoC_i/axi_wrapper_0/DUTi_5/inst/DUT/DUT/DECAP_MODULE/ENCAP_FOR_RENCRYPT/ENCRYPT/FIXEDWEIGHT/mem_single_seed/mem_reg (implemented as a Block RAM) might be sub-optimal as no optional output register could be merged into the ram block. Providing additional output register may help in improving timing.
INFO: [Synth 8-7052] The timing for the instance SoC_i/axi_wrapper_0/DUTi_5/inst/DUT/DUT/DECAP_MODULE/ENCAP_FOR_RENCRYPT/ENCRYPT/FIXEDWEIGHT/mem_single_seed/mem_reg (implemented as a Block RAM) might be sub-optimal as no optional output register could be merged into the ram block. Providing additional output register may help in improving timing.
INFO: [Synth 8-7052] The timing for the instance SoC_i/axi_wrapper_0/DUTi_5/inst/DUT/DUT/DECAP_MODULE/ENCAP_FOR_RENCRYPT/ENCRYPT/FIXEDWEIGHT/shake_ctx/mem_reg (implemented as a Block RAM) might be sub-optimal as no optional output register could be merged into the ram block. Providing additional output register may help in improving timing.
INFO: [Synth 8-7052] The timing for the instance SoC_i/axi_wrapper_0/DUTi_5/inst/DUT/DUT/DECAP_MODULE/ENCAP_FOR_RENCRYPT/ENCRYPT/FIXEDWEIGHT/loca_mem/mem_reg_bram_0 (implemented as a Block RAM) might be sub-optimal as no optional output register could be merged into the ram block. Providing additional output register may help in improving timing.
INFO: [Common 17-14] Message 'Synth 8-7052' appears 100 times and further instances of the messages will be disabled. Use the Tcl command set_msg_config to change the current settings.
---------------------------------------------------------------------------------
Finished Technology Mapping : Time (s): cpu = 00:03:27 ; elapsed = 00:04:23 . Memory (MB): peak = 4647.562 ; gain = 3133.750
---------------------------------------------------------------------------------
---------------------------------------------------------------------------------
Start IO Insertion
---------------------------------------------------------------------------------
---------------------------------------------------------------------------------
Start Flattening Before IO Insertion
---------------------------------------------------------------------------------
---------------------------------------------------------------------------------
Finished Flattening Before IO Insertion
---------------------------------------------------------------------------------
---------------------------------------------------------------------------------
Start Final Netlist Cleanup
---------------------------------------------------------------------------------
---------------------------------------------------------------------------------
Finished Final Netlist Cleanup
---------------------------------------------------------------------------------
WARNING: [Synth 8-3295] tying undriven pin dummy_inferred:in0 to constant 0
WARNING: [Synth 8-3295] tying undriven pin inst:sl_iport0[36] to constant 0
WARNING: [Synth 8-3295] tying undriven pin inst:sl_iport0[35] to constant 0
WARNING: [Synth 8-3295] tying undriven pin inst:sl_iport0[34] to constant 0
WARNING: [Synth 8-3295] tying undriven pin inst:sl_iport0[33] to constant 0
WARNING: [Synth 8-3295] tying undriven pin inst:sl_iport0[32] to constant 0
WARNING: [Synth 8-3295] tying undriven pin inst:sl_iport0[31] to constant 0
WARNING: [Synth 8-3295] tying undriven pin inst:sl_iport0[30] to constant 0
WARNING: [Synth 8-3295] tying undriven pin inst:sl_iport0[29] to constant 0
WARNING: [Synth 8-3295] tying undriven pin inst:sl_iport0[28] to constant 0
WARNING: [Synth 8-3295] tying undriven pin inst:sl_iport0[27] to constant 0
WARNING: [Synth 8-3295] tying undriven pin inst:sl_iport0[26] to constant 0
WARNING: [Synth 8-3295] tying undriven pin inst:sl_iport0[25] to constant 0
WARNING: [Synth 8-3295] tying undriven pin inst:sl_iport0[24] to constant 0
WARNING: [Synth 8-3295] tying undriven pin inst:sl_iport0[23] to constant 0
WARNING: [Synth 8-3295] tying undriven pin inst:sl_iport0[22] to constant 0
WARNING: [Synth 8-3295] tying undriven pin inst:sl_iport0[21] to constant 0
WARNING: [Synth 8-3295] tying undriven pin inst:sl_iport0[20] to constant 0
WARNING: [Synth 8-3295] tying undriven pin inst:sl_iport0[19] to constant 0
WARNING: [Synth 8-3295] tying undriven pin inst:sl_iport0[18] to constant 0
WARNING: [Synth 8-3295] tying undriven pin inst:sl_iport0[17] to constant 0
WARNING: [Synth 8-3295] tying undriven pin inst:sl_iport0[16] to constant 0
WARNING: [Synth 8-3295] tying undriven pin inst:sl_iport0[15] to constant 0
WARNING: [Synth 8-3295] tying undriven pin inst:sl_iport0[14] to constant 0
WARNING: [Synth 8-3295] tying undriven pin inst:sl_iport0[13] to constant 0
WARNING: [Synth 8-3295] tying undriven pin inst:sl_iport0[12] to constant 0
WARNING: [Synth 8-3295] tying undriven pin inst:sl_iport0[11] to constant 0
WARNING: [Synth 8-3295] tying undriven pin inst:sl_iport0[10] to constant 0
WARNING: [Synth 8-3295] tying undriven pin inst:sl_iport0[9] to constant 0
WARNING: [Synth 8-3295] tying undriven pin inst:sl_iport0[8] to constant 0
WARNING: [Synth 8-3295] tying undriven pin inst:sl_iport0[7] to constant 0
WARNING: [Synth 8-3295] tying undriven pin inst:sl_iport0[6] to constant 0
WARNING: [Synth 8-3295] tying undriven pin inst:sl_iport0[5] to constant 0
WARNING: [Synth 8-3295] tying undriven pin inst:sl_iport0[4] to constant 0
WARNING: [Synth 8-3295] tying undriven pin inst:sl_iport0[3] to constant 0
WARNING: [Synth 8-3295] tying undriven pin inst:sl_iport0[2] to constant 0
WARNING: [Synth 8-3295] tying undriven pin inst:sl_iport0[1] to constant 0
WARNING: [Synth 8-3295] tying undriven pin inst:sl_iport0[0] to constant 0
WARNING: [Synth 8-3295] tying undriven pin inst:trig_in to constant 0
WARNING: [Synth 8-3295] tying undriven pin inst:trig_out_ack to constant 0
WARNING: [Synth 8-3295] tying undriven pin trace_ctl_pipe[0]_inferred:in0 to constant 0
WARNING: [Synth 8-3295] tying undriven pin trace_data_pipe[0]_inferred:in0[31] to constant 0
WARNING: [Synth 8-3295] tying undriven pin trace_data_pipe[0]_inferred:in0[30] to constant 0
WARNING: [Synth 8-3295] tying undriven pin trace_data_pipe[0]_inferred:in0[29] to constant 0
WARNING: [Synth 8-3295] tying undriven pin trace_data_pipe[0]_inferred:in0[28] to constant 0
WARNING: [Synth 8-3295] tying undriven pin trace_data_pipe[0]_inferred:in0[27] to constant 0
WARNING: [Synth 8-3295] tying undriven pin trace_data_pipe[0]_inferred:in0[26] to constant 0
WARNING: [Synth 8-3295] tying undriven pin trace_data_pipe[0]_inferred:in0[25] to constant 0
WARNING: [Synth 8-3295] tying undriven pin trace_data_pipe[0]_inferred:in0[24] to constant 0
WARNING: [Synth 8-3295] tying undriven pin trace_data_pipe[0]_inferred:in0[23] to constant 0
WARNING: [Synth 8-3295] tying undriven pin trace_data_pipe[0]_inferred:in0[22] to constant 0
WARNING: [Synth 8-3295] tying undriven pin trace_data_pipe[0]_inferred:in0[21] to constant 0
WARNING: [Synth 8-3295] tying undriven pin trace_data_pipe[0]_inferred:in0[20] to constant 0
WARNING: [Synth 8-3295] tying undriven pin trace_data_pipe[0]_inferred:in0[19] to constant 0
WARNING: [Synth 8-3295] tying undriven pin trace_data_pipe[0]_inferred:in0[18] to constant 0
WARNING: [Synth 8-3295] tying undriven pin trace_data_pipe[0]_inferred:in0[17] to constant 0
WARNING: [Synth 8-3295] tying undriven pin trace_data_pipe[0]_inferred:in0[16] to constant 0
WARNING: [Synth 8-3295] tying undriven pin trace_data_pipe[0]_inferred:in0[15] to constant 0
WARNING: [Synth 8-3295] tying undriven pin trace_data_pipe[0]_inferred:in0[14] to constant 0
WARNING: [Synth 8-3295] tying undriven pin trace_data_pipe[0]_inferred:in0[13] to constant 0
WARNING: [Synth 8-3295] tying undriven pin trace_data_pipe[0]_inferred:in0[12] to constant 0
WARNING: [Synth 8-3295] tying undriven pin trace_data_pipe[0]_inferred:in0[11] to constant 0
WARNING: [Synth 8-3295] tying undriven pin trace_data_pipe[0]_inferred:in0[10] to constant 0
WARNING: [Synth 8-3295] tying undriven pin trace_data_pipe[0]_inferred:in0[9] to constant 0
WARNING: [Synth 8-3295] tying undriven pin trace_data_pipe[0]_inferred:in0[8] to constant 0
WARNING: [Synth 8-3295] tying undriven pin trace_data_pipe[0]_inferred:in0[7] to constant 0
WARNING: [Synth 8-3295] tying undriven pin trace_data_pipe[0]_inferred:in0[6] to constant 0
WARNING: [Synth 8-3295] tying undriven pin trace_data_pipe[0]_inferred:in0[5] to constant 0
WARNING: [Synth 8-3295] tying undriven pin trace_data_pipe[0]_inferred:in0[4] to constant 0
WARNING: [Synth 8-3295] tying undriven pin trace_data_pipe[0]_inferred:in0[3] to constant 0
WARNING: [Synth 8-3295] tying undriven pin trace_data_pipe[0]_inferred:in0[2] to constant 0
WARNING: [Synth 8-3295] tying undriven pin trace_data_pipe[0]_inferred:in0[1] to constant 0
WARNING: [Synth 8-3295] tying undriven pin trace_data_pipe[0]_inferred:in0[0] to constant 0
WARNING: [Synth 8-3295] tying undriven pin trace_ctl_pipe[7]_inferred:in0 to constant 0
WARNING: [Synth 8-3295] tying undriven pin trace_ctl_pipe[6]_inferred:in0 to constant 0
WARNING: [Synth 8-3295] tying undriven pin trace_ctl_pipe[5]_inferred:in0 to constant 0
WARNING: [Synth 8-3295] tying undriven pin trace_ctl_pipe[4]_inferred:in0 to constant 0
WARNING: [Synth 8-3295] tying undriven pin trace_ctl_pipe[3]_inferred:in0 to constant 0
WARNING: [Synth 8-3295] tying undriven pin trace_ctl_pipe[2]_inferred:in0 to constant 0
WARNING: [Synth 8-3295] tying undriven pin trace_ctl_pipe[1]_inferred:in0 to constant 0
WARNING: [Synth 8-3295] tying undriven pin trace_data_pipe[7]_inferred:in0[31] to constant 0
WARNING: [Synth 8-3295] tying undriven pin trace_data_pipe[7]_inferred:in0[30] to constant 0
WARNING: [Synth 8-3295] tying undriven pin trace_data_pipe[7]_inferred:in0[29] to constant 0
WARNING: [Synth 8-3295] tying undriven pin trace_data_pipe[7]_inferred:in0[28] to constant 0
WARNING: [Synth 8-3295] tying undriven pin trace_data_pipe[7]_inferred:in0[27] to constant 0
WARNING: [Synth 8-3295] tying undriven pin trace_data_pipe[7]_inferred:in0[26] to constant 0
WARNING: [Synth 8-3295] tying undriven pin trace_data_pipe[7]_inferred:in0[25] to constant 0
WARNING: [Synth 8-3295] tying undriven pin trace_data_pipe[7]_inferred:in0[24] to constant 0
WARNING: [Synth 8-3295] tying undriven pin trace_data_pipe[7]_inferred:in0[23] to constant 0
WARNING: [Synth 8-3295] tying undriven pin trace_data_pipe[7]_inferred:in0[22] to constant 0
WARNING: [Synth 8-3295] tying undriven pin trace_data_pipe[7]_inferred:in0[21] to constant 0
WARNING: [Synth 8-3295] tying undriven pin trace_data_pipe[7]_inferred:in0[20] to constant 0
WARNING: [Synth 8-3295] tying undriven pin trace_data_pipe[7]_inferred:in0[19] to constant 0
WARNING: [Synth 8-3295] tying undriven pin trace_data_pipe[7]_inferred:in0[18] to constant 0
WARNING: [Synth 8-3295] tying undriven pin trace_data_pipe[7]_inferred:in0[17] to constant 0
WARNING: [Synth 8-3295] tying undriven pin trace_data_pipe[7]_inferred:in0[16] to constant 0
WARNING: [Synth 8-3295] tying undriven pin trace_data_pipe[7]_inferred:in0[15] to constant 0
WARNING: [Synth 8-3295] tying undriven pin trace_data_pipe[7]_inferred:in0[14] to constant 0
WARNING: [Synth 8-3295] tying undriven pin trace_data_pipe[7]_inferred:in0[13] to constant 0
WARNING: [Synth 8-3295] tying undriven pin trace_data_pipe[7]_inferred:in0[12] to constant 0
INFO: [Common 17-14] Message 'Synth 8-3295' appears 100 times and further instances of the messages will be disabled. Use the Tcl command set_msg_config to change the current settings.
WARNING: [Synth 8-5396] Clock pin C has keep related attribute (keep/mark_debug/dont_touch) which could create extra logic on its net [d:/University/251/DA/wrapper/wrapper.gen/sources_1/bd/SoC/ip/SoC_system_ila_0_0/bd_0/ip/ip_1/synth/bd_5c78_g_inst_0.v:12124]
WARNING: [Synth 8-5396] Clock pin C has keep related attribute (keep/mark_debug/dont_touch) which could create extra logic on its net [d:/University/251/DA/wrapper/wrapper.gen/sources_1/bd/SoC/ip/SoC_system_ila_0_0/bd_0/ip/ip_1/synth/bd_5c78_g_inst_0.v:12119]
WARNING: [Synth 8-5396] Clock pin C has keep related attribute (keep/mark_debug/dont_touch) which could create extra logic on its net [d:/University/251/DA/wrapper/wrapper.gen/sources_1/bd/SoC/ip/SoC_system_ila_0_0/bd_0/ip/ip_1/synth/bd_5c78_g_inst_0.v:12117]
WARNING: [Synth 8-5396] Clock pin C has keep related attribute (keep/mark_debug/dont_touch) which could create extra logic on its net [d:/University/251/DA/wrapper/wrapper.gen/sources_1/bd/SoC/ip/SoC_system_ila_0_0/bd_0/ip/ip_1/synth/bd_5c78_g_inst_0.v:1672]
WARNING: [Synth 8-5396] Clock pin CLK has keep related attribute (keep/mark_debug/dont_touch) which could create extra logic on its net [d:/University/251/DA/wrapper/wrapper.gen/sources_1/bd/SoC/ip/SoC_system_ila_0_0/bd_0/ip/ip_1/synth/bd_5c78_g_inst_0.v:1672]
WARNING: [Synth 8-5396] Clock pin C has keep related attribute (keep/mark_debug/dont_touch) which could create extra logic on its net [d:/University/251/DA/wrapper/wrapper.gen/sources_1/bd/SoC/ip/SoC_system_ila_0_0/bd_0/ip/ip_1/synth/bd_5c78_g_inst_0.v:1672]
WARNING: [Synth 8-5396] Clock pin CLK has keep related attribute (keep/mark_debug/dont_touch) which could create extra logic on its net [d:/University/251/DA/wrapper/wrapper.gen/sources_1/bd/SoC/ip/SoC_system_ila_0_0/bd_0/ip/ip_1/synth/bd_5c78_g_inst_0.v:1672]
WARNING: [Synth 8-5396] Clock pin C has keep related attribute (keep/mark_debug/dont_touch) which could create extra logic on its net [d:/University/251/DA/wrapper/wrapper.gen/sources_1/bd/SoC/ip/SoC_system_ila_0_0/bd_0/ip/ip_1/synth/bd_5c78_g_inst_0.v:1672]
WARNING: [Synth 8-5396] Clock pin CLK has keep related attribute (keep/mark_debug/dont_touch) which could create extra logic on its net [d:/University/251/DA/wrapper/wrapper.gen/sources_1/bd/SoC/ip/SoC_system_ila_0_0/bd_0/ip/ip_1/synth/bd_5c78_g_inst_0.v:1672]
WARNING: [Synth 8-5396] Clock pin C has keep related attribute (keep/mark_debug/dont_touch) which could create extra logic on its net [d:/University/251/DA/wrapper/wrapper.gen/sources_1/bd/SoC/ip/SoC_system_ila_0_0/bd_0/ip/ip_1/synth/bd_5c78_g_inst_0.v:1672]
WARNING: [Synth 8-5396] Clock pin CLK has keep related attribute (keep/mark_debug/dont_touch) which could create extra logic on its net [d:/University/251/DA/wrapper/wrapper.gen/sources_1/bd/SoC/ip/SoC_system_ila_0_0/bd_0/ip/ip_1/synth/bd_5c78_g_inst_0.v:1672]
WARNING: [Synth 8-5396] Clock pin C has keep related attribute (keep/mark_debug/dont_touch) which could create extra logic on its net [d:/University/251/DA/wrapper/wrapper.gen/sources_1/bd/SoC/ip/SoC_system_ila_0_0/bd_0/ip/ip_1/synth/bd_5c78_g_inst_0.v:1672]
WARNING: [Synth 8-5396] Clock pin CLK has keep related attribute (keep/mark_debug/dont_touch) which could create extra logic on its net [d:/University/251/DA/wrapper/wrapper.gen/sources_1/bd/SoC/ip/SoC_system_ila_0_0/bd_0/ip/ip_1/synth/bd_5c78_g_inst_0.v:1672]
WARNING: [Synth 8-5396] Clock pin C has keep related attribute (keep/mark_debug/dont_touch) which could create extra logic on its net [d:/University/251/DA/wrapper/wrapper.gen/sources_1/bd/SoC/ip/SoC_system_ila_0_0/bd_0/ip/ip_1/synth/bd_5c78_g_inst_0.v:1672]
WARNING: [Synth 8-5396] Clock pin CLK has keep related attribute (keep/mark_debug/dont_touch) which could create extra logic on its net [d:/University/251/DA/wrapper/wrapper.gen/sources_1/bd/SoC/ip/SoC_system_ila_0_0/bd_0/ip/ip_1/synth/bd_5c78_g_inst_0.v:1672]
WARNING: [Synth 8-5396] Clock pin C has keep related attribute (keep/mark_debug/dont_touch) which could create extra logic on its net [d:/University/251/DA/wrapper/wrapper.gen/sources_1/bd/SoC/ip/SoC_system_ila_0_0/bd_0/ip/ip_1/synth/bd_5c78_g_inst_0.v:1672]
WARNING: [Synth 8-5396] Clock pin CLK has keep related attribute (keep/mark_debug/dont_touch) which could create extra logic on its net [d:/University/251/DA/wrapper/wrapper.gen/sources_1/bd/SoC/ip/SoC_system_ila_0_0/bd_0/ip/ip_1/synth/bd_5c78_g_inst_0.v:1672]
WARNING: [Synth 8-5396] Clock pin C has keep related attribute (keep/mark_debug/dont_touch) which could create extra logic on its net [d:/University/251/DA/wrapper/wrapper.gen/sources_1/bd/SoC/ip/SoC_system_ila_0_0/bd_0/ip/ip_1/synth/bd_5c78_g_inst_0.v:1672]
WARNING: [Synth 8-5396] Clock pin CLK has keep related attribute (keep/mark_debug/dont_touch) which could create extra logic on its net [d:/University/251/DA/wrapper/wrapper.gen/sources_1/bd/SoC/ip/SoC_system_ila_0_0/bd_0/ip/ip_1/synth/bd_5c78_g_inst_0.v:1672]
WARNING: [Synth 8-5396] Clock pin C has keep related attribute (keep/mark_debug/dont_touch) which could create extra logic on its net [d:/University/251/DA/wrapper/wrapper.gen/sources_1/bd/SoC/ip/SoC_system_ila_0_0/bd_0/ip/ip_1/synth/bd_5c78_g_inst_0.v:1672]
WARNING: [Synth 8-5396] Clock pin CLK has keep related attribute (keep/mark_debug/dont_touch) which could create extra logic on its net [d:/University/251/DA/wrapper/wrapper.gen/sources_1/bd/SoC/ip/SoC_system_ila_0_0/bd_0/ip/ip_1/synth/bd_5c78_g_inst_0.v:1672]
WARNING: [Synth 8-5396] Clock pin C has keep related attribute (keep/mark_debug/dont_touch) which could create extra logic on its net [d:/University/251/DA/wrapper/wrapper.gen/sources_1/bd/SoC/ip/SoC_system_ila_0_0/bd_0/ip/ip_1/synth/bd_5c78_g_inst_0.v:1672]
WARNING: [Synth 8-5396] Clock pin CLK has keep related attribute (keep/mark_debug/dont_touch) which could create extra logic on its net [d:/University/251/DA/wrapper/wrapper.gen/sources_1/bd/SoC/ip/SoC_system_ila_0_0/bd_0/ip/ip_1/synth/bd_5c78_g_inst_0.v:1672]
WARNING: [Synth 8-5396] Clock pin C has keep related attribute (keep/mark_debug/dont_touch) which could create extra logic on its net [d:/University/251/DA/wrapper/wrapper.gen/sources_1/bd/SoC/ip/SoC_system_ila_0_0/bd_0/ip/ip_1/synth/bd_5c78_g_inst_0.v:1672]
WARNING: [Synth 8-5396] Clock pin CLK has keep related attribute (keep/mark_debug/dont_touch) which could create extra logic on its net [d:/University/251/DA/wrapper/wrapper.gen/sources_1/bd/SoC/ip/SoC_system_ila_0_0/bd_0/ip/ip_1/synth/bd_5c78_g_inst_0.v:1672]
WARNING: [Synth 8-5396] Clock pin C has keep related attribute (keep/mark_debug/dont_touch) which could create extra logic on its net [d:/University/251/DA/wrapper/wrapper.gen/sources_1/bd/SoC/ip/SoC_system_ila_0_0/bd_0/ip/ip_1/synth/bd_5c78_g_inst_0.v:1672]
WARNING: [Synth 8-5396] Clock pin CLK has keep related attribute (keep/mark_debug/dont_touch) which could create extra logic on its net [d:/University/251/DA/wrapper/wrapper.gen/sources_1/bd/SoC/ip/SoC_system_ila_0_0/bd_0/ip/ip_1/synth/bd_5c78_g_inst_0.v:1672]
WARNING: [Synth 8-5396] Clock pin C has keep related attribute (keep/mark_debug/dont_touch) which could create extra logic on its net [d:/University/251/DA/wrapper/wrapper.gen/sources_1/bd/SoC/ip/SoC_system_ila_0_0/bd_0/ip/ip_1/synth/bd_5c78_g_inst_0.v:1672]
WARNING: [Synth 8-5396] Clock pin CLK has keep related attribute (keep/mark_debug/dont_touch) which could create extra logic on its net [d:/University/251/DA/wrapper/wrapper.gen/sources_1/bd/SoC/ip/SoC_system_ila_0_0/bd_0/ip/ip_1/synth/bd_5c78_g_inst_0.v:1672]
WARNING: [Synth 8-5396] Clock pin C has keep related attribute (keep/mark_debug/dont_touch) which could create extra logic on its net [d:/University/251/DA/wrapper/wrapper.gen/sources_1/bd/SoC/ip/SoC_system_ila_0_0/bd_0/ip/ip_1/synth/bd_5c78_g_inst_0.v:1672]
WARNING: [Synth 8-5396] Clock pin CLK has keep related attribute (keep/mark_debug/dont_touch) which could create extra logic on its net [d:/University/251/DA/wrapper/wrapper.gen/sources_1/bd/SoC/ip/SoC_system_ila_0_0/bd_0/ip/ip_1/synth/bd_5c78_g_inst_0.v:1672]
WARNING: [Synth 8-5396] Clock pin C has keep related attribute (keep/mark_debug/dont_touch) which could create extra logic on its net [d:/University/251/DA/wrapper/wrapper.gen/sources_1/bd/SoC/ip/SoC_system_ila_0_0/bd_0/ip/ip_1/synth/bd_5c78_g_inst_0.v:1672]
WARNING: [Synth 8-5396] Clock pin CLK has keep related attribute (keep/mark_debug/dont_touch) which could create extra logic on its net [d:/University/251/DA/wrapper/wrapper.gen/sources_1/bd/SoC/ip/SoC_system_ila_0_0/bd_0/ip/ip_1/synth/bd_5c78_g_inst_0.v:1672]
WARNING: [Synth 8-5396] Clock pin C has keep related attribute (keep/mark_debug/dont_touch) which could create extra logic on its net [d:/University/251/DA/wrapper/wrapper.gen/sources_1/bd/SoC/ip/SoC_system_ila_0_0/bd_0/ip/ip_1/synth/bd_5c78_g_inst_0.v:1672]
WARNING: [Synth 8-5396] Clock pin CLK has keep related attribute (keep/mark_debug/dont_touch) which could create extra logic on its net [d:/University/251/DA/wrapper/wrapper.gen/sources_1/bd/SoC/ip/SoC_system_ila_0_0/bd_0/ip/ip_1/synth/bd_5c78_g_inst_0.v:1672]
WARNING: [Synth 8-5396] Clock pin C has keep related attribute (keep/mark_debug/dont_touch) which could create extra logic on its net [d:/University/251/DA/wrapper/wrapper.gen/sources_1/bd/SoC/ip/SoC_system_ila_0_0/bd_0/ip/ip_1/synth/bd_5c78_g_inst_0.v:1672]
WARNING: [Synth 8-5396] Clock pin CLK has keep related attribute (keep/mark_debug/dont_touch) which could create extra logic on its net [d:/University/251/DA/wrapper/wrapper.gen/sources_1/bd/SoC/ip/SoC_system_ila_0_0/bd_0/ip/ip_1/synth/bd_5c78_g_inst_0.v:1672]
WARNING: [Synth 8-5396] Clock pin C has keep related attribute (keep/mark_debug/dont_touch) which could create extra logic on its net [d:/University/251/DA/wrapper/wrapper.gen/sources_1/bd/SoC/ip/SoC_system_ila_0_0/bd_0/ip/ip_1/synth/bd_5c78_g_inst_0.v:1672]
WARNING: [Synth 8-5396] Clock pin CLK has keep related attribute (keep/mark_debug/dont_touch) which could create extra logic on its net [d:/University/251/DA/wrapper/wrapper.gen/sources_1/bd/SoC/ip/SoC_system_ila_0_0/bd_0/ip/ip_1/synth/bd_5c78_g_inst_0.v:1672]
WARNING: [Synth 8-5396] Clock pin C has keep related attribute (keep/mark_debug/dont_touch) which could create extra logic on its net [d:/University/251/DA/wrapper/wrapper.gen/sources_1/bd/SoC/ip/SoC_system_ila_0_0/bd_0/ip/ip_1/synth/bd_5c78_g_inst_0.v:1672]
WARNING: [Synth 8-5396] Clock pin CLK has keep related attribute (keep/mark_debug/dont_touch) which could create extra logic on its net [d:/University/251/DA/wrapper/wrapper.gen/sources_1/bd/SoC/ip/SoC_system_ila_0_0/bd_0/ip/ip_1/synth/bd_5c78_g_inst_0.v:1672]
WARNING: [Synth 8-5396] Clock pin C has keep related attribute (keep/mark_debug/dont_touch) which could create extra logic on its net [d:/University/251/DA/wrapper/wrapper.gen/sources_1/bd/SoC/ip/SoC_system_ila_0_0/bd_0/ip/ip_1/synth/bd_5c78_g_inst_0.v:1672]
WARNING: [Synth 8-5396] Clock pin CLK has keep related attribute (keep/mark_debug/dont_touch) which could create extra logic on its net [d:/University/251/DA/wrapper/wrapper.gen/sources_1/bd/SoC/ip/SoC_system_ila_0_0/bd_0/ip/ip_1/synth/bd_5c78_g_inst_0.v:1672]
WARNING: [Synth 8-5396] Clock pin C has keep related attribute (keep/mark_debug/dont_touch) which could create extra logic on its net [d:/University/251/DA/wrapper/wrapper.gen/sources_1/bd/SoC/ip/SoC_system_ila_0_0/bd_0/ip/ip_1/synth/bd_5c78_g_inst_0.v:1672]
WARNING: [Synth 8-5396] Clock pin CLK has keep related attribute (keep/mark_debug/dont_touch) which could create extra logic on its net [d:/University/251/DA/wrapper/wrapper.gen/sources_1/bd/SoC/ip/SoC_system_ila_0_0/bd_0/ip/ip_1/synth/bd_5c78_g_inst_0.v:1672]
WARNING: [Synth 8-5396] Clock pin C has keep related attribute (keep/mark_debug/dont_touch) which could create extra logic on its net [d:/University/251/DA/wrapper/wrapper.gen/sources_1/bd/SoC/ip/SoC_system_ila_0_0/bd_0/ip/ip_1/synth/bd_5c78_g_inst_0.v:1672]
WARNING: [Synth 8-5396] Clock pin CLK has keep related attribute (keep/mark_debug/dont_touch) which could create extra logic on its net [d:/University/251/DA/wrapper/wrapper.gen/sources_1/bd/SoC/ip/SoC_system_ila_0_0/bd_0/ip/ip_1/synth/bd_5c78_g_inst_0.v:1672]
WARNING: [Synth 8-5396] Clock pin C has keep related attribute (keep/mark_debug/dont_touch) which could create extra logic on its net [d:/University/251/DA/wrapper/wrapper.gen/sources_1/bd/SoC/ip/SoC_system_ila_0_0/bd_0/ip/ip_1/synth/bd_5c78_g_inst_0.v:1672]
WARNING: [Synth 8-5396] Clock pin CLK has keep related attribute (keep/mark_debug/dont_touch) which could create extra logic on its net [d:/University/251/DA/wrapper/wrapper.gen/sources_1/bd/SoC/ip/SoC_system_ila_0_0/bd_0/ip/ip_1/synth/bd_5c78_g_inst_0.v:1672]
WARNING: [Synth 8-5396] Clock pin C has keep related attribute (keep/mark_debug/dont_touch) which could create extra logic on its net [d:/University/251/DA/wrapper/wrapper.gen/sources_1/bd/SoC/ip/SoC_system_ila_0_0/bd_0/ip/ip_1/synth/bd_5c78_g_inst_0.v:1672]
WARNING: [Synth 8-5396] Clock pin CLK has keep related attribute (keep/mark_debug/dont_touch) which could create extra logic on its net [d:/University/251/DA/wrapper/wrapper.gen/sources_1/bd/SoC/ip/SoC_system_ila_0_0/bd_0/ip/ip_1/synth/bd_5c78_g_inst_0.v:1672]
WARNING: [Synth 8-5396] Clock pin C has keep related attribute (keep/mark_debug/dont_touch) which could create extra logic on its net [d:/University/251/DA/wrapper/wrapper.gen/sources_1/bd/SoC/ip/SoC_system_ila_0_0/bd_0/ip/ip_1/synth/bd_5c78_g_inst_0.v:1672]
WARNING: [Synth 8-5396] Clock pin CLK has keep related attribute (keep/mark_debug/dont_touch) which could create extra logic on its net [d:/University/251/DA/wrapper/wrapper.gen/sources_1/bd/SoC/ip/SoC_system_ila_0_0/bd_0/ip/ip_1/synth/bd_5c78_g_inst_0.v:1672]
WARNING: [Synth 8-5396] Clock pin C has keep related attribute (keep/mark_debug/dont_touch) which could create extra logic on its net [d:/University/251/DA/wrapper/wrapper.gen/sources_1/bd/SoC/ip/SoC_system_ila_0_0/bd_0/ip/ip_1/synth/bd_5c78_g_inst_0.v:1672]
WARNING: [Synth 8-5396] Clock pin CLK has keep related attribute (keep/mark_debug/dont_touch) which could create extra logic on its net [d:/University/251/DA/wrapper/wrapper.gen/sources_1/bd/SoC/ip/SoC_system_ila_0_0/bd_0/ip/ip_1/synth/bd_5c78_g_inst_0.v:1672]
WARNING: [Synth 8-5396] Clock pin C has keep related attribute (keep/mark_debug/dont_touch) which could create extra logic on its net [d:/University/251/DA/wrapper/wrapper.gen/sources_1/bd/SoC/ip/SoC_system_ila_0_0/bd_0/ip/ip_1/synth/bd_5c78_g_inst_0.v:1672]
WARNING: [Synth 8-5396] Clock pin CLK has keep related attribute (keep/mark_debug/dont_touch) which could create extra logic on its net [d:/University/251/DA/wrapper/wrapper.gen/sources_1/bd/SoC/ip/SoC_system_ila_0_0/bd_0/ip/ip_1/synth/bd_5c78_g_inst_0.v:1672]
WARNING: [Synth 8-5396] Clock pin C has keep related attribute (keep/mark_debug/dont_touch) which could create extra logic on its net [d:/University/251/DA/wrapper/wrapper.gen/sources_1/bd/SoC/ip/SoC_system_ila_0_0/bd_0/ip/ip_1/synth/bd_5c78_g_inst_0.v:1672]
WARNING: [Synth 8-5396] Clock pin CLK has keep related attribute (keep/mark_debug/dont_touch) which could create extra logic on its net [d:/University/251/DA/wrapper/wrapper.gen/sources_1/bd/SoC/ip/SoC_system_ila_0_0/bd_0/ip/ip_1/synth/bd_5c78_g_inst_0.v:1672]
WARNING: [Synth 8-5396] Clock pin C has keep related attribute (keep/mark_debug/dont_touch) which could create extra logic on its net [d:/University/251/DA/wrapper/wrapper.gen/sources_1/bd/SoC/ip/SoC_system_ila_0_0/bd_0/ip/ip_1/synth/bd_5c78_g_inst_0.v:1672]
WARNING: [Synth 8-5396] Clock pin CLK has keep related attribute (keep/mark_debug/dont_touch) which could create extra logic on its net [d:/University/251/DA/wrapper/wrapper.gen/sources_1/bd/SoC/ip/SoC_system_ila_0_0/bd_0/ip/ip_1/synth/bd_5c78_g_inst_0.v:1672]
WARNING: [Synth 8-5396] Clock pin C has keep related attribute (keep/mark_debug/dont_touch) which could create extra logic on its net [d:/University/251/DA/wrapper/wrapper.gen/sources_1/bd/SoC/ip/SoC_system_ila_0_0/bd_0/ip/ip_1/synth/bd_5c78_g_inst_0.v:1672]
WARNING: [Synth 8-5396] Clock pin CLK has keep related attribute (keep/mark_debug/dont_touch) which could create extra logic on its net [d:/University/251/DA/wrapper/wrapper.gen/sources_1/bd/SoC/ip/SoC_system_ila_0_0/bd_0/ip/ip_1/synth/bd_5c78_g_inst_0.v:1672]
WARNING: [Synth 8-5396] Clock pin C has keep related attribute (keep/mark_debug/dont_touch) which could create extra logic on its net [d:/University/251/DA/wrapper/wrapper.gen/sources_1/bd/SoC/ip/SoC_system_ila_0_0/bd_0/ip/ip_1/synth/bd_5c78_g_inst_0.v:1672]
WARNING: [Synth 8-5396] Clock pin CLK has keep related attribute (keep/mark_debug/dont_touch) which could create extra logic on its net [d:/University/251/DA/wrapper/wrapper.gen/sources_1/bd/SoC/ip/SoC_system_ila_0_0/bd_0/ip/ip_1/synth/bd_5c78_g_inst_0.v:1672]
WARNING: [Synth 8-5396] Clock pin C has keep related attribute (keep/mark_debug/dont_touch) which could create extra logic on its net [d:/University/251/DA/wrapper/wrapper.gen/sources_1/bd/SoC/ip/SoC_system_ila_0_0/bd_0/ip/ip_1/synth/bd_5c78_g_inst_0.v:1672]
WARNING: [Synth 8-5396] Clock pin CLK has keep related attribute (keep/mark_debug/dont_touch) which could create extra logic on its net [d:/University/251/DA/wrapper/wrapper.gen/sources_1/bd/SoC/ip/SoC_system_ila_0_0/bd_0/ip/ip_1/synth/bd_5c78_g_inst_0.v:1672]
WARNING: [Synth 8-5396] Clock pin C has keep related attribute (keep/mark_debug/dont_touch) which could create extra logic on its net [d:/University/251/DA/wrapper/wrapper.gen/sources_1/bd/SoC/ip/SoC_system_ila_0_0/bd_0/ip/ip_1/synth/bd_5c78_g_inst_0.v:1672]
WARNING: [Synth 8-5396] Clock pin CLK has keep related attribute (keep/mark_debug/dont_touch) which could create extra logic on its net [d:/University/251/DA/wrapper/wrapper.gen/sources_1/bd/SoC/ip/SoC_system_ila_0_0/bd_0/ip/ip_1/synth/bd_5c78_g_inst_0.v:1672]
WARNING: [Synth 8-5396] Clock pin C has keep related attribute (keep/mark_debug/dont_touch) which could create extra logic on its net [d:/University/251/DA/wrapper/wrapper.gen/sources_1/bd/SoC/ip/SoC_system_ila_0_0/bd_0/ip/ip_1/synth/bd_5c78_g_inst_0.v:1672]
WARNING: [Synth 8-5396] Clock pin CLK has keep related attribute (keep/mark_debug/dont_touch) which could create extra logic on its net [d:/University/251/DA/wrapper/wrapper.gen/sources_1/bd/SoC/ip/SoC_system_ila_0_0/bd_0/ip/ip_1/synth/bd_5c78_g_inst_0.v:1672]
WARNING: [Synth 8-5396] Clock pin C has keep related attribute (keep/mark_debug/dont_touch) which could create extra logic on its net [d:/University/251/DA/wrapper/wrapper.gen/sources_1/bd/SoC/ip/SoC_system_ila_0_0/bd_0/ip/ip_1/synth/bd_5c78_g_inst_0.v:1672]
WARNING: [Synth 8-5396] Clock pin CLK has keep related attribute (keep/mark_debug/dont_touch) which could create extra logic on its net [d:/University/251/DA/wrapper/wrapper.gen/sources_1/bd/SoC/ip/SoC_system_ila_0_0/bd_0/ip/ip_1/synth/bd_5c78_g_inst_0.v:1672]
WARNING: [Synth 8-5396] Clock pin C has keep related attribute (keep/mark_debug/dont_touch) which could create extra logic on its net [d:/University/251/DA/wrapper/wrapper.gen/sources_1/bd/SoC/ip/SoC_system_ila_0_0/bd_0/ip/ip_1/synth/bd_5c78_g_inst_0.v:1672]
WARNING: [Synth 8-5396] Clock pin CLK has keep related attribute (keep/mark_debug/dont_touch) which could create extra logic on its net [d:/University/251/DA/wrapper/wrapper.gen/sources_1/bd/SoC/ip/SoC_system_ila_0_0/bd_0/ip/ip_1/synth/bd_5c78_g_inst_0.v:1672]
WARNING: [Synth 8-5396] Clock pin C has keep related attribute (keep/mark_debug/dont_touch) which could create extra logic on its net [d:/University/251/DA/wrapper/wrapper.gen/sources_1/bd/SoC/ip/SoC_system_ila_0_0/bd_0/ip/ip_1/synth/bd_5c78_g_inst_0.v:1672]
WARNING: [Synth 8-5396] Clock pin CLK has keep related attribute (keep/mark_debug/dont_touch) which could create extra logic on its net [d:/University/251/DA/wrapper/wrapper.gen/sources_1/bd/SoC/ip/SoC_system_ila_0_0/bd_0/ip/ip_1/synth/bd_5c78_g_inst_0.v:1672]
WARNING: [Synth 8-5396] Clock pin C has keep related attribute (keep/mark_debug/dont_touch) which could create extra logic on its net [d:/University/251/DA/wrapper/wrapper.gen/sources_1/bd/SoC/ip/SoC_system_ila_0_0/bd_0/ip/ip_1/synth/bd_5c78_g_inst_0.v:1672]
WARNING: [Synth 8-5396] Clock pin CLK has keep related attribute (keep/mark_debug/dont_touch) which could create extra logic on its net [d:/University/251/DA/wrapper/wrapper.gen/sources_1/bd/SoC/ip/SoC_system_ila_0_0/bd_0/ip/ip_1/synth/bd_5c78_g_inst_0.v:1672]
WARNING: [Synth 8-5396] Clock pin C has keep related attribute (keep/mark_debug/dont_touch) which could create extra logic on its net [d:/University/251/DA/wrapper/wrapper.gen/sources_1/bd/SoC/ip/SoC_system_ila_0_0/bd_0/ip/ip_1/synth/bd_5c78_g_inst_0.v:1672]
WARNING: [Synth 8-5396] Clock pin CLK has keep related attribute (keep/mark_debug/dont_touch) which could create extra logic on its net [d:/University/251/DA/wrapper/wrapper.gen/sources_1/bd/SoC/ip/SoC_system_ila_0_0/bd_0/ip/ip_1/synth/bd_5c78_g_inst_0.v:1672]
WARNING: [Synth 8-5396] Clock pin C has keep related attribute (keep/mark_debug/dont_touch) which could create extra logic on its net [d:/University/251/DA/wrapper/wrapper.gen/sources_1/bd/SoC/ip/SoC_system_ila_0_0/bd_0/ip/ip_1/synth/bd_5c78_g_inst_0.v:1672]
WARNING: [Synth 8-5396] Clock pin CLK has keep related attribute (keep/mark_debug/dont_touch) which could create extra logic on its net [d:/University/251/DA/wrapper/wrapper.gen/sources_1/bd/SoC/ip/SoC_system_ila_0_0/bd_0/ip/ip_1/synth/bd_5c78_g_inst_0.v:1672]
WARNING: [Synth 8-5396] Clock pin C has keep related attribute (keep/mark_debug/dont_touch) which could create extra logic on its net [d:/University/251/DA/wrapper/wrapper.gen/sources_1/bd/SoC/ip/SoC_system_ila_0_0/bd_0/ip/ip_1/synth/bd_5c78_g_inst_0.v:1672]
WARNING: [Synth 8-5396] Clock pin CLK has keep related attribute (keep/mark_debug/dont_touch) which could create extra logic on its net [d:/University/251/DA/wrapper/wrapper.gen/sources_1/bd/SoC/ip/SoC_system_ila_0_0/bd_0/ip/ip_1/synth/bd_5c78_g_inst_0.v:1672]
WARNING: [Synth 8-5396] Clock pin C has keep related attribute (keep/mark_debug/dont_touch) which could create extra logic on its net [d:/University/251/DA/wrapper/wrapper.gen/sources_1/bd/SoC/ip/SoC_system_ila_0_0/bd_0/ip/ip_1/synth/bd_5c78_g_inst_0.v:1672]
WARNING: [Synth 8-5396] Clock pin CLK has keep related attribute (keep/mark_debug/dont_touch) which could create extra logic on its net [d:/University/251/DA/wrapper/wrapper.gen/sources_1/bd/SoC/ip/SoC_system_ila_0_0/bd_0/ip/ip_1/synth/bd_5c78_g_inst_0.v:1672]
WARNING: [Synth 8-5396] Clock pin C has keep related attribute (keep/mark_debug/dont_touch) which could create extra logic on its net [d:/University/251/DA/wrapper/wrapper.gen/sources_1/bd/SoC/ip/SoC_system_ila_0_0/bd_0/ip/ip_1/synth/bd_5c78_g_inst_0.v:1672]
WARNING: [Synth 8-5396] Clock pin CLK has keep related attribute (keep/mark_debug/dont_touch) which could create extra logic on its net [d:/University/251/DA/wrapper/wrapper.gen/sources_1/bd/SoC/ip/SoC_system_ila_0_0/bd_0/ip/ip_1/synth/bd_5c78_g_inst_0.v:1672]
WARNING: [Synth 8-5396] Clock pin C has keep related attribute (keep/mark_debug/dont_touch) which could create extra logic on its net [d:/University/251/DA/wrapper/wrapper.gen/sources_1/bd/SoC/ip/SoC_system_ila_0_0/bd_0/ip/ip_1/synth/bd_5c78_g_inst_0.v:1672]
WARNING: [Synth 8-5396] Clock pin CLK has keep related attribute (keep/mark_debug/dont_touch) which could create extra logic on its net [d:/University/251/DA/wrapper/wrapper.gen/sources_1/bd/SoC/ip/SoC_system_ila_0_0/bd_0/ip/ip_1/synth/bd_5c78_g_inst_0.v:1672]
WARNING: [Synth 8-5396] Clock pin C has keep related attribute (keep/mark_debug/dont_touch) which could create extra logic on its net [d:/University/251/DA/wrapper/wrapper.gen/sources_1/bd/SoC/ip/SoC_system_ila_0_0/bd_0/ip/ip_1/synth/bd_5c78_g_inst_0.v:1672]
WARNING: [Synth 8-5396] Clock pin CLK has keep related attribute (keep/mark_debug/dont_touch) which could create extra logic on its net [d:/University/251/DA/wrapper/wrapper.gen/sources_1/bd/SoC/ip/SoC_system_ila_0_0/bd_0/ip/ip_1/synth/bd_5c78_g_inst_0.v:1672]
WARNING: [Synth 8-5396] Clock pin C has keep related attribute (keep/mark_debug/dont_touch) which could create extra logic on its net [d:/University/251/DA/wrapper/wrapper.gen/sources_1/bd/SoC/ip/SoC_system_ila_0_0/bd_0/ip/ip_1/synth/bd_5c78_g_inst_0.v:1672]
WARNING: [Synth 8-5396] Clock pin CLK has keep related attribute (keep/mark_debug/dont_touch) which could create extra logic on its net [d:/University/251/DA/wrapper/wrapper.gen/sources_1/bd/SoC/ip/SoC_system_ila_0_0/bd_0/ip/ip_1/synth/bd_5c78_g_inst_0.v:1672]
WARNING: [Synth 8-5396] Clock pin C has keep related attribute (keep/mark_debug/dont_touch) which could create extra logic on its net [d:/University/251/DA/wrapper/wrapper.gen/sources_1/bd/SoC/ip/SoC_system_ila_0_0/bd_0/ip/ip_1/synth/bd_5c78_g_inst_0.v:1672]
WARNING: [Synth 8-5396] Clock pin CLK has keep related attribute (keep/mark_debug/dont_touch) which could create extra logic on its net [d:/University/251/DA/wrapper/wrapper.gen/sources_1/bd/SoC/ip/SoC_system_ila_0_0/bd_0/ip/ip_1/synth/bd_5c78_g_inst_0.v:1672]
WARNING: [Synth 8-5396] Clock pin C has keep related attribute (keep/mark_debug/dont_touch) which could create extra logic on its net [d:/University/251/DA/wrapper/wrapper.gen/sources_1/bd/SoC/ip/SoC_system_ila_0_0/bd_0/ip/ip_1/synth/bd_5c78_g_inst_0.v:1672]
WARNING: [Synth 8-5396] Clock pin CLK has keep related attribute (keep/mark_debug/dont_touch) which could create extra logic on its net [d:/University/251/DA/wrapper/wrapper.gen/sources_1/bd/SoC/ip/SoC_system_ila_0_0/bd_0/ip/ip_1/synth/bd_5c78_g_inst_0.v:1672]
WARNING: [Synth 8-5396] Clock pin C has keep related attribute (keep/mark_debug/dont_touch) which could create extra logic on its net [d:/University/251/DA/wrapper/wrapper.gen/sources_1/bd/SoC/ip/SoC_system_ila_0_0/bd_0/ip/ip_1/synth/bd_5c78_g_inst_0.v:1672]
INFO: [Common 17-14] Message 'Synth 8-5396' appears 100 times and further instances of the messages will be disabled. Use the Tcl command set_msg_config to change the current settings.
---------------------------------------------------------------------------------
Finished IO Insertion : Time (s): cpu = 00:03:33 ; elapsed = 00:04:31 . Memory (MB): peak = 4647.562 ; gain = 3133.750
---------------------------------------------------------------------------------
---------------------------------------------------------------------------------
Start Renaming Generated Instances
---------------------------------------------------------------------------------
---------------------------------------------------------------------------------
Finished Renaming Generated Instances : Time (s): cpu = 00:03:34 ; elapsed = 00:04:31 . Memory (MB): peak = 4647.562 ; gain = 3133.750
---------------------------------------------------------------------------------
---------------------------------------------------------------------------------
Start Rebuilding User Hierarchy
---------------------------------------------------------------------------------
---------------------------------------------------------------------------------
Finished Rebuilding User Hierarchy : Time (s): cpu = 00:03:38 ; elapsed = 00:04:36 . Memory (MB): peak = 4647.562 ; gain = 3133.750
---------------------------------------------------------------------------------
---------------------------------------------------------------------------------
Start Renaming Generated Ports
---------------------------------------------------------------------------------
---------------------------------------------------------------------------------
Finished Renaming Generated Ports : Time (s): cpu = 00:03:38 ; elapsed = 00:04:36 . Memory (MB): peak = 4647.562 ; gain = 3133.750
---------------------------------------------------------------------------------
---------------------------------------------------------------------------------
Start Handling Custom Attributes
---------------------------------------------------------------------------------
---------------------------------------------------------------------------------
Finished Handling Custom Attributes : Time (s): cpu = 00:03:40 ; elapsed = 00:04:38 . Memory (MB): peak = 4647.562 ; gain = 3133.750
---------------------------------------------------------------------------------
---------------------------------------------------------------------------------
Start Renaming Generated Nets
---------------------------------------------------------------------------------
---------------------------------------------------------------------------------
Finished Renaming Generated Nets : Time (s): cpu = 00:03:40 ; elapsed = 00:04:38 . Memory (MB): peak = 4647.562 ; gain = 3133.750
---------------------------------------------------------------------------------
---------------------------------------------------------------------------------
Start Writing Synthesis Report
---------------------------------------------------------------------------------

Report BlackBoxes: 
+-+--------------+----------+
| |BlackBox name |Instances |
+-+--------------+----------+
+-+--------------+----------+

Report Cell Usage: 
+------+----------+------+
|      |Cell      |Count |
+------+----------+------+
|1     |BUFG      |     3|
|2     |BUFG_PS   |     2|
|3     |CARRY4    |    55|
|4     |CARRY8    |   127|
|5     |CFGLUT5   |   154|
|6     |LUT1      |   808|
|7     |LUT2      |  2715|
|8     |LUT3      |  3921|
|9     |LUT4      |  4925|
|10    |LUT5      |  4358|
|11    |LUT6      | 17886|
|12    |MUXF7     |  1645|
|13    |MUXF8     |   716|
|14    |PS8       |     1|
|15    |RAM16X1S  |   816|
|16    |RAM256X1S |     8|
|17    |RAM32M    |    12|
|18    |RAM32M16  |    28|
|19    |RAM32X1D  |     4|
|20    |RAM64M8   |     3|
|21    |RAM64X1D  |     3|
|22    |RAMB18E2  |    25|
|31    |RAMB36E2  |    58|
|40    |SRL16     |     1|
|41    |SRL16E    |   139|
|42    |SRLC16E   |     2|
|43    |SRLC32E   |    87|
|44    |FDCE      |   138|
|45    |FDPE      |    66|
|46    |FDR       |     4|
|47    |FDRE      | 16058|
|48    |FDSE      |   190|
|49    |LD        |   258|
+------+----------+------+
---------------------------------------------------------------------------------
Finished Writing Synthesis Report : Time (s): cpu = 00:03:40 ; elapsed = 00:04:38 . Memory (MB): peak = 4647.562 ; gain = 3133.750
---------------------------------------------------------------------------------
Synthesis finished with 0 errors, 0 critical warnings and 3032 warnings.
Synthesis Optimization Runtime : Time (s): cpu = 00:02:53 ; elapsed = 00:04:30 . Memory (MB): peak = 4647.562 ; gain = 3133.750
Synthesis Optimization Complete : Time (s): cpu = 00:03:40 ; elapsed = 00:04:45 . Memory (MB): peak = 4647.562 ; gain = 3133.750
INFO: [Project 1-571] Translating synthesized netlist
Netlist sorting complete. Time (s): cpu = 00:00:00 ; elapsed = 00:00:00.530 . Memory (MB): peak = 4647.562 ; gain = 0.000
INFO: [Netlist 29-17] Analyzing 3837 Unisim elements for replacement
INFO: [Netlist 29-28] Unisim Transformation completed in 0 CPU seconds
INFO: [Project 1-570] Preparing netlist for logic optimization
INFO: [Chipscope 16-324] Core: SoC_i/system_ila_0/inst/ila_lib UUID: 22a49896-e084-556e-b272-7b49a8f167cf 
INFO: [Opt 31-138] Pushed 0 inverter(s) to 0 load pin(s).
INFO: [Opt 31-422] The CLOCK_DOMAINS attribute on the BRAM cell SoC_i/axi_wrapper_0/inst/DUT/DUT/DECAP_MODULE/DECRYPT/DECODE/RS_DECOD/COMPUTE_SYNDROMES/alpha_rom_reg_0 has been changed from INDEPENDENT to COMMON to match the clocking topology used for the BRAM.
INFO: [Opt 31-422] The CLOCK_DOMAINS attribute on the BRAM cell SoC_i/axi_wrapper_0/inst/DUT/DUT/DECAP_MODULE/DECRYPT/DECODE/RS_DECOD/COMPUTE_SYNDROMES/alpha_rom_reg_1 has been changed from INDEPENDENT to COMMON to match the clocking topology used for the BRAM.
INFO: [Opt 31-422] The CLOCK_DOMAINS attribute on the BRAM cell SoC_i/axi_wrapper_0/inst/DUT/DUT/DECAP_MODULE/DECRYPT/DECODE/RS_DECOD/COMPUTE_SYNDROMES/alpha_rom_reg_2 has been changed from INDEPENDENT to COMMON to match the clocking topology used for the BRAM.
INFO: [Opt 31-422] The CLOCK_DOMAINS attribute on the BRAM cell SoC_i/axi_wrapper_0/inst/DUT/DUT/DECAP_MODULE/ENCAP_FOR_RENCRYPT/D_MEM/mem_reg has been changed from INDEPENDENT to COMMON to match the clocking topology used for the BRAM.
INFO: [Opt 31-422] The CLOCK_DOMAINS attribute on the BRAM cell SoC_i/axi_wrapper_0/inst/DUT/DUT/DECAP_MODULE/ENCAP_FOR_RENCRYPT/ENCRYPT/ENCODE/REED_MULLER_ENCODE/CODEWORD/mem_reg_0 has been changed from INDEPENDENT to COMMON to match the clocking topology used for the BRAM.
INFO: [Opt 31-422] The CLOCK_DOMAINS attribute on the BRAM cell SoC_i/axi_wrapper_0/inst/DUT/DUT/DECAP_MODULE/ENCAP_FOR_RENCRYPT/ENCRYPT/ENCODE/REED_MULLER_ENCODE/CODEWORD/mem_reg_1 has been changed from INDEPENDENT to COMMON to match the clocking topology used for the BRAM.
INFO: [Opt 31-422] The CLOCK_DOMAINS attribute on the BRAM cell SoC_i/axi_wrapper_0/inst/DUT/DUT/DECAP_MODULE/ENCAP_FOR_RENCRYPT/ENCRYPT/FIXEDWEIGHT/mem_single_seed/mem_reg has been changed from INDEPENDENT to COMMON to match the clocking topology used for the BRAM.
INFO: [Opt 31-422] The CLOCK_DOMAINS attribute on the BRAM cell SoC_i/axi_wrapper_0/inst/DUT/DUT/DECAP_MODULE/ENCAP_FOR_RENCRYPT/ENCRYPT/u_mem/mem_reg_0 has been changed from INDEPENDENT to COMMON to match the clocking topology used for the BRAM.
INFO: [Opt 31-422] The CLOCK_DOMAINS attribute on the BRAM cell SoC_i/axi_wrapper_0/inst/DUT/DUT/DECAP_MODULE/ENCAP_FOR_RENCRYPT/ENCRYPT/u_mem/mem_reg_1 has been changed from INDEPENDENT to COMMON to match the clocking topology used for the BRAM.
INFO: [Opt 31-422] The CLOCK_DOMAINS attribute on the BRAM cell SoC_i/axi_wrapper_0/inst/DUT/DUT/DECAP_MODULE/ENCAP_FOR_RENCRYPT/MSG_MEM/mem_reg has been changed from INDEPENDENT to COMMON to match the clocking topology used for the BRAM.
INFO: [Opt 31-422] The CLOCK_DOMAINS attribute on the BRAM cell SoC_i/axi_wrapper_0/inst/DUT/DUT/ENCAP_MODULE/D_MEM/mem_reg has been changed from INDEPENDENT to COMMON to match the clocking topology used for the BRAM.
INFO: [Opt 31-422] The CLOCK_DOMAINS attribute on the BRAM cell SoC_i/axi_wrapper_0/inst/DUT/DUT/ENCAP_MODULE/ENCRYPT/ENCODE/REED_MULLER_ENCODE/CODEWORD/mem_reg_0 has been changed from INDEPENDENT to COMMON to match the clocking topology used for the BRAM.
INFO: [Opt 31-422] The CLOCK_DOMAINS attribute on the BRAM cell SoC_i/axi_wrapper_0/inst/DUT/DUT/ENCAP_MODULE/ENCRYPT/ENCODE/REED_MULLER_ENCODE/CODEWORD/mem_reg_1 has been changed from INDEPENDENT to COMMON to match the clocking topology used for the BRAM.
INFO: [Opt 31-422] The CLOCK_DOMAINS attribute on the BRAM cell SoC_i/axi_wrapper_0/inst/DUT/DUT/ENCAP_MODULE/ENCRYPT/FIXEDWEIGHT/mem_single_seed/mem_reg has been changed from INDEPENDENT to COMMON to match the clocking topology used for the BRAM.
INFO: [Opt 31-422] The CLOCK_DOMAINS attribute on the BRAM cell SoC_i/axi_wrapper_0/inst/DUT/DUT/ENCAP_MODULE/ENCRYPT/u_mem/mem_reg_0 has been changed from INDEPENDENT to COMMON to match the clocking topology used for the BRAM.
INFO: [Opt 31-422] The CLOCK_DOMAINS attribute on the BRAM cell SoC_i/axi_wrapper_0/inst/DUT/DUT/ENCAP_MODULE/ENCRYPT/u_mem/mem_reg_1 has been changed from INDEPENDENT to COMMON to match the clocking topology used for the BRAM.
INFO: [Opt 31-422] The CLOCK_DOMAINS attribute on the BRAM cell SoC_i/axi_wrapper_0/inst/DUT/DUT/ENCAP_MODULE/MSG_MEM/mem_reg has been changed from INDEPENDENT to COMMON to match the clocking topology used for the BRAM.
INFO: [Opt 31-422] The CLOCK_DOMAINS attribute on the BRAM cell SoC_i/axi_wrapper_0/inst/DUT/DUT/KEYGEN_MODULE/FIXEDWEIGHT/mem_single_seed/mem_reg has been changed from INDEPENDENT to COMMON to match the clocking topology used for the BRAM.
INFO: [Opt 31-422] The CLOCK_DOMAINS attribute on the BRAM cell SoC_i/axi_wrapper_0/inst/DUT/DUT/KEYGEN_MODULE/VECTSETRAND/mem_pk_seed/mem_reg has been changed from INDEPENDENT to COMMON to match the clocking topology used for the BRAM.
Netlist sorting complete. Time (s): cpu = 00:00:00 ; elapsed = 00:00:00.011 . Memory (MB): peak = 4659.332 ; gain = 0.000
INFO: [Project 1-111] Unisim Transformation Summary:
  A total of 1324 instances were transformed.
  (CARRY4) => CARRY8: 30 instances
  BUFG => BUFGCE: 3 instances
  CFGLUT5 => CFGLUT5 (SRL16E, SRLC32E): 132 instances
  CFGLUT5 => SRLC32E: 22 instances
  FDR => FDRE: 4 instances
  LD => LDCE: 258 instances
  RAM16X1S => RAM32X1S (RAMS32): 816 instances
  RAM256X1S => RAM256X1S (MUXF7(x2), MUXF8, RAMS64E(x4)): 8 instances
  RAM32M => RAM32M (RAMD32(x6), RAMS32(x2)): 12 instances
  RAM32M16 => RAM32M16 (RAMD32(x14), RAMS32(x2)): 28 instances
  RAM32X1D => RAM32X1D (RAMD32(x2)): 4 instances
  RAM64M8 => RAM64M8 (RAMD64E(x8)): 3 instances
  RAM64X1D => RAM64X1D (RAMD64E(x2)): 3 instances
  SRL16 => SRL16E: 1 instance 

Synth Design complete, checksum: ea967891
INFO: [Common 17-83] Releasing license: Synthesis
1078 Infos, 1032 Warnings, 12 Critical Warnings and 0 Errors encountered.
synth_design completed successfully
synth_design: Time (s): cpu = 00:03:54 ; elapsed = 00:05:04 . Memory (MB): peak = 4659.332 ; gain = 4152.355
INFO: [runtcl-6] Synthesis results are not added to the cache due to CRITICAL_WARNING
INFO: [Common 17-1381] The checkpoint 'D:/University/251/DA/wrapper/wrapper.runs/synth_1/SoC_wrapper.dcp' has been generated.
write_checkpoint: Time (s): cpu = 00:00:11 ; elapsed = 00:00:10 . Memory (MB): peak = 4659.332 ; gain = 0.000
INFO: [runtcl-4] Executing : report_utilization -file SoC_wrapper_utilization_synth.rpt -pb SoC_wrapper_utilization_synth.pb
INFO: [Common 17-206] Exiting Vivado at Wed Mar 25 18:36:15 2026...
