#-----------------------------------------------------------
# Vivado v2022.2 (64-bit)
# SW Build 3671981 on Fri Oct 14 05:00:03 MDT 2022
# IP Build 3669848 on Fri Oct 14 08:30:02 MDT 2022
# Start of session at: Tue Mar  3 07:54:50 2026
# Process ID: 7600
# Current directory: D:/University/251/DA/wrapper
# Command line: vivado.exe -gui_launcher_event rodinguilauncherevent12920 D:\University\251\DA\wrapper\wrapper.xpr
# Log file: D:/University/251/DA/wrapper/vivado.log
# Journal file: D:/University/251/DA/wrapper\vivado.jou
# Running On: MSI, OS: Windows, CPU Frequency: 2688 MHz, CPU Physical cores: 10, Host memory: 8276 MB
#-----------------------------------------------------------
start_gui
open_project D:/University/251/DA/wrapper/wrapper.xpr
WARNING: [Board 49-26] cannot add Board Part xilinx.com:kc705:part0:1.6 available at D:/Apps/Xilinx/Vivado/2022.2/data/xhub/boards/XilinxBoardStore/boards/Xilinx/kc705/1.6/board.xml as part xc7k325tffg900-2 specified in board_part file is either invalid or not available
WARNING: [Board 49-26] cannot add Board Part xilinx.com:kcu105:part0:1.6 available at D:/Apps/Xilinx/Vivado/2022.2/data/xhub/boards/XilinxBoardStore/boards/Xilinx/kcu105/1.6/board.xml as part xcku040-ffva1156-2-e specified in board_part file is either invalid or not available
WARNING: [Board 49-26] cannot add Board Part xilinx.com:kcu105:part0:1.7 available at D:/Apps/Xilinx/Vivado/2022.2/data/xhub/boards/XilinxBoardStore/boards/Xilinx/kcu105/1.7/board.xml as part xcku040-ffva1156-2-e specified in board_part file is either invalid or not available
WARNING: [Board 49-26] cannot add Board Part xilinx.com:kcu1500:part0:1.2 available at D:/Apps/Xilinx/Vivado/2022.2/data/xhub/boards/XilinxBoardStore/boards/Xilinx/kcu1500/1.2/board.xml as part xcku115-flvb2104-2-e specified in board_part file is either invalid or not available
WARNING: [Board 49-26] cannot add Board Part xilinx.com:vc707:part0:1.4 available at D:/Apps/Xilinx/Vivado/2022.2/data/xhub/boards/XilinxBoardStore/boards/Xilinx/vc707/1.4/board.xml as part xc7vx485tffg1761-2 specified in board_part file is either invalid or not available
WARNING: [Board 49-26] cannot add Board Part xilinx.com:vc709:part0:1.8 available at D:/Apps/Xilinx/Vivado/2022.2/data/xhub/boards/XilinxBoardStore/boards/Xilinx/vc709/1.8/board.xml as part xc7vx690tffg1761-2 specified in board_part file is either invalid or not available
WARNING: [Board 49-26] cannot add Board Part xilinx.com:vck190:part0:2.2 available at D:/Apps/Xilinx/Vivado/2022.2/data/xhub/boards/XilinxBoardStore/boards/Xilinx/vck190/production/2.2/board.xml as part xcvc1902-vsva2197-2mp-e-s specified in board_part file is either invalid or not available
WARNING: [Board 49-26] cannot add Board Part xilinx.com:vck190:part0:3.0 available at D:/Apps/Xilinx/Vivado/2022.2/data/xhub/boards/XilinxBoardStore/boards/Xilinx/vck190/production/3.0/board.xml as part xcvc1902-vsva2197-2mp-e-s specified in board_part file is either invalid or not available
WARNING: [Board 49-26] cannot add Board Part xilinx.com:vck190:part0:3.1 available at D:/Apps/Xilinx/Vivado/2022.2/data/xhub/boards/XilinxBoardStore/boards/Xilinx/vck190/production/3.1/board.xml as part xcvc1902-vsva2197-2mp-e-s specified in board_part file is either invalid or not available
WARNING: [Board 49-26] cannot add Board Part xilinx.com:vck190_newl:part0:1.0 available at D:/Apps/Xilinx/Vivado/2022.2/data/xhub/boards/XilinxBoardStore/boards/Xilinx/vck190_newl/production/1.0/board.xml as part xcvc1902-vsva2197-2mp-e-s specified in board_part file is either invalid or not available
WARNING: [Board 49-26] cannot add Board Part xilinx.com:vcu108:part0:1.6 available at D:/Apps/Xilinx/Vivado/2022.2/data/xhub/boards/XilinxBoardStore/boards/Xilinx/vcu108/1.6/board.xml as part xcvu095-ffva2104-2-e specified in board_part file is either invalid or not available
WARNING: [Board 49-26] cannot add Board Part xilinx.com:vcu108:part0:1.7 available at D:/Apps/Xilinx/Vivado/2022.2/data/xhub/boards/XilinxBoardStore/boards/Xilinx/vcu108/1.7/board.xml as part xcvu095-ffva2104-2-e specified in board_part file is either invalid or not available
WARNING: [Board 49-26] cannot add Board Part xilinx.com:vcu110:part0:1.4 available at D:/Apps/Xilinx/Vivado/2022.2/data/xhub/boards/XilinxBoardStore/boards/Xilinx/vcu110/1.4/board.xml as part xcvu190-flgc2104-2-e specified in board_part file is either invalid or not available
WARNING: [Board 49-26] cannot add Board Part xilinx.com:vcu118:part0:2.0 available at D:/Apps/Xilinx/Vivado/2022.2/data/xhub/boards/XilinxBoardStore/boards/Xilinx/vcu118/2.0/board.xml as part xcvu9p-flga2104-2l-e specified in board_part file is either invalid or not available
WARNING: [Board 49-26] cannot add Board Part xilinx.com:vcu118:part0:2.3 available at D:/Apps/Xilinx/Vivado/2022.2/data/xhub/boards/XilinxBoardStore/boards/Xilinx/vcu118/2.3/board.xml as part xcvu9p-flga2104-2l-e specified in board_part file is either invalid or not available
WARNING: [Board 49-26] cannot add Board Part xilinx.com:vcu118:part0:2.4 available at D:/Apps/Xilinx/Vivado/2022.2/data/xhub/boards/XilinxBoardStore/boards/Xilinx/vcu118/2.4/board.xml as part xcvu9p-flga2104-2l-e specified in board_part file is either invalid or not available
WARNING: [Board 49-26] cannot add Board Part xilinx.com:vcu128:part0:1.0 available at D:/Apps/Xilinx/Vivado/2022.2/data/xhub/boards/XilinxBoardStore/boards/Xilinx/vcu128/production/1.0/board.xml as part xcvu37p-fsvh2892-2l-e specified in board_part file is either invalid or not available
WARNING: [Board 49-26] cannot add Board Part xilinx.com:vcu129:part0:1.0 available at D:/Apps/Xilinx/Vivado/2022.2/data/xhub/boards/XilinxBoardStore/boards/Xilinx/vcu129/production/1.0/board.xml as part xcvu29p-fsga2577-2l-e specified in board_part file is either invalid or not available
WARNING: [Board 49-26] cannot add Board Part xilinx.com:vcu1525:part0:1.3 available at D:/Apps/Xilinx/Vivado/2022.2/data/xhub/boards/XilinxBoardStore/boards/Xilinx/vcu1525/1.3/board.xml as part xcvu9p-fsgd2104-2l-e specified in board_part file is either invalid or not available
WARNING: [Board 49-26] cannot add Board Part xilinx.com:vek280_es:part0:1.0 available at D:/Apps/Xilinx/Vivado/2022.2/data/xhub/boards/XilinxBoardStore/boards/Xilinx/vek280/es/1.0/board.xml as part xcve2802-vsvh1760-2lp-e-s-es1 specified in board_part file is either invalid or not available
WARNING: [Board 49-26] cannot add Board Part xilinx.com:vermeo_t1_mpsoc:part0:1.0 available at D:/Apps/Xilinx/Vivado/2022.2/data/xhub/boards/XilinxBoardStore/boards/Xilinx/vermeo_t1_mpsoc/1.0/board.xml as part xczu19eg-ffvd1760-2l-e specified in board_part file is either invalid or not available
WARNING: [Board 49-26] cannot add Board Part xilinx.com:vermeo_t1_rfsoc:part0:1.0 available at D:/Apps/Xilinx/Vivado/2022.2/data/xhub/boards/XilinxBoardStore/boards/Xilinx/vermeo_t1_rfsoc/1.0/board.xml as part xczu21dr-ffvd1156-2l-e specified in board_part file is either invalid or not available
WARNING: [Board 49-26] cannot add Board Part xilinx.com:vhk158_es:part0:1.0 available at D:/Apps/Xilinx/Vivado/2022.2/data/xhub/boards/XilinxBoardStore/boards/Xilinx/vhk158/es/1.0/board.xml as part xcvh1582-vsva3697-2mp-e-s-es1 specified in board_part file is either invalid or not available
WARNING: [Board 49-26] cannot add Board Part xilinx.com:vmk180:part0:2.2 available at D:/Apps/Xilinx/Vivado/2022.2/data/xhub/boards/XilinxBoardStore/boards/Xilinx/vmk180/production/2.2/board.xml as part xcvm1802-vsva2197-2mp-e-s specified in board_part file is either invalid or not available
WARNING: [Board 49-26] cannot add Board Part xilinx.com:vmk180:part0:3.0 available at D:/Apps/Xilinx/Vivado/2022.2/data/xhub/boards/XilinxBoardStore/boards/Xilinx/vmk180/production/3.0/board.xml as part xcvm1802-vsva2197-2mp-e-s specified in board_part file is either invalid or not available
WARNING: [Board 49-26] cannot add Board Part xilinx.com:vmk180:part0:3.1 available at D:/Apps/Xilinx/Vivado/2022.2/data/xhub/boards/XilinxBoardStore/boards/Xilinx/vmk180/production/3.1/board.xml as part xcvm1802-vsva2197-2mp-e-s specified in board_part file is either invalid or not available
WARNING: [Board 49-26] cannot add Board Part xilinx.com:vmk180_newl:part0:1.0 available at D:/Apps/Xilinx/Vivado/2022.2/data/xhub/boards/XilinxBoardStore/boards/Xilinx/vmk180_newl/production/1.0/board.xml as part xcvm1802-vsva2197-2mp-e-s specified in board_part file is either invalid or not available
WARNING: [Board 49-26] cannot add Board Part xilinx.com:vpk120:part0:1.0 available at D:/Apps/Xilinx/Vivado/2022.2/data/xhub/boards/XilinxBoardStore/boards/Xilinx/vpk120/production/1.0/board.xml as part xcvp1202-vsva2785-2mp-e-s specified in board_part file is either invalid or not available
WARNING: [Board 49-26] cannot add Board Part xilinx.com:vpk120_es:part0:1.2 available at D:/Apps/Xilinx/Vivado/2022.2/data/xhub/boards/XilinxBoardStore/boards/Xilinx/vpk120/es/1.2/board.xml as part xcvp1202-vsva2785-2mp-e-s-es1 specified in board_part file is either invalid or not available
WARNING: [Board 49-26] cannot add Board Part xilinx.com:vpk120_es_revb:part0:1.0 available at D:/Apps/Xilinx/Vivado/2022.2/data/xhub/boards/XilinxBoardStore/boards/Xilinx/vpk120_revb/es/1.0/board.xml as part xcvp1202-vsva2785-2mp-e-s-es1 specified in board_part file is either invalid or not available
WARNING: [Board 49-26] cannot add Board Part xilinx.com:vpk180_es:part0:1.0 available at D:/Apps/Xilinx/Vivado/2022.2/data/xhub/boards/XilinxBoardStore/boards/Xilinx/vpk180/es/1.0/board.xml as part xcvp1802-lsvc4072-2mp-e-s-es1 specified in board_part file is either invalid or not available
WARNING: [Board 49-26] cannot add Board Part xilinx.com:zc706:part0:1.4 available at D:/Apps/Xilinx/Vivado/2022.2/data/xhub/boards/XilinxBoardStore/boards/Xilinx/zc706/1.4/board.xml as part xc7z045ffg900-2 specified in board_part file is either invalid or not available
WARNING: [Board 49-26] cannot add Board Part xilinx.com:zcu102:part0:3.3 available at D:/Apps/Xilinx/Vivado/2022.2/data/xhub/boards/XilinxBoardStore/boards/Xilinx/zcu102/3.3/board.xml as part xczu9eg-ffvb1156-2-e specified in board_part file is either invalid or not available
WARNING: [Board 49-26] cannot add Board Part xilinx.com:zcu102:part0:3.4 available at D:/Apps/Xilinx/Vivado/2022.2/data/xhub/boards/XilinxBoardStore/boards/Xilinx/zcu102/3.4/board.xml as part xczu9eg-ffvb1156-2-e specified in board_part file is either invalid or not available
WARNING: [Board 49-26] cannot add Board Part xilinx.com:zcu111:part0:1.2 available at D:/Apps/Xilinx/Vivado/2022.2/data/xhub/boards/XilinxBoardStore/boards/Xilinx/zcu111/1.2/board.xml as part xczu28dr-ffvg1517-2-e specified in board_part file is either invalid or not available
WARNING: [Board 49-26] cannot add Board Part xilinx.com:zcu111:part0:1.3 available at D:/Apps/Xilinx/Vivado/2022.2/data/xhub/boards/XilinxBoardStore/boards/Xilinx/zcu111/1.3/board.xml as part xczu28dr-ffvg1517-2-e specified in board_part file is either invalid or not available
WARNING: [Board 49-26] cannot add Board Part xilinx.com:zcu111:part0:1.4 available at D:/Apps/Xilinx/Vivado/2022.2/data/xhub/boards/XilinxBoardStore/boards/Xilinx/zcu111/1.4/board.xml as part xczu28dr-ffvg1517-2-e specified in board_part file is either invalid or not available
WARNING: [Board 49-26] cannot add Board Part xilinx.com:zcu1275:part0:1.0 available at D:/Apps/Xilinx/Vivado/2022.2/data/xhub/boards/XilinxBoardStore/boards/Xilinx/zcu1275/1.0/board.xml as part xczu29dr-ffvf1760-2-e specified in board_part file is either invalid or not available
WARNING: [Board 49-26] cannot add Board Part xilinx.com:zcu1285:part0:1.0 available at D:/Apps/Xilinx/Vivado/2022.2/data/xhub/boards/XilinxBoardStore/boards/Xilinx/zcu1285/1.0/board.xml as part xczu39dr-ffvf1760-2-i specified in board_part file is either invalid or not available
WARNING: [Board 49-26] cannot add Board Part xilinx.com:zcu208:part0:2.0 available at D:/Apps/Xilinx/Vivado/2022.2/data/xhub/boards/XilinxBoardStore/boards/Xilinx/zcu208/production/2.0/board.xml as part xczu48dr-fsvg1517-2-e specified in board_part file is either invalid or not available
WARNING: [Board 49-26] cannot add Board Part xilinx.com:zcu208ld:part0:2.0 available at D:/Apps/Xilinx/Vivado/2022.2/data/xhub/boards/XilinxBoardStore/boards/Xilinx/zcu208ld/production/2.0/board.xml as part xczu58dr-fsvg1517-2-i specified in board_part file is either invalid or not available
WARNING: [Board 49-26] cannot add Board Part xilinx.com:zcu216:part0:2.0 available at D:/Apps/Xilinx/Vivado/2022.2/data/xhub/boards/XilinxBoardStore/boards/Xilinx/zcu216/production/2.0/board.xml as part xczu49dr-ffvf1760-2-e specified in board_part file is either invalid or not available
WARNING: [Board 49-26] cannot add Board Part xilinx.com:zcu216ld:part0:2.0 available at D:/Apps/Xilinx/Vivado/2022.2/data/xhub/boards/XilinxBoardStore/boards/Xilinx/zcu216ld/production/2.0/board.xml as part xczu59dr-ffvf1760-2-i specified in board_part file is either invalid or not available
WARNING: [Board 49-26] cannot add Board Part xilinx.com:zcu670:part0:2.0 available at D:/Apps/Xilinx/Vivado/2022.2/data/xhub/boards/XilinxBoardStore/boards/Xilinx/zcu670/2.0/board.xml as part xczu67dr-fsve1156-2-i specified in board_part file is either invalid or not available
WARNING: [Board 49-26] cannot add Board Part xilinx.com:zcu670ld:part0:1.0 available at D:/Apps/Xilinx/Vivado/2022.2/data/xhub/boards/XilinxBoardStore/boards/Xilinx/zcu670ld/1.0/board.xml as part xczu57dr-fsve1156-2-i specified in board_part file is either invalid or not available
INFO: [filemgmt 56-3] Default IP Output Path : Could not find the directory 'D:/University/251/DA/wrapper/wrapper.gen/sources_1'.
Scanning sources...
Finished scanning sources
INFO: [IP_Flow 19-234] Refreshing IP repositories
INFO: [IP_Flow 19-1700] Loaded user IP repository 'd:/University/251/DA/wrapper'.
INFO: [IP_Flow 19-2313] Loaded Vivado IP repository 'D:/Apps/Xilinx/Vivado/2022.2/data/ip'.
open_project: Time (s): cpu = 00:00:21 ; elapsed = 00:00:11 . Memory (MB): peak = 1148.023 ; gain = 340.098
update_compile_order -fileset sources_1
open_bd_design {D:/University/251/DA/wrapper/wrapper.srcs/sources_1/bd/SoC/SoC.bd}
Reading block design file <D:/University/251/DA/wrapper/wrapper.srcs/sources_1/bd/SoC/SoC.bd>...
Successfully read diagram <SoC> from block design file <D:/University/251/DA/wrapper/wrapper.srcs/sources_1/bd/SoC/SoC.bd>
startgroup
create_bd_cell -type ip -vlnv xilinx.com:ip:zynq_ultra_ps_e:3.4 zynq_ultra_ps_e_0
endgroup
apply_bd_automation -rule xilinx.com:bd_rule:zynq_ultra_ps_e -config {apply_board_preset "1" }  [get_bd_cells zynq_ultra_ps_e_0]
startgroup
create_bd_cell -type ip -vlnv xilinx.com:user:axi_wrapper:1.0 axi_wrapper_0
endgroup
apply_bd_automation -rule xilinx.com:bd_rule:axi4 -config { Clk_master {Auto} Clk_slave {Auto} Clk_xbar {Auto} Master {/zynq_ultra_ps_e_0/M_AXI_HPM0_FPD} Slave {/axi_wrapper_0/s00_axi} ddr_seg {Auto} intc_ip {New AXI Interconnect} master_apm {0}}  [get_bd_intf_pins axi_wrapper_0/s00_axi]
INFO: [Ipptcl 7-1463] No Compatible Board Interface found. Board Tab not created in customize GUI
Slave segment '/axi_wrapper_0/s00_axi/reg0' is being assigned into address space '/zynq_ultra_ps_e_0/Data' at <0xA000_0000 [ 4K ]>.
apply_bd_automation -rule xilinx.com:bd_rule:axi4 -config { Clk_master {Auto} Clk_slave {/zynq_ultra_ps_e_0/pl_clk0 (99 MHz)} Clk_xbar {/zynq_ultra_ps_e_0/pl_clk0 (99 MHz)} Master {/zynq_ultra_ps_e_0/M_AXI_HPM1_FPD} Slave {/axi_wrapper_0/s00_axi} ddr_seg {Auto} intc_ip {/ps8_0_axi_periph} master_apm {0}}  [get_bd_intf_pins zynq_ultra_ps_e_0/M_AXI_HPM1_FPD]
regenerate_bd_layout
set_property synth_checkpoint_mode None [get_files  D:/University/251/DA/wrapper/wrapper.srcs/sources_1/bd/SoC/SoC.bd]
generate_target all [get_files  D:/University/251/DA/wrapper/wrapper.srcs/sources_1/bd/SoC/SoC.bd]
WARNING: [BD 41-237] Bus Interface property AWUSER_WIDTH does not match between /ps8_0_axi_periph/s00_couplers/auto_ds/S_AXI(0) and /zynq_ultra_ps_e_0/M_AXI_HPM0_FPD(16)
WARNING: [BD 41-237] Bus Interface property ARUSER_WIDTH does not match between /ps8_0_axi_periph/s00_couplers/auto_ds/S_AXI(0) and /zynq_ultra_ps_e_0/M_AXI_HPM0_FPD(16)
WARNING: [BD 41-237] Bus Interface property AWUSER_WIDTH does not match between /ps8_0_axi_periph/s01_couplers/auto_ds/S_AXI(0) and /zynq_ultra_ps_e_0/M_AXI_HPM1_FPD(16)
WARNING: [BD 41-237] Bus Interface property ARUSER_WIDTH does not match between /ps8_0_axi_periph/s01_couplers/auto_ds/S_AXI(0) and /zynq_ultra_ps_e_0/M_AXI_HPM1_FPD(16)
WARNING: [BD 41-927] Following properties on pin /axi_wrapper_0/s00_axi_aclk have been updated from connected ip, but BD cell '/axi_wrapper_0' does not accept parameter changes, so they may not be synchronized with cell properties:
	FREQ_HZ = 99999001 
Please resolve any mismatches by directly setting properties on BD cell </axi_wrapper_0> to completely resolve these warnings.
Wrote  : <D:\University\251\DA\wrapper\wrapper.srcs\sources_1\bd\SoC\SoC.bd> 
Wrote  : <D:/University/251/DA/wrapper/wrapper.srcs/sources_1/bd/SoC/ui/bd_53446aa7.ui> 
Verilog Output written to : d:/University/251/DA/wrapper/wrapper.gen/sources_1/bd/SoC/synth/SoC.v
Verilog Output written to : d:/University/251/DA/wrapper/wrapper.gen/sources_1/bd/SoC/sim/SoC.v
Verilog Output written to : d:/University/251/DA/wrapper/wrapper.gen/sources_1/bd/SoC/hdl/SoC_wrapper.v
INFO: [xilinx.com:ip:zynq_ultra_ps_e:3.4-0] SoC_zynq_ultra_ps_e_0_0: 
Changes in your design (including the PCW configuration settings) are not automatically exported from Vivado to Xilinx's SDK, Petalinux or Yocto.
This is by design to avoid disrupting existing embedded development efforts. To have any changes of your design taking effect in the embedded software flow please export your
design by going through Vivado's main menu, click on File, then Export finally select Export Hardware, please ensure you click on the Include BitStream option.
The auto-generated HDF file is all you need to import in Xilinx's SDK, Petalinux or Yocto for your changes to be reflected in the Embedded Software Flow.
For more information, please consult PG201, section: Exporting PCW Settings to Embedded Software Flows
INFO: [PSU-0] Address Range of DDR (0x7ff00000 to 0x7fffffff) is reserved by PMU for internal purpose.
INFO: [IP_Flow 19-5611] Unable to find an associated reset port for the interface 'M_AXI_HPM0_FPD'. A default connection has been created.
INFO: [IP_Flow 19-5611] Unable to find an associated reset port for the interface 'M_AXI_HPM1_FPD'. A default connection has been created.
INFO: [BD 41-1029] Generation completed for the IP Integrator block zynq_ultra_ps_e_0 .
INFO: [BD 41-1029] Generation completed for the IP Integrator block axi_wrapper_0 .
INFO: [BD 41-1029] Generation completed for the IP Integrator block ps8_0_axi_periph/xbar .
INFO: [IP_Flow 19-5611] Unable to find an associated reset port for the interface 'S_AXI'. A default connection has been created.
INFO: [IP_Flow 19-5611] Unable to find an associated reset port for the interface 'M_AXI'. A default connection has been created.
INFO: [BD 41-1029] Generation completed for the IP Integrator block ps8_0_axi_periph/s00_couplers/auto_ds .
INFO: [BD 41-1029] Generation completed for the IP Integrator block ps8_0_axi_periph/s00_couplers/auto_pc .
INFO: [IP_Flow 19-5611] Unable to find an associated reset port for the interface 'S_AXI'. A default connection has been created.
INFO: [IP_Flow 19-5611] Unable to find an associated reset port for the interface 'M_AXI'. A default connection has been created.
INFO: [BD 41-1029] Generation completed for the IP Integrator block ps8_0_axi_periph/s01_couplers/auto_ds .
INFO: [BD 41-1029] Generation completed for the IP Integrator block ps8_0_axi_periph/s01_couplers/auto_pc .
INFO: [BD 41-1029] Generation completed for the IP Integrator block rst_ps8_0_99M .
Exporting to file d:/University/251/DA/wrapper/wrapper.gen/sources_1/bd/SoC/hw_handoff/SoC.hwh
Generated Hardware Definition File d:/University/251/DA/wrapper/wrapper.gen/sources_1/bd/SoC/synth/SoC.hwdef
generate_target: Time (s): cpu = 00:00:29 ; elapsed = 00:00:37 . Memory (MB): peak = 2033.184 ; gain = 328.180
export_ip_user_files -of_objects [get_files D:/University/251/DA/wrapper/wrapper.srcs/sources_1/bd/SoC/SoC.bd] -no_script -sync -force -quiet
export_simulation -of_objects [get_files D:/University/251/DA/wrapper/wrapper.srcs/sources_1/bd/SoC/SoC.bd] -directory D:/University/251/DA/wrapper/wrapper.ip_user_files/sim_scripts -ip_user_files_dir D:/University/251/DA/wrapper/wrapper.ip_user_files -ipstatic_source_dir D:/University/251/DA/wrapper/wrapper.ip_user_files/ipstatic -lib_map_path [list {modelsim=D:/University/251/DA/wrapper/wrapper.cache/compile_simlib/modelsim} {questa=D:/University/251/DA/wrapper/wrapper.cache/compile_simlib/questa} {riviera=D:/University/251/DA/wrapper/wrapper.cache/compile_simlib/riviera} {activehdl=D:/University/251/DA/wrapper/wrapper.cache/compile_simlib/activehdl}] -use_ip_compiled_libs -force -quiet
make_wrapper -files [get_files D:/University/251/DA/wrapper/wrapper.srcs/sources_1/bd/SoC/SoC.bd] -top
add_files -norecurse d:/University/251/DA/wrapper/wrapper.gen/sources_1/bd/SoC/hdl/SoC_wrapper.v
update_compile_order -fileset sources_1
set_property top SoC_wrapper [current_fileset]
update_compile_order -fileset sources_1
reset_run synth_1
INFO: [Project 1-1161] Replacing file D:/University/251/DA/wrapper/wrapper.srcs/utils_1/imports/synth_1/HQC_wrapper.dcp with file D:/University/251/DA/wrapper/wrapper.runs/synth_1/HQC_wrapper.dcp
launch_runs impl_1 -to_step write_bitstream -jobs 8
[Tue Mar  3 08:08:30 2026] Launched synth_1...
Run output will be captured here: D:/University/251/DA/wrapper/wrapper.runs/synth_1/runme.log
[Tue Mar  3 08:08:30 2026] Launched impl_1...
Run output will be captured here: D:/University/251/DA/wrapper/wrapper.runs/impl_1/runme.log
synth_design -rtl -rtl_skip_mlo -name rtl_1
Command: synth_design -rtl -rtl_skip_mlo -name rtl_1
Starting synth_design
Using part: xck26-sfvc784-2LV-c
Top: SoC_wrapper
INFO: [Device 21-403] Loading part xck26-sfvc784-2LV-c
INFO: [Synth 8-11241] undeclared symbol 'REGCCE', assumed default net type 'wire' [D:/Apps/Xilinx/Vivado/2022.2/data/verilog/src/unimacro/BRAM_SINGLE_MACRO.v:2170]
INFO: [Synth 8-11241] undeclared symbol 'dp_audi_ref_clk', assumed default net type 'wire' [d:/University/251/DA/wrapper/wrapper.gen/sources_1/bd/SoC/ip/SoC_zynq_ultra_ps_e_0_0/hdl/zynq_ultra_ps_e_v3_4_1.v:2470]
INFO: [Synth 8-11241] undeclared symbol 'start_decrypt', assumed default net type 'wire' [d:/University/251/DA/wrapper/wrapper.gen/sources_1/bd/SoC/ipshared/1e43/src/decap.v:358]
INFO: [Synth 8-11241] undeclared symbol 'done_decrypt', assumed default net type 'wire' [d:/University/251/DA/wrapper/wrapper.gen/sources_1/bd/SoC/ipshared/1e43/src/decap.v:360]
INFO: [Synth 8-11241] undeclared symbol 'start_encap', assumed default net type 'wire' [d:/University/251/DA/wrapper/wrapper.gen/sources_1/bd/SoC/ipshared/1e43/src/decap.v:507]
INFO: [Synth 8-11241] undeclared symbol 'done_encrypt', assumed default net type 'wire' [d:/University/251/DA/wrapper/wrapper.gen/sources_1/bd/SoC/ipshared/1e43/src/decap.v:538]
WARNING: [Synth 8-8895] 'start_decrypt' is already implicitly declared on line 358 [d:/University/251/DA/wrapper/wrapper.gen/sources_1/bd/SoC/ipshared/1e43/src/decap.v:864]
WARNING: [Synth 8-8895] 'done_decrypt' is already implicitly declared on line 360 [d:/University/251/DA/wrapper/wrapper.gen/sources_1/bd/SoC/ipshared/1e43/src/decap.v:865]
WARNING: [Synth 8-8895] 'start_encap' is already implicitly declared on line 507 [d:/University/251/DA/wrapper/wrapper.gen/sources_1/bd/SoC/ipshared/1e43/src/decap.v:866]
WARNING: [Synth 8-8895] 'done_encrypt' is already implicitly declared on line 538 [d:/University/251/DA/wrapper/wrapper.gen/sources_1/bd/SoC/ipshared/1e43/src/decap.v:867]
WARNING: [Synth 8-6901] identifier 'dec_uv' is used before its declaration [d:/University/251/DA/wrapper/wrapper.gen/sources_1/bd/SoC/ipshared/1e43/src/decap.v:334]
WARNING: [Synth 8-6901] identifier 'uv_addr_0_dec' is used before its declaration [d:/University/251/DA/wrapper/wrapper.gen/sources_1/bd/SoC/ipshared/1e43/src/decap.v:334]
WARNING: [Synth 8-6901] identifier 'copy_uv' is used before its declaration [d:/University/251/DA/wrapper/wrapper.gen/sources_1/bd/SoC/ipshared/1e43/src/decap.v:334]
WARNING: [Synth 8-6901] identifier 'uv_addr_1_dec' is used before its declaration [d:/University/251/DA/wrapper/wrapper.gen/sources_1/bd/SoC/ipshared/1e43/src/decap.v:335]
WARNING: [Synth 8-6901] identifier 'dec_uv' is used before its declaration [d:/University/251/DA/wrapper/wrapper.gen/sources_1/bd/SoC/ipshared/1e43/src/decap.v:337]
WARNING: [Synth 8-6901] identifier 'uv_addr_0_dec' is used before its declaration [d:/University/251/DA/wrapper/wrapper.gen/sources_1/bd/SoC/ipshared/1e43/src/decap.v:337]
WARNING: [Synth 8-6901] identifier 'copy_uv' is used before its declaration [d:/University/251/DA/wrapper/wrapper.gen/sources_1/bd/SoC/ipshared/1e43/src/decap.v:337]
WARNING: [Synth 8-6901] identifier 'uv_addr_1_dec' is used before its declaration [d:/University/251/DA/wrapper/wrapper.gen/sources_1/bd/SoC/ipshared/1e43/src/decap.v:338]
WARNING: [Synth 8-6901] identifier 'verify_u_reg' is used before its declaration [d:/University/251/DA/wrapper/wrapper.gen/sources_1/bd/SoC/ipshared/1e43/src/decap.v:397]
WARNING: [Synth 8-6901] identifier 'verify_v' is used before its declaration [d:/University/251/DA/wrapper/wrapper.gen/sources_1/bd/SoC/ipshared/1e43/src/decap.v:411]
WARNING: [Synth 8-6901] identifier 'verify_d' is used before its declaration [d:/University/251/DA/wrapper/wrapper.gen/sources_1/bd/SoC/ipshared/1e43/src/decap.v:424]
WARNING: [Synth 8-11065] parameter 's_wait_start' becomes localparam in 'decap' with formal parameter declaration list [d:/University/251/DA/wrapper/wrapper.gen/sources_1/bd/SoC/ipshared/1e43/src/decap.v:632]
WARNING: [Synth 8-11065] parameter 's_wait_decrypt_done' becomes localparam in 'decap' with formal parameter declaration list [d:/University/251/DA/wrapper/wrapper.gen/sources_1/bd/SoC/ipshared/1e43/src/decap.v:633]
WARNING: [Synth 8-11065] parameter 's_copy_msg_encap' becomes localparam in 'decap' with formal parameter declaration list [d:/University/251/DA/wrapper/wrapper.gen/sources_1/bd/SoC/ipshared/1e43/src/decap.v:634]
WARNING: [Synth 8-11065] parameter 's_wait_encrypt_done' becomes localparam in 'decap' with formal parameter declaration list [d:/University/251/DA/wrapper/wrapper.gen/sources_1/bd/SoC/ipshared/1e43/src/decap.v:635]
WARNING: [Synth 8-11065] parameter 's_compare_u_up' becomes localparam in 'decap' with formal parameter declaration list [d:/University/251/DA/wrapper/wrapper.gen/sources_1/bd/SoC/ipshared/1e43/src/decap.v:636]
WARNING: [Synth 8-11065] parameter 's_compare_v_vp' becomes localparam in 'decap' with formal parameter declaration list [d:/University/251/DA/wrapper/wrapper.gen/sources_1/bd/SoC/ipshared/1e43/src/decap.v:637]
WARNING: [Synth 8-11065] parameter 's_compare_d_dp' becomes localparam in 'decap' with formal parameter declaration list [d:/University/251/DA/wrapper/wrapper.gen/sources_1/bd/SoC/ipshared/1e43/src/decap.v:638]
WARNING: [Synth 8-11065] parameter 's_copy_u' becomes localparam in 'decap' with formal parameter declaration list [d:/University/251/DA/wrapper/wrapper.gen/sources_1/bd/SoC/ipshared/1e43/src/decap.v:639]
WARNING: [Synth 8-11065] parameter 's_copy_v' becomes localparam in 'decap' with formal parameter declaration list [d:/University/251/DA/wrapper/wrapper.gen/sources_1/bd/SoC/ipshared/1e43/src/decap.v:640]
WARNING: [Synth 8-11065] parameter 's_resume_encap' becomes localparam in 'decap' with formal parameter declaration list [d:/University/251/DA/wrapper/wrapper.gen/sources_1/bd/SoC/ipshared/1e43/src/decap.v:641]
WARNING: [Synth 8-11065] parameter 's_done_encap' becomes localparam in 'decap' with formal parameter declaration list [d:/University/251/DA/wrapper/wrapper.gen/sources_1/bd/SoC/ipshared/1e43/src/decap.v:642]
WARNING: [Synth 8-11065] parameter 's_done' becomes localparam in 'decap' with formal parameter declaration list [d:/University/251/DA/wrapper/wrapper.gen/sources_1/bd/SoC/ipshared/1e43/src/decap.v:643]
INFO: [Synth 8-11241] undeclared symbol 'done_u_minus_vy', assumed default net type 'wire' [d:/University/251/DA/wrapper/wrapper.gen/sources_1/bd/SoC/ipshared/1e43/src/decrypt.v:157]
INFO: [Synth 8-11241] undeclared symbol 'ram_din_rd_o', assumed default net type 'wire' [d:/University/251/DA/wrapper/wrapper.gen/sources_1/bd/SoC/ipshared/1e43/src/decrypt.v:168]
INFO: [Synth 8-11241] undeclared symbol 'ram_din_addr_o', assumed default net type 'wire' [d:/University/251/DA/wrapper/wrapper.gen/sources_1/bd/SoC/ipshared/1e43/src/decrypt.v:169]
INFO: [Synth 8-11241] undeclared symbol 'ram_din_i', assumed default net type 'wire' [d:/University/251/DA/wrapper/wrapper.gen/sources_1/bd/SoC/ipshared/1e43/src/decrypt.v:170]
WARNING: [Synth 8-8895] 'ram_din_rd_o' is already implicitly declared on line 168 [d:/University/251/DA/wrapper/wrapper.gen/sources_1/bd/SoC/ipshared/1e43/src/decrypt.v:191]
WARNING: [Synth 8-8895] 'ram_din_i' is already implicitly declared on line 170 [d:/University/251/DA/wrapper/wrapper.gen/sources_1/bd/SoC/ipshared/1e43/src/decrypt.v:192]
WARNING: [Synth 8-8895] 'ram_din_addr_o' is already implicitly declared on line 169 [d:/University/251/DA/wrapper/wrapper.gen/sources_1/bd/SoC/ipshared/1e43/src/decrypt.v:193]
WARNING: [Synth 8-8895] 'done_u_minus_vy' is already implicitly declared on line 157 [d:/University/251/DA/wrapper/wrapper.gen/sources_1/bd/SoC/ipshared/1e43/src/decrypt.v:194]
INFO: [Synth 8-11241] undeclared symbol 'count_hash_inputs', assumed default net type 'wire' [d:/University/251/DA/wrapper/wrapper.gen/sources_1/bd/SoC/ipshared/1e43/src/encap.v:539]
WARNING: [Synth 8-8895] 'count_hash_inputs' is already implicitly declared on line 539 [d:/University/251/DA/wrapper/wrapper.gen/sources_1/bd/SoC/ipshared/1e43/src/encap.v:557]
WARNING: [Synth 8-6901] identifier 'd_out' is used before its declaration [d:/University/251/DA/wrapper/wrapper.gen/sources_1/bd/SoC/ipshared/1e43/src/encap.v:250]
WARNING: [Synth 8-10604] concatenation with an unsized literal will be treated as 32 bits [d:/University/251/DA/wrapper/wrapper.gen/sources_1/bd/SoC/ipshared/1e43/src/encap.v:249]
WARNING: [Synth 8-10604] concatenation with an unsized literal will be treated as 32 bits [d:/University/251/DA/wrapper/wrapper.gen/sources_1/bd/SoC/ipshared/1e43/src/encap.v:250]
WARNING: [Synth 8-6901] identifier 'sel_uv' is used before its declaration [d:/University/251/DA/wrapper/wrapper.gen/sources_1/bd/SoC/ipshared/1e43/src/encap.v:328]
WARNING: [Synth 8-6901] identifier 'u_v_reg' is used before its declaration [d:/University/251/DA/wrapper/wrapper.gen/sources_1/bd/SoC/ipshared/1e43/src/encap.v:506]
WARNING: [Synth 8-6901] identifier 'u_v_reg' is used before its declaration [d:/University/251/DA/wrapper/wrapper.gen/sources_1/bd/SoC/ipshared/1e43/src/encap.v:507]
WARNING: [Synth 8-6901] identifier 'last_block_capture' is used before its declaration [d:/University/251/DA/wrapper/wrapper.gen/sources_1/bd/SoC/ipshared/1e43/src/encap.v:515]
WARNING: [Synth 8-6901] identifier 'block_capture' is used before its declaration [d:/University/251/DA/wrapper/wrapper.gen/sources_1/bd/SoC/ipshared/1e43/src/encap.v:518]
WARNING: [Synth 8-6901] identifier 'count_hash_inputs_test' is used before its declaration [d:/University/251/DA/wrapper/wrapper.gen/sources_1/bd/SoC/ipshared/1e43/src/encap.v:527]
WARNING: [Synth 8-6901] identifier 'count_hash_inputs_test' is used before its declaration [d:/University/251/DA/wrapper/wrapper.gen/sources_1/bd/SoC/ipshared/1e43/src/encap.v:530]
WARNING: [Synth 8-6901] identifier 'count_hash_inputs_test' is used before its declaration [d:/University/251/DA/wrapper/wrapper.gen/sources_1/bd/SoC/ipshared/1e43/src/encap.v:530]
WARNING: [Synth 8-10604] concatenation with an unsized literal will be treated as 32 bits [d:/University/251/DA/wrapper/wrapper.gen/sources_1/bd/SoC/ipshared/1e43/src/encap.v:546]
WARNING: [Synth 8-11065] parameter 's_wait_start' becomes localparam in 'encap' with formal parameter declaration list [d:/University/251/DA/wrapper/wrapper.gen/sources_1/bd/SoC/ipshared/1e43/src/encap.v:564]
WARNING: [Synth 8-11065] parameter 's_load_m_in_size' becomes localparam in 'encap' with formal parameter declaration list [d:/University/251/DA/wrapper/wrapper.gen/sources_1/bd/SoC/ipshared/1e43/src/encap.v:565]
WARNING: [Synth 8-11065] parameter 's_load_m_out_size' becomes localparam in 'encap' with formal parameter declaration list [d:/University/251/DA/wrapper/wrapper.gen/sources_1/bd/SoC/ipshared/1e43/src/encap.v:566]
WARNING: [Synth 8-11065] parameter 's_load_m' becomes localparam in 'encap' with formal parameter declaration list [d:/University/251/DA/wrapper/wrapper.gen/sources_1/bd/SoC/ipshared/1e43/src/encap.v:567]
WARNING: [Synth 8-11065] parameter 's_load_last_m' becomes localparam in 'encap' with formal parameter declaration list [d:/University/251/DA/wrapper/wrapper.gen/sources_1/bd/SoC/ipshared/1e43/src/encap.v:568]
WARNING: [Synth 8-11065] parameter 's_comp_theta' becomes localparam in 'encap' with formal parameter declaration list [d:/University/251/DA/wrapper/wrapper.gen/sources_1/bd/SoC/ipshared/1e43/src/encap.v:569]
WARNING: [Synth 8-11065] parameter 's_save_theta' becomes localparam in 'encap' with formal parameter declaration list [d:/University/251/DA/wrapper/wrapper.gen/sources_1/bd/SoC/ipshared/1e43/src/encap.v:570]
WARNING: [Synth 8-11065] parameter 's_encrypt' becomes localparam in 'encap' with formal parameter declaration list [d:/University/251/DA/wrapper/wrapper.gen/sources_1/bd/SoC/ipshared/1e43/src/encap.v:571]
WARNING: [Synth 8-11065] parameter 's_wait_done_fw' becomes localparam in 'encap' with formal parameter declaration list [d:/University/251/DA/wrapper/wrapper.gen/sources_1/bd/SoC/ipshared/1e43/src/encap.v:572]
WARNING: [Synth 8-11065] parameter 's_update_hram_d' becomes localparam in 'encap' with formal parameter declaration list [d:/University/251/DA/wrapper/wrapper.gen/sources_1/bd/SoC/ipshared/1e43/src/encap.v:573]
WARNING: [Synth 8-11065] parameter 's_comp_d' becomes localparam in 'encap' with formal parameter declaration list [d:/University/251/DA/wrapper/wrapper.gen/sources_1/bd/SoC/ipshared/1e43/src/encap.v:574]
WARNING: [Synth 8-11065] parameter 's_save_d' becomes localparam in 'encap' with formal parameter declaration list [d:/University/251/DA/wrapper/wrapper.gen/sources_1/bd/SoC/ipshared/1e43/src/encap.v:575]
WARNING: [Synth 8-11065] parameter 's_save_last_d' becomes localparam in 'encap' with formal parameter declaration list [d:/University/251/DA/wrapper/wrapper.gen/sources_1/bd/SoC/ipshared/1e43/src/encap.v:576]
WARNING: [Synth 8-11065] parameter 's_wait_done_enc' becomes localparam in 'encap' with formal parameter declaration list [d:/University/251/DA/wrapper/wrapper.gen/sources_1/bd/SoC/ipshared/1e43/src/encap.v:577]
WARNING: [Synth 8-11065] parameter 's_load_u' becomes localparam in 'encap' with formal parameter declaration list [d:/University/251/DA/wrapper/wrapper.gen/sources_1/bd/SoC/ipshared/1e43/src/encap.v:578]
WARNING: [Synth 8-11065] parameter 's_save_u' becomes localparam in 'encap' with formal parameter declaration list [d:/University/251/DA/wrapper/wrapper.gen/sources_1/bd/SoC/ipshared/1e43/src/encap.v:579]
WARNING: [Synth 8-11065] parameter 's_load_dom_sep' becomes localparam in 'encap' with formal parameter declaration list [d:/University/251/DA/wrapper/wrapper.gen/sources_1/bd/SoC/ipshared/1e43/src/encap.v:580]
WARNING: [Synth 8-11065] parameter 's_load_v' becomes localparam in 'encap' with formal parameter declaration list [d:/University/251/DA/wrapper/wrapper.gen/sources_1/bd/SoC/ipshared/1e43/src/encap.v:581]
WARNING: [Synth 8-11065] parameter 's_save_v' becomes localparam in 'encap' with formal parameter declaration list [d:/University/251/DA/wrapper/wrapper.gen/sources_1/bd/SoC/ipshared/1e43/src/encap.v:582]
WARNING: [Synth 8-11065] parameter 's_load_dom_sep_v' becomes localparam in 'encap' with formal parameter declaration list [d:/University/251/DA/wrapper/wrapper.gen/sources_1/bd/SoC/ipshared/1e43/src/encap.v:583]
WARNING: [Synth 8-11065] parameter 's_stall_0' becomes localparam in 'encap' with formal parameter declaration list [d:/University/251/DA/wrapper/wrapper.gen/sources_1/bd/SoC/ipshared/1e43/src/encap.v:584]
WARNING: [Synth 8-11065] parameter 's_append_05' becomes localparam in 'encap' with formal parameter declaration list [d:/University/251/DA/wrapper/wrapper.gen/sources_1/bd/SoC/ipshared/1e43/src/encap.v:585]
WARNING: [Synth 8-11065] parameter 's_comp_ss' becomes localparam in 'encap' with formal parameter declaration list [d:/University/251/DA/wrapper/wrapper.gen/sources_1/bd/SoC/ipshared/1e43/src/encap.v:586]
WARNING: [Synth 8-11065] parameter 's_wait_ss' becomes localparam in 'encap' with formal parameter declaration list [d:/University/251/DA/wrapper/wrapper.gen/sources_1/bd/SoC/ipshared/1e43/src/encap.v:587]
WARNING: [Synth 8-11065] parameter 's_stall_1' becomes localparam in 'encap' with formal parameter declaration list [d:/University/251/DA/wrapper/wrapper.gen/sources_1/bd/SoC/ipshared/1e43/src/encap.v:588]
WARNING: [Synth 8-11065] parameter 's_wait_for_resume_encap' becomes localparam in 'encap' with formal parameter declaration list [d:/University/251/DA/wrapper/wrapper.gen/sources_1/bd/SoC/ipshared/1e43/src/encap.v:589]
WARNING: [Synth 8-11065] parameter 's_done' becomes localparam in 'encap' with formal parameter declaration list [d:/University/251/DA/wrapper/wrapper.gen/sources_1/bd/SoC/ipshared/1e43/src/encap.v:590]
WARNING: [Synth 8-6901] identifier 'total_shake_input_count' is used before its declaration [d:/University/251/DA/wrapper/wrapper.gen/sources_1/bd/SoC/ipshared/1e43/src/encap.v:597]
WARNING: [Synth 8-6901] identifier 'total_shake_input_count' is used before its declaration [d:/University/251/DA/wrapper/wrapper.gen/sources_1/bd/SoC/ipshared/1e43/src/encap.v:626]
WARNING: [Synth 8-6901] identifier 'total_shake_input_count' is used before its declaration [d:/University/251/DA/wrapper/wrapper.gen/sources_1/bd/SoC/ipshared/1e43/src/encap.v:847]
WARNING: [Synth 8-6901] identifier 'start_hash' is used before its declaration [d:/University/251/DA/wrapper/wrapper.gen/sources_1/bd/SoC/ipshared/1e43/src/encap.v:1102]
WARNING: [Synth 8-6901] identifier 'start_hash' is used before its declaration [d:/University/251/DA/wrapper/wrapper.gen/sources_1/bd/SoC/ipshared/1e43/src/encap.v:1118]
WARNING: [Synth 8-6901] identifier 'start_hash' is used before its declaration [d:/University/251/DA/wrapper/wrapper.gen/sources_1/bd/SoC/ipshared/1e43/src/encap.v:1133]
WARNING: [Synth 8-6901] identifier 'start_hash' is used before its declaration [d:/University/251/DA/wrapper/wrapper.gen/sources_1/bd/SoC/ipshared/1e43/src/encap.v:1173]
WARNING: [Synth 8-6901] identifier 'start_hash' is used before its declaration [d:/University/251/DA/wrapper/wrapper.gen/sources_1/bd/SoC/ipshared/1e43/src/encap.v:1186]
WARNING: [Synth 8-6901] identifier 'start_hash' is used before its declaration [d:/University/251/DA/wrapper/wrapper.gen/sources_1/bd/SoC/ipshared/1e43/src/encap.v:1213]
WARNING: [Synth 8-6901] identifier 'start_hash' is used before its declaration [d:/University/251/DA/wrapper/wrapper.gen/sources_1/bd/SoC/ipshared/1e43/src/encap.v:1223]
WARNING: [Synth 8-6901] identifier 'start_hash' is used before its declaration [d:/University/251/DA/wrapper/wrapper.gen/sources_1/bd/SoC/ipshared/1e43/src/encap.v:1240]
WARNING: [Synth 8-6901] identifier 'start_hash' is used before its declaration [d:/University/251/DA/wrapper/wrapper.gen/sources_1/bd/SoC/ipshared/1e43/src/encap.v:1252]
WARNING: [Synth 8-6901] identifier 'start_hash' is used before its declaration [d:/University/251/DA/wrapper/wrapper.gen/sources_1/bd/SoC/ipshared/1e43/src/encap.v:1264]
WARNING: [Synth 8-6901] identifier 'start_hash' is used before its declaration [d:/University/251/DA/wrapper/wrapper.gen/sources_1/bd/SoC/ipshared/1e43/src/encap.v:1281]
WARNING: [Synth 8-6901] identifier 'start_hash' is used before its declaration [d:/University/251/DA/wrapper/wrapper.gen/sources_1/bd/SoC/ipshared/1e43/src/encap.v:1310]
WARNING: [Synth 8-6901] identifier 'start_hash' is used before its declaration [d:/University/251/DA/wrapper/wrapper.gen/sources_1/bd/SoC/ipshared/1e43/src/encap.v:1333]
WARNING: [Synth 8-6901] identifier 'start_hash' is used before its declaration [d:/University/251/DA/wrapper/wrapper.gen/sources_1/bd/SoC/ipshared/1e43/src/encap.v:1353]
WARNING: [Synth 8-6901] identifier 'start_hash' is used before its declaration [d:/University/251/DA/wrapper/wrapper.gen/sources_1/bd/SoC/ipshared/1e43/src/encap.v:1400]
WARNING: [Synth 8-6901] identifier 'start_hash' is used before its declaration [d:/University/251/DA/wrapper/wrapper.gen/sources_1/bd/SoC/ipshared/1e43/src/encap.v:1422]
WARNING: [Synth 8-6901] identifier 'start_hash' is used before its declaration [d:/University/251/DA/wrapper/wrapper.gen/sources_1/bd/SoC/ipshared/1e43/src/encap.v:1444]
WARNING: [Synth 8-6901] identifier 'start_hash' is used before its declaration [d:/University/251/DA/wrapper/wrapper.gen/sources_1/bd/SoC/ipshared/1e43/src/encap.v:1471]
WARNING: [Synth 8-6901] identifier 'start_hash' is used before its declaration [d:/University/251/DA/wrapper/wrapper.gen/sources_1/bd/SoC/ipshared/1e43/src/encap.v:1476]
WARNING: [Synth 8-6901] identifier 'start_hash' is used before its declaration [d:/University/251/DA/wrapper/wrapper.gen/sources_1/bd/SoC/ipshared/1e43/src/encap.v:1487]
WARNING: [Synth 8-6901] identifier 'start_hash' is used before its declaration [d:/University/251/DA/wrapper/wrapper.gen/sources_1/bd/SoC/ipshared/1e43/src/encap.v:1503]
WARNING: [Synth 8-6901] identifier 'start_hash' is used before its declaration [d:/University/251/DA/wrapper/wrapper.gen/sources_1/bd/SoC/ipshared/1e43/src/encap.v:1513]
WARNING: [Synth 8-11065] parameter 'h_wait_start' becomes localparam in 'encap' with formal parameter declaration list [d:/University/251/DA/wrapper/wrapper.gen/sources_1/bd/SoC/ipshared/1e43/src/encap.v:1530]
WARNING: [Synth 8-11065] parameter 'h_check_shake_ready' becomes localparam in 'encap' with formal parameter declaration list [d:/University/251/DA/wrapper/wrapper.gen/sources_1/bd/SoC/ipshared/1e43/src/encap.v:1531]
WARNING: [Synth 8-11065] parameter 'h_first_block' becomes localparam in 'encap' with formal parameter declaration list [d:/University/251/DA/wrapper/wrapper.gen/sources_1/bd/SoC/ipshared/1e43/src/encap.v:1532]
WARNING: [Synth 8-11065] parameter 'h_second_block' becomes localparam in 'encap' with formal parameter declaration list [d:/University/251/DA/wrapper/wrapper.gen/sources_1/bd/SoC/ipshared/1e43/src/encap.v:1533]
WARNING: [Synth 8-11065] parameter 'h_load_shake' becomes localparam in 'encap' with formal parameter declaration list [d:/University/251/DA/wrapper/wrapper.gen/sources_1/bd/SoC/ipshared/1e43/src/encap.v:1534]
WARNING: [Synth 8-11065] parameter 'h_stall' becomes localparam in 'encap' with formal parameter declaration list [d:/University/251/DA/wrapper/wrapper.gen/sources_1/bd/SoC/ipshared/1e43/src/encap.v:1535]
INFO: [Synth 8-11241] undeclared symbol 'xor_add_en', assumed default net type 'wire' [d:/University/251/DA/wrapper/wrapper.gen/sources_1/bd/SoC/ipshared/1e43/src/encrypt.v:313]
INFO: [Synth 8-11241] undeclared symbol 'rd_fw', assumed default net type 'wire' [d:/University/251/DA/wrapper/wrapper.gen/sources_1/bd/SoC/ipshared/1e43/src/encrypt.v:323]
INFO: [Synth 8-11241] undeclared symbol 'fw_addr_reg', assumed default net type 'wire' [d:/University/251/DA/wrapper/wrapper.gen/sources_1/bd/SoC/ipshared/1e43/src/encrypt.v:323]
INFO: [Synth 8-11241] undeclared symbol 'r1_e_rd_addr', assumed default net type 'wire' [d:/University/251/DA/wrapper/wrapper.gen/sources_1/bd/SoC/ipshared/1e43/src/encrypt.v:323]
INFO: [Synth 8-11241] undeclared symbol 'wen_fw', assumed default net type 'wire' [d:/University/251/DA/wrapper/wrapper.gen/sources_1/bd/SoC/ipshared/1e43/src/encrypt.v:324]
INFO: [Synth 8-11241] undeclared symbol 'en_r1', assumed default net type 'wire' [d:/University/251/DA/wrapper/wrapper.gen/sources_1/bd/SoC/ipshared/1e43/src/encrypt.v:324]
INFO: [Synth 8-11241] undeclared symbol 'r1_internal', assumed default net type 'wire' [d:/University/251/DA/wrapper/wrapper.gen/sources_1/bd/SoC/ipshared/1e43/src/encrypt.v:325]
INFO: [Synth 8-11241] undeclared symbol 'loc_addr', assumed default net type 'wire' [d:/University/251/DA/wrapper/wrapper.gen/sources_1/bd/SoC/ipshared/1e43/src/encrypt.v:332]
INFO: [Synth 8-11241] undeclared symbol 'en_r2', assumed default net type 'wire' [d:/University/251/DA/wrapper/wrapper.gen/sources_1/bd/SoC/ipshared/1e43/src/encrypt.v:333]
INFO: [Synth 8-11241] undeclared symbol 'r2_internal', assumed default net type 'wire' [d:/University/251/DA/wrapper/wrapper.gen/sources_1/bd/SoC/ipshared/1e43/src/encrypt.v:334]
INFO: [Synth 8-11241] undeclared symbol 'pm_out', assumed default net type 'wire' [d:/University/251/DA/wrapper/wrapper.gen/sources_1/bd/SoC/ipshared/1e43/src/encrypt.v:341]
INFO: [Synth 8-11241] undeclared symbol 'u_cpy_addr_reg', assumed default net type 'wire' [d:/University/251/DA/wrapper/wrapper.gen/sources_1/bd/SoC/ipshared/1e43/src/encrypt.v:342]
INFO: [Synth 8-11241] undeclared symbol 'wen_u', assumed default net type 'wire' [d:/University/251/DA/wrapper/wrapper.gen/sources_1/bd/SoC/ipshared/1e43/src/encrypt.v:343]
WARNING: [Synth 8-8895] 'r1_internal' is already implicitly declared on line 325 [d:/University/251/DA/wrapper/wrapper.gen/sources_1/bd/SoC/ipshared/1e43/src/encrypt.v:352]
WARNING: [Synth 8-8895] 'r2_internal' is already implicitly declared on line 334 [d:/University/251/DA/wrapper/wrapper.gen/sources_1/bd/SoC/ipshared/1e43/src/encrypt.v:353]
WARNING: [Synth 8-8895] 'loc_addr' is already implicitly declared on line 332 [d:/University/251/DA/wrapper/wrapper.gen/sources_1/bd/SoC/ipshared/1e43/src/encrypt.v:355]
WARNING: [Synth 8-8895] 'r1_e_rd_addr' is already implicitly declared on line 323 [d:/University/251/DA/wrapper/wrapper.gen/sources_1/bd/SoC/ipshared/1e43/src/encrypt.v:355]
WARNING: [Synth 8-8895] 'pm_out' is already implicitly declared on line 341 [d:/University/251/DA/wrapper/wrapper.gen/sources_1/bd/SoC/ipshared/1e43/src/encrypt.v:356]
INFO: [Synth 8-11241] undeclared symbol 'copy_u', assumed default net type 'wire' [d:/University/251/DA/wrapper/wrapper.gen/sources_1/bd/SoC/ipshared/1e43/src/encrypt.v:437]
INFO: [Synth 8-11241] undeclared symbol 'u_cpy_addr', assumed default net type 'wire' [d:/University/251/DA/wrapper/wrapper.gen/sources_1/bd/SoC/ipshared/1e43/src/encrypt.v:437]
INFO: [Synth 8-11241] undeclared symbol 'xor_add_addr', assumed default net type 'wire' [d:/University/251/DA/wrapper/wrapper.gen/sources_1/bd/SoC/ipshared/1e43/src/encrypt.v:437]
INFO: [Synth 8-11241] undeclared symbol 'pm_rd_addr', assumed default net type 'wire' [d:/University/251/DA/wrapper/wrapper.gen/sources_1/bd/SoC/ipshared/1e43/src/encrypt.v:437]
INFO: [Synth 8-11241] undeclared symbol 'pm_rd_en', assumed default net type 'wire' [d:/University/251/DA/wrapper/wrapper.gen/sources_1/bd/SoC/ipshared/1e43/src/encrypt.v:438]
INFO: [Synth 8-11241] undeclared symbol 'xor_add_out', assumed default net type 'wire' [d:/University/251/DA/wrapper/wrapper.gen/sources_1/bd/SoC/ipshared/1e43/src/encrypt.v:441]
INFO: [Synth 8-11241] undeclared symbol 'add_out', assumed default net type 'wire' [d:/University/251/DA/wrapper/wrapper.gen/sources_1/bd/SoC/ipshared/1e43/src/encrypt.v:441]
INFO: [Synth 8-11241] undeclared symbol 'xor_add_out_addr', assumed default net type 'wire' [d:/University/251/DA/wrapper/wrapper.gen/sources_1/bd/SoC/ipshared/1e43/src/encrypt.v:442]
INFO: [Synth 8-11241] undeclared symbol 'add_out_addr', assumed default net type 'wire' [d:/University/251/DA/wrapper/wrapper.gen/sources_1/bd/SoC/ipshared/1e43/src/encrypt.v:442]
INFO: [Synth 8-11241] undeclared symbol 'xor_add_out_valid', assumed default net type 'wire' [d:/University/251/DA/wrapper/wrapper.gen/sources_1/bd/SoC/ipshared/1e43/src/encrypt.v:443]
INFO: [Synth 8-11241] undeclared symbol 'add_out_valid', assumed default net type 'wire' [d:/University/251/DA/wrapper/wrapper.gen/sources_1/bd/SoC/ipshared/1e43/src/encrypt.v:443]
CRITICAL WARNING: [Synth 8-9339] data object 'pm_out' is already declared [d:/University/251/DA/wrapper/wrapper.gen/sources_1/bd/SoC/ipshared/1e43/src/encrypt.v:447]
INFO: [Synth 8-6826] previous declaration of 'pm_out' is from here [d:/University/251/DA/wrapper/wrapper.gen/sources_1/bd/SoC/ipshared/1e43/src/encrypt.v:341]
CRITICAL WARNING: [Synth 8-11152] second declaration of 'pm_out' is ignored [d:/University/251/DA/wrapper/wrapper.gen/sources_1/bd/SoC/ipshared/1e43/src/encrypt.v:447]
WARNING: [Synth 8-8895] 'pm_rd_addr' is already implicitly declared on line 437 [d:/University/251/DA/wrapper/wrapper.gen/sources_1/bd/SoC/ipshared/1e43/src/encrypt.v:448]
WARNING: [Synth 8-8895] 'pm_rd_en' is already implicitly declared on line 438 [d:/University/251/DA/wrapper/wrapper.gen/sources_1/bd/SoC/ipshared/1e43/src/encrypt.v:449]
WARNING: [Synth 8-8895] 'add_out' is already implicitly declared on line 441 [d:/University/251/DA/wrapper/wrapper.gen/sources_1/bd/SoC/ipshared/1e43/src/encrypt.v:451]
WARNING: [Synth 8-8895] 'add_out_addr' is already implicitly declared on line 442 [d:/University/251/DA/wrapper/wrapper.gen/sources_1/bd/SoC/ipshared/1e43/src/encrypt.v:452]
WARNING: [Synth 8-8895] 'add_out_valid' is already implicitly declared on line 443 [d:/University/251/DA/wrapper/wrapper.gen/sources_1/bd/SoC/ipshared/1e43/src/encrypt.v:453]
INFO: [Synth 8-11241] undeclared symbol 'sel_r1_hr2', assumed default net type 'wire' [d:/University/251/DA/wrapper/wrapper.gen/sources_1/bd/SoC/ipshared/1e43/src/encrypt.v:470]
WARNING: [Synth 8-8895] 'xor_add_en' is already implicitly declared on line 313 [d:/University/251/DA/wrapper/wrapper.gen/sources_1/bd/SoC/ipshared/1e43/src/encrypt.v:487]
WARNING: [Synth 8-8895] 'xor_add_addr' is already implicitly declared on line 437 [d:/University/251/DA/wrapper/wrapper.gen/sources_1/bd/SoC/ipshared/1e43/src/encrypt.v:488]
WARNING: [Synth 8-8895] 'xor_add_out' is already implicitly declared on line 441 [d:/University/251/DA/wrapper/wrapper.gen/sources_1/bd/SoC/ipshared/1e43/src/encrypt.v:490]
WARNING: [Synth 8-8895] 'xor_add_out_addr' is already implicitly declared on line 442 [d:/University/251/DA/wrapper/wrapper.gen/sources_1/bd/SoC/ipshared/1e43/src/encrypt.v:491]
WARNING: [Synth 8-8895] 'xor_add_out_valid' is already implicitly declared on line 443 [d:/University/251/DA/wrapper/wrapper.gen/sources_1/bd/SoC/ipshared/1e43/src/encrypt.v:492]
WARNING: [Synth 8-8895] 'en_r1' is already implicitly declared on line 324 [d:/University/251/DA/wrapper/wrapper.gen/sources_1/bd/SoC/ipshared/1e43/src/encrypt.v:528]
WARNING: [Synth 8-8895] 'en_r2' is already implicitly declared on line 333 [d:/University/251/DA/wrapper/wrapper.gen/sources_1/bd/SoC/ipshared/1e43/src/encrypt.v:529]
WARNING: [Synth 8-9400] empty statement in sequential block [d:/University/251/DA/wrapper/wrapper.gen/sources_1/bd/SoC/ipshared/1e43/src/encrypt.v:574]
WARNING: [Synth 8-8895] 'wen_fw' is already implicitly declared on line 324 [d:/University/251/DA/wrapper/wrapper.gen/sources_1/bd/SoC/ipshared/1e43/src/encrypt.v:687]
CRITICAL WARNING: [Synth 8-9339] data object 'sel_fw' is already declared [d:/University/251/DA/wrapper/wrapper.gen/sources_1/bd/SoC/ipshared/1e43/src/encrypt.v:687]
INFO: [Synth 8-6826] previous declaration of 'sel_fw' is from here [d:/University/251/DA/wrapper/wrapper.gen/sources_1/bd/SoC/ipshared/1e43/src/encrypt.v:164]
CRITICAL WARNING: [Synth 8-11152] second declaration of 'sel_fw' is ignored [d:/University/251/DA/wrapper/wrapper.gen/sources_1/bd/SoC/ipshared/1e43/src/encrypt.v:687]
WARNING: [Synth 8-8895] 'rd_fw' is already implicitly declared on line 323 [d:/University/251/DA/wrapper/wrapper.gen/sources_1/bd/SoC/ipshared/1e43/src/encrypt.v:687]
WARNING: [Synth 8-8895] 'fw_addr_reg' is already implicitly declared on line 323 [d:/University/251/DA/wrapper/wrapper.gen/sources_1/bd/SoC/ipshared/1e43/src/encrypt.v:694]
WARNING: [Synth 8-8895] 'u_cpy_addr' is already implicitly declared on line 437 [d:/University/251/DA/wrapper/wrapper.gen/sources_1/bd/SoC/ipshared/1e43/src/encrypt.v:793]
WARNING: [Synth 8-8895] 'u_cpy_addr_reg' is already implicitly declared on line 342 [d:/University/251/DA/wrapper/wrapper.gen/sources_1/bd/SoC/ipshared/1e43/src/encrypt.v:793]
WARNING: [Synth 8-8895] 'wen_u' is already implicitly declared on line 343 [d:/University/251/DA/wrapper/wrapper.gen/sources_1/bd/SoC/ipshared/1e43/src/encrypt.v:794]
WARNING: [Synth 8-8895] 'copy_u' is already implicitly declared on line 437 [d:/University/251/DA/wrapper/wrapper.gen/sources_1/bd/SoC/ipshared/1e43/src/encrypt.v:795]
WARNING: [Synth 8-8895] 'sel_r1_hr2' is already implicitly declared on line 470 [d:/University/251/DA/wrapper/wrapper.gen/sources_1/bd/SoC/ipshared/1e43/src/encrypt.v:796]
WARNING: [Synth 8-6901] identifier 'rd_fw' is used before its declaration [d:/University/251/DA/wrapper/wrapper.gen/sources_1/bd/SoC/ipshared/1e43/src/encrypt.v:180]
WARNING: [Synth 8-6901] identifier 'sel_e' is used before its declaration [d:/University/251/DA/wrapper/wrapper.gen/sources_1/bd/SoC/ipshared/1e43/src/encrypt.v:180]
WARNING: [Synth 8-6901] identifier 'fw_addr' is used before its declaration [d:/University/251/DA/wrapper/wrapper.gen/sources_1/bd/SoC/ipshared/1e43/src/encrypt.v:182]
WARNING: [Synth 8-6901] identifier 'sel_e' is used before its declaration [d:/University/251/DA/wrapper/wrapper.gen/sources_1/bd/SoC/ipshared/1e43/src/encrypt.v:183]
WARNING: [Synth 8-6901] identifier 'r1_e_rd_addr' is used before its declaration [d:/University/251/DA/wrapper/wrapper.gen/sources_1/bd/SoC/ipshared/1e43/src/encrypt.v:183]
WARNING: [Synth 8-6901] identifier 'pm_out' is used before its declaration [d:/University/251/DA/wrapper/wrapper.gen/sources_1/bd/SoC/ipshared/1e43/src/encrypt.v:298]
WARNING: [Synth 8-6901] identifier 'u_out' is used before its declaration [d:/University/251/DA/wrapper/wrapper.gen/sources_1/bd/SoC/ipshared/1e43/src/encrypt.v:298]
WARNING: [Synth 8-11065] parameter 's_wait_start' becomes localparam in 'encrypt' with formal parameter declaration list [d:/University/251/DA/wrapper/wrapper.gen/sources_1/bd/SoC/ipshared/1e43/src/encrypt.v:520]
WARNING: [Synth 8-11065] parameter 's_gen_r1' becomes localparam in 'encrypt' with formal parameter declaration list [d:/University/251/DA/wrapper/wrapper.gen/sources_1/bd/SoC/ipshared/1e43/src/encrypt.v:521]
WARNING: [Synth 8-11065] parameter 's_gen_r2' becomes localparam in 'encrypt' with formal parameter declaration list [d:/University/251/DA/wrapper/wrapper.gen/sources_1/bd/SoC/ipshared/1e43/src/encrypt.v:522]
WARNING: [Synth 8-11065] parameter 's_gen_e' becomes localparam in 'encrypt' with formal parameter declaration list [d:/University/251/DA/wrapper/wrapper.gen/sources_1/bd/SoC/ipshared/1e43/src/encrypt.v:523]
WARNING: [Synth 8-11065] parameter 's_done' becomes localparam in 'encrypt' with formal parameter declaration list [d:/University/251/DA/wrapper/wrapper.gen/sources_1/bd/SoC/ipshared/1e43/src/encrypt.v:524]
WARNING: [Synth 8-11065] parameter 's_wait_r1_transfer' becomes localparam in 'encrypt' with formal parameter declaration list [d:/University/251/DA/wrapper/wrapper.gen/sources_1/bd/SoC/ipshared/1e43/src/encrypt.v:525]
WARNING: [Synth 8-11065] parameter 's_wait_r2_transfer' becomes localparam in 'encrypt' with formal parameter declaration list [d:/University/251/DA/wrapper/wrapper.gen/sources_1/bd/SoC/ipshared/1e43/src/encrypt.v:526]
WARNING: [Synth 8-6901] identifier 'r2_done' is used before its declaration [d:/University/251/DA/wrapper/wrapper.gen/sources_1/bd/SoC/ipshared/1e43/src/encrypt.v:543]
WARNING: [Synth 8-6901] identifier 'start_fw_transfer' is used before its declaration [d:/University/251/DA/wrapper/wrapper.gen/sources_1/bd/SoC/ipshared/1e43/src/encrypt.v:549]
WARNING: [Synth 8-6901] identifier 'r2_done' is used before its declaration [d:/University/251/DA/wrapper/wrapper.gen/sources_1/bd/SoC/ipshared/1e43/src/encrypt.v:560]
WARNING: [Synth 8-6901] identifier 'start_fw_transfer' is used before its declaration [d:/University/251/DA/wrapper/wrapper.gen/sources_1/bd/SoC/ipshared/1e43/src/encrypt.v:565]
WARNING: [Synth 8-6901] identifier 'r2_done' is used before its declaration [d:/University/251/DA/wrapper/wrapper.gen/sources_1/bd/SoC/ipshared/1e43/src/encrypt.v:579]
WARNING: [Synth 8-6901] identifier 'start_fw_transfer' is used before its declaration [d:/University/251/DA/wrapper/wrapper.gen/sources_1/bd/SoC/ipshared/1e43/src/encrypt.v:584]
WARNING: [Synth 8-6901] identifier 'start_fw_transfer' is used before its declaration [d:/University/251/DA/wrapper/wrapper.gen/sources_1/bd/SoC/ipshared/1e43/src/encrypt.v:597]
WARNING: [Synth 8-6901] identifier 'start_fw_transfer' is used before its declaration [d:/University/251/DA/wrapper/wrapper.gen/sources_1/bd/SoC/ipshared/1e43/src/encrypt.v:605]
WARNING: [Synth 8-6901] identifier 'done_fw_transfer' is used before its declaration [d:/University/251/DA/wrapper/wrapper.gen/sources_1/bd/SoC/ipshared/1e43/src/encrypt.v:606]
WARNING: [Synth 8-6901] identifier 'r2_done' is used before its declaration [d:/University/251/DA/wrapper/wrapper.gen/sources_1/bd/SoC/ipshared/1e43/src/encrypt.v:614]
WARNING: [Synth 8-6901] identifier 'done_fw_transfer' is used before its declaration [d:/University/251/DA/wrapper/wrapper.gen/sources_1/bd/SoC/ipshared/1e43/src/encrypt.v:616]
WARNING: [Synth 8-6901] identifier 'start_fw_transfer' is used before its declaration [d:/University/251/DA/wrapper/wrapper.gen/sources_1/bd/SoC/ipshared/1e43/src/encrypt.v:622]
WARNING: [Synth 8-6901] identifier 'start_fw_transfer' is used before its declaration [d:/University/251/DA/wrapper/wrapper.gen/sources_1/bd/SoC/ipshared/1e43/src/encrypt.v:635]
WARNING: [Synth 8-6901] identifier 'start_fw_transfer' is used before its declaration [d:/University/251/DA/wrapper/wrapper.gen/sources_1/bd/SoC/ipshared/1e43/src/encrypt.v:643]
WARNING: [Synth 8-6901] identifier 'done_fw_transfer' is used before its declaration [d:/University/251/DA/wrapper/wrapper.gen/sources_1/bd/SoC/ipshared/1e43/src/encrypt.v:644]
WARNING: [Synth 8-6901] identifier 'r2_done' is used before its declaration [d:/University/251/DA/wrapper/wrapper.gen/sources_1/bd/SoC/ipshared/1e43/src/encrypt.v:648]
WARNING: [Synth 8-6901] identifier 'done_fw_transfer' is used before its declaration [d:/University/251/DA/wrapper/wrapper.gen/sources_1/bd/SoC/ipshared/1e43/src/encrypt.v:655]
WARNING: [Synth 8-6901] identifier 'r2_done' is used before its declaration [d:/University/251/DA/wrapper/wrapper.gen/sources_1/bd/SoC/ipshared/1e43/src/encrypt.v:657]
WARNING: [Synth 8-6901] identifier 'r2_done' is used before its declaration [d:/University/251/DA/wrapper/wrapper.gen/sources_1/bd/SoC/ipshared/1e43/src/encrypt.v:660]
WARNING: [Synth 8-6901] identifier 'r2_done' is used before its declaration [d:/University/251/DA/wrapper/wrapper.gen/sources_1/bd/SoC/ipshared/1e43/src/encrypt.v:678]
WARNING: [Synth 8-11065] parameter 'trx_wait_start' becomes localparam in 'encrypt' with formal parameter declaration list [d:/University/251/DA/wrapper/wrapper.gen/sources_1/bd/SoC/ipshared/1e43/src/encrypt.v:691]
WARNING: [Synth 8-11065] parameter 'trx_tranfer' becomes localparam in 'encrypt' with formal parameter declaration list [d:/University/251/DA/wrapper/wrapper.gen/sources_1/bd/SoC/ipshared/1e43/src/encrypt.v:692]
WARNING: [Synth 8-11065] parameter 'trx_done' becomes localparam in 'encrypt' with formal parameter declaration list [d:/University/251/DA/wrapper/wrapper.gen/sources_1/bd/SoC/ipshared/1e43/src/encrypt.v:693]
WARNING: [Synth 8-11065] parameter 'u_wait_start' becomes localparam in 'encrypt' with formal parameter declaration list [d:/University/251/DA/wrapper/wrapper.gen/sources_1/bd/SoC/ipshared/1e43/src/encrypt.v:786]
WARNING: [Synth 8-11065] parameter 'u_r2_mul_h' becomes localparam in 'encrypt' with formal parameter declaration list [d:/University/251/DA/wrapper/wrapper.gen/sources_1/bd/SoC/ipshared/1e43/src/encrypt.v:787]
WARNING: [Synth 8-11065] parameter 'u_r1_plus_r2h' becomes localparam in 'encrypt' with formal parameter declaration list [d:/University/251/DA/wrapper/wrapper.gen/sources_1/bd/SoC/ipshared/1e43/src/encrypt.v:788]
WARNING: [Synth 8-11065] parameter 'u_move_u_bram' becomes localparam in 'encrypt' with formal parameter declaration list [d:/University/251/DA/wrapper/wrapper.gen/sources_1/bd/SoC/ipshared/1e43/src/encrypt.v:789]
WARNING: [Synth 8-11065] parameter 'v_wait_start' becomes localparam in 'encrypt' with formal parameter declaration list [d:/University/251/DA/wrapper/wrapper.gen/sources_1/bd/SoC/ipshared/1e43/src/encrypt.v:918]
WARNING: [Synth 8-11065] parameter 'v_s_mul_r2' becomes localparam in 'encrypt' with formal parameter declaration list [d:/University/251/DA/wrapper/wrapper.gen/sources_1/bd/SoC/ipshared/1e43/src/encrypt.v:919]
WARNING: [Synth 8-11065] parameter 'v_e_plus_sr2' becomes localparam in 'encrypt' with formal parameter declaration list [d:/University/251/DA/wrapper/wrapper.gen/sources_1/bd/SoC/ipshared/1e43/src/encrypt.v:920]
WARNING: [Synth 8-11065] parameter 'v_mG_plus_sr2_plus_e' becomes localparam in 'encrypt' with formal parameter declaration list [d:/University/251/DA/wrapper/wrapper.gen/sources_1/bd/SoC/ipshared/1e43/src/encrypt.v:921]
INFO: [Synth 8-11241] undeclared symbol 'xor_add_en', assumed default net type 'wire' [d:/University/251/DA/wrapper/wrapper.gen/sources_1/bd/SoC/ipshared/1e43/src/encrypt_parallel.v:350]
INFO: [Synth 8-11241] undeclared symbol 'rd_fw', assumed default net type 'wire' [d:/University/251/DA/wrapper/wrapper.gen/sources_1/bd/SoC/ipshared/1e43/src/encrypt_parallel.v:360]
INFO: [Synth 8-11241] undeclared symbol 'fw_addr_reg', assumed default net type 'wire' [d:/University/251/DA/wrapper/wrapper.gen/sources_1/bd/SoC/ipshared/1e43/src/encrypt_parallel.v:360]
INFO: [Synth 8-11241] undeclared symbol 'r1_e_rd_addr', assumed default net type 'wire' [d:/University/251/DA/wrapper/wrapper.gen/sources_1/bd/SoC/ipshared/1e43/src/encrypt_parallel.v:360]
INFO: [Synth 8-11241] undeclared symbol 'wen_fw', assumed default net type 'wire' [d:/University/251/DA/wrapper/wrapper.gen/sources_1/bd/SoC/ipshared/1e43/src/encrypt_parallel.v:361]
INFO: [Synth 8-11241] undeclared symbol 'en_r1', assumed default net type 'wire' [d:/University/251/DA/wrapper/wrapper.gen/sources_1/bd/SoC/ipshared/1e43/src/encrypt_parallel.v:361]
INFO: [Synth 8-11241] undeclared symbol 'r1_internal', assumed default net type 'wire' [d:/University/251/DA/wrapper/wrapper.gen/sources_1/bd/SoC/ipshared/1e43/src/encrypt_parallel.v:362]
INFO: [Synth 8-11241] undeclared symbol 'loc_addr_hr2', assumed default net type 'wire' [d:/University/251/DA/wrapper/wrapper.gen/sources_1/bd/SoC/ipshared/1e43/src/encrypt_parallel.v:380]
INFO: [Synth 8-11241] undeclared symbol 'loc_addr_sr2', assumed default net type 'wire' [d:/University/251/DA/wrapper/wrapper.gen/sources_1/bd/SoC/ipshared/1e43/src/encrypt_parallel.v:381]
INFO: [Synth 8-11241] undeclared symbol 'en_r2', assumed default net type 'wire' [d:/University/251/DA/wrapper/wrapper.gen/sources_1/bd/SoC/ipshared/1e43/src/encrypt_parallel.v:382]
INFO: [Synth 8-11241] undeclared symbol 'r2_internal_hr2', assumed default net type 'wire' [d:/University/251/DA/wrapper/wrapper.gen/sources_1/bd/SoC/ipshared/1e43/src/encrypt_parallel.v:384]
INFO: [Synth 8-11241] undeclared symbol 'r2_internal_sr2', assumed default net type 'wire' [d:/University/251/DA/wrapper/wrapper.gen/sources_1/bd/SoC/ipshared/1e43/src/encrypt_parallel.v:385]
WARNING: [Synth 8-8895] 'r1_internal' is already implicitly declared on line 362 [d:/University/251/DA/wrapper/wrapper.gen/sources_1/bd/SoC/ipshared/1e43/src/encrypt_parallel.v:406]
WARNING: [Synth 8-8895] 'r2_internal_hr2' is already implicitly declared on line 384 [d:/University/251/DA/wrapper/wrapper.gen/sources_1/bd/SoC/ipshared/1e43/src/encrypt_parallel.v:408]
WARNING: [Synth 8-8895] 'r2_internal_sr2' is already implicitly declared on line 385 [d:/University/251/DA/wrapper/wrapper.gen/sources_1/bd/SoC/ipshared/1e43/src/encrypt_parallel.v:409]
WARNING: [Synth 8-8895] 'loc_addr_hr2' is already implicitly declared on line 380 [d:/University/251/DA/wrapper/wrapper.gen/sources_1/bd/SoC/ipshared/1e43/src/encrypt_parallel.v:411]
WARNING: [Synth 8-8895] 'r1_e_rd_addr' is already implicitly declared on line 360 [d:/University/251/DA/wrapper/wrapper.gen/sources_1/bd/SoC/ipshared/1e43/src/encrypt_parallel.v:411]
WARNING: [Synth 8-8895] 'loc_addr_sr2' is already implicitly declared on line 381 [d:/University/251/DA/wrapper/wrapper.gen/sources_1/bd/SoC/ipshared/1e43/src/encrypt_parallel.v:412]
INFO: [Synth 8-11241] undeclared symbol 'pm_rd_addr', assumed default net type 'wire' [d:/University/251/DA/wrapper/wrapper.gen/sources_1/bd/SoC/ipshared/1e43/src/encrypt_parallel.v:500]
INFO: [Synth 8-11241] undeclared symbol 'pm_rd_en', assumed default net type 'wire' [d:/University/251/DA/wrapper/wrapper.gen/sources_1/bd/SoC/ipshared/1e43/src/encrypt_parallel.v:501]
INFO: [Synth 8-11241] undeclared symbol 'add_out', assumed default net type 'wire' [d:/University/251/DA/wrapper/wrapper.gen/sources_1/bd/SoC/ipshared/1e43/src/encrypt_parallel.v:504]
INFO: [Synth 8-11241] undeclared symbol 'add_out_addr', assumed default net type 'wire' [d:/University/251/DA/wrapper/wrapper.gen/sources_1/bd/SoC/ipshared/1e43/src/encrypt_parallel.v:505]
INFO: [Synth 8-11241] undeclared symbol 'add_out_valid', assumed default net type 'wire' [d:/University/251/DA/wrapper/wrapper.gen/sources_1/bd/SoC/ipshared/1e43/src/encrypt_parallel.v:506]
INFO: [Synth 8-11241] undeclared symbol 'xor_add_addr', assumed default net type 'wire' [d:/University/251/DA/wrapper/wrapper.gen/sources_1/bd/SoC/ipshared/1e43/src/encrypt_parallel.v:539]
INFO: [Synth 8-11241] undeclared symbol 'pm_rd_addr_sr2', assumed default net type 'wire' [d:/University/251/DA/wrapper/wrapper.gen/sources_1/bd/SoC/ipshared/1e43/src/encrypt_parallel.v:539]
INFO: [Synth 8-11241] undeclared symbol 'pm_rd_en_sr2', assumed default net type 'wire' [d:/University/251/DA/wrapper/wrapper.gen/sources_1/bd/SoC/ipshared/1e43/src/encrypt_parallel.v:540]
INFO: [Synth 8-11241] undeclared symbol 'xor_add_out', assumed default net type 'wire' [d:/University/251/DA/wrapper/wrapper.gen/sources_1/bd/SoC/ipshared/1e43/src/encrypt_parallel.v:543]
INFO: [Synth 8-11241] undeclared symbol 'add_out_sr2', assumed default net type 'wire' [d:/University/251/DA/wrapper/wrapper.gen/sources_1/bd/SoC/ipshared/1e43/src/encrypt_parallel.v:543]
INFO: [Synth 8-11241] undeclared symbol 'xor_add_out_addr', assumed default net type 'wire' [d:/University/251/DA/wrapper/wrapper.gen/sources_1/bd/SoC/ipshared/1e43/src/encrypt_parallel.v:544]
INFO: [Synth 8-11241] undeclared symbol 'add_out_addr_sr2', assumed default net type 'wire' [d:/University/251/DA/wrapper/wrapper.gen/sources_1/bd/SoC/ipshared/1e43/src/encrypt_parallel.v:544]
INFO: [Synth 8-11241] undeclared symbol 'xor_add_out_valid', assumed default net type 'wire' [d:/University/251/DA/wrapper/wrapper.gen/sources_1/bd/SoC/ipshared/1e43/src/encrypt_parallel.v:545]
INFO: [Synth 8-11241] undeclared symbol 'add_out_valid_sr2', assumed default net type 'wire' [d:/University/251/DA/wrapper/wrapper.gen/sources_1/bd/SoC/ipshared/1e43/src/encrypt_parallel.v:545]
CRITICAL WARNING: [Synth 8-9339] data object 'pm_out' is already declared [d:/University/251/DA/wrapper/wrapper.gen/sources_1/bd/SoC/ipshared/1e43/src/encrypt_parallel.v:549]
INFO: [Synth 8-6826] previous declaration of 'pm_out' is from here [d:/University/251/DA/wrapper/wrapper.gen/sources_1/bd/SoC/ipshared/1e43/src/encrypt_parallel.v:413]
CRITICAL WARNING: [Synth 8-11152] second declaration of 'pm_out' is ignored [d:/University/251/DA/wrapper/wrapper.gen/sources_1/bd/SoC/ipshared/1e43/src/encrypt_parallel.v:549]
WARNING: [Synth 8-8895] 'pm_rd_addr' is already implicitly declared on line 500 [d:/University/251/DA/wrapper/wrapper.gen/sources_1/bd/SoC/ipshared/1e43/src/encrypt_parallel.v:550]
WARNING: [Synth 8-8895] 'pm_rd_addr_sr2' is already implicitly declared on line 539 [d:/University/251/DA/wrapper/wrapper.gen/sources_1/bd/SoC/ipshared/1e43/src/encrypt_parallel.v:550]
WARNING: [Synth 8-8895] 'pm_rd_en' is already implicitly declared on line 501 [d:/University/251/DA/wrapper/wrapper.gen/sources_1/bd/SoC/ipshared/1e43/src/encrypt_parallel.v:551]
WARNING: [Synth 8-8895] 'pm_rd_en_sr2' is already implicitly declared on line 540 [d:/University/251/DA/wrapper/wrapper.gen/sources_1/bd/SoC/ipshared/1e43/src/encrypt_parallel.v:551]
WARNING: [Synth 8-8895] 'add_out' is already implicitly declared on line 504 [d:/University/251/DA/wrapper/wrapper.gen/sources_1/bd/SoC/ipshared/1e43/src/encrypt_parallel.v:553]
WARNING: [Synth 8-8895] 'add_out_sr2' is already implicitly declared on line 543 [d:/University/251/DA/wrapper/wrapper.gen/sources_1/bd/SoC/ipshared/1e43/src/encrypt_parallel.v:553]
WARNING: [Synth 8-8895] 'add_out_addr' is already implicitly declared on line 505 [d:/University/251/DA/wrapper/wrapper.gen/sources_1/bd/SoC/ipshared/1e43/src/encrypt_parallel.v:554]
WARNING: [Synth 8-8895] 'add_out_addr_sr2' is already implicitly declared on line 544 [d:/University/251/DA/wrapper/wrapper.gen/sources_1/bd/SoC/ipshared/1e43/src/encrypt_parallel.v:554]
WARNING: [Synth 8-8895] 'add_out_valid' is already implicitly declared on line 506 [d:/University/251/DA/wrapper/wrapper.gen/sources_1/bd/SoC/ipshared/1e43/src/encrypt_parallel.v:555]
WARNING: [Synth 8-8895] 'add_out_valid_sr2' is already implicitly declared on line 545 [d:/University/251/DA/wrapper/wrapper.gen/sources_1/bd/SoC/ipshared/1e43/src/encrypt_parallel.v:555]
WARNING: [Synth 8-8895] 'xor_add_en' is already implicitly declared on line 350 [d:/University/251/DA/wrapper/wrapper.gen/sources_1/bd/SoC/ipshared/1e43/src/encrypt_parallel.v:613]
WARNING: [Synth 8-8895] 'xor_add_addr' is already implicitly declared on line 539 [d:/University/251/DA/wrapper/wrapper.gen/sources_1/bd/SoC/ipshared/1e43/src/encrypt_parallel.v:614]
WARNING: [Synth 8-8895] 'xor_add_out' is already implicitly declared on line 543 [d:/University/251/DA/wrapper/wrapper.gen/sources_1/bd/SoC/ipshared/1e43/src/encrypt_parallel.v:616]
WARNING: [Synth 8-8895] 'xor_add_out_addr' is already implicitly declared on line 544 [d:/University/251/DA/wrapper/wrapper.gen/sources_1/bd/SoC/ipshared/1e43/src/encrypt_parallel.v:617]
WARNING: [Synth 8-8895] 'xor_add_out_valid' is already implicitly declared on line 545 [d:/University/251/DA/wrapper/wrapper.gen/sources_1/bd/SoC/ipshared/1e43/src/encrypt_parallel.v:618]
WARNING: [Synth 8-8895] 'en_r1' is already implicitly declared on line 361 [d:/University/251/DA/wrapper/wrapper.gen/sources_1/bd/SoC/ipshared/1e43/src/encrypt_parallel.v:654]
WARNING: [Synth 8-8895] 'en_r2' is already implicitly declared on line 382 [d:/University/251/DA/wrapper/wrapper.gen/sources_1/bd/SoC/ipshared/1e43/src/encrypt_parallel.v:655]
WARNING: [Synth 8-9400] empty statement in sequential block [d:/University/251/DA/wrapper/wrapper.gen/sources_1/bd/SoC/ipshared/1e43/src/encrypt_parallel.v:683]
WARNING: [Synth 8-8895] 'wen_fw' is already implicitly declared on line 361 [d:/University/251/DA/wrapper/wrapper.gen/sources_1/bd/SoC/ipshared/1e43/src/encrypt_parallel.v:856]
CRITICAL WARNING: [Synth 8-9339] data object 'sel_fw' is already declared [d:/University/251/DA/wrapper/wrapper.gen/sources_1/bd/SoC/ipshared/1e43/src/encrypt_parallel.v:856]
INFO: [Synth 8-6826] previous declaration of 'sel_fw' is from here [d:/University/251/DA/wrapper/wrapper.gen/sources_1/bd/SoC/ipshared/1e43/src/encrypt_parallel.v:195]
CRITICAL WARNING: [Synth 8-11152] second declaration of 'sel_fw' is ignored [d:/University/251/DA/wrapper/wrapper.gen/sources_1/bd/SoC/ipshared/1e43/src/encrypt_parallel.v:856]
WARNING: [Synth 8-8895] 'rd_fw' is already implicitly declared on line 360 [d:/University/251/DA/wrapper/wrapper.gen/sources_1/bd/SoC/ipshared/1e43/src/encrypt_parallel.v:856]
WARNING: [Synth 8-8895] 'fw_addr_reg' is already implicitly declared on line 360 [d:/University/251/DA/wrapper/wrapper.gen/sources_1/bd/SoC/ipshared/1e43/src/encrypt_parallel.v:863]
WARNING: [Synth 8-6901] identifier 'rd_fw' is used before its declaration [d:/University/251/DA/wrapper/wrapper.gen/sources_1/bd/SoC/ipshared/1e43/src/encrypt_parallel.v:209]
WARNING: [Synth 8-6901] identifier 'sel_e' is used before its declaration [d:/University/251/DA/wrapper/wrapper.gen/sources_1/bd/SoC/ipshared/1e43/src/encrypt_parallel.v:209]
WARNING: [Synth 8-6901] identifier 'fw_addr' is used before its declaration [d:/University/251/DA/wrapper/wrapper.gen/sources_1/bd/SoC/ipshared/1e43/src/encrypt_parallel.v:211]
WARNING: [Synth 8-6901] identifier 'sel_e' is used before its declaration [d:/University/251/DA/wrapper/wrapper.gen/sources_1/bd/SoC/ipshared/1e43/src/encrypt_parallel.v:212]
WARNING: [Synth 8-6901] identifier 'e_rd_addr' is used before its declaration [d:/University/251/DA/wrapper/wrapper.gen/sources_1/bd/SoC/ipshared/1e43/src/encrypt_parallel.v:212]
WARNING: [Synth 8-6901] identifier 'pm_out_sr2' is used before its declaration [d:/University/251/DA/wrapper/wrapper.gen/sources_1/bd/SoC/ipshared/1e43/src/encrypt_parallel.v:335]
WARNING: [Synth 8-6901] identifier 'pm_out' is used before its declaration [d:/University/251/DA/wrapper/wrapper.gen/sources_1/bd/SoC/ipshared/1e43/src/encrypt_parallel.v:335]
WARNING: [Synth 8-11065] parameter 's_wait_start' becomes localparam in 'encrypt_parallel' with formal parameter declaration list [d:/University/251/DA/wrapper/wrapper.gen/sources_1/bd/SoC/ipshared/1e43/src/encrypt_parallel.v:646]
WARNING: [Synth 8-11065] parameter 's_gen_r1' becomes localparam in 'encrypt_parallel' with formal parameter declaration list [d:/University/251/DA/wrapper/wrapper.gen/sources_1/bd/SoC/ipshared/1e43/src/encrypt_parallel.v:647]
WARNING: [Synth 8-11065] parameter 's_gen_r2' becomes localparam in 'encrypt_parallel' with formal parameter declaration list [d:/University/251/DA/wrapper/wrapper.gen/sources_1/bd/SoC/ipshared/1e43/src/encrypt_parallel.v:648]
WARNING: [Synth 8-11065] parameter 's_gen_e' becomes localparam in 'encrypt_parallel' with formal parameter declaration list [d:/University/251/DA/wrapper/wrapper.gen/sources_1/bd/SoC/ipshared/1e43/src/encrypt_parallel.v:649]
WARNING: [Synth 8-11065] parameter 's_done' becomes localparam in 'encrypt_parallel' with formal parameter declaration list [d:/University/251/DA/wrapper/wrapper.gen/sources_1/bd/SoC/ipshared/1e43/src/encrypt_parallel.v:650]
WARNING: [Synth 8-11065] parameter 's_wait_r1_transfer' becomes localparam in 'encrypt_parallel' with formal parameter declaration list [d:/University/251/DA/wrapper/wrapper.gen/sources_1/bd/SoC/ipshared/1e43/src/encrypt_parallel.v:651]
WARNING: [Synth 8-11065] parameter 's_wait_r2_transfer' becomes localparam in 'encrypt_parallel' with formal parameter declaration list [d:/University/251/DA/wrapper/wrapper.gen/sources_1/bd/SoC/ipshared/1e43/src/encrypt_parallel.v:652]
WARNING: [Synth 8-6901] identifier 'r2_done' is used before its declaration [d:/University/251/DA/wrapper/wrapper.gen/sources_1/bd/SoC/ipshared/1e43/src/encrypt_parallel.v:668]
WARNING: [Synth 8-6901] identifier 'r2_done' is used before its declaration [d:/University/251/DA/wrapper/wrapper.gen/sources_1/bd/SoC/ipshared/1e43/src/encrypt_parallel.v:676]
WARNING: [Synth 8-6901] identifier 'r2_done' is used before its declaration [d:/University/251/DA/wrapper/wrapper.gen/sources_1/bd/SoC/ipshared/1e43/src/encrypt_parallel.v:688]
WARNING: [Synth 8-6901] identifier 'done_fw_transfer' is used before its declaration [d:/University/251/DA/wrapper/wrapper.gen/sources_1/bd/SoC/ipshared/1e43/src/encrypt_parallel.v:710]
WARNING: [Synth 8-6901] identifier 'r2_done' is used before its declaration [d:/University/251/DA/wrapper/wrapper.gen/sources_1/bd/SoC/ipshared/1e43/src/encrypt_parallel.v:718]
WARNING: [Synth 8-6901] identifier 'done_fw_transfer' is used before its declaration [d:/University/251/DA/wrapper/wrapper.gen/sources_1/bd/SoC/ipshared/1e43/src/encrypt_parallel.v:720]
WARNING: [Synth 8-6901] identifier 'done_fw_transfer' is used before its declaration [d:/University/251/DA/wrapper/wrapper.gen/sources_1/bd/SoC/ipshared/1e43/src/encrypt_parallel.v:744]
WARNING: [Synth 8-6901] identifier 'r2_done' is used before its declaration [d:/University/251/DA/wrapper/wrapper.gen/sources_1/bd/SoC/ipshared/1e43/src/encrypt_parallel.v:748]
WARNING: [Synth 8-6901] identifier 'done_fw_transfer' is used before its declaration [d:/University/251/DA/wrapper/wrapper.gen/sources_1/bd/SoC/ipshared/1e43/src/encrypt_parallel.v:755]
WARNING: [Synth 8-6901] identifier 'r2_done' is used before its declaration [d:/University/251/DA/wrapper/wrapper.gen/sources_1/bd/SoC/ipshared/1e43/src/encrypt_parallel.v:757]
WARNING: [Synth 8-6901] identifier 'r2_done' is used before its declaration [d:/University/251/DA/wrapper/wrapper.gen/sources_1/bd/SoC/ipshared/1e43/src/encrypt_parallel.v:760]
WARNING: [Synth 8-6901] identifier 'r2_done' is used before its declaration [d:/University/251/DA/wrapper/wrapper.gen/sources_1/bd/SoC/ipshared/1e43/src/encrypt_parallel.v:777]
WARNING: [Synth 8-6901] identifier 'start_fw_transfer' is used before its declaration [d:/University/251/DA/wrapper/wrapper.gen/sources_1/bd/SoC/ipshared/1e43/src/encrypt_parallel.v:789]
WARNING: [Synth 8-6901] identifier 'start_fw_transfer' is used before its declaration [d:/University/251/DA/wrapper/wrapper.gen/sources_1/bd/SoC/ipshared/1e43/src/encrypt_parallel.v:805]
WARNING: [Synth 8-6901] identifier 'start_fw_transfer' is used before its declaration [d:/University/251/DA/wrapper/wrapper.gen/sources_1/bd/SoC/ipshared/1e43/src/encrypt_parallel.v:808]
WARNING: [Synth 8-6901] identifier 'start_fw_transfer' is used before its declaration [d:/University/251/DA/wrapper/wrapper.gen/sources_1/bd/SoC/ipshared/1e43/src/encrypt_parallel.v:814]
WARNING: [Synth 8-6901] identifier 'start_fw_transfer' is used before its declaration [d:/University/251/DA/wrapper/wrapper.gen/sources_1/bd/SoC/ipshared/1e43/src/encrypt_parallel.v:822]
WARNING: [Synth 8-6901] identifier 'start_fw_transfer' is used before its declaration [d:/University/251/DA/wrapper/wrapper.gen/sources_1/bd/SoC/ipshared/1e43/src/encrypt_parallel.v:825]
WARNING: [Synth 8-6901] identifier 'start_fw_transfer' is used before its declaration [d:/University/251/DA/wrapper/wrapper.gen/sources_1/bd/SoC/ipshared/1e43/src/encrypt_parallel.v:831]
WARNING: [Synth 8-6901] identifier 'start_fw_transfer' is used before its declaration [d:/University/251/DA/wrapper/wrapper.gen/sources_1/bd/SoC/ipshared/1e43/src/encrypt_parallel.v:838]
WARNING: [Synth 8-6901] identifier 'start_fw_transfer' is used before its declaration [d:/University/251/DA/wrapper/wrapper.gen/sources_1/bd/SoC/ipshared/1e43/src/encrypt_parallel.v:848]
INFO: [Common 17-14] Message 'Synth 8-6901' appears 100 times and further instances of the messages will be disabled. Use the Tcl command set_msg_config to change the current settings.
WARNING: [Synth 8-11065] parameter 'trx_wait_start' becomes localparam in 'encrypt_parallel' with formal parameter declaration list [d:/University/251/DA/wrapper/wrapper.gen/sources_1/bd/SoC/ipshared/1e43/src/encrypt_parallel.v:860]
WARNING: [Synth 8-11065] parameter 'trx_tranfer' becomes localparam in 'encrypt_parallel' with formal parameter declaration list [d:/University/251/DA/wrapper/wrapper.gen/sources_1/bd/SoC/ipshared/1e43/src/encrypt_parallel.v:861]
WARNING: [Synth 8-11065] parameter 'trx_done' becomes localparam in 'encrypt_parallel' with formal parameter declaration list [d:/University/251/DA/wrapper/wrapper.gen/sources_1/bd/SoC/ipshared/1e43/src/encrypt_parallel.v:862]
WARNING: [Synth 8-11065] parameter 'u_wait_start' becomes localparam in 'encrypt_parallel' with formal parameter declaration list [d:/University/251/DA/wrapper/wrapper.gen/sources_1/bd/SoC/ipshared/1e43/src/encrypt_parallel.v:955]
WARNING: [Synth 8-11065] parameter 'u_r2_mul_h' becomes localparam in 'encrypt_parallel' with formal parameter declaration list [d:/University/251/DA/wrapper/wrapper.gen/sources_1/bd/SoC/ipshared/1e43/src/encrypt_parallel.v:956]
WARNING: [Synth 8-11065] parameter 'u_r1_plus_r2h' becomes localparam in 'encrypt_parallel' with formal parameter declaration list [d:/University/251/DA/wrapper/wrapper.gen/sources_1/bd/SoC/ipshared/1e43/src/encrypt_parallel.v:957]
WARNING: [Synth 8-11065] parameter 'u_move_u_bram' becomes localparam in 'encrypt_parallel' with formal parameter declaration list [d:/University/251/DA/wrapper/wrapper.gen/sources_1/bd/SoC/ipshared/1e43/src/encrypt_parallel.v:958]
WARNING: [Synth 8-11065] parameter 'v_wait_start' becomes localparam in 'encrypt_parallel' with formal parameter declaration list [d:/University/251/DA/wrapper/wrapper.gen/sources_1/bd/SoC/ipshared/1e43/src/encrypt_parallel.v:1088]
WARNING: [Synth 8-11065] parameter 'v_s_mul_r2' becomes localparam in 'encrypt_parallel' with formal parameter declaration list [d:/University/251/DA/wrapper/wrapper.gen/sources_1/bd/SoC/ipshared/1e43/src/encrypt_parallel.v:1089]
WARNING: [Synth 8-11065] parameter 'v_e_plus_sr2' becomes localparam in 'encrypt_parallel' with formal parameter declaration list [d:/University/251/DA/wrapper/wrapper.gen/sources_1/bd/SoC/ipshared/1e43/src/encrypt_parallel.v:1090]
WARNING: [Synth 8-11065] parameter 'v_mG_plus_sr2_plus_e' becomes localparam in 'encrypt_parallel' with formal parameter declaration list [d:/University/251/DA/wrapper/wrapper.gen/sources_1/bd/SoC/ipshared/1e43/src/encrypt_parallel.v:1091]
WARNING: [Synth 8-11121] redeclaration of ANSI port 'din_shake' is not allowed [d:/University/251/DA/wrapper/wrapper.gen/sources_1/bd/SoC/ipshared/1e43/src/fixed_weight.v:161]
WARNING: [Synth 8-11065] parameter 's_initialize' becomes localparam in 'fixed_weight' with formal parameter declaration list [d:/University/251/DA/wrapper/wrapper.gen/sources_1/bd/SoC/ipshared/1e43/src/fixed_weight.v:146]
WARNING: [Synth 8-11065] parameter 's_wait_start' becomes localparam in 'fixed_weight' with formal parameter declaration list [d:/University/251/DA/wrapper/wrapper.gen/sources_1/bd/SoC/ipshared/1e43/src/fixed_weight.v:147]
WARNING: [Synth 8-11065] parameter 's_load_shake' becomes localparam in 'fixed_weight' with formal parameter declaration list [d:/University/251/DA/wrapper/wrapper.gen/sources_1/bd/SoC/ipshared/1e43/src/fixed_weight.v:148]
WARNING: [Synth 8-11065] parameter 's_stall_1' becomes localparam in 'fixed_weight' with formal parameter declaration list [d:/University/251/DA/wrapper/wrapper.gen/sources_1/bd/SoC/ipshared/1e43/src/fixed_weight.v:149]
WARNING: [Synth 8-11065] parameter 's_wait_sort' becomes localparam in 'fixed_weight' with formal parameter declaration list [d:/University/251/DA/wrapper/wrapper.gen/sources_1/bd/SoC/ipshared/1e43/src/fixed_weight.v:150]
WARNING: [Synth 8-11065] parameter 's_wait_onegen' becomes localparam in 'fixed_weight' with formal parameter declaration list [d:/University/251/DA/wrapper/wrapper.gen/sources_1/bd/SoC/ipshared/1e43/src/fixed_weight.v:151]
WARNING: [Synth 8-11065] parameter 's_stall_first' becomes localparam in 'fixed_weight' with formal parameter declaration list [d:/University/251/DA/wrapper/wrapper.gen/sources_1/bd/SoC/ipshared/1e43/src/fixed_weight.v:152]
WARNING: [Synth 8-11065] parameter 's_test' becomes localparam in 'fixed_weight' with formal parameter declaration list [d:/University/251/DA/wrapper/wrapper.gen/sources_1/bd/SoC/ipshared/1e43/src/fixed_weight.v:153]
WARNING: [Synth 8-11065] parameter 's_ctx_wait_valid' becomes localparam in 'fixed_weight' with formal parameter declaration list [d:/University/251/DA/wrapper/wrapper.gen/sources_1/bd/SoC/ipshared/1e43/src/fixed_weight.v:376]
WARNING: [Synth 8-11065] parameter 's_ctx_first' becomes localparam in 'fixed_weight' with formal parameter declaration list [d:/University/251/DA/wrapper/wrapper.gen/sources_1/bd/SoC/ipshared/1e43/src/fixed_weight.v:377]
WARNING: [Synth 8-11065] parameter 's_ctx_second' becomes localparam in 'fixed_weight' with formal parameter declaration list [d:/University/251/DA/wrapper/wrapper.gen/sources_1/bd/SoC/ipshared/1e43/src/fixed_weight.v:378]
WARNING: [Synth 8-11065] parameter 's_ctx_third' becomes localparam in 'fixed_weight' with formal parameter declaration list [d:/University/251/DA/wrapper/wrapper.gen/sources_1/bd/SoC/ipshared/1e43/src/fixed_weight.v:379]
WARNING: [Synth 8-11065] parameter 's_ctx_fourth' becomes localparam in 'fixed_weight' with formal parameter declaration list [d:/University/251/DA/wrapper/wrapper.gen/sources_1/bd/SoC/ipshared/1e43/src/fixed_weight.v:380]
WARNING: [Synth 8-11065] parameter 's_ctx_done' becomes localparam in 'fixed_weight' with formal parameter declaration list [d:/University/251/DA/wrapper/wrapper.gen/sources_1/bd/SoC/ipshared/1e43/src/fixed_weight.v:381]
WARNING: [Synth 8-11065] parameter 's_red_wait' becomes localparam in 'fixed_weight' with formal parameter declaration list [d:/University/251/DA/wrapper/wrapper.gen/sources_1/bd/SoC/ipshared/1e43/src/fixed_weight.v:563]
WARNING: [Synth 8-11065] parameter 's_red_stall_0' becomes localparam in 'fixed_weight' with formal parameter declaration list [d:/University/251/DA/wrapper/wrapper.gen/sources_1/bd/SoC/ipshared/1e43/src/fixed_weight.v:564]
WARNING: [Synth 8-11065] parameter 's_red_move' becomes localparam in 'fixed_weight' with formal parameter declaration list [d:/University/251/DA/wrapper/wrapper.gen/sources_1/bd/SoC/ipshared/1e43/src/fixed_weight.v:565]
WARNING: [Synth 8-11065] parameter 's_red_stall_1' becomes localparam in 'fixed_weight' with formal parameter declaration list [d:/University/251/DA/wrapper/wrapper.gen/sources_1/bd/SoC/ipshared/1e43/src/fixed_weight.v:566]
WARNING: [Synth 8-11065] parameter 's_red_stall_1_1' becomes localparam in 'fixed_weight' with formal parameter declaration list [d:/University/251/DA/wrapper/wrapper.gen/sources_1/bd/SoC/ipshared/1e43/src/fixed_weight.v:567]
INFO: [Common 17-14] Message 'Synth 8-11065' appears 100 times and further instances of the messages will be disabled. Use the Tcl command set_msg_config to change the current settings.
WARNING: [Synth 8-11121] redeclaration of ANSI port 'din_shake' is not allowed [d:/University/251/DA/wrapper/wrapper.gen/sources_1/bd/SoC/ipshared/1e43/src/fixed_weight_ct.v:153]
WARNING: [Synth 8-11121] redeclaration of ANSI port 'din_shake' is not allowed [d:/University/251/DA/wrapper/wrapper.gen/sources_1/bd/SoC/ipshared/1e43/src/fixed_weight_cww.v:141]
INFO: [Synth 8-11241] undeclared symbol 'dout_reduced_valid', assumed default net type 'wire' [d:/University/251/DA/wrapper/wrapper.gen/sources_1/bd/SoC/ipshared/1e43/src/fixed_weight_cww.v:241]
INFO: [Synth 8-11241] undeclared symbol 'n_minus_i', assumed default net type 'wire' [d:/University/251/DA/wrapper/wrapper.gen/sources_1/bd/SoC/ipshared/1e43/src/fixed_weight_cww.v:244]
INFO: [Synth 8-11241] undeclared symbol 'dout_shake_reduced', assumed default net type 'wire' [d:/University/251/DA/wrapper/wrapper.gen/sources_1/bd/SoC/ipshared/1e43/src/fixed_weight_cww.v:245]
WARNING: [Synth 8-8895] 'dout_shake_reduced' is already implicitly declared on line 245 [d:/University/251/DA/wrapper/wrapper.gen/sources_1/bd/SoC/ipshared/1e43/src/fixed_weight_cww.v:270]
WARNING: [Synth 8-8895] 'n_minus_i' is already implicitly declared on line 244 [d:/University/251/DA/wrapper/wrapper.gen/sources_1/bd/SoC/ipshared/1e43/src/fixed_weight_cww.v:309]
WARNING: [Synth 8-8895] 'dout_reduced_valid' is already implicitly declared on line 241 [d:/University/251/DA/wrapper/wrapper.gen/sources_1/bd/SoC/ipshared/1e43/src/fixed_weight_cww.v:322]
INFO: [Synth 8-11241] undeclared symbol 'last_din', assumed default net type 'wire' [d:/University/251/DA/wrapper/wrapper.gen/sources_1/bd/SoC/ipshared/1e43/src/hqc_rmdecod_findpeaks.v:176]
INFO: [Synth 8-11241] undeclared symbol 'last_cnt', assumed default net type 'wire' [d:/University/251/DA/wrapper/wrapper.gen/sources_1/bd/SoC/ipshared/1e43/src/hqc_rsdecod_elp.v:186]
CRITICAL WARNING: [Synth 8-9339] data object 'fft_done' is already declared [d:/University/251/DA/wrapper/wrapper.gen/sources_1/bd/SoC/ipshared/1e43/src/hqc_rsdecod_roots.v:47]
INFO: [Synth 8-6826] previous declaration of 'fft_done' is from here [d:/University/251/DA/wrapper/wrapper.gen/sources_1/bd/SoC/ipshared/1e43/src/hqc_rsdecod_roots.v:44]
CRITICAL WARNING: [Synth 8-11152] second declaration of 'fft_done' is ignored [d:/University/251/DA/wrapper/wrapper.gen/sources_1/bd/SoC/ipshared/1e43/src/hqc_rsdecod_roots.v:47]
INFO: [Synth 8-11241] undeclared symbol 'err_val_valid', assumed default net type 'wire' [d:/University/251/DA/wrapper/wrapper.gen/sources_1/bd/SoC/ipshared/1e43/src/hqc_rsdecod_top.v:147]
INFO: [Synth 8-11241] undeclared symbol 'x_addr_reg', assumed default net type 'wire' [d:/University/251/DA/wrapper/wrapper.gen/sources_1/bd/SoC/ipshared/1e43/src/keygen.v:317]
INFO: [Synth 8-11241] undeclared symbol 'pm_rd_addr', assumed default net type 'wire' [d:/University/251/DA/wrapper/wrapper.gen/sources_1/bd/SoC/ipshared/1e43/src/keygen.v:387]
INFO: [Synth 8-11241] undeclared symbol 'pm_rd_en', assumed default net type 'wire' [d:/University/251/DA/wrapper/wrapper.gen/sources_1/bd/SoC/ipshared/1e43/src/keygen.v:388]
INFO: [Synth 8-11241] undeclared symbol 'pm_out', assumed default net type 'wire' [d:/University/251/DA/wrapper/wrapper.gen/sources_1/bd/SoC/ipshared/1e43/src/keygen.v:390]
INFO: [Synth 8-11241] undeclared symbol 'add_out', assumed default net type 'wire' [d:/University/251/DA/wrapper/wrapper.gen/sources_1/bd/SoC/ipshared/1e43/src/keygen.v:392]
INFO: [Synth 8-11241] undeclared symbol 'add_out_addr', assumed default net type 'wire' [d:/University/251/DA/wrapper/wrapper.gen/sources_1/bd/SoC/ipshared/1e43/src/keygen.v:393]
INFO: [Synth 8-11241] undeclared symbol 'add_out_valid', assumed default net type 'wire' [d:/University/251/DA/wrapper/wrapper.gen/sources_1/bd/SoC/ipshared/1e43/src/keygen.v:394]
WARNING: [Synth 8-8895] 'pm_out' is already implicitly declared on line 390 [d:/University/251/DA/wrapper/wrapper.gen/sources_1/bd/SoC/ipshared/1e43/src/keygen.v:398]
WARNING: [Synth 8-8895] 'pm_rd_addr' is already implicitly declared on line 387 [d:/University/251/DA/wrapper/wrapper.gen/sources_1/bd/SoC/ipshared/1e43/src/keygen.v:399]
WARNING: [Synth 8-8895] 'pm_rd_en' is already implicitly declared on line 388 [d:/University/251/DA/wrapper/wrapper.gen/sources_1/bd/SoC/ipshared/1e43/src/keygen.v:400]
WARNING: [Synth 8-8895] 'add_out' is already implicitly declared on line 392 [d:/University/251/DA/wrapper/wrapper.gen/sources_1/bd/SoC/ipshared/1e43/src/keygen.v:402]
WARNING: [Synth 8-8895] 'add_out_addr' is already implicitly declared on line 393 [d:/University/251/DA/wrapper/wrapper.gen/sources_1/bd/SoC/ipshared/1e43/src/keygen.v:403]
WARNING: [Synth 8-8895] 'add_out_valid' is already implicitly declared on line 394 [d:/University/251/DA/wrapper/wrapper.gen/sources_1/bd/SoC/ipshared/1e43/src/keygen.v:404]
WARNING: [Synth 8-8895] 'x_addr_reg' is already implicitly declared on line 317 [d:/University/251/DA/wrapper/wrapper.gen/sources_1/bd/SoC/ipshared/1e43/src/keygen.v:702]
INFO: [Synth 8-11241] undeclared symbol 'error_1', assumed default net type 'wire' [d:/University/251/DA/wrapper/wrapper.gen/sources_1/bd/SoC/ipshared/1e43/src/onegen.v:165]
INFO: [Synth 8-11241] undeclared symbol 'error_1', assumed default net type 'wire' [d:/University/251/DA/wrapper/wrapper.gen/sources_1/bd/SoC/ipshared/1e43/src/onegen_ct.v:165]
WARNING: [Synth 8-11121] redeclaration of ANSI port 'mux_word_0' is not allowed [d:/University/251/DA/wrapper/wrapper.gen/sources_1/bd/SoC/ipshared/1e43/src/poly_mult.v:103]
WARNING: [Synth 8-11121] redeclaration of ANSI port 'mux_word_1' is not allowed [d:/University/251/DA/wrapper/wrapper.gen/sources_1/bd/SoC/ipshared/1e43/src/poly_mult.v:104]
INFO: [Synth 8-11241] undeclared symbol 'wr_en', assumed default net type 'wire' [d:/University/251/DA/wrapper/wrapper.gen/sources_1/bd/SoC/ipshared/1e43/src/reed_muller_encode.v:93]
WARNING: [Synth 8-8895] 'wr_en' is already implicitly declared on line 93 [d:/University/251/DA/wrapper/wrapper.gen/sources_1/bd/SoC/ipshared/1e43/src/reed_muller_encode.v:101]
WARNING: [Synth 8-1958] event expressions must result in a singular type [d:/University/251/DA/wrapper/wrapper.gen/sources_1/bd/SoC/ipshared/1e43/src/state_ram.v:122]
WARNING: [Synth 8-1958] event expressions must result in a singular type [d:/University/251/DA/wrapper/wrapper.gen/sources_1/bd/SoC/ipshared/1e43/src/state_ram.v:122]
WARNING: [Synth 8-1958] event expressions must result in a singular type [d:/University/251/DA/wrapper/wrapper.gen/sources_1/bd/SoC/ipshared/1e43/src/state_ram.v:228]
WARNING: [Synth 8-1958] event expressions must result in a singular type [d:/University/251/DA/wrapper/wrapper.gen/sources_1/bd/SoC/ipshared/1e43/src/state_ram.v:278]
WARNING: [Synth 8-1958] event expressions must result in a singular type [d:/University/251/DA/wrapper/wrapper.gen/sources_1/bd/SoC/ipshared/1e43/src/state_ram.v:278]
WARNING: [Synth 8-1958] event expressions must result in a singular type [d:/University/251/DA/wrapper/wrapper.gen/sources_1/bd/SoC/ipshared/1e43/src/state_ram.v:379]
WARNING: [Synth 8-1958] event expressions must result in a singular type [d:/University/251/DA/wrapper/wrapper.gen/sources_1/bd/SoC/ipshared/1e43/src/state_ram.v:379]
CRITICAL WARNING: [Synth 8-9339] data object 'pm_out' is already declared [d:/University/251/DA/wrapper/wrapper.gen/sources_1/bd/SoC/ipshared/1e43/src/v_minus_uy.v:219]
INFO: [Synth 8-6826] previous declaration of 'pm_out' is from here [d:/University/251/DA/wrapper/wrapper.gen/sources_1/bd/SoC/ipshared/1e43/src/v_minus_uy.v:136]
CRITICAL WARNING: [Synth 8-11152] second declaration of 'pm_out' is ignored [d:/University/251/DA/wrapper/wrapper.gen/sources_1/bd/SoC/ipshared/1e43/src/v_minus_uy.v:219]
WARNING: [Synth 8-11121] redeclaration of ANSI port 'shake_din' is not allowed [d:/University/251/DA/wrapper/wrapper.gen/sources_1/bd/SoC/ipshared/1e43/src/vect_set_random.v:104]
INFO: [Synth 8-11241] undeclared symbol 'rand_mem_in', assumed default net type 'wire' [d:/University/251/DA/wrapper/wrapper.gen/sources_1/bd/SoC/ipshared/1e43/src/vect_set_random.v:151]
INFO: [Synth 8-11241] undeclared symbol 'wr_en_rand', assumed default net type 'wire' [d:/University/251/DA/wrapper/wrapper.gen/sources_1/bd/SoC/ipshared/1e43/src/vect_set_random.v:155]
WARNING: [Synth 8-8895] 'rand_mem_in' is already implicitly declared on line 151 [d:/University/251/DA/wrapper/wrapper.gen/sources_1/bd/SoC/ipshared/1e43/src/vect_set_random.v:167]
WARNING: [Synth 8-8895] 'wr_en_rand' is already implicitly declared on line 155 [d:/University/251/DA/wrapper/wrapper.gen/sources_1/bd/SoC/ipshared/1e43/src/vect_set_random.v:168]
INFO: [Synth 8-11241] undeclared symbol 'w_gpio_ctrl', assumed default net type 'wire' [d:/University/251/DA/wrapper/wrapper.gen/sources_1/bd/SoC/ipshared/1e43/src/axi_wrapper.v:73]
INFO: [Synth 8-11241] undeclared symbol 'w_gpio_addr', assumed default net type 'wire' [d:/University/251/DA/wrapper/wrapper.gen/sources_1/bd/SoC/ipshared/1e43/src/axi_wrapper.v:74]
INFO: [Synth 8-11241] undeclared symbol 'w_gpio_wdata', assumed default net type 'wire' [d:/University/251/DA/wrapper/wrapper.gen/sources_1/bd/SoC/ipshared/1e43/src/axi_wrapper.v:75]
INFO: [Synth 8-11241] undeclared symbol 'w_gpio_rdata', assumed default net type 'wire' [d:/University/251/DA/wrapper/wrapper.gen/sources_1/bd/SoC/ipshared/1e43/src/axi_wrapper.v:76]
WARNING: [Synth 8-8895] 'w_gpio_ctrl' is already implicitly declared on line 73 [d:/University/251/DA/wrapper/wrapper.gen/sources_1/bd/SoC/ipshared/1e43/src/axi_wrapper.v:81]
WARNING: [Synth 8-8895] 'w_gpio_addr' is already implicitly declared on line 74 [d:/University/251/DA/wrapper/wrapper.gen/sources_1/bd/SoC/ipshared/1e43/src/axi_wrapper.v:82]
WARNING: [Synth 8-8895] 'w_gpio_wdata' is already implicitly declared on line 75 [d:/University/251/DA/wrapper/wrapper.gen/sources_1/bd/SoC/ipshared/1e43/src/axi_wrapper.v:83]
WARNING: [Synth 8-8895] 'w_gpio_rdata' is already implicitly declared on line 76 [d:/University/251/DA/wrapper/wrapper.gen/sources_1/bd/SoC/ipshared/1e43/src/axi_wrapper.v:84]
---------------------------------------------------------------------------------
Starting RTL Elaboration : Time (s): cpu = 00:00:05 ; elapsed = 00:00:06 . Memory (MB): peak = 3020.824 ; gain = 101.633
---------------------------------------------------------------------------------
INFO: [Synth 8-6157] synthesizing module 'SoC_wrapper' [d:/University/251/DA/wrapper/wrapper.gen/sources_1/bd/SoC/hdl/SoC_wrapper.v:12]
INFO: [Synth 8-6157] synthesizing module 'SoC' [d:/University/251/DA/wrapper/wrapper.gen/sources_1/bd/SoC/synth/SoC.v:12]
INFO: [Synth 8-6157] synthesizing module 'SoC_axi_wrapper_0_0' [d:/University/251/DA/wrapper/wrapper.gen/sources_1/bd/SoC/ip/SoC_axi_wrapper_0_0/synth/SoC_axi_wrapper_0_0.v:53]
INFO: [Synth 8-6157] synthesizing module 'axi_wrapper' [d:/University/251/DA/wrapper/wrapper.gen/sources_1/bd/SoC/ipshared/1e43/src/axi_wrapper.v:4]
INFO: [Synth 8-6157] synthesizing module 'axi_wrapper_slave_lite_v1_0_S00_AXI' [d:/University/251/DA/wrapper/wrapper.gen/sources_1/bd/SoC/ipshared/1e43/src/axi_wrapper_slave_lite_v1_0_S00_AXI.v:4]
INFO: [Synth 8-155] case statement is not full and has no default [d:/University/251/DA/wrapper/wrapper.gen/sources_1/bd/SoC/ipshared/1e43/src/axi_wrapper_slave_lite_v1_0_S00_AXI.v:156]
INFO: [Synth 8-226] default block is never used [d:/University/251/DA/wrapper/wrapper.gen/sources_1/bd/SoC/ipshared/1e43/src/axi_wrapper_slave_lite_v1_0_S00_AXI.v:230]
INFO: [Synth 8-155] case statement is not full and has no default [d:/University/251/DA/wrapper/wrapper.gen/sources_1/bd/SoC/ipshared/1e43/src/axi_wrapper_slave_lite_v1_0_S00_AXI.v:283]
INFO: [Synth 8-6155] done synthesizing module 'axi_wrapper_slave_lite_v1_0_S00_AXI' (0#1) [d:/University/251/DA/wrapper/wrapper.gen/sources_1/bd/SoC/ipshared/1e43/src/axi_wrapper_slave_lite_v1_0_S00_AXI.v:4]
INFO: [Synth 8-6157] synthesizing module 'HQC_wrapper' [d:/University/251/DA/wrapper/wrapper.gen/sources_1/bd/SoC/ipshared/1e43/src/HQC_wrapper.v:4]
INFO: [Synth 8-6157] synthesizing module 'mem_dual' [d:/University/251/DA/wrapper/wrapper.gen/sources_1/bd/SoC/ipshared/1e43/src/mem_dual.v:8]
INFO: [Synth 8-6155] done synthesizing module 'mem_dual' (0#1) [d:/University/251/DA/wrapper/wrapper.gen/sources_1/bd/SoC/ipshared/1e43/src/mem_dual.v:8]
INFO: [Synth 8-6157] synthesizing module 'mem_dual__parameterized0' [d:/University/251/DA/wrapper/wrapper.gen/sources_1/bd/SoC/ipshared/1e43/src/mem_dual.v:8]
INFO: [Synth 8-6155] done synthesizing module 'mem_dual__parameterized0' (0#1) [d:/University/251/DA/wrapper/wrapper.gen/sources_1/bd/SoC/ipshared/1e43/src/mem_dual.v:8]
INFO: [Synth 8-6157] synthesizing module 'mem_dual__parameterized1' [d:/University/251/DA/wrapper/wrapper.gen/sources_1/bd/SoC/ipshared/1e43/src/mem_dual.v:8]
INFO: [Synth 8-6155] done synthesizing module 'mem_dual__parameterized1' (0#1) [d:/University/251/DA/wrapper/wrapper.gen/sources_1/bd/SoC/ipshared/1e43/src/mem_dual.v:8]
WARNING: [Synth 8-689] width (13) of port connection 'address_0' does not match port width (8) of module 'mem_dual__parameterized1' [d:/University/251/DA/wrapper/wrapper.gen/sources_1/bd/SoC/ipshared/1e43/src/HQC_wrapper.v:144]
WARNING: [Synth 8-689] width (13) of port connection 'address_1' does not match port width (8) of module 'mem_dual__parameterized1' [d:/University/251/DA/wrapper/wrapper.gen/sources_1/bd/SoC/ipshared/1e43/src/HQC_wrapper.v:147]
WARNING: [Synth 8-7071] port 'data_0' of module 'mem_dual' is unconnected for instance 'RAM_H' [d:/University/251/DA/wrapper/wrapper.gen/sources_1/bd/SoC/ipshared/1e43/src/HQC_wrapper.v:142]
WARNING: [Synth 8-7023] instance 'RAM_H' of module 'mem_dual' has 9 connections declared, but only 8 given [d:/University/251/DA/wrapper/wrapper.gen/sources_1/bd/SoC/ipshared/1e43/src/HQC_wrapper.v:142]
WARNING: [Synth 8-689] width (13) of port connection 'address_0' does not match port width (8) of module 'mem_dual__parameterized1' [d:/University/251/DA/wrapper/wrapper.gen/sources_1/bd/SoC/ipshared/1e43/src/HQC_wrapper.v:154]
WARNING: [Synth 8-689] width (13) of port connection 'address_1' does not match port width (8) of module 'mem_dual__parameterized1' [d:/University/251/DA/wrapper/wrapper.gen/sources_1/bd/SoC/ipshared/1e43/src/HQC_wrapper.v:157]
WARNING: [Synth 8-7071] port 'data_0' of module 'mem_dual' is unconnected for instance 'RAM_S' [d:/University/251/DA/wrapper/wrapper.gen/sources_1/bd/SoC/ipshared/1e43/src/HQC_wrapper.v:152]
WARNING: [Synth 8-7023] instance 'RAM_S' of module 'mem_dual' has 9 connections declared, but only 8 given [d:/University/251/DA/wrapper/wrapper.gen/sources_1/bd/SoC/ipshared/1e43/src/HQC_wrapper.v:152]
WARNING: [Synth 8-689] width (13) of port connection 'address_0' does not match port width (8) of module 'mem_dual__parameterized1' [d:/University/251/DA/wrapper/wrapper.gen/sources_1/bd/SoC/ipshared/1e43/src/HQC_wrapper.v:163]
WARNING: [Synth 8-689] width (13) of port connection 'address_1' does not match port width (8) of module 'mem_dual__parameterized1' [d:/University/251/DA/wrapper/wrapper.gen/sources_1/bd/SoC/ipshared/1e43/src/HQC_wrapper.v:166]
WARNING: [Synth 8-7071] port 'data_0' of module 'mem_dual' is unconnected for instance 'RAM_U' [d:/University/251/DA/wrapper/wrapper.gen/sources_1/bd/SoC/ipshared/1e43/src/HQC_wrapper.v:161]
WARNING: [Synth 8-7023] instance 'RAM_U' of module 'mem_dual' has 9 connections declared, but only 8 given [d:/University/251/DA/wrapper/wrapper.gen/sources_1/bd/SoC/ipshared/1e43/src/HQC_wrapper.v:161]
WARNING: [Synth 8-689] width (13) of port connection 'address_0' does not match port width (8) of module 'mem_dual__parameterized1' [d:/University/251/DA/wrapper/wrapper.gen/sources_1/bd/SoC/ipshared/1e43/src/HQC_wrapper.v:172]
WARNING: [Synth 8-689] width (13) of port connection 'address_1' does not match port width (8) of module 'mem_dual__parameterized1' [d:/University/251/DA/wrapper/wrapper.gen/sources_1/bd/SoC/ipshared/1e43/src/HQC_wrapper.v:175]
WARNING: [Synth 8-7071] port 'data_0' of module 'mem_dual' is unconnected for instance 'RAM_V' [d:/University/251/DA/wrapper/wrapper.gen/sources_1/bd/SoC/ipshared/1e43/src/HQC_wrapper.v:170]
WARNING: [Synth 8-7023] instance 'RAM_V' of module 'mem_dual' has 9 connections declared, but only 8 given [d:/University/251/DA/wrapper/wrapper.gen/sources_1/bd/SoC/ipshared/1e43/src/HQC_wrapper.v:170]
INFO: [Synth 8-6157] synthesizing module 'hqc_kem_joint_design' [d:/University/251/DA/wrapper/wrapper.gen/sources_1/bd/SoC/ipshared/1e43/src/hqc_kem_joint_design.v:26]
INFO: [Synth 8-6157] synthesizing module 'keygen' [d:/University/251/DA/wrapper/wrapper.gen/sources_1/bd/SoC/ipshared/1e43/src/keygen.v:27]
INFO: [Synth 8-6157] synthesizing module 'fixed_weight_ct' [d:/University/251/DA/wrapper/wrapper.gen/sources_1/bd/SoC/ipshared/1e43/src/fixed_weight_ct.v:25]
INFO: [Synth 8-6157] synthesizing module 'mem_single' [d:/University/251/DA/wrapper/wrapper.gen/sources_1/bd/SoC/ipshared/1e43/src/mem_single.v:1]
INFO: [Synth 8-251] [MEM CHECK] File '' da duoc load. Gia tri tai [0] = xxxxxxxx [d:/University/251/DA/wrapper/wrapper.gen/sources_1/bd/SoC/ipshared/1e43/src/mem_single.v:27]
INFO: [Synth 8-6155] done synthesizing module 'mem_single' (0#1) [d:/University/251/DA/wrapper/wrapper.gen/sources_1/bd/SoC/ipshared/1e43/src/mem_single.v:1]
INFO: [Synth 8-6157] synthesizing module 'mem_dual__parameterized2' [d:/University/251/DA/wrapper/wrapper.gen/sources_1/bd/SoC/ipshared/1e43/src/mem_dual.v:8]
INFO: [Synth 8-6155] done synthesizing module 'mem_dual__parameterized2' (0#1) [d:/University/251/DA/wrapper/wrapper.gen/sources_1/bd/SoC/ipshared/1e43/src/mem_dual.v:8]
WARNING: [Synth 8-7071] port 'q_0' of module 'mem_dual' is unconnected for instance 'shake_ctx' [d:/University/251/DA/wrapper/wrapper.gen/sources_1/bd/SoC/ipshared/1e43/src/fixed_weight_ct.v:239]
WARNING: [Synth 8-7023] instance 'shake_ctx' of module 'mem_dual' has 9 connections declared, but only 8 given [d:/University/251/DA/wrapper/wrapper.gen/sources_1/bd/SoC/ipshared/1e43/src/fixed_weight_ct.v:239]
WARNING: [Synth 8-4446] all outputs are unconnected for this instance and logic may be removed [d:/University/251/DA/wrapper/wrapper.gen/sources_1/bd/SoC/ipshared/1e43/src/fixed_weight_ct.v:261]
INFO: [Synth 8-6157] synthesizing module 'hqc_barrett_red' [d:/University/251/DA/wrapper/wrapper.gen/sources_1/bd/SoC/ipshared/1e43/src/hqc_barrett_red.v:47]
WARNING: [Synth 8-5974] attribute "use_dsp48" has been deprecated, please use "use_dsp" instead 
WARNING: [Synth 8-6104] Input port 'c_o' has an internal driver [d:/University/251/DA/wrapper/wrapper.gen/sources_1/bd/SoC/ipshared/1e43/src/hqc_barrett_red.v:106]
INFO: [Synth 8-6155] done synthesizing module 'hqc_barrett_red' (0#1) [d:/University/251/DA/wrapper/wrapper.gen/sources_1/bd/SoC/ipshared/1e43/src/hqc_barrett_red.v:47]
INFO: [Synth 8-6157] synthesizing module 'mem_single__parameterized0' [d:/University/251/DA/wrapper/wrapper.gen/sources_1/bd/SoC/ipshared/1e43/src/mem_single.v:1]
INFO: [Synth 8-251] [MEM CHECK] File '' da duoc load. Gia tri tai [0] = xxxx [d:/University/251/DA/wrapper/wrapper.gen/sources_1/bd/SoC/ipshared/1e43/src/mem_single.v:27]
INFO: [Synth 8-6155] done synthesizing module 'mem_single__parameterized0' (0#1) [d:/University/251/DA/wrapper/wrapper.gen/sources_1/bd/SoC/ipshared/1e43/src/mem_single.v:1]
INFO: [Synth 8-6157] synthesizing module 'onegen_ct' [d:/University/251/DA/wrapper/wrapper.gen/sources_1/bd/SoC/ipshared/1e43/src/onegen_ct.v:25]
INFO: [Synth 8-6157] synthesizing module 'mem_dual__parameterized3' [d:/University/251/DA/wrapper/wrapper.gen/sources_1/bd/SoC/ipshared/1e43/src/mem_dual.v:8]
INFO: [Synth 8-6155] done synthesizing module 'mem_dual__parameterized3' (0#1) [d:/University/251/DA/wrapper/wrapper.gen/sources_1/bd/SoC/ipshared/1e43/src/mem_dual.v:8]
INFO: [Synth 8-6155] done synthesizing module 'onegen_ct' (0#1) [d:/University/251/DA/wrapper/wrapper.gen/sources_1/bd/SoC/ipshared/1e43/src/onegen_ct.v:25]
WARNING: [Synth 8-567] referenced signal 'mod_weight_minus_1' should be on the sensitivity list [d:/University/251/DA/wrapper/wrapper.gen/sources_1/bd/SoC/ipshared/1e43/src/fixed_weight_ct.v:458]
INFO: [Synth 8-6155] done synthesizing module 'fixed_weight_ct' (0#1) [d:/University/251/DA/wrapper/wrapper.gen/sources_1/bd/SoC/ipshared/1e43/src/fixed_weight_ct.v:25]
WARNING: [Synth 8-7071] port 'valid_vector' of module 'fixed_weight_ct' is unconnected for instance 'FIXEDWEIGHT' [d:/University/251/DA/wrapper/wrapper.gen/sources_1/bd/SoC/ipshared/1e43/src/keygen.v:254]
WARNING: [Synth 8-7023] instance 'FIXEDWEIGHT' of module 'fixed_weight_ct' has 19 connections declared, but only 18 given [d:/University/251/DA/wrapper/wrapper.gen/sources_1/bd/SoC/ipshared/1e43/src/keygen.v:254]
INFO: [Synth 8-6157] synthesizing module 'vect_set_random' [d:/University/251/DA/wrapper/wrapper.gen/sources_1/bd/SoC/ipshared/1e43/src/vect_set_random.v:28]
INFO: [Synth 8-6155] done synthesizing module 'vect_set_random' (0#1) [d:/University/251/DA/wrapper/wrapper.gen/sources_1/bd/SoC/ipshared/1e43/src/vect_set_random.v:28]
INFO: [Synth 8-6157] synthesizing module 'poly_mult' [d:/University/251/DA/wrapper/wrapper.gen/sources_1/bd/SoC/ipshared/1e43/src/poly_mult.v:25]
WARNING: [Synth 8-689] width (9) of port connection 'address_0' does not match port width (8) of module 'mem_dual__parameterized1' [d:/University/251/DA/wrapper/wrapper.gen/sources_1/bd/SoC/ipshared/1e43/src/poly_mult.v:247]
WARNING: [Synth 8-689] width (9) of port connection 'address_1' does not match port width (8) of module 'mem_dual__parameterized1' [d:/University/251/DA/wrapper/wrapper.gen/sources_1/bd/SoC/ipshared/1e43/src/poly_mult.v:248]
INFO: [Synth 8-6155] done synthesizing module 'poly_mult' (0#1) [d:/University/251/DA/wrapper/wrapper.gen/sources_1/bd/SoC/ipshared/1e43/src/poly_mult.v:25]
WARNING: [Synth 8-689] width (7) of port connection 'loc_addr' does not match port width (16) of module 'poly_mult' [d:/University/251/DA/wrapper/wrapper.gen/sources_1/bd/SoC/ipshared/1e43/src/keygen.v:376]
INFO: [Synth 8-6157] synthesizing module 'loc_based_adder' [d:/University/251/DA/wrapper/wrapper.gen/sources_1/bd/SoC/ipshared/1e43/src/loc_based_adder.v:3]
INFO: [Synth 8-6155] done synthesizing module 'loc_based_adder' (0#1) [d:/University/251/DA/wrapper/wrapper.gen/sources_1/bd/SoC/ipshared/1e43/src/loc_based_adder.v:3]
INFO: [Synth 8-6155] done synthesizing module 'keygen' (0#1) [d:/University/251/DA/wrapper/wrapper.gen/sources_1/bd/SoC/ipshared/1e43/src/keygen.v:27]
WARNING: [Synth 8-689] width (32) of port connection 'start' does not match port width (1) of module 'keygen' [d:/University/251/DA/wrapper/wrapper.gen/sources_1/bd/SoC/ipshared/1e43/src/hqc_kem_joint_design.v:376]
INFO: [Synth 8-6157] synthesizing module 'encap' [d:/University/251/DA/wrapper/wrapper.gen/sources_1/bd/SoC/ipshared/1e43/src/encap.v:27]
INFO: [Synth 8-6157] synthesizing module 'encrypt' [d:/University/251/DA/wrapper/wrapper.gen/sources_1/bd/SoC/ipshared/1e43/src/encrypt.v:3]
INFO: [Synth 8-6157] synthesizing module 'fixed_weight_ct__parameterized0' [d:/University/251/DA/wrapper/wrapper.gen/sources_1/bd/SoC/ipshared/1e43/src/fixed_weight_ct.v:25]
INFO: [Synth 8-6157] synthesizing module 'mem_dual__parameterized4' [d:/University/251/DA/wrapper/wrapper.gen/sources_1/bd/SoC/ipshared/1e43/src/mem_dual.v:8]
INFO: [Synth 8-6155] done synthesizing module 'mem_dual__parameterized4' (0#1) [d:/University/251/DA/wrapper/wrapper.gen/sources_1/bd/SoC/ipshared/1e43/src/mem_dual.v:8]
WARNING: [Synth 8-7071] port 'q_0' of module 'mem_dual' is unconnected for instance 'shake_ctx' [d:/University/251/DA/wrapper/wrapper.gen/sources_1/bd/SoC/ipshared/1e43/src/fixed_weight_ct.v:239]
WARNING: [Synth 8-7023] instance 'shake_ctx' of module 'mem_dual' has 9 connections declared, but only 8 given [d:/University/251/DA/wrapper/wrapper.gen/sources_1/bd/SoC/ipshared/1e43/src/fixed_weight_ct.v:239]
WARNING: [Synth 8-4446] all outputs are unconnected for this instance and logic may be removed [d:/University/251/DA/wrapper/wrapper.gen/sources_1/bd/SoC/ipshared/1e43/src/fixed_weight_ct.v:261]
INFO: [Synth 8-6157] synthesizing module 'mem_single__parameterized1' [d:/University/251/DA/wrapper/wrapper.gen/sources_1/bd/SoC/ipshared/1e43/src/mem_single.v:1]
INFO: [Synth 8-251] [MEM CHECK] File '' da duoc load. Gia tri tai [0] = xxxx [d:/University/251/DA/wrapper/wrapper.gen/sources_1/bd/SoC/ipshared/1e43/src/mem_single.v:27]
INFO: [Synth 8-6155] done synthesizing module 'mem_single__parameterized1' (0#1) [d:/University/251/DA/wrapper/wrapper.gen/sources_1/bd/SoC/ipshared/1e43/src/mem_single.v:1]
INFO: [Synth 8-6157] synthesizing module 'onegen_ct__parameterized0' [d:/University/251/DA/wrapper/wrapper.gen/sources_1/bd/SoC/ipshared/1e43/src/onegen_ct.v:25]
INFO: [Synth 8-6155] done synthesizing module 'onegen_ct__parameterized0' (0#1) [d:/University/251/DA/wrapper/wrapper.gen/sources_1/bd/SoC/ipshared/1e43/src/onegen_ct.v:25]
WARNING: [Synth 8-567] referenced signal 'mod_weight_minus_1' should be on the sensitivity list [d:/University/251/DA/wrapper/wrapper.gen/sources_1/bd/SoC/ipshared/1e43/src/fixed_weight_ct.v:458]
INFO: [Synth 8-6155] done synthesizing module 'fixed_weight_ct__parameterized0' (0#1) [d:/University/251/DA/wrapper/wrapper.gen/sources_1/bd/SoC/ipshared/1e43/src/fixed_weight_ct.v:25]
WARNING: [Synth 8-7071] port 'valid_vector' of module 'fixed_weight_ct' is unconnected for instance 'FIXEDWEIGHT' [d:/University/251/DA/wrapper/wrapper.gen/sources_1/bd/SoC/ipshared/1e43/src/encrypt.v:233]
WARNING: [Synth 8-7023] instance 'FIXEDWEIGHT' of module 'fixed_weight_ct' has 19 connections declared, but only 18 given [d:/University/251/DA/wrapper/wrapper.gen/sources_1/bd/SoC/ipshared/1e43/src/encrypt.v:233]
INFO: [Synth 8-6157] synthesizing module 'concat_code' [d:/University/251/DA/wrapper/wrapper.gen/sources_1/bd/SoC/ipshared/1e43/src/concat_code.v:25]
INFO: [Synth 8-6157] synthesizing module 'reed_solomon_encode' [d:/University/251/DA/wrapper/wrapper.gen/sources_1/bd/SoC/ipshared/1e43/src/reed_solomon_encode.v:25]
INFO: [Synth 8-6157] synthesizing module 'gf_mul' [d:/University/251/DA/wrapper/wrapper.gen/sources_1/bd/SoC/ipshared/1e43/src/gf_mul.v:25]
INFO: [Synth 8-6155] done synthesizing module 'gf_mul' (0#1) [d:/University/251/DA/wrapper/wrapper.gen/sources_1/bd/SoC/ipshared/1e43/src/gf_mul.v:25]
INFO: [Synth 8-6157] synthesizing module 'cdw_xor_tmp' [d:/University/251/DA/wrapper/wrapper.gen/sources_1/bd/SoC/ipshared/1e43/src/cdw_xor_tmp.v:25]
INFO: [Synth 8-6155] done synthesizing module 'cdw_xor_tmp' (0#1) [d:/University/251/DA/wrapper/wrapper.gen/sources_1/bd/SoC/ipshared/1e43/src/cdw_xor_tmp.v:25]
WARNING: [Synth 8-689] width (368) of port connection 'cdw_in' does not match port width (240) of module 'cdw_xor_tmp' [d:/University/251/DA/wrapper/wrapper.gen/sources_1/bd/SoC/ipshared/1e43/src/reed_solomon_encode.v:121]
INFO: [Synth 8-6155] done synthesizing module 'reed_solomon_encode' (0#1) [d:/University/251/DA/wrapper/wrapper.gen/sources_1/bd/SoC/ipshared/1e43/src/reed_solomon_encode.v:25]
INFO: [Synth 8-6157] synthesizing module 'reed_muller_encode' [d:/University/251/DA/wrapper/wrapper.gen/sources_1/bd/SoC/ipshared/1e43/src/reed_muller_encode.v:25]
INFO: [Synth 8-6157] synthesizing module 'rm_encoder' [d:/University/251/DA/wrapper/wrapper.gen/sources_1/bd/SoC/ipshared/1e43/src/rm_encoder.v:25]
INFO: [Synth 8-6155] done synthesizing module 'rm_encoder' (0#1) [d:/University/251/DA/wrapper/wrapper.gen/sources_1/bd/SoC/ipshared/1e43/src/rm_encoder.v:25]
WARNING: [Synth 8-7071] port 'rst' of module 'rm_encoder' is unconnected for instance 'ENCODER' [d:/University/251/DA/wrapper/wrapper.gen/sources_1/bd/SoC/ipshared/1e43/src/reed_muller_encode.v:77]
WARNING: [Synth 8-7071] port 'done' of module 'rm_encoder' is unconnected for instance 'ENCODER' [d:/University/251/DA/wrapper/wrapper.gen/sources_1/bd/SoC/ipshared/1e43/src/reed_muller_encode.v:77]
WARNING: [Synth 8-7023] instance 'ENCODER' of module 'rm_encoder' has 6 connections declared, but only 4 given [d:/University/251/DA/wrapper/wrapper.gen/sources_1/bd/SoC/ipshared/1e43/src/reed_muller_encode.v:77]
INFO: [Synth 8-6157] synthesizing module 'mem_single__parameterized2' [d:/University/251/DA/wrapper/wrapper.gen/sources_1/bd/SoC/ipshared/1e43/src/mem_single.v:1]
INFO: [Synth 8-251] [MEM CHECK] File '' da duoc load. Gia tri tai [0] = xxxxxxxxxxxxxxxxxxxxxxxxxxxxxxxx [d:/University/251/DA/wrapper/wrapper.gen/sources_1/bd/SoC/ipshared/1e43/src/mem_single.v:27]
INFO: [Synth 8-6155] done synthesizing module 'mem_single__parameterized2' (0#1) [d:/University/251/DA/wrapper/wrapper.gen/sources_1/bd/SoC/ipshared/1e43/src/mem_single.v:1]
INFO: [Synth 8-6155] done synthesizing module 'reed_muller_encode' (0#1) [d:/University/251/DA/wrapper/wrapper.gen/sources_1/bd/SoC/ipshared/1e43/src/reed_muller_encode.v:25]
INFO: [Synth 8-6155] done synthesizing module 'concat_code' (0#1) [d:/University/251/DA/wrapper/wrapper.gen/sources_1/bd/SoC/ipshared/1e43/src/concat_code.v:25]
INFO: [Synth 8-6157] synthesizing module 'mem_single__parameterized3' [d:/University/251/DA/wrapper/wrapper.gen/sources_1/bd/SoC/ipshared/1e43/src/mem_single.v:1]
INFO: [Synth 8-251] [MEM CHECK] File '' da duoc load. Gia tri tai [0] = xxxxxxxxxxxxxxxxxxxxxxxxxxxxxxxx [d:/University/251/DA/wrapper/wrapper.gen/sources_1/bd/SoC/ipshared/1e43/src/mem_single.v:27]
INFO: [Synth 8-6155] done synthesizing module 'mem_single__parameterized3' (0#1) [d:/University/251/DA/wrapper/wrapper.gen/sources_1/bd/SoC/ipshared/1e43/src/mem_single.v:1]
WARNING: [Synth 8-689] width (32) of port connection 'wr_en' does not match port width (1) of module 'mem_single__parameterized3' [d:/University/251/DA/wrapper/wrapper.gen/sources_1/bd/SoC/ipshared/1e43/src/encrypt.v:343]
WARNING: [Synth 8-689] width (7) of port connection 'loc_addr' does not match port width (16) of module 'poly_mult' [d:/University/251/DA/wrapper/wrapper.gen/sources_1/bd/SoC/ipshared/1e43/src/encrypt.v:426]
WARNING: [Synth 8-689] width (32) of port connection 'add_wr_en' does not match port width (1) of module 'poly_mult' [d:/University/251/DA/wrapper/wrapper.gen/sources_1/bd/SoC/ipshared/1e43/src/encrypt.v:443]
INFO: [Synth 8-6157] synthesizing module 'loc_based_adder__parameterized0' [d:/University/251/DA/wrapper/wrapper.gen/sources_1/bd/SoC/ipshared/1e43/src/loc_based_adder.v:3]
INFO: [Synth 8-6155] done synthesizing module 'loc_based_adder__parameterized0' (0#1) [d:/University/251/DA/wrapper/wrapper.gen/sources_1/bd/SoC/ipshared/1e43/src/loc_based_adder.v:3]
INFO: [Synth 8-6157] synthesizing module 'xor_based_adder' [d:/University/251/DA/wrapper/wrapper.gen/sources_1/bd/SoC/ipshared/1e43/src/xor_based_adder.v:26]
INFO: [Synth 8-6155] done synthesizing module 'xor_based_adder' (0#1) [d:/University/251/DA/wrapper/wrapper.gen/sources_1/bd/SoC/ipshared/1e43/src/xor_based_adder.v:26]
INFO: [Synth 8-6155] done synthesizing module 'encrypt' (0#1) [d:/University/251/DA/wrapper/wrapper.gen/sources_1/bd/SoC/ipshared/1e43/src/encrypt.v:3]
INFO: [Synth 8-6157] synthesizing module 'mem_single__parameterized4' [d:/University/251/DA/wrapper/wrapper.gen/sources_1/bd/SoC/ipshared/1e43/src/mem_single.v:1]
INFO: [Synth 8-251] [MEM CHECK] File '' da duoc load. Gia tri tai [0] = xxxxxxxx [d:/University/251/DA/wrapper/wrapper.gen/sources_1/bd/SoC/ipshared/1e43/src/mem_single.v:27]
INFO: [Synth 8-6155] done synthesizing module 'mem_single__parameterized4' (0#1) [d:/University/251/DA/wrapper/wrapper.gen/sources_1/bd/SoC/ipshared/1e43/src/mem_single.v:1]
INFO: [Synth 8-6157] synthesizing module 'mem_single__parameterized5' [d:/University/251/DA/wrapper/wrapper.gen/sources_1/bd/SoC/ipshared/1e43/src/mem_single.v:1]
INFO: [Synth 8-251] [MEM CHECK] File '' da duoc load. Gia tri tai [0] = xxxxxxxx [d:/University/251/DA/wrapper/wrapper.gen/sources_1/bd/SoC/ipshared/1e43/src/mem_single.v:27]
INFO: [Synth 8-6155] done synthesizing module 'mem_single__parameterized5' (0#1) [d:/University/251/DA/wrapper/wrapper.gen/sources_1/bd/SoC/ipshared/1e43/src/mem_single.v:1]
WARNING: [Synth 8-4446] all outputs are unconnected for this instance and logic may be removed [d:/University/251/DA/wrapper/wrapper.gen/sources_1/bd/SoC/ipshared/1e43/src/encap.v:537]
INFO: [Synth 8-6157] synthesizing module 'mod34' [d:/University/251/DA/wrapper/wrapper.gen/sources_1/bd/SoC/ipshared/1e43/src/mod34.v:25]
WARNING: [Synth 8-5974] attribute "use_dsp48" has been deprecated, please use "use_dsp" instead 
WARNING: [Synth 8-6104] Input port 'c_o' has an internal driver [d:/University/251/DA/wrapper/wrapper.gen/sources_1/bd/SoC/ipshared/1e43/src/mod34.v:57]
INFO: [Synth 8-6155] done synthesizing module 'mod34' (0#1) [d:/University/251/DA/wrapper/wrapper.gen/sources_1/bd/SoC/ipshared/1e43/src/mod34.v:25]
INFO: [Synth 8-6157] synthesizing module 'mem_single__parameterized6' [d:/University/251/DA/wrapper/wrapper.gen/sources_1/bd/SoC/ipshared/1e43/src/mem_single.v:1]
INFO: [Synth 8-251] [MEM CHECK] File '' da duoc load. Gia tri tai [0] = xxxxxxxx [d:/University/251/DA/wrapper/wrapper.gen/sources_1/bd/SoC/ipshared/1e43/src/mem_single.v:27]
INFO: [Synth 8-6155] done synthesizing module 'mem_single__parameterized6' (0#1) [d:/University/251/DA/wrapper/wrapper.gen/sources_1/bd/SoC/ipshared/1e43/src/mem_single.v:1]
INFO: [Synth 8-6155] done synthesizing module 'encap' (0#1) [d:/University/251/DA/wrapper/wrapper.gen/sources_1/bd/SoC/ipshared/1e43/src/encap.v:27]
WARNING: [Synth 8-689] width (32) of port connection 'start' does not match port width (1) of module 'encap' [d:/University/251/DA/wrapper/wrapper.gen/sources_1/bd/SoC/ipshared/1e43/src/hqc_kem_joint_design.v:419]
WARNING: [Synth 8-689] width (32) of port connection 'u_v_in_wen' does not match port width (1) of module 'encap' [d:/University/251/DA/wrapper/wrapper.gen/sources_1/bd/SoC/ipshared/1e43/src/hqc_kem_joint_design.v:443]
WARNING: [Synth 8-689] width (32) of port connection 'u_v_in_addr' does not match port width (8) of module 'encap' [d:/University/251/DA/wrapper/wrapper.gen/sources_1/bd/SoC/ipshared/1e43/src/hqc_kem_joint_design.v:444]
WARNING: [Synth 8-689] width (32) of port connection 'resume_encap' does not match port width (1) of module 'encap' [d:/University/251/DA/wrapper/wrapper.gen/sources_1/bd/SoC/ipshared/1e43/src/hqc_kem_joint_design.v:446]
WARNING: [Synth 8-7071] port 'shake_force_done_ack' of module 'encap' is unconnected for instance 'ENCAP_MODULE' [d:/University/251/DA/wrapper/wrapper.gen/sources_1/bd/SoC/ipshared/1e43/src/hqc_kem_joint_design.v:415]
WARNING: [Synth 8-7023] instance 'ENCAP_MODULE' of module 'encap' has 32 connections declared, but only 31 given [d:/University/251/DA/wrapper/wrapper.gen/sources_1/bd/SoC/ipshared/1e43/src/hqc_kem_joint_design.v:415]
INFO: [Synth 8-6157] synthesizing module 'decap' [d:/University/251/DA/wrapper/wrapper.gen/sources_1/bd/SoC/ipshared/1e43/src/decap.v:27]
INFO: [Synth 8-6157] synthesizing module 'decrypt' [d:/University/251/DA/wrapper/wrapper.gen/sources_1/bd/SoC/ipshared/1e43/src/decrypt.v:25]
INFO: [Synth 8-6157] synthesizing module 'v_minus_uy' [d:/University/251/DA/wrapper/wrapper.gen/sources_1/bd/SoC/ipshared/1e43/src/v_minus_uy.v:25]
WARNING: [Synth 8-6104] Input port 'y_addr' has an internal driver [d:/University/251/DA/wrapper/wrapper.gen/sources_1/bd/SoC/ipshared/1e43/src/v_minus_uy.v:174]
INFO: [Synth 8-6155] done synthesizing module 'v_minus_uy' (0#1) [d:/University/251/DA/wrapper/wrapper.gen/sources_1/bd/SoC/ipshared/1e43/src/v_minus_uy.v:25]
INFO: [Synth 8-6157] synthesizing module 'hqc_decod_top' [d:/University/251/DA/wrapper/wrapper.gen/sources_1/bd/SoC/ipshared/1e43/src/hqc_decod_top.v:14]
INFO: [Synth 8-6157] synthesizing module 'hqc_rmdecod_top' [d:/University/251/DA/wrapper/wrapper.gen/sources_1/bd/SoC/ipshared/1e43/src/hqc_rmdecod_top.v:14]
INFO: [Synth 8-6157] synthesizing module 'hqc_rmdecod_expnsum' [d:/University/251/DA/wrapper/wrapper.gen/sources_1/bd/SoC/ipshared/1e43/src/hqc_rmdecod_expnsum.v:14]
INFO: [Synth 8-6155] done synthesizing module 'hqc_rmdecod_expnsum' (0#1) [d:/University/251/DA/wrapper/wrapper.gen/sources_1/bd/SoC/ipshared/1e43/src/hqc_rmdecod_expnsum.v:14]
INFO: [Synth 8-6157] synthesizing module 'hqc_rmdecod_hadamard' [d:/University/251/DA/wrapper/wrapper.gen/sources_1/bd/SoC/ipshared/1e43/src/hqc_rmdecod_hadamard.v:15]
INFO: [Synth 8-6157] synthesizing module 'hadamard_layer' [d:/University/251/DA/wrapper/wrapper.gen/sources_1/bd/SoC/ipshared/1e43/src/hqc_rmdecod_hadamard.v:106]
INFO: [Synth 8-6157] synthesizing module 'syncfifo' [d:/University/251/DA/wrapper/wrapper.gen/sources_1/bd/SoC/ipshared/1e43/src/syncfifo.v:8]
INFO: [Synth 8-6155] done synthesizing module 'syncfifo' (0#1) [d:/University/251/DA/wrapper/wrapper.gen/sources_1/bd/SoC/ipshared/1e43/src/syncfifo.v:8]
INFO: [Synth 8-6155] done synthesizing module 'hadamard_layer' (0#1) [d:/University/251/DA/wrapper/wrapper.gen/sources_1/bd/SoC/ipshared/1e43/src/hqc_rmdecod_hadamard.v:106]
INFO: [Synth 8-6157] synthesizing module 'hadamard_layer__parameterized0' [d:/University/251/DA/wrapper/wrapper.gen/sources_1/bd/SoC/ipshared/1e43/src/hqc_rmdecod_hadamard.v:106]
INFO: [Synth 8-6157] synthesizing module 'syncfifo__parameterized0' [d:/University/251/DA/wrapper/wrapper.gen/sources_1/bd/SoC/ipshared/1e43/src/syncfifo.v:8]
INFO: [Synth 8-6155] done synthesizing module 'syncfifo__parameterized0' (0#1) [d:/University/251/DA/wrapper/wrapper.gen/sources_1/bd/SoC/ipshared/1e43/src/syncfifo.v:8]
INFO: [Synth 8-6155] done synthesizing module 'hadamard_layer__parameterized0' (0#1) [d:/University/251/DA/wrapper/wrapper.gen/sources_1/bd/SoC/ipshared/1e43/src/hqc_rmdecod_hadamard.v:106]
INFO: [Synth 8-6157] synthesizing module 'hadamard_layer__parameterized1' [d:/University/251/DA/wrapper/wrapper.gen/sources_1/bd/SoC/ipshared/1e43/src/hqc_rmdecod_hadamard.v:106]
INFO: [Synth 8-6157] synthesizing module 'syncfifo__parameterized1' [d:/University/251/DA/wrapper/wrapper.gen/sources_1/bd/SoC/ipshared/1e43/src/syncfifo.v:8]
INFO: [Synth 8-6155] done synthesizing module 'syncfifo__parameterized1' (0#1) [d:/University/251/DA/wrapper/wrapper.gen/sources_1/bd/SoC/ipshared/1e43/src/syncfifo.v:8]
INFO: [Synth 8-6155] done synthesizing module 'hadamard_layer__parameterized1' (0#1) [d:/University/251/DA/wrapper/wrapper.gen/sources_1/bd/SoC/ipshared/1e43/src/hqc_rmdecod_hadamard.v:106]
INFO: [Synth 8-6157] synthesizing module 'hadamard_layer__parameterized2' [d:/University/251/DA/wrapper/wrapper.gen/sources_1/bd/SoC/ipshared/1e43/src/hqc_rmdecod_hadamard.v:106]
INFO: [Synth 8-6157] synthesizing module 'syncfifo__parameterized2' [d:/University/251/DA/wrapper/wrapper.gen/sources_1/bd/SoC/ipshared/1e43/src/syncfifo.v:8]
INFO: [Synth 8-6155] done synthesizing module 'syncfifo__parameterized2' (0#1) [d:/University/251/DA/wrapper/wrapper.gen/sources_1/bd/SoC/ipshared/1e43/src/syncfifo.v:8]
INFO: [Synth 8-6155] done synthesizing module 'hadamard_layer__parameterized2' (0#1) [d:/University/251/DA/wrapper/wrapper.gen/sources_1/bd/SoC/ipshared/1e43/src/hqc_rmdecod_hadamard.v:106]
INFO: [Synth 8-6157] synthesizing module 'hadamard_layer__parameterized3' [d:/University/251/DA/wrapper/wrapper.gen/sources_1/bd/SoC/ipshared/1e43/src/hqc_rmdecod_hadamard.v:106]
INFO: [Synth 8-6157] synthesizing module 'syncfifo__parameterized3' [d:/University/251/DA/wrapper/wrapper.gen/sources_1/bd/SoC/ipshared/1e43/src/syncfifo.v:8]
INFO: [Synth 8-6155] done synthesizing module 'syncfifo__parameterized3' (0#1) [d:/University/251/DA/wrapper/wrapper.gen/sources_1/bd/SoC/ipshared/1e43/src/syncfifo.v:8]
INFO: [Synth 8-6155] done synthesizing module 'hadamard_layer__parameterized3' (0#1) [d:/University/251/DA/wrapper/wrapper.gen/sources_1/bd/SoC/ipshared/1e43/src/hqc_rmdecod_hadamard.v:106]
INFO: [Synth 8-6157] synthesizing module 'hadamard_layer__parameterized4' [d:/University/251/DA/wrapper/wrapper.gen/sources_1/bd/SoC/ipshared/1e43/src/hqc_rmdecod_hadamard.v:106]
INFO: [Synth 8-6157] synthesizing module 'syncfifo__parameterized4' [d:/University/251/DA/wrapper/wrapper.gen/sources_1/bd/SoC/ipshared/1e43/src/syncfifo.v:8]
INFO: [Synth 8-6155] done synthesizing module 'syncfifo__parameterized4' (0#1) [d:/University/251/DA/wrapper/wrapper.gen/sources_1/bd/SoC/ipshared/1e43/src/syncfifo.v:8]
INFO: [Synth 8-6155] done synthesizing module 'hadamard_layer__parameterized4' (0#1) [d:/University/251/DA/wrapper/wrapper.gen/sources_1/bd/SoC/ipshared/1e43/src/hqc_rmdecod_hadamard.v:106]
INFO: [Synth 8-6157] synthesizing module 'hadamard_layer__parameterized5' [d:/University/251/DA/wrapper/wrapper.gen/sources_1/bd/SoC/ipshared/1e43/src/hqc_rmdecod_hadamard.v:106]
INFO: [Synth 8-6157] synthesizing module 'syncfifo__parameterized5' [d:/University/251/DA/wrapper/wrapper.gen/sources_1/bd/SoC/ipshared/1e43/src/syncfifo.v:8]
INFO: [Synth 8-6155] done synthesizing module 'syncfifo__parameterized5' (0#1) [d:/University/251/DA/wrapper/wrapper.gen/sources_1/bd/SoC/ipshared/1e43/src/syncfifo.v:8]
INFO: [Synth 8-6155] done synthesizing module 'hadamard_layer__parameterized5' (0#1) [d:/University/251/DA/wrapper/wrapper.gen/sources_1/bd/SoC/ipshared/1e43/src/hqc_rmdecod_hadamard.v:106]
INFO: [Synth 8-6155] done synthesizing module 'hqc_rmdecod_hadamard' (0#1) [d:/University/251/DA/wrapper/wrapper.gen/sources_1/bd/SoC/ipshared/1e43/src/hqc_rmdecod_hadamard.v:15]
INFO: [Synth 8-6157] synthesizing module 'hqc_rmdecod_findpeaks' [d:/University/251/DA/wrapper/wrapper.gen/sources_1/bd/SoC/ipshared/1e43/src/hqc_rmdecod_findpeaks.v:14]
INFO: [Synth 8-6157] synthesizing module 'findpeaks_core' [d:/University/251/DA/wrapper/wrapper.gen/sources_1/bd/SoC/ipshared/1e43/src/hqc_rmdecod_findpeaks.v:102]
INFO: [Synth 8-6155] done synthesizing module 'findpeaks_core' (0#1) [d:/University/251/DA/wrapper/wrapper.gen/sources_1/bd/SoC/ipshared/1e43/src/hqc_rmdecod_findpeaks.v:102]
INFO: [Synth 8-6157] synthesizing module 'findpeaks_core__parameterized0' [d:/University/251/DA/wrapper/wrapper.gen/sources_1/bd/SoC/ipshared/1e43/src/hqc_rmdecod_findpeaks.v:102]
INFO: [Synth 8-6155] done synthesizing module 'findpeaks_core__parameterized0' (0#1) [d:/University/251/DA/wrapper/wrapper.gen/sources_1/bd/SoC/ipshared/1e43/src/hqc_rmdecod_findpeaks.v:102]
INFO: [Synth 8-6155] done synthesizing module 'hqc_rmdecod_findpeaks' (0#1) [d:/University/251/DA/wrapper/wrapper.gen/sources_1/bd/SoC/ipshared/1e43/src/hqc_rmdecod_findpeaks.v:14]
INFO: [Synth 8-6157] synthesizing module 'hqc_rmdecod_ctrl' [d:/University/251/DA/wrapper/wrapper.gen/sources_1/bd/SoC/ipshared/1e43/src/hqc_rmdecod_ctrl.v:14]
INFO: [Synth 8-6155] done synthesizing module 'hqc_rmdecod_ctrl' (0#1) [d:/University/251/DA/wrapper/wrapper.gen/sources_1/bd/SoC/ipshared/1e43/src/hqc_rmdecod_ctrl.v:14]
INFO: [Synth 8-6155] done synthesizing module 'hqc_rmdecod_top' (0#1) [d:/University/251/DA/wrapper/wrapper.gen/sources_1/bd/SoC/ipshared/1e43/src/hqc_rmdecod_top.v:14]
INFO: [Synth 8-6157] synthesizing module 'hqc_rsdecod_top' [d:/University/251/DA/wrapper/wrapper.gen/sources_1/bd/SoC/ipshared/1e43/src/hqc_rsdecod_top.v:14]
INFO: [Synth 8-6157] synthesizing module 'hqc_rsdecod_syndromes' [d:/University/251/DA/wrapper/wrapper.gen/sources_1/bd/SoC/ipshared/1e43/src/hqc_rsdecod_syndromes.v:14]
INFO: [Synth 8-6157] synthesizing module 'gfmul' [d:/University/251/DA/wrapper/wrapper.gen/sources_1/bd/SoC/ipshared/1e43/src/gfmul.v:25]
INFO: [Synth 8-6155] done synthesizing module 'gfmul' (0#1) [d:/University/251/DA/wrapper/wrapper.gen/sources_1/bd/SoC/ipshared/1e43/src/gfmul.v:25]
INFO: [Synth 8-6155] done synthesizing module 'hqc_rsdecod_syndromes' (0#1) [d:/University/251/DA/wrapper/wrapper.gen/sources_1/bd/SoC/ipshared/1e43/src/hqc_rsdecod_syndromes.v:14]
INFO: [Synth 8-6157] synthesizing module 'hqc_rsdecod_elp' [d:/University/251/DA/wrapper/wrapper.gen/sources_1/bd/SoC/ipshared/1e43/src/hqc_rsdecod_elp.v:14]
INFO: [Synth 8-6157] synthesizing module 'gfmul__parameterized0' [d:/University/251/DA/wrapper/wrapper.gen/sources_1/bd/SoC/ipshared/1e43/src/gfmul.v:25]
INFO: [Synth 8-6155] done synthesizing module 'gfmul__parameterized0' (0#1) [d:/University/251/DA/wrapper/wrapper.gen/sources_1/bd/SoC/ipshared/1e43/src/gfmul.v:25]
INFO: [Synth 8-6155] done synthesizing module 'hqc_rsdecod_elp' (0#1) [d:/University/251/DA/wrapper/wrapper.gen/sources_1/bd/SoC/ipshared/1e43/src/hqc_rsdecod_elp.v:14]
INFO: [Synth 8-6157] synthesizing module 'hqc_rsdecod_zpoly' [d:/University/251/DA/wrapper/wrapper.gen/sources_1/bd/SoC/ipshared/1e43/src/hqc_rsdecod_zpoly.v:14]
INFO: [Synth 8-6155] done synthesizing module 'hqc_rsdecod_zpoly' (0#1) [d:/University/251/DA/wrapper/wrapper.gen/sources_1/bd/SoC/ipshared/1e43/src/hqc_rsdecod_zpoly.v:14]
INFO: [Synth 8-6157] synthesizing module 'hqc_rsdecod_roots' [d:/University/251/DA/wrapper/wrapper.gen/sources_1/bd/SoC/ipshared/1e43/src/hqc_rsdecod_roots.v:14]
INFO: [Synth 8-6157] synthesizing module 'add_fft' [d:/University/251/DA/wrapper/wrapper.gen/sources_1/bd/SoC/ipshared/1e43/src/add_fft.v:15]
INFO: [Synth 8-6157] synthesizing module 'fft_part1' [d:/University/251/DA/wrapper/wrapper.gen/sources_1/bd/SoC/ipshared/1e43/src/fft_part1.v:15]
INFO: [Synth 8-6155] done synthesizing module 'fft_part1' (0#1) [d:/University/251/DA/wrapper/wrapper.gen/sources_1/bd/SoC/ipshared/1e43/src/fft_part1.v:15]
WARNING: [Synth 8-689] width (8) of port connection 'dout_o' does not match port width (32) of module 'fft_part1' [d:/University/251/DA/wrapper/wrapper.gen/sources_1/bd/SoC/ipshared/1e43/src/add_fft.v:81]
INFO: [Synth 8-6157] synthesizing module 'fft_leaves_butterfly' [d:/University/251/DA/wrapper/wrapper.gen/sources_1/bd/SoC/ipshared/1e43/src/fft_leaves_butterfly.v:15]
INFO: [Synth 8-6155] done synthesizing module 'fft_leaves_butterfly' (0#1) [d:/University/251/DA/wrapper/wrapper.gen/sources_1/bd/SoC/ipshared/1e43/src/fft_leaves_butterfly.v:15]
INFO: [Synth 8-6157] synthesizing module 'fft_part2' [d:/University/251/DA/wrapper/wrapper.gen/sources_1/bd/SoC/ipshared/1e43/src/fft_part2.v:15]
INFO: [Synth 8-6157] synthesizing module 'fft_part2_round' [d:/University/251/DA/wrapper/wrapper.gen/sources_1/bd/SoC/ipshared/1e43/src/fft_part2.v:78]
INFO: [Synth 8-226] default block is never used [d:/University/251/DA/wrapper/wrapper.gen/sources_1/bd/SoC/ipshared/1e43/src/fft_part2.v:238]
INFO: [Synth 8-6157] synthesizing module 'syncfifo__parameterized6' [d:/University/251/DA/wrapper/wrapper.gen/sources_1/bd/SoC/ipshared/1e43/src/syncfifo.v:8]
INFO: [Synth 8-6155] done synthesizing module 'syncfifo__parameterized6' (0#1) [d:/University/251/DA/wrapper/wrapper.gen/sources_1/bd/SoC/ipshared/1e43/src/syncfifo.v:8]
INFO: [Synth 8-6155] done synthesizing module 'fft_part2_round' (0#1) [d:/University/251/DA/wrapper/wrapper.gen/sources_1/bd/SoC/ipshared/1e43/src/fft_part2.v:78]
INFO: [Synth 8-6157] synthesizing module 'fft_part2_round__parameterized0' [d:/University/251/DA/wrapper/wrapper.gen/sources_1/bd/SoC/ipshared/1e43/src/fft_part2.v:78]
INFO: [Synth 8-226] default block is never used [d:/University/251/DA/wrapper/wrapper.gen/sources_1/bd/SoC/ipshared/1e43/src/fft_part2.v:251]
INFO: [Synth 8-6155] done synthesizing module 'fft_part2_round__parameterized0' (0#1) [d:/University/251/DA/wrapper/wrapper.gen/sources_1/bd/SoC/ipshared/1e43/src/fft_part2.v:78]
INFO: [Synth 8-6157] synthesizing module 'fft_part2_round__parameterized1' [d:/University/251/DA/wrapper/wrapper.gen/sources_1/bd/SoC/ipshared/1e43/src/fft_part2.v:78]
INFO: [Synth 8-226] default block is never used [d:/University/251/DA/wrapper/wrapper.gen/sources_1/bd/SoC/ipshared/1e43/src/fft_part2.v:268]
INFO: [Synth 8-6157] synthesizing module 'syncfifo__parameterized7' [d:/University/251/DA/wrapper/wrapper.gen/sources_1/bd/SoC/ipshared/1e43/src/syncfifo.v:8]
INFO: [Synth 8-6155] done synthesizing module 'syncfifo__parameterized7' (0#1) [d:/University/251/DA/wrapper/wrapper.gen/sources_1/bd/SoC/ipshared/1e43/src/syncfifo.v:8]
INFO: [Synth 8-6155] done synthesizing module 'fft_part2_round__parameterized1' (0#1) [d:/University/251/DA/wrapper/wrapper.gen/sources_1/bd/SoC/ipshared/1e43/src/fft_part2.v:78]
INFO: [Synth 8-6157] synthesizing module 'fft_part2_round__parameterized2' [d:/University/251/DA/wrapper/wrapper.gen/sources_1/bd/SoC/ipshared/1e43/src/fft_part2.v:78]
INFO: [Synth 8-226] default block is never used [d:/University/251/DA/wrapper/wrapper.gen/sources_1/bd/SoC/ipshared/1e43/src/fft_part2.v:293]
INFO: [Synth 8-6157] synthesizing module 'syncfifo__parameterized8' [d:/University/251/DA/wrapper/wrapper.gen/sources_1/bd/SoC/ipshared/1e43/src/syncfifo.v:8]
INFO: [Synth 8-6155] done synthesizing module 'syncfifo__parameterized8' (0#1) [d:/University/251/DA/wrapper/wrapper.gen/sources_1/bd/SoC/ipshared/1e43/src/syncfifo.v:8]
INFO: [Synth 8-6155] done synthesizing module 'fft_part2_round__parameterized2' (0#1) [d:/University/251/DA/wrapper/wrapper.gen/sources_1/bd/SoC/ipshared/1e43/src/fft_part2.v:78]
INFO: [Synth 8-6155] done synthesizing module 'fft_part2' (0#1) [d:/University/251/DA/wrapper/wrapper.gen/sources_1/bd/SoC/ipshared/1e43/src/fft_part2.v:15]
INFO: [Synth 8-6155] done synthesizing module 'add_fft' (0#1) [d:/University/251/DA/wrapper/wrapper.gen/sources_1/bd/SoC/ipshared/1e43/src/add_fft.v:15]
INFO: [Synth 8-6157] synthesizing module 'fft_retrieve_error_poly' [d:/University/251/DA/wrapper/wrapper.gen/sources_1/bd/SoC/ipshared/1e43/src/fft_retrieve_error_poly.v:15]
INFO: [Synth 8-226] default block is never used [d:/University/251/DA/wrapper/wrapper.gen/sources_1/bd/SoC/ipshared/1e43/src/fft_retrieve_error_poly.v:109]
INFO: [Synth 8-6155] done synthesizing module 'fft_retrieve_error_poly' (0#1) [d:/University/251/DA/wrapper/wrapper.gen/sources_1/bd/SoC/ipshared/1e43/src/fft_retrieve_error_poly.v:15]
INFO: [Synth 8-6155] done synthesizing module 'hqc_rsdecod_roots' (0#1) [d:/University/251/DA/wrapper/wrapper.gen/sources_1/bd/SoC/ipshared/1e43/src/hqc_rsdecod_roots.v:14]
INFO: [Synth 8-6157] synthesizing module 'hqc_rsdecod_err_val' [d:/University/251/DA/wrapper/wrapper.gen/sources_1/bd/SoC/ipshared/1e43/src/hqc_rsdecod_err_val.v:14]
INFO: [Synth 8-6155] done synthesizing module 'hqc_rsdecod_err_val' (0#1) [d:/University/251/DA/wrapper/wrapper.gen/sources_1/bd/SoC/ipshared/1e43/src/hqc_rsdecod_err_val.v:14]
INFO: [Synth 8-6155] done synthesizing module 'hqc_rsdecod_top' (0#1) [d:/University/251/DA/wrapper/wrapper.gen/sources_1/bd/SoC/ipshared/1e43/src/hqc_rsdecod_top.v:14]
INFO: [Synth 8-6155] done synthesizing module 'hqc_decod_top' (0#1) [d:/University/251/DA/wrapper/wrapper.gen/sources_1/bd/SoC/ipshared/1e43/src/hqc_decod_top.v:14]
WARNING: [Synth 8-7071] port 'busy_o' of module 'hqc_decod_top' is unconnected for instance 'DECODE' [d:/University/251/DA/wrapper/wrapper.gen/sources_1/bd/SoC/ipshared/1e43/src/decrypt.v:198]
WARNING: [Synth 8-7023] instance 'DECODE' of module 'hqc_decod_top' has 9 connections declared, but only 8 given [d:/University/251/DA/wrapper/wrapper.gen/sources_1/bd/SoC/ipshared/1e43/src/decrypt.v:198]
INFO: [Synth 8-6155] done synthesizing module 'decrypt' (0#1) [d:/University/251/DA/wrapper/wrapper.gen/sources_1/bd/SoC/ipshared/1e43/src/decrypt.v:25]
WARNING: [Synth 8-689] width (32) of port connection 'encap_out_type' does not match port width (2) of module 'encap' [d:/University/251/DA/wrapper/wrapper.gen/sources_1/bd/SoC/ipshared/1e43/src/decap.v:528]
WARNING: [Synth 8-689] width (32) of port connection 'encap_out_en' does not match port width (1) of module 'encap' [d:/University/251/DA/wrapper/wrapper.gen/sources_1/bd/SoC/ipshared/1e43/src/decap.v:530]
WARNING: [Synth 8-689] width (40) of port connection 'encap_out_addr' does not match port width (8) of module 'encap' [d:/University/251/DA/wrapper/wrapper.gen/sources_1/bd/SoC/ipshared/1e43/src/decap.v:531]
WARNING: [Synth 8-7071] port 'shake_force_done_ack' of module 'encap' is unconnected for instance 'ENCAP_FOR_RENCRYPT' [d:/University/251/DA/wrapper/wrapper.gen/sources_1/bd/SoC/ipshared/1e43/src/decap.v:504]
WARNING: [Synth 8-7023] instance 'ENCAP_FOR_RENCRYPT' of module 'encap' has 32 connections declared, but only 31 given [d:/University/251/DA/wrapper/wrapper.gen/sources_1/bd/SoC/ipshared/1e43/src/decap.v:504]
INFO: [Synth 8-6155] done synthesizing module 'decap' (0#1) [d:/University/251/DA/wrapper/wrapper.gen/sources_1/bd/SoC/ipshared/1e43/src/decap.v:27]
WARNING: [Synth 8-689] width (32) of port connection 'start' does not match port width (1) of module 'decap' [d:/University/251/DA/wrapper/wrapper.gen/sources_1/bd/SoC/ipshared/1e43/src/hqc_kem_joint_design.v:487]
INFO: [Synth 8-6157] synthesizing module 'keccak_top' [d:/University/251/DA/wrapper/wrapper.gen/sources_1/bd/SoC/ipshared/1e43/src/keccak_top.v:36]
INFO: [Synth 8-6157] synthesizing module 'control_path' [d:/University/251/DA/wrapper/wrapper.gen/sources_1/bd/SoC/ipshared/1e43/src/control_path.v:35]
INFO: [Synth 8-6155] done synthesizing module 'control_path' (0#1) [d:/University/251/DA/wrapper/wrapper.gen/sources_1/bd/SoC/ipshared/1e43/src/control_path.v:35]
INFO: [Synth 8-6157] synthesizing module 'data_path' [d:/University/251/DA/wrapper/wrapper.gen/sources_1/bd/SoC/ipshared/1e43/src/data_path.v:36]
INFO: [Synth 8-6157] synthesizing module 'rc' [d:/University/251/DA/wrapper/wrapper.gen/sources_1/bd/SoC/ipshared/1e43/src/rc.v:31]
INFO: [Synth 8-6155] done synthesizing module 'rc' (0#1) [d:/University/251/DA/wrapper/wrapper.gen/sources_1/bd/SoC/ipshared/1e43/src/rc.v:31]
INFO: [Synth 8-6157] synthesizing module 'transform' [d:/University/251/DA/wrapper/wrapper.gen/sources_1/bd/SoC/ipshared/1e43/src/transform.v:32]
INFO: [Synth 8-6155] done synthesizing module 'transform' (0#1) [d:/University/251/DA/wrapper/wrapper.gen/sources_1/bd/SoC/ipshared/1e43/src/transform.v:32]
INFO: [Synth 8-6157] synthesizing module 'state_ram' [d:/University/251/DA/wrapper/wrapper.gen/sources_1/bd/SoC/ipshared/1e43/src/state_ram.v:56]
INFO: [Synth 8-6157] synthesizing module 'stateram_inference' [d:/University/251/DA/wrapper/wrapper.gen/sources_1/bd/SoC/ipshared/1e43/src/stateram_inference.v:39]
INFO: [Synth 8-6155] done synthesizing module 'stateram_inference' (0#1) [d:/University/251/DA/wrapper/wrapper.gen/sources_1/bd/SoC/ipshared/1e43/src/stateram_inference.v:39]
INFO: [Synth 8-6157] synthesizing module 'stateram_inference__parameterized0' [d:/University/251/DA/wrapper/wrapper.gen/sources_1/bd/SoC/ipshared/1e43/src/stateram_inference.v:39]
INFO: [Synth 8-6155] done synthesizing module 'stateram_inference__parameterized0' (0#1) [d:/University/251/DA/wrapper/wrapper.gen/sources_1/bd/SoC/ipshared/1e43/src/stateram_inference.v:39]
INFO: [Synth 8-6157] synthesizing module 'stateram_inference__parameterized1' [d:/University/251/DA/wrapper/wrapper.gen/sources_1/bd/SoC/ipshared/1e43/src/stateram_inference.v:39]
INFO: [Synth 8-6155] done synthesizing module 'stateram_inference__parameterized1' (0#1) [d:/University/251/DA/wrapper/wrapper.gen/sources_1/bd/SoC/ipshared/1e43/src/stateram_inference.v:39]
INFO: [Synth 8-6157] synthesizing module 'stateram_inference__parameterized2' [d:/University/251/DA/wrapper/wrapper.gen/sources_1/bd/SoC/ipshared/1e43/src/stateram_inference.v:39]
INFO: [Synth 8-6155] done synthesizing module 'stateram_inference__parameterized2' (0#1) [d:/University/251/DA/wrapper/wrapper.gen/sources_1/bd/SoC/ipshared/1e43/src/stateram_inference.v:39]
INFO: [Synth 8-6157] synthesizing module 'stateram_inference__parameterized3' [d:/University/251/DA/wrapper/wrapper.gen/sources_1/bd/SoC/ipshared/1e43/src/stateram_inference.v:39]
INFO: [Synth 8-6155] done synthesizing module 'stateram_inference__parameterized3' (0#1) [d:/University/251/DA/wrapper/wrapper.gen/sources_1/bd/SoC/ipshared/1e43/src/stateram_inference.v:39]
INFO: [Synth 8-6157] synthesizing module 'stateram_inference__parameterized4' [d:/University/251/DA/wrapper/wrapper.gen/sources_1/bd/SoC/ipshared/1e43/src/stateram_inference.v:39]
INFO: [Synth 8-6155] done synthesizing module 'stateram_inference__parameterized4' (0#1) [d:/University/251/DA/wrapper/wrapper.gen/sources_1/bd/SoC/ipshared/1e43/src/stateram_inference.v:39]
INFO: [Synth 8-6157] synthesizing module 'stateram_inference__parameterized5' [d:/University/251/DA/wrapper/wrapper.gen/sources_1/bd/SoC/ipshared/1e43/src/stateram_inference.v:39]
INFO: [Synth 8-6155] done synthesizing module 'stateram_inference__parameterized5' (0#1) [d:/University/251/DA/wrapper/wrapper.gen/sources_1/bd/SoC/ipshared/1e43/src/stateram_inference.v:39]
INFO: [Synth 8-6157] synthesizing module 'stateram_inference__parameterized6' [d:/University/251/DA/wrapper/wrapper.gen/sources_1/bd/SoC/ipshared/1e43/src/stateram_inference.v:39]
INFO: [Common 17-14] Message 'Synth 8-6157' appears 100 times and further instances of the messages will be disabled. Use the Tcl command set_msg_config to change the current settings.
INFO: [Synth 8-6155] done synthesizing module 'stateram_inference__parameterized6' (0#1) [d:/University/251/DA/wrapper/wrapper.gen/sources_1/bd/SoC/ipshared/1e43/src/stateram_inference.v:39]
INFO: [Synth 8-6155] done synthesizing module 'stateram_inference__parameterized7' (0#1) [d:/University/251/DA/wrapper/wrapper.gen/sources_1/bd/SoC/ipshared/1e43/src/stateram_inference.v:39]
INFO: [Synth 8-6155] done synthesizing module 'stateram_inference__parameterized8' (0#1) [d:/University/251/DA/wrapper/wrapper.gen/sources_1/bd/SoC/ipshared/1e43/src/stateram_inference.v:39]
INFO: [Synth 8-6155] done synthesizing module 'stateram_inference__parameterized9' (0#1) [d:/University/251/DA/wrapper/wrapper.gen/sources_1/bd/SoC/ipshared/1e43/src/stateram_inference.v:39]
INFO: [Synth 8-6155] done synthesizing module 'stateram_inference__parameterized10' (0#1) [d:/University/251/DA/wrapper/wrapper.gen/sources_1/bd/SoC/ipshared/1e43/src/stateram_inference.v:39]
INFO: [Synth 8-6155] done synthesizing module 'stateram_inference__parameterized11' (0#1) [d:/University/251/DA/wrapper/wrapper.gen/sources_1/bd/SoC/ipshared/1e43/src/stateram_inference.v:39]
INFO: [Synth 8-6155] done synthesizing module 'stateram_inference__parameterized12' (0#1) [d:/University/251/DA/wrapper/wrapper.gen/sources_1/bd/SoC/ipshared/1e43/src/stateram_inference.v:39]
INFO: [Synth 8-6155] done synthesizing module 'stateram_inference__parameterized13' (0#1) [d:/University/251/DA/wrapper/wrapper.gen/sources_1/bd/SoC/ipshared/1e43/src/stateram_inference.v:39]
INFO: [Synth 8-6155] done synthesizing module 'stateram_inference__parameterized14' (0#1) [d:/University/251/DA/wrapper/wrapper.gen/sources_1/bd/SoC/ipshared/1e43/src/stateram_inference.v:39]
INFO: [Synth 8-6155] done synthesizing module 'stateram_inference__parameterized15' (0#1) [d:/University/251/DA/wrapper/wrapper.gen/sources_1/bd/SoC/ipshared/1e43/src/stateram_inference.v:39]
INFO: [Common 17-14] Message 'Synth 8-6155' appears 100 times and further instances of the messages will be disabled. Use the Tcl command set_msg_config to change the current settings.
WARNING: [Synth 8-567] referenced signal 'din_grouped' should be on the sensitivity list [d:/University/251/DA/wrapper/wrapper.gen/sources_1/bd/SoC/ipshared/1e43/src/state_ram.v:278]
WARNING: [Synth 8-567] referenced signal 'din_grouped' should be on the sensitivity list [d:/University/251/DA/wrapper/wrapper.gen/sources_1/bd/SoC/ipshared/1e43/src/state_ram.v:278]
WARNING: [Synth 8-567] referenced signal 'din_grouped' should be on the sensitivity list [d:/University/251/DA/wrapper/wrapper.gen/sources_1/bd/SoC/ipshared/1e43/src/state_ram.v:278]
WARNING: [Synth 8-567] referenced signal 'din_grouped' should be on the sensitivity list [d:/University/251/DA/wrapper/wrapper.gen/sources_1/bd/SoC/ipshared/1e43/src/state_ram.v:278]
WARNING: [Synth 8-567] referenced signal 'din_grouped' should be on the sensitivity list [d:/University/251/DA/wrapper/wrapper.gen/sources_1/bd/SoC/ipshared/1e43/src/state_ram.v:278]
WARNING: [Synth 8-567] referenced signal 'din_grouped' should be on the sensitivity list [d:/University/251/DA/wrapper/wrapper.gen/sources_1/bd/SoC/ipshared/1e43/src/state_ram.v:278]
WARNING: [Synth 8-567] referenced signal 'din_grouped' should be on the sensitivity list [d:/University/251/DA/wrapper/wrapper.gen/sources_1/bd/SoC/ipshared/1e43/src/state_ram.v:278]
WARNING: [Synth 8-567] referenced signal 'din_grouped' should be on the sensitivity list [d:/University/251/DA/wrapper/wrapper.gen/sources_1/bd/SoC/ipshared/1e43/src/state_ram.v:278]
WARNING: [Synth 8-567] referenced signal 'din_grouped' should be on the sensitivity list [d:/University/251/DA/wrapper/wrapper.gen/sources_1/bd/SoC/ipshared/1e43/src/state_ram.v:278]
WARNING: [Synth 8-567] referenced signal 'din_grouped' should be on the sensitivity list [d:/University/251/DA/wrapper/wrapper.gen/sources_1/bd/SoC/ipshared/1e43/src/state_ram.v:278]
WARNING: [Synth 8-567] referenced signal 'din_grouped' should be on the sensitivity list [d:/University/251/DA/wrapper/wrapper.gen/sources_1/bd/SoC/ipshared/1e43/src/state_ram.v:278]
WARNING: [Synth 8-567] referenced signal 'din_grouped' should be on the sensitivity list [d:/University/251/DA/wrapper/wrapper.gen/sources_1/bd/SoC/ipshared/1e43/src/state_ram.v:278]
WARNING: [Synth 8-567] referenced signal 'din_grouped' should be on the sensitivity list [d:/University/251/DA/wrapper/wrapper.gen/sources_1/bd/SoC/ipshared/1e43/src/state_ram.v:278]
WARNING: [Synth 8-567] referenced signal 'din_grouped' should be on the sensitivity list [d:/University/251/DA/wrapper/wrapper.gen/sources_1/bd/SoC/ipshared/1e43/src/state_ram.v:278]
WARNING: [Synth 8-567] referenced signal 'din_grouped' should be on the sensitivity list [d:/University/251/DA/wrapper/wrapper.gen/sources_1/bd/SoC/ipshared/1e43/src/state_ram.v:278]
WARNING: [Synth 8-567] referenced signal 'din_grouped' should be on the sensitivity list [d:/University/251/DA/wrapper/wrapper.gen/sources_1/bd/SoC/ipshared/1e43/src/state_ram.v:278]
WARNING: [Synth 8-567] referenced signal 'din_grouped' should be on the sensitivity list [d:/University/251/DA/wrapper/wrapper.gen/sources_1/bd/SoC/ipshared/1e43/src/state_ram.v:278]
WARNING: [Synth 8-567] referenced signal 'din_grouped' should be on the sensitivity list [d:/University/251/DA/wrapper/wrapper.gen/sources_1/bd/SoC/ipshared/1e43/src/state_ram.v:278]
WARNING: [Synth 8-567] referenced signal 'din_grouped' should be on the sensitivity list [d:/University/251/DA/wrapper/wrapper.gen/sources_1/bd/SoC/ipshared/1e43/src/state_ram.v:278]
WARNING: [Synth 8-567] referenced signal 'din_grouped' should be on the sensitivity list [d:/University/251/DA/wrapper/wrapper.gen/sources_1/bd/SoC/ipshared/1e43/src/state_ram.v:278]
WARNING: [Synth 8-567] referenced signal 'din_grouped' should be on the sensitivity list [d:/University/251/DA/wrapper/wrapper.gen/sources_1/bd/SoC/ipshared/1e43/src/state_ram.v:278]
WARNING: [Synth 8-567] referenced signal 'din_grouped' should be on the sensitivity list [d:/University/251/DA/wrapper/wrapper.gen/sources_1/bd/SoC/ipshared/1e43/src/state_ram.v:278]
WARNING: [Synth 8-567] referenced signal 'din_grouped' should be on the sensitivity list [d:/University/251/DA/wrapper/wrapper.gen/sources_1/bd/SoC/ipshared/1e43/src/state_ram.v:278]
WARNING: [Synth 8-567] referenced signal 'din_grouped' should be on the sensitivity list [d:/University/251/DA/wrapper/wrapper.gen/sources_1/bd/SoC/ipshared/1e43/src/state_ram.v:278]
WARNING: [Synth 8-567] referenced signal 'din_grouped' should be on the sensitivity list [d:/University/251/DA/wrapper/wrapper.gen/sources_1/bd/SoC/ipshared/1e43/src/state_ram.v:278]
WARNING: [Synth 8-7071] port 'force_done_ack' of module 'keccak_top' is unconnected for instance 'SHAKE256' [d:/University/251/DA/wrapper/wrapper.gen/sources_1/bd/SoC/ipshared/1e43/src/hqc_kem_joint_design.v:576]
WARNING: [Synth 8-7023] instance 'SHAKE256' of module 'keccak_top' has 10 connections declared, but only 9 given [d:/University/251/DA/wrapper/wrapper.gen/sources_1/bd/SoC/ipshared/1e43/src/hqc_kem_joint_design.v:576]
WARNING: [Synth 8-689] width (13) of port connection 'keygen_out_addr' does not match port width (8) of module 'hqc_kem_joint_design' [d:/University/251/DA/wrapper/wrapper.gen/sources_1/bd/SoC/ipshared/1e43/src/HQC_wrapper.v:196]
WARNING: [Synth 8-689] width (4) of port connection 'm_addr' does not match port width (2) of module 'hqc_kem_joint_design' [d:/University/251/DA/wrapper/wrapper.gen/sources_1/bd/SoC/ipshared/1e43/src/HQC_wrapper.v:201]
WARNING: [Synth 8-689] width (13) of port connection 'encap_out_addr' does not match port width (8) of module 'hqc_kem_joint_design' [d:/University/251/DA/wrapper/wrapper.gen/sources_1/bd/SoC/ipshared/1e43/src/HQC_wrapper.v:221]
WARNING: [Synth 8-689] width (13) of port connection 'decap_out_addr' does not match port width (8) of module 'hqc_kem_joint_design' [d:/University/251/DA/wrapper/wrapper.gen/sources_1/bd/SoC/ipshared/1e43/src/HQC_wrapper.v:227]
INFO: [Synth 8-226] default block is never used [d:/University/251/DA/wrapper/wrapper.gen/sources_1/bd/SoC/ipshared/aeb3/hdl/axi_protocol_converter_v2_1_vl_rfs.v:3277]
INFO: [Synth 8-226] default block is never used [d:/University/251/DA/wrapper/wrapper.gen/sources_1/bd/SoC/ipshared/aeb3/hdl/axi_protocol_converter_v2_1_vl_rfs.v:3395]
WARNING: [Synth 8-7071] port 'aclk2x' of module 'axi_register_slice_v2_1_27_axi_register_slice' is unconnected for instance 'SI_REG' [d:/University/251/DA/wrapper/wrapper.gen/sources_1/bd/SoC/ipshared/aeb3/hdl/axi_protocol_converter_v2_1_vl_rfs.v:4392]
WARNING: [Synth 8-7023] instance 'SI_REG' of module 'axi_register_slice_v2_1_27_axi_register_slice' has 93 connections declared, but only 92 given [d:/University/251/DA/wrapper/wrapper.gen/sources_1/bd/SoC/ipshared/aeb3/hdl/axi_protocol_converter_v2_1_vl_rfs.v:4392]
WARNING: [Synth 8-7071] port 'aclk2x' of module 'axi_register_slice_v2_1_27_axi_register_slice' is unconnected for instance 'MI_REG' [d:/University/251/DA/wrapper/wrapper.gen/sources_1/bd/SoC/ipshared/aeb3/hdl/axi_protocol_converter_v2_1_vl_rfs.v:4647]
WARNING: [Synth 8-7023] instance 'MI_REG' of module 'axi_register_slice_v2_1_27_axi_register_slice' has 93 connections declared, but only 92 given [d:/University/251/DA/wrapper/wrapper.gen/sources_1/bd/SoC/ipshared/aeb3/hdl/axi_protocol_converter_v2_1_vl_rfs.v:4647]
INFO: [Synth 8-638] synthesizing module 'SoC_rst_ps8_0_99M_0' [d:/University/251/DA/wrapper/wrapper.gen/sources_1/bd/SoC/ip/SoC_rst_ps8_0_99M_0/synth/SoC_rst_ps8_0_99M_0.vhd:74]
	Parameter C_FAMILY bound to: zynquplus - type: string 
	Parameter C_EXT_RST_WIDTH bound to: 4 - type: integer 
	Parameter C_AUX_RST_WIDTH bound to: 4 - type: integer 
	Parameter C_EXT_RESET_HIGH bound to: 1'b0 
	Parameter C_AUX_RESET_HIGH bound to: 1'b0 
	Parameter C_NUM_BUS_RST bound to: 1 - type: integer 
	Parameter C_NUM_PERP_RST bound to: 1 - type: integer 
	Parameter C_NUM_INTERCONNECT_ARESETN bound to: 1 - type: integer 
	Parameter C_NUM_PERP_ARESETN bound to: 1 - type: integer 
INFO: [Synth 8-3491] module 'proc_sys_reset' declared at 'd:/University/251/DA/wrapper/wrapper.gen/sources_1/bd/SoC/ipshared/8842/hdl/proc_sys_reset_v5_0_vh_rfs.vhd:1264' bound to instance 'U0' of component 'proc_sys_reset' [d:/University/251/DA/wrapper/wrapper.gen/sources_1/bd/SoC/ip/SoC_rst_ps8_0_99M_0/synth/SoC_rst_ps8_0_99M_0.vhd:129]
INFO: [Synth 8-638] synthesizing module 'proc_sys_reset' [d:/University/251/DA/wrapper/wrapper.gen/sources_1/bd/SoC/ipshared/8842/hdl/proc_sys_reset_v5_0_vh_rfs.vhd:1323]
	Parameter INIT bound to: 1'b1 
INFO: [Synth 8-113] binding component instance 'FDRE_inst' to cell 'FDRE' [d:/University/251/DA/wrapper/wrapper.gen/sources_1/bd/SoC/ipshared/8842/hdl/proc_sys_reset_v5_0_vh_rfs.vhd:1392]
	Parameter INIT bound to: 1'b1 
INFO: [Synth 8-113] binding component instance 'FDRE_BSR' to cell 'FDRE' [d:/University/251/DA/wrapper/wrapper.gen/sources_1/bd/SoC/ipshared/8842/hdl/proc_sys_reset_v5_0_vh_rfs.vhd:1408]
	Parameter INIT bound to: 1'b0 
INFO: [Synth 8-113] binding component instance 'FDRE_BSR_N' to cell 'FDRE' [d:/University/251/DA/wrapper/wrapper.gen/sources_1/bd/SoC/ipshared/8842/hdl/proc_sys_reset_v5_0_vh_rfs.vhd:1434]
	Parameter INIT bound to: 1'b1 
INFO: [Synth 8-113] binding component instance 'FDRE_PER' to cell 'FDRE' [d:/University/251/DA/wrapper/wrapper.gen/sources_1/bd/SoC/ipshared/8842/hdl/proc_sys_reset_v5_0_vh_rfs.vhd:1457]
	Parameter INIT bound to: 1'b0 
INFO: [Synth 8-113] binding component instance 'FDRE_PER_N' to cell 'FDRE' [d:/University/251/DA/wrapper/wrapper.gen/sources_1/bd/SoC/ipshared/8842/hdl/proc_sys_reset_v5_0_vh_rfs.vhd:1481]
INFO: [Synth 8-638] synthesizing module 'lpf' [d:/University/251/DA/wrapper/wrapper.gen/sources_1/bd/SoC/ipshared/8842/hdl/proc_sys_reset_v5_0_vh_rfs.vhd:816]
INFO: [Synth 8-3491] module 'SRL16' declared at 'D:/Apps/Xilinx/Vivado/2022.2/scripts/rt/data/unisim_comp.v:131628' bound to instance 'POR_SRL_I' of component 'SRL16' [d:/University/251/DA/wrapper/wrapper.gen/sources_1/bd/SoC/ipshared/8842/hdl/proc_sys_reset_v5_0_vh_rfs.vhd:868]
INFO: [Synth 8-638] synthesizing module 'cdc_sync' [d:/University/251/DA/wrapper/wrapper.gen/sources_1/bd/SoC/ipshared/ef1e/hdl/lib_cdc_v1_0_rfs.vhd:106]
	Parameter INIT bound to: 1'b0 
INFO: [Synth 8-113] binding component instance 'CROSS_PLEVEL_IN2SCNDRY_IN_cdc_to' to cell 'FDR' [d:/University/251/DA/wrapper/wrapper.gen/sources_1/bd/SoC/ipshared/ef1e/hdl/lib_cdc_v1_0_rfs.vhd:514]
	Parameter INIT bound to: 1'b0 
INFO: [Synth 8-113] binding component instance 'CROSS_PLEVEL_IN2SCNDRY_s_level_out_d2' to cell 'FDR' [d:/University/251/DA/wrapper/wrapper.gen/sources_1/bd/SoC/ipshared/ef1e/hdl/lib_cdc_v1_0_rfs.vhd:545]
	Parameter INIT bound to: 1'b0 
INFO: [Synth 8-113] binding component instance 'CROSS_PLEVEL_IN2SCNDRY_s_level_out_d3' to cell 'FDR' [d:/University/251/DA/wrapper/wrapper.gen/sources_1/bd/SoC/ipshared/ef1e/hdl/lib_cdc_v1_0_rfs.vhd:554]
	Parameter INIT bound to: 1'b0 
INFO: [Synth 8-113] binding component instance 'CROSS_PLEVEL_IN2SCNDRY_s_level_out_d4' to cell 'FDR' [d:/University/251/DA/wrapper/wrapper.gen/sources_1/bd/SoC/ipshared/ef1e/hdl/lib_cdc_v1_0_rfs.vhd:564]
	Parameter INIT bound to: 1'b0 
INFO: [Synth 8-113] binding component instance 'CROSS_PLEVEL_IN2SCNDRY_s_level_out_d5' to cell 'FDR' [d:/University/251/DA/wrapper/wrapper.gen/sources_1/bd/SoC/ipshared/ef1e/hdl/lib_cdc_v1_0_rfs.vhd:574]
	Parameter INIT bound to: 1'b0 
INFO: [Synth 8-113] binding component instance 'CROSS_PLEVEL_IN2SCNDRY_s_level_out_d6' to cell 'FDR' [d:/University/251/DA/wrapper/wrapper.gen/sources_1/bd/SoC/ipshared/ef1e/hdl/lib_cdc_v1_0_rfs.vhd:584]
INFO: [Synth 8-256] done synthesizing module 'cdc_sync' (0#1) [d:/University/251/DA/wrapper/wrapper.gen/sources_1/bd/SoC/ipshared/ef1e/hdl/lib_cdc_v1_0_rfs.vhd:106]
INFO: [Synth 8-256] done synthesizing module 'lpf' (0#1) [d:/University/251/DA/wrapper/wrapper.gen/sources_1/bd/SoC/ipshared/8842/hdl/proc_sys_reset_v5_0_vh_rfs.vhd:816]
INFO: [Synth 8-638] synthesizing module 'sequence_psr' [d:/University/251/DA/wrapper/wrapper.gen/sources_1/bd/SoC/ipshared/8842/hdl/proc_sys_reset_v5_0_vh_rfs.vhd:301]
INFO: [Synth 8-638] synthesizing module 'upcnt_n' [d:/University/251/DA/wrapper/wrapper.gen/sources_1/bd/SoC/ipshared/8842/hdl/proc_sys_reset_v5_0_vh_rfs.vhd:125]
INFO: [Synth 8-256] done synthesizing module 'upcnt_n' (0#1) [d:/University/251/DA/wrapper/wrapper.gen/sources_1/bd/SoC/ipshared/8842/hdl/proc_sys_reset_v5_0_vh_rfs.vhd:125]
INFO: [Synth 8-256] done synthesizing module 'sequence_psr' (0#1) [d:/University/251/DA/wrapper/wrapper.gen/sources_1/bd/SoC/ipshared/8842/hdl/proc_sys_reset_v5_0_vh_rfs.vhd:301]
INFO: [Synth 8-256] done synthesizing module 'proc_sys_reset' (0#1) [d:/University/251/DA/wrapper/wrapper.gen/sources_1/bd/SoC/ipshared/8842/hdl/proc_sys_reset_v5_0_vh_rfs.vhd:1323]
INFO: [Synth 8-256] done synthesizing module 'SoC_rst_ps8_0_99M_0' (0#1) [d:/University/251/DA/wrapper/wrapper.gen/sources_1/bd/SoC/ip/SoC_rst_ps8_0_99M_0/synth/SoC_rst_ps8_0_99M_0.vhd:74]
WARNING: [Synth 8-7071] port 'mb_reset' of module 'SoC_rst_ps8_0_99M_0' is unconnected for instance 'rst_ps8_0_99M' [d:/University/251/DA/wrapper/wrapper.gen/sources_1/bd/SoC/synth/SoC.v:237]
WARNING: [Synth 8-7071] port 'bus_struct_reset' of module 'SoC_rst_ps8_0_99M_0' is unconnected for instance 'rst_ps8_0_99M' [d:/University/251/DA/wrapper/wrapper.gen/sources_1/bd/SoC/synth/SoC.v:237]
WARNING: [Synth 8-7071] port 'peripheral_reset' of module 'SoC_rst_ps8_0_99M_0' is unconnected for instance 'rst_ps8_0_99M' [d:/University/251/DA/wrapper/wrapper.gen/sources_1/bd/SoC/synth/SoC.v:237]
WARNING: [Synth 8-7071] port 'interconnect_aresetn' of module 'SoC_rst_ps8_0_99M_0' is unconnected for instance 'rst_ps8_0_99M' [d:/University/251/DA/wrapper/wrapper.gen/sources_1/bd/SoC/synth/SoC.v:237]
WARNING: [Synth 8-7023] instance 'rst_ps8_0_99M' of module 'SoC_rst_ps8_0_99M_0' has 10 connections declared, but only 6 given [d:/University/251/DA/wrapper/wrapper.gen/sources_1/bd/SoC/synth/SoC.v:237]
WARNING: [Synth 8-689] width (5) of port connection 'EMIOSDIO0DATAOUT' does not match port width (8) of module 'PS8' [d:/University/251/DA/wrapper/wrapper.gen/sources_1/bd/SoC/ip/SoC_zynq_ultra_ps_e_0_0/hdl/zynq_ultra_ps_e_v3_4_1.v:4655]
WARNING: [Synth 8-689] width (5) of port connection 'EMIOSDIO0DATAENA' does not match port width (8) of module 'PS8' [d:/University/251/DA/wrapper/wrapper.gen/sources_1/bd/SoC/ip/SoC_zynq_ultra_ps_e_0_0/hdl/zynq_ultra_ps_e_v3_4_1.v:4656]
WARNING: [Synth 8-689] width (5) of port connection 'EMIOSDIO1DATAOUT' does not match port width (8) of module 'PS8' [d:/University/251/DA/wrapper/wrapper.gen/sources_1/bd/SoC/ip/SoC_zynq_ultra_ps_e_0_0/hdl/zynq_ultra_ps_e_v3_4_1.v:4668]
WARNING: [Synth 8-689] width (5) of port connection 'EMIOSDIO1DATAENA' does not match port width (8) of module 'PS8' [d:/University/251/DA/wrapper/wrapper.gen/sources_1/bd/SoC/ip/SoC_zynq_ultra_ps_e_0_0/hdl/zynq_ultra_ps_e_v3_4_1.v:4669]
WARNING: [Synth 8-7071] port 'PSS_ALTO_CORE_PAD_MGTTXN0OUT' of module 'PS8' is unconnected for instance 'PS8_i' [d:/University/251/DA/wrapper/wrapper.gen/sources_1/bd/SoC/ip/SoC_zynq_ultra_ps_e_0_0/hdl/zynq_ultra_ps_e_v3_4_1.v:3845]
WARNING: [Synth 8-7071] port 'PSS_ALTO_CORE_PAD_MGTTXN1OUT' of module 'PS8' is unconnected for instance 'PS8_i' [d:/University/251/DA/wrapper/wrapper.gen/sources_1/bd/SoC/ip/SoC_zynq_ultra_ps_e_0_0/hdl/zynq_ultra_ps_e_v3_4_1.v:3845]
WARNING: [Synth 8-7071] port 'PSS_ALTO_CORE_PAD_MGTTXN2OUT' of module 'PS8' is unconnected for instance 'PS8_i' [d:/University/251/DA/wrapper/wrapper.gen/sources_1/bd/SoC/ip/SoC_zynq_ultra_ps_e_0_0/hdl/zynq_ultra_ps_e_v3_4_1.v:3845]
WARNING: [Synth 8-7071] port 'PSS_ALTO_CORE_PAD_MGTTXN3OUT' of module 'PS8' is unconnected for instance 'PS8_i' [d:/University/251/DA/wrapper/wrapper.gen/sources_1/bd/SoC/ip/SoC_zynq_ultra_ps_e_0_0/hdl/zynq_ultra_ps_e_v3_4_1.v:3845]
WARNING: [Synth 8-7071] port 'PSS_ALTO_CORE_PAD_MGTTXP0OUT' of module 'PS8' is unconnected for instance 'PS8_i' [d:/University/251/DA/wrapper/wrapper.gen/sources_1/bd/SoC/ip/SoC_zynq_ultra_ps_e_0_0/hdl/zynq_ultra_ps_e_v3_4_1.v:3845]
WARNING: [Synth 8-7071] port 'PSS_ALTO_CORE_PAD_MGTTXP1OUT' of module 'PS8' is unconnected for instance 'PS8_i' [d:/University/251/DA/wrapper/wrapper.gen/sources_1/bd/SoC/ip/SoC_zynq_ultra_ps_e_0_0/hdl/zynq_ultra_ps_e_v3_4_1.v:3845]
WARNING: [Synth 8-7071] port 'PSS_ALTO_CORE_PAD_MGTTXP2OUT' of module 'PS8' is unconnected for instance 'PS8_i' [d:/University/251/DA/wrapper/wrapper.gen/sources_1/bd/SoC/ip/SoC_zynq_ultra_ps_e_0_0/hdl/zynq_ultra_ps_e_v3_4_1.v:3845]
WARNING: [Synth 8-7071] port 'PSS_ALTO_CORE_PAD_MGTTXP3OUT' of module 'PS8' is unconnected for instance 'PS8_i' [d:/University/251/DA/wrapper/wrapper.gen/sources_1/bd/SoC/ip/SoC_zynq_ultra_ps_e_0_0/hdl/zynq_ultra_ps_e_v3_4_1.v:3845]
WARNING: [Synth 8-7071] port 'PSS_ALTO_CORE_PAD_PADO' of module 'PS8' is unconnected for instance 'PS8_i' [d:/University/251/DA/wrapper/wrapper.gen/sources_1/bd/SoC/ip/SoC_zynq_ultra_ps_e_0_0/hdl/zynq_ultra_ps_e_v3_4_1.v:3845]
WARNING: [Synth 8-7071] port 'PSS_ALTO_CORE_PAD_BOOTMODE' of module 'PS8' is unconnected for instance 'PS8_i' [d:/University/251/DA/wrapper/wrapper.gen/sources_1/bd/SoC/ip/SoC_zynq_ultra_ps_e_0_0/hdl/zynq_ultra_ps_e_v3_4_1.v:3845]
WARNING: [Synth 8-7071] port 'PSS_ALTO_CORE_PAD_CLK' of module 'PS8' is unconnected for instance 'PS8_i' [d:/University/251/DA/wrapper/wrapper.gen/sources_1/bd/SoC/ip/SoC_zynq_ultra_ps_e_0_0/hdl/zynq_ultra_ps_e_v3_4_1.v:3845]
WARNING: [Synth 8-7071] port 'PSS_ALTO_CORE_PAD_DONEB' of module 'PS8' is unconnected for instance 'PS8_i' [d:/University/251/DA/wrapper/wrapper.gen/sources_1/bd/SoC/ip/SoC_zynq_ultra_ps_e_0_0/hdl/zynq_ultra_ps_e_v3_4_1.v:3845]
WARNING: [Synth 8-7071] port 'PSS_ALTO_CORE_PAD_DRAMA' of module 'PS8' is unconnected for instance 'PS8_i' [d:/University/251/DA/wrapper/wrapper.gen/sources_1/bd/SoC/ip/SoC_zynq_ultra_ps_e_0_0/hdl/zynq_ultra_ps_e_v3_4_1.v:3845]
WARNING: [Synth 8-7071] port 'PSS_ALTO_CORE_PAD_DRAMACTN' of module 'PS8' is unconnected for instance 'PS8_i' [d:/University/251/DA/wrapper/wrapper.gen/sources_1/bd/SoC/ip/SoC_zynq_ultra_ps_e_0_0/hdl/zynq_ultra_ps_e_v3_4_1.v:3845]
WARNING: [Synth 8-7071] port 'PSS_ALTO_CORE_PAD_DRAMALERTN' of module 'PS8' is unconnected for instance 'PS8_i' [d:/University/251/DA/wrapper/wrapper.gen/sources_1/bd/SoC/ip/SoC_zynq_ultra_ps_e_0_0/hdl/zynq_ultra_ps_e_v3_4_1.v:3845]
WARNING: [Synth 8-7071] port 'PSS_ALTO_CORE_PAD_DRAMBA' of module 'PS8' is unconnected for instance 'PS8_i' [d:/University/251/DA/wrapper/wrapper.gen/sources_1/bd/SoC/ip/SoC_zynq_ultra_ps_e_0_0/hdl/zynq_ultra_ps_e_v3_4_1.v:3845]
WARNING: [Synth 8-7071] port 'PSS_ALTO_CORE_PAD_DRAMBG' of module 'PS8' is unconnected for instance 'PS8_i' [d:/University/251/DA/wrapper/wrapper.gen/sources_1/bd/SoC/ip/SoC_zynq_ultra_ps_e_0_0/hdl/zynq_ultra_ps_e_v3_4_1.v:3845]
WARNING: [Synth 8-7071] port 'PSS_ALTO_CORE_PAD_DRAMCK' of module 'PS8' is unconnected for instance 'PS8_i' [d:/University/251/DA/wrapper/wrapper.gen/sources_1/bd/SoC/ip/SoC_zynq_ultra_ps_e_0_0/hdl/zynq_ultra_ps_e_v3_4_1.v:3845]
WARNING: [Synth 8-7071] port 'PSS_ALTO_CORE_PAD_DRAMCKE' of module 'PS8' is unconnected for instance 'PS8_i' [d:/University/251/DA/wrapper/wrapper.gen/sources_1/bd/SoC/ip/SoC_zynq_ultra_ps_e_0_0/hdl/zynq_ultra_ps_e_v3_4_1.v:3845]
WARNING: [Synth 8-7071] port 'PSS_ALTO_CORE_PAD_DRAMCKN' of module 'PS8' is unconnected for instance 'PS8_i' [d:/University/251/DA/wrapper/wrapper.gen/sources_1/bd/SoC/ip/SoC_zynq_ultra_ps_e_0_0/hdl/zynq_ultra_ps_e_v3_4_1.v:3845]
WARNING: [Synth 8-7071] port 'PSS_ALTO_CORE_PAD_DRAMCSN' of module 'PS8' is unconnected for instance 'PS8_i' [d:/University/251/DA/wrapper/wrapper.gen/sources_1/bd/SoC/ip/SoC_zynq_ultra_ps_e_0_0/hdl/zynq_ultra_ps_e_v3_4_1.v:3845]
WARNING: [Synth 8-7071] port 'PSS_ALTO_CORE_PAD_DRAMDM' of module 'PS8' is unconnected for instance 'PS8_i' [d:/University/251/DA/wrapper/wrapper.gen/sources_1/bd/SoC/ip/SoC_zynq_ultra_ps_e_0_0/hdl/zynq_ultra_ps_e_v3_4_1.v:3845]
WARNING: [Synth 8-7071] port 'PSS_ALTO_CORE_PAD_DRAMDQ' of module 'PS8' is unconnected for instance 'PS8_i' [d:/University/251/DA/wrapper/wrapper.gen/sources_1/bd/SoC/ip/SoC_zynq_ultra_ps_e_0_0/hdl/zynq_ultra_ps_e_v3_4_1.v:3845]
WARNING: [Synth 8-7071] port 'PSS_ALTO_CORE_PAD_DRAMDQS' of module 'PS8' is unconnected for instance 'PS8_i' [d:/University/251/DA/wrapper/wrapper.gen/sources_1/bd/SoC/ip/SoC_zynq_ultra_ps_e_0_0/hdl/zynq_ultra_ps_e_v3_4_1.v:3845]
WARNING: [Synth 8-7071] port 'PSS_ALTO_CORE_PAD_DRAMDQSN' of module 'PS8' is unconnected for instance 'PS8_i' [d:/University/251/DA/wrapper/wrapper.gen/sources_1/bd/SoC/ip/SoC_zynq_ultra_ps_e_0_0/hdl/zynq_ultra_ps_e_v3_4_1.v:3845]
WARNING: [Synth 8-7071] port 'PSS_ALTO_CORE_PAD_DRAMODT' of module 'PS8' is unconnected for instance 'PS8_i' [d:/University/251/DA/wrapper/wrapper.gen/sources_1/bd/SoC/ip/SoC_zynq_ultra_ps_e_0_0/hdl/zynq_ultra_ps_e_v3_4_1.v:3845]
WARNING: [Synth 8-7071] port 'PSS_ALTO_CORE_PAD_DRAMPARITY' of module 'PS8' is unconnected for instance 'PS8_i' [d:/University/251/DA/wrapper/wrapper.gen/sources_1/bd/SoC/ip/SoC_zynq_ultra_ps_e_0_0/hdl/zynq_ultra_ps_e_v3_4_1.v:3845]
WARNING: [Synth 8-7071] port 'PSS_ALTO_CORE_PAD_DRAMRAMRSTN' of module 'PS8' is unconnected for instance 'PS8_i' [d:/University/251/DA/wrapper/wrapper.gen/sources_1/bd/SoC/ip/SoC_zynq_ultra_ps_e_0_0/hdl/zynq_ultra_ps_e_v3_4_1.v:3845]
WARNING: [Synth 8-7071] port 'PSS_ALTO_CORE_PAD_ERROROUT' of module 'PS8' is unconnected for instance 'PS8_i' [d:/University/251/DA/wrapper/wrapper.gen/sources_1/bd/SoC/ip/SoC_zynq_ultra_ps_e_0_0/hdl/zynq_ultra_ps_e_v3_4_1.v:3845]
WARNING: [Synth 8-7071] port 'PSS_ALTO_CORE_PAD_ERRORSTATUS' of module 'PS8' is unconnected for instance 'PS8_i' [d:/University/251/DA/wrapper/wrapper.gen/sources_1/bd/SoC/ip/SoC_zynq_ultra_ps_e_0_0/hdl/zynq_ultra_ps_e_v3_4_1.v:3845]
WARNING: [Synth 8-7071] port 'PSS_ALTO_CORE_PAD_INITB' of module 'PS8' is unconnected for instance 'PS8_i' [d:/University/251/DA/wrapper/wrapper.gen/sources_1/bd/SoC/ip/SoC_zynq_ultra_ps_e_0_0/hdl/zynq_ultra_ps_e_v3_4_1.v:3845]
WARNING: [Synth 8-7071] port 'PSS_ALTO_CORE_PAD_JTAGTCK' of module 'PS8' is unconnected for instance 'PS8_i' [d:/University/251/DA/wrapper/wrapper.gen/sources_1/bd/SoC/ip/SoC_zynq_ultra_ps_e_0_0/hdl/zynq_ultra_ps_e_v3_4_1.v:3845]
WARNING: [Synth 8-7071] port 'PSS_ALTO_CORE_PAD_JTAGTDI' of module 'PS8' is unconnected for instance 'PS8_i' [d:/University/251/DA/wrapper/wrapper.gen/sources_1/bd/SoC/ip/SoC_zynq_ultra_ps_e_0_0/hdl/zynq_ultra_ps_e_v3_4_1.v:3845]
WARNING: [Synth 8-7071] port 'PSS_ALTO_CORE_PAD_JTAGTDO' of module 'PS8' is unconnected for instance 'PS8_i' [d:/University/251/DA/wrapper/wrapper.gen/sources_1/bd/SoC/ip/SoC_zynq_ultra_ps_e_0_0/hdl/zynq_ultra_ps_e_v3_4_1.v:3845]
WARNING: [Synth 8-7071] port 'PSS_ALTO_CORE_PAD_JTAGTMS' of module 'PS8' is unconnected for instance 'PS8_i' [d:/University/251/DA/wrapper/wrapper.gen/sources_1/bd/SoC/ip/SoC_zynq_ultra_ps_e_0_0/hdl/zynq_ultra_ps_e_v3_4_1.v:3845]
WARNING: [Synth 8-7071] port 'PSS_ALTO_CORE_PAD_MIO' of module 'PS8' is unconnected for instance 'PS8_i' [d:/University/251/DA/wrapper/wrapper.gen/sources_1/bd/SoC/ip/SoC_zynq_ultra_ps_e_0_0/hdl/zynq_ultra_ps_e_v3_4_1.v:3845]
WARNING: [Synth 8-7071] port 'PSS_ALTO_CORE_PAD_PORB' of module 'PS8' is unconnected for instance 'PS8_i' [d:/University/251/DA/wrapper/wrapper.gen/sources_1/bd/SoC/ip/SoC_zynq_ultra_ps_e_0_0/hdl/zynq_ultra_ps_e_v3_4_1.v:3845]
WARNING: [Synth 8-7071] port 'PSS_ALTO_CORE_PAD_PROGB' of module 'PS8' is unconnected for instance 'PS8_i' [d:/University/251/DA/wrapper/wrapper.gen/sources_1/bd/SoC/ip/SoC_zynq_ultra_ps_e_0_0/hdl/zynq_ultra_ps_e_v3_4_1.v:3845]
WARNING: [Synth 8-7071] port 'PSS_ALTO_CORE_PAD_RCALIBINOUT' of module 'PS8' is unconnected for instance 'PS8_i' [d:/University/251/DA/wrapper/wrapper.gen/sources_1/bd/SoC/ip/SoC_zynq_ultra_ps_e_0_0/hdl/zynq_ultra_ps_e_v3_4_1.v:3845]
WARNING: [Synth 8-7071] port 'PSS_ALTO_CORE_PAD_SRSTB' of module 'PS8' is unconnected for instance 'PS8_i' [d:/University/251/DA/wrapper/wrapper.gen/sources_1/bd/SoC/ip/SoC_zynq_ultra_ps_e_0_0/hdl/zynq_ultra_ps_e_v3_4_1.v:3845]
WARNING: [Synth 8-7071] port 'PSS_ALTO_CORE_PAD_ZQ' of module 'PS8' is unconnected for instance 'PS8_i' [d:/University/251/DA/wrapper/wrapper.gen/sources_1/bd/SoC/ip/SoC_zynq_ultra_ps_e_0_0/hdl/zynq_ultra_ps_e_v3_4_1.v:3845]
WARNING: [Synth 8-7071] port 'PSS_ALTO_CORE_PAD_MGTRXN0IN' of module 'PS8' is unconnected for instance 'PS8_i' [d:/University/251/DA/wrapper/wrapper.gen/sources_1/bd/SoC/ip/SoC_zynq_ultra_ps_e_0_0/hdl/zynq_ultra_ps_e_v3_4_1.v:3845]
WARNING: [Synth 8-7071] port 'PSS_ALTO_CORE_PAD_MGTRXN1IN' of module 'PS8' is unconnected for instance 'PS8_i' [d:/University/251/DA/wrapper/wrapper.gen/sources_1/bd/SoC/ip/SoC_zynq_ultra_ps_e_0_0/hdl/zynq_ultra_ps_e_v3_4_1.v:3845]
WARNING: [Synth 8-7071] port 'PSS_ALTO_CORE_PAD_MGTRXN2IN' of module 'PS8' is unconnected for instance 'PS8_i' [d:/University/251/DA/wrapper/wrapper.gen/sources_1/bd/SoC/ip/SoC_zynq_ultra_ps_e_0_0/hdl/zynq_ultra_ps_e_v3_4_1.v:3845]
WARNING: [Synth 8-7071] port 'PSS_ALTO_CORE_PAD_MGTRXN3IN' of module 'PS8' is unconnected for instance 'PS8_i' [d:/University/251/DA/wrapper/wrapper.gen/sources_1/bd/SoC/ip/SoC_zynq_ultra_ps_e_0_0/hdl/zynq_ultra_ps_e_v3_4_1.v:3845]
WARNING: [Synth 8-7071] port 'PSS_ALTO_CORE_PAD_MGTRXP0IN' of module 'PS8' is unconnected for instance 'PS8_i' [d:/University/251/DA/wrapper/wrapper.gen/sources_1/bd/SoC/ip/SoC_zynq_ultra_ps_e_0_0/hdl/zynq_ultra_ps_e_v3_4_1.v:3845]
WARNING: [Synth 8-7071] port 'PSS_ALTO_CORE_PAD_MGTRXP1IN' of module 'PS8' is unconnected for instance 'PS8_i' [d:/University/251/DA/wrapper/wrapper.gen/sources_1/bd/SoC/ip/SoC_zynq_ultra_ps_e_0_0/hdl/zynq_ultra_ps_e_v3_4_1.v:3845]
WARNING: [Synth 8-7071] port 'PSS_ALTO_CORE_PAD_MGTRXP2IN' of module 'PS8' is unconnected for instance 'PS8_i' [d:/University/251/DA/wrapper/wrapper.gen/sources_1/bd/SoC/ip/SoC_zynq_ultra_ps_e_0_0/hdl/zynq_ultra_ps_e_v3_4_1.v:3845]
WARNING: [Synth 8-7071] port 'PSS_ALTO_CORE_PAD_MGTRXP3IN' of module 'PS8' is unconnected for instance 'PS8_i' [d:/University/251/DA/wrapper/wrapper.gen/sources_1/bd/SoC/ip/SoC_zynq_ultra_ps_e_0_0/hdl/zynq_ultra_ps_e_v3_4_1.v:3845]
WARNING: [Synth 8-7071] port 'PSS_ALTO_CORE_PAD_PADI' of module 'PS8' is unconnected for instance 'PS8_i' [d:/University/251/DA/wrapper/wrapper.gen/sources_1/bd/SoC/ip/SoC_zynq_ultra_ps_e_0_0/hdl/zynq_ultra_ps_e_v3_4_1.v:3845]
WARNING: [Synth 8-7071] port 'PSS_ALTO_CORE_PAD_REFN0IN' of module 'PS8' is unconnected for instance 'PS8_i' [d:/University/251/DA/wrapper/wrapper.gen/sources_1/bd/SoC/ip/SoC_zynq_ultra_ps_e_0_0/hdl/zynq_ultra_ps_e_v3_4_1.v:3845]
WARNING: [Synth 8-7071] port 'PSS_ALTO_CORE_PAD_REFN1IN' of module 'PS8' is unconnected for instance 'PS8_i' [d:/University/251/DA/wrapper/wrapper.gen/sources_1/bd/SoC/ip/SoC_zynq_ultra_ps_e_0_0/hdl/zynq_ultra_ps_e_v3_4_1.v:3845]
WARNING: [Synth 8-7071] port 'PSS_ALTO_CORE_PAD_REFN2IN' of module 'PS8' is unconnected for instance 'PS8_i' [d:/University/251/DA/wrapper/wrapper.gen/sources_1/bd/SoC/ip/SoC_zynq_ultra_ps_e_0_0/hdl/zynq_ultra_ps_e_v3_4_1.v:3845]
WARNING: [Synth 8-7071] port 'PSS_ALTO_CORE_PAD_REFN3IN' of module 'PS8' is unconnected for instance 'PS8_i' [d:/University/251/DA/wrapper/wrapper.gen/sources_1/bd/SoC/ip/SoC_zynq_ultra_ps_e_0_0/hdl/zynq_ultra_ps_e_v3_4_1.v:3845]
WARNING: [Synth 8-7071] port 'PSS_ALTO_CORE_PAD_REFP0IN' of module 'PS8' is unconnected for instance 'PS8_i' [d:/University/251/DA/wrapper/wrapper.gen/sources_1/bd/SoC/ip/SoC_zynq_ultra_ps_e_0_0/hdl/zynq_ultra_ps_e_v3_4_1.v:3845]
WARNING: [Synth 8-7071] port 'PSS_ALTO_CORE_PAD_REFP1IN' of module 'PS8' is unconnected for instance 'PS8_i' [d:/University/251/DA/wrapper/wrapper.gen/sources_1/bd/SoC/ip/SoC_zynq_ultra_ps_e_0_0/hdl/zynq_ultra_ps_e_v3_4_1.v:3845]
WARNING: [Synth 8-7071] port 'PSS_ALTO_CORE_PAD_REFP2IN' of module 'PS8' is unconnected for instance 'PS8_i' [d:/University/251/DA/wrapper/wrapper.gen/sources_1/bd/SoC/ip/SoC_zynq_ultra_ps_e_0_0/hdl/zynq_ultra_ps_e_v3_4_1.v:3845]
WARNING: [Synth 8-7071] port 'PSS_ALTO_CORE_PAD_REFP3IN' of module 'PS8' is unconnected for instance 'PS8_i' [d:/University/251/DA/wrapper/wrapper.gen/sources_1/bd/SoC/ip/SoC_zynq_ultra_ps_e_0_0/hdl/zynq_ultra_ps_e_v3_4_1.v:3845]
WARNING: [Synth 8-7023] instance 'PS8_i' of module 'PS8' has 1015 connections declared, but only 957 given [d:/University/251/DA/wrapper/wrapper.gen/sources_1/bd/SoC/ip/SoC_zynq_ultra_ps_e_0_0/hdl/zynq_ultra_ps_e_v3_4_1.v:3845]
WARNING: [Synth 8-7071] port 'emio_enet0_signal_detect' of module 'zynq_ultra_ps_e_v3_4_1_zynq_ultra_ps_e' is unconnected for instance 'inst' [d:/University/251/DA/wrapper/wrapper.gen/sources_1/bd/SoC/ip/SoC_zynq_ultra_ps_e_0_0/synth/SoC_zynq_ultra_ps_e_0_0.v:363]
WARNING: [Synth 8-7071] port 'emio_enet1_signal_detect' of module 'zynq_ultra_ps_e_v3_4_1_zynq_ultra_ps_e' is unconnected for instance 'inst' [d:/University/251/DA/wrapper/wrapper.gen/sources_1/bd/SoC/ip/SoC_zynq_ultra_ps_e_0_0/synth/SoC_zynq_ultra_ps_e_0_0.v:363]
WARNING: [Synth 8-7071] port 'emio_enet2_signal_detect' of module 'zynq_ultra_ps_e_v3_4_1_zynq_ultra_ps_e' is unconnected for instance 'inst' [d:/University/251/DA/wrapper/wrapper.gen/sources_1/bd/SoC/ip/SoC_zynq_ultra_ps_e_0_0/synth/SoC_zynq_ultra_ps_e_0_0.v:363]
WARNING: [Synth 8-7071] port 'emio_enet3_signal_detect' of module 'zynq_ultra_ps_e_v3_4_1_zynq_ultra_ps_e' is unconnected for instance 'inst' [d:/University/251/DA/wrapper/wrapper.gen/sources_1/bd/SoC/ip/SoC_zynq_ultra_ps_e_0_0/synth/SoC_zynq_ultra_ps_e_0_0.v:363]
WARNING: [Synth 8-7023] instance 'inst' of module 'zynq_ultra_ps_e_v3_4_1_zynq_ultra_ps_e' has 1491 connections declared, but only 1487 given [d:/University/251/DA/wrapper/wrapper.gen/sources_1/bd/SoC/ip/SoC_zynq_ultra_ps_e_0_0/synth/SoC_zynq_ultra_ps_e_0_0.v:363]
WARNING: [Synth 8-7071] port 'maxigp0_awuser' of module 'SoC_zynq_ultra_ps_e_0_0' is unconnected for instance 'zynq_ultra_ps_e_0' [d:/University/251/DA/wrapper/wrapper.gen/sources_1/bd/SoC/synth/SoC.v:244]
WARNING: [Synth 8-7071] port 'maxigp0_aruser' of module 'SoC_zynq_ultra_ps_e_0_0' is unconnected for instance 'zynq_ultra_ps_e_0' [d:/University/251/DA/wrapper/wrapper.gen/sources_1/bd/SoC/synth/SoC.v:244]
WARNING: [Synth 8-7071] port 'maxigp1_awuser' of module 'SoC_zynq_ultra_ps_e_0_0' is unconnected for instance 'zynq_ultra_ps_e_0' [d:/University/251/DA/wrapper/wrapper.gen/sources_1/bd/SoC/synth/SoC.v:244]
WARNING: [Synth 8-7071] port 'maxigp1_aruser' of module 'SoC_zynq_ultra_ps_e_0_0' is unconnected for instance 'zynq_ultra_ps_e_0' [d:/University/251/DA/wrapper/wrapper.gen/sources_1/bd/SoC/synth/SoC.v:244]
WARNING: [Synth 8-7071] port 'pl_clk1' of module 'SoC_zynq_ultra_ps_e_0_0' is unconnected for instance 'zynq_ultra_ps_e_0' [d:/University/251/DA/wrapper/wrapper.gen/sources_1/bd/SoC/synth/SoC.v:244]
WARNING: [Synth 8-7023] instance 'zynq_ultra_ps_e_0' of module 'SoC_zynq_ultra_ps_e_0_0' has 84 connections declared, but only 79 given [d:/University/251/DA/wrapper/wrapper.gen/sources_1/bd/SoC/synth/SoC.v:244]
WARNING: [Synth 8-3936] Found unconnected internal register 'a_r_reg' and it is trimmed from '24' to '16' bits. [d:/University/251/DA/wrapper/wrapper.gen/sources_1/bd/SoC/ipshared/1e43/src/hqc_barrett_red.v:83]
WARNING: [Synth 8-6014] Unused sequential element gen_one_reg_reg was removed.  [d:/University/251/DA/wrapper/wrapper.gen/sources_1/bd/SoC/ipshared/1e43/src/onegen_ct.v:112]
WARNING: [Synth 8-6014] Unused sequential element collision_reg_reg_reg_reg was removed.  [d:/University/251/DA/wrapper/wrapper.gen/sources_1/bd/SoC/ipshared/1e43/src/onegen_ct.v:175]
WARNING: [Synth 8-6014] Unused sequential element collision_reg_reg_reg_reg_reg was removed.  [d:/University/251/DA/wrapper/wrapper.gen/sources_1/bd/SoC/ipshared/1e43/src/onegen_ct.v:176]
WARNING: [Synth 8-6014] Unused sequential element shake_output_counter_reg was removed.  [d:/University/251/DA/wrapper/wrapper.gen/sources_1/bd/SoC/ipshared/1e43/src/fixed_weight_ct.v:365]
WARNING: [Synth 8-6014] Unused sequential element dout_valid_sh_internal_reg_reg was removed.  [d:/University/251/DA/wrapper/wrapper.gen/sources_1/bd/SoC/ipshared/1e43/src/fixed_weight_ct.v:873]
WARNING: [Synth 8-6014] Unused sequential element seed_is_loaded_in_shake_reg was removed.  [d:/University/251/DA/wrapper/wrapper.gen/sources_1/bd/SoC/ipshared/1e43/src/fixed_weight_ct.v:904]
WARNING: [Synth 8-6014] Unused sequential element shake_result_ready_reg was removed.  [d:/University/251/DA/wrapper/wrapper.gen/sources_1/bd/SoC/ipshared/1e43/src/fixed_weight_ct.v:905]
WARNING: [Synth 8-3848] Net force_done_shake in module/entity fixed_weight_ct does not have driver. [d:/University/251/DA/wrapper/wrapper.gen/sources_1/bd/SoC/ipshared/1e43/src/fixed_weight_ct.v:118]
WARNING: [Synth 8-3848] Net data_in_ms in module/entity fixed_weight_ct does not have driver. [d:/University/251/DA/wrapper/wrapper.gen/sources_1/bd/SoC/ipshared/1e43/src/fixed_weight_ct.v:126]
WARNING: [Synth 8-6014] Unused sequential element pk_rand_addr_reg_reg was removed.  [d:/University/251/DA/wrapper/wrapper.gen/sources_1/bd/SoC/ipshared/1e43/src/vect_set_random.v:200]
WARNING: [Synth 8-6014] Unused sequential element shake_dout_valid_reg_reg was removed.  [d:/University/251/DA/wrapper/wrapper.gen/sources_1/bd/SoC/ipshared/1e43/src/vect_set_random.v:234]
WARNING: [Synth 8-6014] Unused sequential element sel_rmem_reg_reg was removed.  [d:/University/251/DA/wrapper/wrapper.gen/sources_1/bd/SoC/ipshared/1e43/src/vect_set_random.v:291]
WARNING: [Synth 8-6014] Unused sequential element shake_result_ready_reg was removed.  [d:/University/251/DA/wrapper/wrapper.gen/sources_1/bd/SoC/ipshared/1e43/src/vect_set_random.v:358]
WARNING: [Synth 8-6014] Unused sequential element din_0_intermediate_reg was removed.  [d:/University/251/DA/wrapper/wrapper.gen/sources_1/bd/SoC/ipshared/1e43/src/poly_mult.v:290]
WARNING: [Synth 8-6014] Unused sequential element din_1_intermediate_reg was removed.  [d:/University/251/DA/wrapper/wrapper.gen/sources_1/bd/SoC/ipshared/1e43/src/poly_mult.v:291]
WARNING: [Synth 8-6014] Unused sequential element gen_one_reg_reg was removed.  [d:/University/251/DA/wrapper/wrapper.gen/sources_1/bd/SoC/ipshared/1e43/src/loc_based_adder.v:88]
WARNING: [Synth 8-6014] Unused sequential element gen_one_reg_reg was removed.  [d:/University/251/DA/wrapper/wrapper.gen/sources_1/bd/SoC/ipshared/1e43/src/onegen_ct.v:112]
WARNING: [Synth 8-6014] Unused sequential element collision_reg_reg_reg_reg was removed.  [d:/University/251/DA/wrapper/wrapper.gen/sources_1/bd/SoC/ipshared/1e43/src/onegen_ct.v:175]
WARNING: [Synth 8-6014] Unused sequential element collision_reg_reg_reg_reg_reg was removed.  [d:/University/251/DA/wrapper/wrapper.gen/sources_1/bd/SoC/ipshared/1e43/src/onegen_ct.v:176]
WARNING: [Synth 8-6014] Unused sequential element shake_output_counter_reg was removed.  [d:/University/251/DA/wrapper/wrapper.gen/sources_1/bd/SoC/ipshared/1e43/src/fixed_weight_ct.v:365]
WARNING: [Synth 8-6014] Unused sequential element dout_valid_sh_internal_reg_reg was removed.  [d:/University/251/DA/wrapper/wrapper.gen/sources_1/bd/SoC/ipshared/1e43/src/fixed_weight_ct.v:873]
WARNING: [Synth 8-6014] Unused sequential element seed_is_loaded_in_shake_reg was removed.  [d:/University/251/DA/wrapper/wrapper.gen/sources_1/bd/SoC/ipshared/1e43/src/fixed_weight_ct.v:904]
WARNING: [Synth 8-6014] Unused sequential element shake_result_ready_reg was removed.  [d:/University/251/DA/wrapper/wrapper.gen/sources_1/bd/SoC/ipshared/1e43/src/fixed_weight_ct.v:905]
WARNING: [Synth 8-3848] Net force_done_shake in module/entity fixed_weight_ct__parameterized0 does not have driver. [d:/University/251/DA/wrapper/wrapper.gen/sources_1/bd/SoC/ipshared/1e43/src/fixed_weight_ct.v:118]
WARNING: [Synth 8-3848] Net data_in_ms in module/entity fixed_weight_ct__parameterized0 does not have driver. [d:/University/251/DA/wrapper/wrapper.gen/sources_1/bd/SoC/ipshared/1e43/src/fixed_weight_ct.v:126]
WARNING: [Synth 8-3848] Net done in module/entity rm_encoder does not have driver. [d:/University/251/DA/wrapper/wrapper.gen/sources_1/bd/SoC/ipshared/1e43/src/rm_encoder.v:51]
WARNING: [Synth 8-6014] Unused sequential element gen_one_reg_reg was removed.  [d:/University/251/DA/wrapper/wrapper.gen/sources_1/bd/SoC/ipshared/1e43/src/loc_based_adder.v:88]
WARNING: [Synth 8-6014] Unused sequential element en_e_reg was removed.  [d:/University/251/DA/wrapper/wrapper.gen/sources_1/bd/SoC/ipshared/1e43/src/encrypt.v:542]
WARNING: [Synth 8-6014] Unused sequential element count_hash_inputs_test_reg was removed.  [d:/University/251/DA/wrapper/wrapper.gen/sources_1/bd/SoC/ipshared/1e43/src/encap.v:527]
WARNING: [Synth 8-6014] Unused sequential element sel_uv_int_reg was removed.  [d:/University/251/DA/wrapper/wrapper.gen/sources_1/bd/SoC/ipshared/1e43/src/encap.v:602]
WARNING: [Synth 8-6014] Unused sequential element done_hash_load_reg was removed.  [d:/University/251/DA/wrapper/wrapper.gen/sources_1/bd/SoC/ipshared/1e43/src/encap.v:1548]
WARNING: [Synth 8-3848] Net chi_mod_34 in module/entity encap does not have driver. [d:/University/251/DA/wrapper/wrapper.gen/sources_1/bd/SoC/ipshared/1e43/src/encap.v:534]
WARNING: [Synth 8-3848] Net dout_valid_o in module/entity fft_part1 does not have driver. [d:/University/251/DA/wrapper/wrapper.gen/sources_1/bd/SoC/ipshared/1e43/src/fft_part1.v:30]
WARNING: [Synth 8-6014] Unused sequential element start_d_reg was removed.  [d:/University/251/DA/wrapper/wrapper.gen/sources_1/bd/SoC/ipshared/1e43/src/fft_part2.v:172]
WARNING: [Synth 8-3936] Found unconnected internal register 'cnt_in_d_reg' and it is trimmed from '8' to '5' bits. [d:/University/251/DA/wrapper/wrapper.gen/sources_1/bd/SoC/ipshared/1e43/src/fft_part2.v:139]
WARNING: [Synth 8-6014] Unused sequential element start_d_reg was removed.  [d:/University/251/DA/wrapper/wrapper.gen/sources_1/bd/SoC/ipshared/1e43/src/fft_part2.v:172]
WARNING: [Synth 8-3936] Found unconnected internal register 'cnt_in_d_reg' and it is trimmed from '8' to '6' bits. [d:/University/251/DA/wrapper/wrapper.gen/sources_1/bd/SoC/ipshared/1e43/src/fft_part2.v:139]
WARNING: [Synth 8-6014] Unused sequential element start_d_reg was removed.  [d:/University/251/DA/wrapper/wrapper.gen/sources_1/bd/SoC/ipshared/1e43/src/fft_part2.v:172]
WARNING: [Synth 8-3936] Found unconnected internal register 'cnt_in_d_reg' and it is trimmed from '8' to '7' bits. [d:/University/251/DA/wrapper/wrapper.gen/sources_1/bd/SoC/ipshared/1e43/src/fft_part2.v:139]
WARNING: [Synth 8-6014] Unused sequential element start_d_reg was removed.  [d:/University/251/DA/wrapper/wrapper.gen/sources_1/bd/SoC/ipshared/1e43/src/fft_part2.v:172]
WARNING: [Synth 8-3848] Net start_o in module/entity add_fft does not have driver. [d:/University/251/DA/wrapper/wrapper.gen/sources_1/bd/SoC/ipshared/1e43/src/add_fft.v:23]
WARNING: [Synth 8-3848] Net busy_o in module/entity hqc_rsdecod_roots does not have driver. [d:/University/251/DA/wrapper/wrapper.gen/sources_1/bd/SoC/ipshared/1e43/src/hqc_rsdecod_roots.v:36]
WARNING: [Synth 8-6014] Unused sequential element u_neq_reg was removed.  [d:/University/251/DA/wrapper/wrapper.gen/sources_1/bd/SoC/ipshared/1e43/src/decap.v:399]
WARNING: [Synth 8-6014] Unused sequential element v_neq_reg was removed.  [d:/University/251/DA/wrapper/wrapper.gen/sources_1/bd/SoC/ipshared/1e43/src/decap.v:413]
WARNING: [Synth 8-6014] Unused sequential element d_neq_reg was removed.  [d:/University/251/DA/wrapper/wrapper.gen/sources_1/bd/SoC/ipshared/1e43/src/decap.v:426]
WARNING: [Synth 8-6014] Unused sequential element verify_u_reg was removed.  [d:/University/251/DA/wrapper/wrapper.gen/sources_1/bd/SoC/ipshared/1e43/src/decap.v:660]
WARNING: [Synth 8-6014] Unused sequential element verify_v_reg was removed.  [d:/University/251/DA/wrapper/wrapper.gen/sources_1/bd/SoC/ipshared/1e43/src/decap.v:661]
WARNING: [Synth 8-6014] Unused sequential element verify_d_reg was removed.  [d:/University/251/DA/wrapper/wrapper.gen/sources_1/bd/SoC/ipshared/1e43/src/decap.v:662]
WARNING: [Synth 8-6014] Unused sequential element verify_u_reg_reg was removed.  [d:/University/251/DA/wrapper/wrapper.gen/sources_1/bd/SoC/ipshared/1e43/src/decap.v:859]
WARNING: [Synth 8-3848] Net y_addr in module/entity decap does not have driver. [d:/University/251/DA/wrapper/wrapper.gen/sources_1/bd/SoC/ipshared/1e43/src/decap.v:151]
WARNING: [Synth 8-3848] Net pm_start_e in module/entity decap does not have driver. [d:/University/251/DA/wrapper/wrapper.gen/sources_1/bd/SoC/ipshared/1e43/src/decap.v:271]
WARNING: [Synth 8-3848] Net pm_loc_in_e in module/entity decap does not have driver. [d:/University/251/DA/wrapper/wrapper.gen/sources_1/bd/SoC/ipshared/1e43/src/decap.v:272]
WARNING: [Synth 8-3848] Net pm_weight_e in module/entity decap does not have driver. [d:/University/251/DA/wrapper/wrapper.gen/sources_1/bd/SoC/ipshared/1e43/src/decap.v:273]
WARNING: [Synth 8-3848] Net pm_mux_word_0_e in module/entity decap does not have driver. [d:/University/251/DA/wrapper/wrapper.gen/sources_1/bd/SoC/ipshared/1e43/src/decap.v:274]
WARNING: [Synth 8-3848] Net pm_mux_word_1_e in module/entity decap does not have driver. [d:/University/251/DA/wrapper/wrapper.gen/sources_1/bd/SoC/ipshared/1e43/src/decap.v:275]
WARNING: [Synth 8-3848] Net pm_rd_dout_e in module/entity decap does not have driver. [d:/University/251/DA/wrapper/wrapper.gen/sources_1/bd/SoC/ipshared/1e43/src/decap.v:276]
WARNING: [Synth 8-3848] Net pm_addr_result_e in module/entity decap does not have driver. [d:/University/251/DA/wrapper/wrapper.gen/sources_1/bd/SoC/ipshared/1e43/src/decap.v:277]
WARNING: [Synth 8-3848] Net pm_add_wr_en_e in module/entity decap does not have driver. [d:/University/251/DA/wrapper/wrapper.gen/sources_1/bd/SoC/ipshared/1e43/src/decap.v:278]
WARNING: [Synth 8-3848] Net pm_add_addr_e in module/entity decap does not have driver. [d:/University/251/DA/wrapper/wrapper.gen/sources_1/bd/SoC/ipshared/1e43/src/decap.v:279]
WARNING: [Synth 8-3848] Net pm_add_in_e in module/entity decap does not have driver. [d:/University/251/DA/wrapper/wrapper.gen/sources_1/bd/SoC/ipshared/1e43/src/decap.v:280]
WARNING: [Synth 8-6014] Unused sequential element dout_reg_reg was removed.  [d:/University/251/DA/wrapper/wrapper.gen/sources_1/bd/SoC/ipshared/1e43/src/data_path.v:184]
WARNING: [Synth 8-3848] Net e_start_encap in module/entity hqc_kem_joint_design does not have driver. [d:/University/251/DA/wrapper/wrapper.gen/sources_1/bd/SoC/ipshared/1e43/src/hqc_kem_joint_design.v:305]
WARNING: [Synth 8-3848] Net e_m_in in module/entity hqc_kem_joint_design does not have driver. [d:/University/251/DA/wrapper/wrapper.gen/sources_1/bd/SoC/ipshared/1e43/src/hqc_kem_joint_design.v:306]
WARNING: [Synth 8-3848] Net e_m_addr in module/entity hqc_kem_joint_design does not have driver. [d:/University/251/DA/wrapper/wrapper.gen/sources_1/bd/SoC/ipshared/1e43/src/hqc_kem_joint_design.v:307]
WARNING: [Synth 8-3848] Net e_m_wen in module/entity hqc_kem_joint_design does not have driver. [d:/University/251/DA/wrapper/wrapper.gen/sources_1/bd/SoC/ipshared/1e43/src/hqc_kem_joint_design.v:308]
WARNING: [Synth 8-3848] Net e_sel_out in module/entity hqc_kem_joint_design does not have driver. [d:/University/251/DA/wrapper/wrapper.gen/sources_1/bd/SoC/ipshared/1e43/src/hqc_kem_joint_design.v:310]
WARNING: [Synth 8-3848] Net e_out_en in module/entity hqc_kem_joint_design does not have driver. [d:/University/251/DA/wrapper/wrapper.gen/sources_1/bd/SoC/ipshared/1e43/src/hqc_kem_joint_design.v:311]
WARNING: [Synth 8-3848] Net e_out_addr in module/entity hqc_kem_joint_design does not have driver. [d:/University/251/DA/wrapper/wrapper.gen/sources_1/bd/SoC/ipshared/1e43/src/hqc_kem_joint_design.v:312]
WARNING: [Synth 8-3848] Net e_u_v_in_wen in module/entity hqc_kem_joint_design does not have driver. [d:/University/251/DA/wrapper/wrapper.gen/sources_1/bd/SoC/ipshared/1e43/src/hqc_kem_joint_design.v:314]
WARNING: [Synth 8-3848] Net e_u_v_in_addr in module/entity hqc_kem_joint_design does not have driver. [d:/University/251/DA/wrapper/wrapper.gen/sources_1/bd/SoC/ipshared/1e43/src/hqc_kem_joint_design.v:315]
WARNING: [Synth 8-3848] Net e_u_v_in in module/entity hqc_kem_joint_design does not have driver. [d:/University/251/DA/wrapper/wrapper.gen/sources_1/bd/SoC/ipshared/1e43/src/hqc_kem_joint_design.v:316]
WARNING: [Synth 8-3848] Net e_resume_encap in module/entity hqc_kem_joint_design does not have driver. [d:/University/251/DA/wrapper/wrapper.gen/sources_1/bd/SoC/ipshared/1e43/src/hqc_kem_joint_design.v:317]
WARNING: [Synth 8-6014] Unused sequential element cmd_empty_reg was removed.  [d:/University/251/DA/wrapper/wrapper.gen/sources_1/bd/SoC/ipshared/4675/hdl/axi_dwidth_converter_v2_1_vlsyn_rfs.v:1053]
WARNING: [Synth 8-6014] Unused sequential element cmd_depth_reg was removed.  [d:/University/251/DA/wrapper/wrapper.gen/sources_1/bd/SoC/ipshared/4675/hdl/axi_dwidth_converter_v2_1_vlsyn_rfs.v:1054]
WARNING: [Synth 8-6014] Unused sequential element cmd_b_push_block_reg was removed.  [d:/University/251/DA/wrapper/wrapper.gen/sources_1/bd/SoC/ipshared/4675/hdl/axi_dwidth_converter_v2_1_vlsyn_rfs.v:976]
WARNING: [Synth 8-6014] Unused sequential element state_r1_reg was removed.  [d:/University/251/DA/wrapper/wrapper.gen/sources_1/bd/SoC/ipshared/aeb3/hdl/axi_protocol_converter_v2_1_vl_rfs.v:3383]
WARNING: [Synth 8-6014] Unused sequential element s_arlen_r_reg was removed.  [d:/University/251/DA/wrapper/wrapper.gen/sources_1/bd/SoC/ipshared/aeb3/hdl/axi_protocol_converter_v2_1_vl_rfs.v:3384]
WARNING: [Synth 8-6014] Unused sequential element gen_debug_trans_seq.debug_aw_trans_seq_i_reg was removed.  [d:/University/251/DA/wrapper/wrapper.gen/sources_1/bd/SoC/ipshared/c40e/hdl/axi_crossbar_v2_1_vl_rfs.v:2056]
WARNING: [Synth 8-6014] Unused sequential element gen_debug_trans_seq.debug_ar_trans_seq_i_reg was removed.  [d:/University/251/DA/wrapper/wrapper.gen/sources_1/bd/SoC/ipshared/c40e/hdl/axi_crossbar_v2_1_vl_rfs.v:2067]
WARNING: [Synth 8-6014] Unused sequential element gen_debug_trans_seq.debug_w_beat_cnt_i_reg was removed.  [d:/University/251/DA/wrapper/wrapper.gen/sources_1/bd/SoC/ipshared/c40e/hdl/axi_crossbar_v2_1_vl_rfs.v:2078]
WARNING: [Synth 8-6014] Unused sequential element gen_debug_trans_seq.debug_r_beat_cnt_i_reg was removed.  [d:/University/251/DA/wrapper/wrapper.gen/sources_1/bd/SoC/ipshared/c40e/hdl/axi_crossbar_v2_1_vl_rfs.v:2091]
WARNING: [Synth 8-3848] Net dp_audio_ref_clk in module/entity zynq_ultra_ps_e_v3_4_1_zynq_ultra_ps_e does not have driver. [d:/University/251/DA/wrapper/wrapper.gen/sources_1/bd/SoC/ip/SoC_zynq_ultra_ps_e_0_0/hdl/zynq_ultra_ps_e_v3_4_1.v:344]
WARNING: [Synth 8-3848] Net irq_ipi_pl_0 in module/entity zynq_ultra_ps_e_v3_4_1_zynq_ultra_ps_e does not have driver. [d:/University/251/DA/wrapper/wrapper.gen/sources_1/bd/SoC/ip/SoC_zynq_ultra_ps_e_0_0/hdl/zynq_ultra_ps_e_v3_4_1.v:1364]
WARNING: [Synth 8-3848] Net irq_ipi_pl_1 in module/entity zynq_ultra_ps_e_v3_4_1_zynq_ultra_ps_e does not have driver. [d:/University/251/DA/wrapper/wrapper.gen/sources_1/bd/SoC/ip/SoC_zynq_ultra_ps_e_0_0/hdl/zynq_ultra_ps_e_v3_4_1.v:1365]
WARNING: [Synth 8-3848] Net irq_ipi_pl_2 in module/entity zynq_ultra_ps_e_v3_4_1_zynq_ultra_ps_e does not have driver. [d:/University/251/DA/wrapper/wrapper.gen/sources_1/bd/SoC/ip/SoC_zynq_ultra_ps_e_0_0/hdl/zynq_ultra_ps_e_v3_4_1.v:1366]
WARNING: [Synth 8-3848] Net irq_ipi_pl_3 in module/entity zynq_ultra_ps_e_v3_4_1_zynq_ultra_ps_e does not have driver. [d:/University/251/DA/wrapper/wrapper.gen/sources_1/bd/SoC/ip/SoC_zynq_ultra_ps_e_0_0/hdl/zynq_ultra_ps_e_v3_4_1.v:1367]
WARNING: [Synth 8-7129] Port dp_audio_ref_clk in module zynq_ultra_ps_e_v3_4_1_zynq_ultra_ps_e is either unconnected or has no load
WARNING: [Synth 8-7129] Port irq_ipi_pl_0 in module zynq_ultra_ps_e_v3_4_1_zynq_ultra_ps_e is either unconnected or has no load
WARNING: [Synth 8-7129] Port irq_ipi_pl_1 in module zynq_ultra_ps_e_v3_4_1_zynq_ultra_ps_e is either unconnected or has no load
WARNING: [Synth 8-7129] Port irq_ipi_pl_2 in module zynq_ultra_ps_e_v3_4_1_zynq_ultra_ps_e is either unconnected or has no load
WARNING: [Synth 8-7129] Port irq_ipi_pl_3 in module zynq_ultra_ps_e_v3_4_1_zynq_ultra_ps_e is either unconnected or has no load
WARNING: [Synth 8-7129] Port saxihpc0_fpd_rclk in module zynq_ultra_ps_e_v3_4_1_zynq_ultra_ps_e is either unconnected or has no load
WARNING: [Synth 8-7129] Port saxihpc0_fpd_wclk in module zynq_ultra_ps_e_v3_4_1_zynq_ultra_ps_e is either unconnected or has no load
WARNING: [Synth 8-7129] Port saxihpc1_fpd_rclk in module zynq_ultra_ps_e_v3_4_1_zynq_ultra_ps_e is either unconnected or has no load
WARNING: [Synth 8-7129] Port saxihpc1_fpd_wclk in module zynq_ultra_ps_e_v3_4_1_zynq_ultra_ps_e is either unconnected or has no load
WARNING: [Synth 8-7129] Port saxihp0_fpd_rclk in module zynq_ultra_ps_e_v3_4_1_zynq_ultra_ps_e is either unconnected or has no load
WARNING: [Synth 8-7129] Port saxihp0_fpd_wclk in module zynq_ultra_ps_e_v3_4_1_zynq_ultra_ps_e is either unconnected or has no load
WARNING: [Synth 8-7129] Port saxihp1_fpd_rclk in module zynq_ultra_ps_e_v3_4_1_zynq_ultra_ps_e is either unconnected or has no load
WARNING: [Synth 8-7129] Port saxihp1_fpd_wclk in module zynq_ultra_ps_e_v3_4_1_zynq_ultra_ps_e is either unconnected or has no load
WARNING: [Synth 8-7129] Port saxihp2_fpd_rclk in module zynq_ultra_ps_e_v3_4_1_zynq_ultra_ps_e is either unconnected or has no load
WARNING: [Synth 8-7129] Port saxihp2_fpd_wclk in module zynq_ultra_ps_e_v3_4_1_zynq_ultra_ps_e is either unconnected or has no load
WARNING: [Synth 8-7129] Port saxihp3_fpd_rclk in module zynq_ultra_ps_e_v3_4_1_zynq_ultra_ps_e is either unconnected or has no load
WARNING: [Synth 8-7129] Port saxihp3_fpd_wclk in module zynq_ultra_ps_e_v3_4_1_zynq_ultra_ps_e is either unconnected or has no load
WARNING: [Synth 8-7129] Port saxi_lpd_rclk in module zynq_ultra_ps_e_v3_4_1_zynq_ultra_ps_e is either unconnected or has no load
WARNING: [Synth 8-7129] Port saxi_lpd_wclk in module zynq_ultra_ps_e_v3_4_1_zynq_ultra_ps_e is either unconnected or has no load
WARNING: [Synth 8-7129] Port sacefpd_awuser[15] in module zynq_ultra_ps_e_v3_4_1_zynq_ultra_ps_e is either unconnected or has no load
WARNING: [Synth 8-7129] Port sacefpd_awuser[14] in module zynq_ultra_ps_e_v3_4_1_zynq_ultra_ps_e is either unconnected or has no load
WARNING: [Synth 8-7129] Port sacefpd_awuser[13] in module zynq_ultra_ps_e_v3_4_1_zynq_ultra_ps_e is either unconnected or has no load
WARNING: [Synth 8-7129] Port sacefpd_awuser[12] in module zynq_ultra_ps_e_v3_4_1_zynq_ultra_ps_e is either unconnected or has no load
WARNING: [Synth 8-7129] Port sacefpd_awuser[11] in module zynq_ultra_ps_e_v3_4_1_zynq_ultra_ps_e is either unconnected or has no load
WARNING: [Synth 8-7129] Port sacefpd_awuser[10] in module zynq_ultra_ps_e_v3_4_1_zynq_ultra_ps_e is either unconnected or has no load
WARNING: [Synth 8-7129] Port sacefpd_awuser[9] in module zynq_ultra_ps_e_v3_4_1_zynq_ultra_ps_e is either unconnected or has no load
WARNING: [Synth 8-7129] Port sacefpd_awuser[8] in module zynq_ultra_ps_e_v3_4_1_zynq_ultra_ps_e is either unconnected or has no load
WARNING: [Synth 8-7129] Port sacefpd_awuser[7] in module zynq_ultra_ps_e_v3_4_1_zynq_ultra_ps_e is either unconnected or has no load
WARNING: [Synth 8-7129] Port sacefpd_awuser[6] in module zynq_ultra_ps_e_v3_4_1_zynq_ultra_ps_e is either unconnected or has no load
WARNING: [Synth 8-7129] Port sacefpd_aruser[15] in module zynq_ultra_ps_e_v3_4_1_zynq_ultra_ps_e is either unconnected or has no load
WARNING: [Synth 8-7129] Port sacefpd_aruser[14] in module zynq_ultra_ps_e_v3_4_1_zynq_ultra_ps_e is either unconnected or has no load
WARNING: [Synth 8-7129] Port sacefpd_aruser[13] in module zynq_ultra_ps_e_v3_4_1_zynq_ultra_ps_e is either unconnected or has no load
WARNING: [Synth 8-7129] Port sacefpd_aruser[12] in module zynq_ultra_ps_e_v3_4_1_zynq_ultra_ps_e is either unconnected or has no load
WARNING: [Synth 8-7129] Port sacefpd_aruser[11] in module zynq_ultra_ps_e_v3_4_1_zynq_ultra_ps_e is either unconnected or has no load
WARNING: [Synth 8-7129] Port sacefpd_aruser[10] in module zynq_ultra_ps_e_v3_4_1_zynq_ultra_ps_e is either unconnected or has no load
WARNING: [Synth 8-7129] Port sacefpd_aruser[9] in module zynq_ultra_ps_e_v3_4_1_zynq_ultra_ps_e is either unconnected or has no load
WARNING: [Synth 8-7129] Port sacefpd_aruser[8] in module zynq_ultra_ps_e_v3_4_1_zynq_ultra_ps_e is either unconnected or has no load
WARNING: [Synth 8-7129] Port sacefpd_aruser[7] in module zynq_ultra_ps_e_v3_4_1_zynq_ultra_ps_e is either unconnected or has no load
WARNING: [Synth 8-7129] Port sacefpd_aruser[6] in module zynq_ultra_ps_e_v3_4_1_zynq_ultra_ps_e is either unconnected or has no load
WARNING: [Synth 8-7129] Port test_adc_clk[3] in module zynq_ultra_ps_e_v3_4_1_zynq_ultra_ps_e is either unconnected or has no load
WARNING: [Synth 8-7129] Port test_adc_clk[2] in module zynq_ultra_ps_e_v3_4_1_zynq_ultra_ps_e is either unconnected or has no load
WARNING: [Synth 8-7129] Port test_adc_clk[1] in module zynq_ultra_ps_e_v3_4_1_zynq_ultra_ps_e is either unconnected or has no load
WARNING: [Synth 8-7129] Port test_adc_clk[0] in module zynq_ultra_ps_e_v3_4_1_zynq_ultra_ps_e is either unconnected or has no load
WARNING: [Synth 8-7129] Port test_adc_in[31] in module zynq_ultra_ps_e_v3_4_1_zynq_ultra_ps_e is either unconnected or has no load
WARNING: [Synth 8-7129] Port test_adc_in[30] in module zynq_ultra_ps_e_v3_4_1_zynq_ultra_ps_e is either unconnected or has no load
WARNING: [Synth 8-7129] Port test_adc_in[29] in module zynq_ultra_ps_e_v3_4_1_zynq_ultra_ps_e is either unconnected or has no load
WARNING: [Synth 8-7129] Port test_adc_in[28] in module zynq_ultra_ps_e_v3_4_1_zynq_ultra_ps_e is either unconnected or has no load
WARNING: [Synth 8-7129] Port test_adc_in[27] in module zynq_ultra_ps_e_v3_4_1_zynq_ultra_ps_e is either unconnected or has no load
WARNING: [Synth 8-7129] Port test_adc_in[26] in module zynq_ultra_ps_e_v3_4_1_zynq_ultra_ps_e is either unconnected or has no load
WARNING: [Synth 8-7129] Port test_adc_in[25] in module zynq_ultra_ps_e_v3_4_1_zynq_ultra_ps_e is either unconnected or has no load
WARNING: [Synth 8-7129] Port test_adc_in[24] in module zynq_ultra_ps_e_v3_4_1_zynq_ultra_ps_e is either unconnected or has no load
WARNING: [Synth 8-7129] Port test_adc_in[23] in module zynq_ultra_ps_e_v3_4_1_zynq_ultra_ps_e is either unconnected or has no load
WARNING: [Synth 8-7129] Port test_adc_in[22] in module zynq_ultra_ps_e_v3_4_1_zynq_ultra_ps_e is either unconnected or has no load
WARNING: [Synth 8-7129] Port test_adc_in[21] in module zynq_ultra_ps_e_v3_4_1_zynq_ultra_ps_e is either unconnected or has no load
WARNING: [Synth 8-7129] Port test_adc_in[20] in module zynq_ultra_ps_e_v3_4_1_zynq_ultra_ps_e is either unconnected or has no load
WARNING: [Synth 8-7129] Port test_adc_in[19] in module zynq_ultra_ps_e_v3_4_1_zynq_ultra_ps_e is either unconnected or has no load
WARNING: [Synth 8-7129] Port test_adc_in[18] in module zynq_ultra_ps_e_v3_4_1_zynq_ultra_ps_e is either unconnected or has no load
WARNING: [Synth 8-7129] Port test_adc_in[17] in module zynq_ultra_ps_e_v3_4_1_zynq_ultra_ps_e is either unconnected or has no load
WARNING: [Synth 8-7129] Port test_adc_in[16] in module zynq_ultra_ps_e_v3_4_1_zynq_ultra_ps_e is either unconnected or has no load
WARNING: [Synth 8-7129] Port test_adc_in[15] in module zynq_ultra_ps_e_v3_4_1_zynq_ultra_ps_e is either unconnected or has no load
WARNING: [Synth 8-7129] Port test_adc_in[14] in module zynq_ultra_ps_e_v3_4_1_zynq_ultra_ps_e is either unconnected or has no load
WARNING: [Synth 8-7129] Port test_adc_in[13] in module zynq_ultra_ps_e_v3_4_1_zynq_ultra_ps_e is either unconnected or has no load
WARNING: [Synth 8-7129] Port test_adc_in[12] in module zynq_ultra_ps_e_v3_4_1_zynq_ultra_ps_e is either unconnected or has no load
WARNING: [Synth 8-7129] Port test_adc_in[11] in module zynq_ultra_ps_e_v3_4_1_zynq_ultra_ps_e is either unconnected or has no load
WARNING: [Synth 8-7129] Port test_adc_in[10] in module zynq_ultra_ps_e_v3_4_1_zynq_ultra_ps_e is either unconnected or has no load
WARNING: [Synth 8-7129] Port test_adc_in[9] in module zynq_ultra_ps_e_v3_4_1_zynq_ultra_ps_e is either unconnected or has no load
WARNING: [Synth 8-7129] Port test_adc_in[8] in module zynq_ultra_ps_e_v3_4_1_zynq_ultra_ps_e is either unconnected or has no load
WARNING: [Synth 8-7129] Port test_adc_in[7] in module zynq_ultra_ps_e_v3_4_1_zynq_ultra_ps_e is either unconnected or has no load
WARNING: [Synth 8-7129] Port test_adc_in[6] in module zynq_ultra_ps_e_v3_4_1_zynq_ultra_ps_e is either unconnected or has no load
WARNING: [Synth 8-7129] Port test_adc_in[5] in module zynq_ultra_ps_e_v3_4_1_zynq_ultra_ps_e is either unconnected or has no load
WARNING: [Synth 8-7129] Port test_adc_in[4] in module zynq_ultra_ps_e_v3_4_1_zynq_ultra_ps_e is either unconnected or has no load
WARNING: [Synth 8-7129] Port test_adc_in[3] in module zynq_ultra_ps_e_v3_4_1_zynq_ultra_ps_e is either unconnected or has no load
WARNING: [Synth 8-7129] Port test_adc_in[2] in module zynq_ultra_ps_e_v3_4_1_zynq_ultra_ps_e is either unconnected or has no load
WARNING: [Synth 8-7129] Port test_adc_in[1] in module zynq_ultra_ps_e_v3_4_1_zynq_ultra_ps_e is either unconnected or has no load
WARNING: [Synth 8-7129] Port test_adc_in[0] in module zynq_ultra_ps_e_v3_4_1_zynq_ultra_ps_e is either unconnected or has no load
WARNING: [Synth 8-7129] Port test_adc2_in[31] in module zynq_ultra_ps_e_v3_4_1_zynq_ultra_ps_e is either unconnected or has no load
WARNING: [Synth 8-7129] Port test_adc2_in[30] in module zynq_ultra_ps_e_v3_4_1_zynq_ultra_ps_e is either unconnected or has no load
WARNING: [Synth 8-7129] Port test_adc2_in[29] in module zynq_ultra_ps_e_v3_4_1_zynq_ultra_ps_e is either unconnected or has no load
WARNING: [Synth 8-7129] Port test_adc2_in[28] in module zynq_ultra_ps_e_v3_4_1_zynq_ultra_ps_e is either unconnected or has no load
WARNING: [Synth 8-7129] Port test_adc2_in[27] in module zynq_ultra_ps_e_v3_4_1_zynq_ultra_ps_e is either unconnected or has no load
WARNING: [Synth 8-7129] Port test_adc2_in[26] in module zynq_ultra_ps_e_v3_4_1_zynq_ultra_ps_e is either unconnected or has no load
WARNING: [Synth 8-7129] Port test_adc2_in[25] in module zynq_ultra_ps_e_v3_4_1_zynq_ultra_ps_e is either unconnected or has no load
WARNING: [Synth 8-7129] Port test_adc2_in[24] in module zynq_ultra_ps_e_v3_4_1_zynq_ultra_ps_e is either unconnected or has no load
WARNING: [Synth 8-7129] Port test_adc2_in[23] in module zynq_ultra_ps_e_v3_4_1_zynq_ultra_ps_e is either unconnected or has no load
WARNING: [Synth 8-7129] Port test_adc2_in[22] in module zynq_ultra_ps_e_v3_4_1_zynq_ultra_ps_e is either unconnected or has no load
WARNING: [Synth 8-7129] Port test_adc2_in[21] in module zynq_ultra_ps_e_v3_4_1_zynq_ultra_ps_e is either unconnected or has no load
WARNING: [Synth 8-7129] Port test_adc2_in[20] in module zynq_ultra_ps_e_v3_4_1_zynq_ultra_ps_e is either unconnected or has no load
WARNING: [Synth 8-7129] Port test_adc2_in[19] in module zynq_ultra_ps_e_v3_4_1_zynq_ultra_ps_e is either unconnected or has no load
WARNING: [Synth 8-7129] Port test_adc2_in[18] in module zynq_ultra_ps_e_v3_4_1_zynq_ultra_ps_e is either unconnected or has no load
WARNING: [Synth 8-7129] Port test_adc2_in[17] in module zynq_ultra_ps_e_v3_4_1_zynq_ultra_ps_e is either unconnected or has no load
WARNING: [Synth 8-7129] Port test_adc2_in[16] in module zynq_ultra_ps_e_v3_4_1_zynq_ultra_ps_e is either unconnected or has no load
WARNING: [Synth 8-7129] Port test_adc2_in[15] in module zynq_ultra_ps_e_v3_4_1_zynq_ultra_ps_e is either unconnected or has no load
WARNING: [Synth 8-7129] Port test_adc2_in[14] in module zynq_ultra_ps_e_v3_4_1_zynq_ultra_ps_e is either unconnected or has no load
WARNING: [Synth 8-7129] Port test_adc2_in[13] in module zynq_ultra_ps_e_v3_4_1_zynq_ultra_ps_e is either unconnected or has no load
WARNING: [Synth 8-7129] Port test_adc2_in[12] in module zynq_ultra_ps_e_v3_4_1_zynq_ultra_ps_e is either unconnected or has no load
WARNING: [Synth 8-7129] Port test_adc2_in[11] in module zynq_ultra_ps_e_v3_4_1_zynq_ultra_ps_e is either unconnected or has no load
WARNING: [Synth 8-7129] Port test_adc2_in[10] in module zynq_ultra_ps_e_v3_4_1_zynq_ultra_ps_e is either unconnected or has no load
WARNING: [Synth 8-7129] Port test_adc2_in[9] in module zynq_ultra_ps_e_v3_4_1_zynq_ultra_ps_e is either unconnected or has no load
WARNING: [Synth 8-7129] Port test_adc2_in[8] in module zynq_ultra_ps_e_v3_4_1_zynq_ultra_ps_e is either unconnected or has no load
WARNING: [Synth 8-7129] Port test_adc2_in[7] in module zynq_ultra_ps_e_v3_4_1_zynq_ultra_ps_e is either unconnected or has no load
INFO: [Common 17-14] Message 'Synth 8-7129' appears 100 times and further instances of the messages will be disabled. Use the Tcl command set_msg_config to change the current settings.
---------------------------------------------------------------------------------
Finished RTL Elaboration : Time (s): cpu = 00:00:20 ; elapsed = 00:00:22 . Memory (MB): peak = 3470.043 ; gain = 550.852
---------------------------------------------------------------------------------
---------------------------------------------------------------------------------
Start Handling Custom Attributes
---------------------------------------------------------------------------------
---------------------------------------------------------------------------------
Finished Handling Custom Attributes : Time (s): cpu = 00:00:21 ; elapsed = 00:00:22 . Memory (MB): peak = 3487.895 ; gain = 568.703
---------------------------------------------------------------------------------
---------------------------------------------------------------------------------
Finished RTL Optimization Phase 1 : Time (s): cpu = 00:00:21 ; elapsed = 00:00:22 . Memory (MB): peak = 3487.895 ; gain = 568.703
---------------------------------------------------------------------------------
Netlist sorting complete. Time (s): cpu = 00:00:01 ; elapsed = 00:00:01 . Memory (MB): peak = 3506.285 ; gain = 0.000
INFO: [Netlist 29-17] Analyzing 13 Unisim elements for replacement
INFO: [Netlist 29-28] Unisim Transformation completed in 0 CPU seconds
INFO: [Project 1-570] Preparing netlist for logic optimization

Processing XDC Constraints
Initializing timing engine
Parsing XDC File [d:/University/251/DA/wrapper/wrapper.gen/sources_1/bd/SoC/ip/SoC_zynq_ultra_ps_e_0_0/SoC_zynq_ultra_ps_e_0_0.xdc] for cell 'SoC_i/zynq_ultra_ps_e_0/inst'
Finished Parsing XDC File [d:/University/251/DA/wrapper/wrapper.gen/sources_1/bd/SoC/ip/SoC_zynq_ultra_ps_e_0_0/SoC_zynq_ultra_ps_e_0_0.xdc] for cell 'SoC_i/zynq_ultra_ps_e_0/inst'
Parsing XDC File [d:/University/251/DA/wrapper/wrapper.gen/sources_1/bd/SoC/ip/SoC_rst_ps8_0_99M_0/SoC_rst_ps8_0_99M_0_board.xdc] for cell 'SoC_i/rst_ps8_0_99M/U0'
Finished Parsing XDC File [d:/University/251/DA/wrapper/wrapper.gen/sources_1/bd/SoC/ip/SoC_rst_ps8_0_99M_0/SoC_rst_ps8_0_99M_0_board.xdc] for cell 'SoC_i/rst_ps8_0_99M/U0'
Parsing XDC File [d:/University/251/DA/wrapper/wrapper.gen/sources_1/bd/SoC/ip/SoC_rst_ps8_0_99M_0/SoC_rst_ps8_0_99M_0.xdc] for cell 'SoC_i/rst_ps8_0_99M/U0'
Finished Parsing XDC File [d:/University/251/DA/wrapper/wrapper.gen/sources_1/bd/SoC/ip/SoC_rst_ps8_0_99M_0/SoC_rst_ps8_0_99M_0.xdc] for cell 'SoC_i/rst_ps8_0_99M/U0'
INFO: [Project 1-1714] 6 XPM XDC files have been applied to the design.
Completed Processing XDC Constraints

Netlist sorting complete. Time (s): cpu = 00:00:00 ; elapsed = 00:00:00.020 . Memory (MB): peak = 3670.020 ; gain = 0.000
INFO: [Project 1-111] Unisim Transformation Summary:
  A total of 13 instances were transformed.
  FDR => FDRE: 12 instances
  SRL16 => SRL16E: 1 instance 

RTL Elaboration Complete:  : Time (s): cpu = 00:00:56 ; elapsed = 00:00:44 . Memory (MB): peak = 4016.551 ; gain = 1097.359
344 Infos, 656 Warnings, 12 Critical Warnings and 0 Errors encountered.
synth_design completed successfully
synth_design: Time (s): cpu = 00:00:59 ; elapsed = 00:00:48 . Memory (MB): peak = 4016.551 ; gain = 1983.367
exit
INFO: [Common 17-206] Exiting Vivado at Tue Mar  3 09:00:23 2026...
