#-----------------------------------------------------------
# Vivado v2022.2 (64-bit)
# SW Build 3671981 on Fri Oct 14 05:00:03 MDT 2022
# IP Build 3669848 on Fri Oct 14 08:30:02 MDT 2022
# Start of session at: Tue Feb  3 14:43:08 2026
# Process ID: 19084
# Current directory: D:/University/251/DA/wrapper
# Command line: vivado.exe -gui_launcher_event rodinguilauncherevent2368 D:\University\251\DA\wrapper\wrapper.xpr
# Log file: D:/University/251/DA/wrapper/vivado.log
# Journal file: D:/University/251/DA/wrapper\vivado.jou
# Running On: MSI, OS: Windows, CPU Frequency: 2688 MHz, CPU Physical cores: 10, Host memory: 8276 MB
#-----------------------------------------------------------
start_gui
open_project D:/University/251/DA/wrapper/wrapper.xpr
WARNING: [Board 49-26] cannot add Board Part xilinx.com:kc705:part0:1.6 available at D:/Apps/Xilinx/Vivado/2022.2/data/xhub/boards/XilinxBoardStore/boards/Xilinx/kc705/1.6/board.xml as part xc7k325tffg900-2 specified in board_part file is either invalid or not available
WARNING: [Board 49-26] cannot add Board Part xilinx.com:kcu105:part0:1.6 available at D:/Apps/Xilinx/Vivado/2022.2/data/xhub/boards/XilinxBoardStore/boards/Xilinx/kcu105/1.6/board.xml as part xcku040-ffva1156-2-e specified in board_part file is either invalid or not available
WARNING: [Board 49-26] cannot add Board Part xilinx.com:kcu105:part0:1.7 available at D:/Apps/Xilinx/Vivado/2022.2/data/xhub/boards/XilinxBoardStore/boards/Xilinx/kcu105/1.7/board.xml as part xcku040-ffva1156-2-e specified in board_part file is either invalid or not available
WARNING: [Board 49-26] cannot add Board Part xilinx.com:kcu1500:part0:1.2 available at D:/Apps/Xilinx/Vivado/2022.2/data/xhub/boards/XilinxBoardStore/boards/Xilinx/kcu1500/1.2/board.xml as part xcku115-flvb2104-2-e specified in board_part file is either invalid or not available
WARNING: [Board 49-26] cannot add Board Part xilinx.com:vc707:part0:1.4 available at D:/Apps/Xilinx/Vivado/2022.2/data/xhub/boards/XilinxBoardStore/boards/Xilinx/vc707/1.4/board.xml as part xc7vx485tffg1761-2 specified in board_part file is either invalid or not available
WARNING: [Board 49-26] cannot add Board Part xilinx.com:vc709:part0:1.8 available at D:/Apps/Xilinx/Vivado/2022.2/data/xhub/boards/XilinxBoardStore/boards/Xilinx/vc709/1.8/board.xml as part xc7vx690tffg1761-2 specified in board_part file is either invalid or not available
WARNING: [Board 49-26] cannot add Board Part xilinx.com:vck190:part0:2.2 available at D:/Apps/Xilinx/Vivado/2022.2/data/xhub/boards/XilinxBoardStore/boards/Xilinx/vck190/production/2.2/board.xml as part xcvc1902-vsva2197-2mp-e-s specified in board_part file is either invalid or not available
WARNING: [Board 49-26] cannot add Board Part xilinx.com:vck190:part0:3.0 available at D:/Apps/Xilinx/Vivado/2022.2/data/xhub/boards/XilinxBoardStore/boards/Xilinx/vck190/production/3.0/board.xml as part xcvc1902-vsva2197-2mp-e-s specified in board_part file is either invalid or not available
WARNING: [Board 49-26] cannot add Board Part xilinx.com:vck190:part0:3.1 available at D:/Apps/Xilinx/Vivado/2022.2/data/xhub/boards/XilinxBoardStore/boards/Xilinx/vck190/production/3.1/board.xml as part xcvc1902-vsva2197-2mp-e-s specified in board_part file is either invalid or not available
WARNING: [Board 49-26] cannot add Board Part xilinx.com:vck190_newl:part0:1.0 available at D:/Apps/Xilinx/Vivado/2022.2/data/xhub/boards/XilinxBoardStore/boards/Xilinx/vck190_newl/production/1.0/board.xml as part xcvc1902-vsva2197-2mp-e-s specified in board_part file is either invalid or not available
WARNING: [Board 49-26] cannot add Board Part xilinx.com:vcu108:part0:1.6 available at D:/Apps/Xilinx/Vivado/2022.2/data/xhub/boards/XilinxBoardStore/boards/Xilinx/vcu108/1.6/board.xml as part xcvu095-ffva2104-2-e specified in board_part file is either invalid or not available
WARNING: [Board 49-26] cannot add Board Part xilinx.com:vcu108:part0:1.7 available at D:/Apps/Xilinx/Vivado/2022.2/data/xhub/boards/XilinxBoardStore/boards/Xilinx/vcu108/1.7/board.xml as part xcvu095-ffva2104-2-e specified in board_part file is either invalid or not available
WARNING: [Board 49-26] cannot add Board Part xilinx.com:vcu110:part0:1.4 available at D:/Apps/Xilinx/Vivado/2022.2/data/xhub/boards/XilinxBoardStore/boards/Xilinx/vcu110/1.4/board.xml as part xcvu190-flgc2104-2-e specified in board_part file is either invalid or not available
WARNING: [Board 49-26] cannot add Board Part xilinx.com:vcu118:part0:2.0 available at D:/Apps/Xilinx/Vivado/2022.2/data/xhub/boards/XilinxBoardStore/boards/Xilinx/vcu118/2.0/board.xml as part xcvu9p-flga2104-2l-e specified in board_part file is either invalid or not available
WARNING: [Board 49-26] cannot add Board Part xilinx.com:vcu118:part0:2.3 available at D:/Apps/Xilinx/Vivado/2022.2/data/xhub/boards/XilinxBoardStore/boards/Xilinx/vcu118/2.3/board.xml as part xcvu9p-flga2104-2l-e specified in board_part file is either invalid or not available
WARNING: [Board 49-26] cannot add Board Part xilinx.com:vcu118:part0:2.4 available at D:/Apps/Xilinx/Vivado/2022.2/data/xhub/boards/XilinxBoardStore/boards/Xilinx/vcu118/2.4/board.xml as part xcvu9p-flga2104-2l-e specified in board_part file is either invalid or not available
WARNING: [Board 49-26] cannot add Board Part xilinx.com:vcu128:part0:1.0 available at D:/Apps/Xilinx/Vivado/2022.2/data/xhub/boards/XilinxBoardStore/boards/Xilinx/vcu128/production/1.0/board.xml as part xcvu37p-fsvh2892-2l-e specified in board_part file is either invalid or not available
WARNING: [Board 49-26] cannot add Board Part xilinx.com:vcu129:part0:1.0 available at D:/Apps/Xilinx/Vivado/2022.2/data/xhub/boards/XilinxBoardStore/boards/Xilinx/vcu129/production/1.0/board.xml as part xcvu29p-fsga2577-2l-e specified in board_part file is either invalid or not available
WARNING: [Board 49-26] cannot add Board Part xilinx.com:vcu1525:part0:1.3 available at D:/Apps/Xilinx/Vivado/2022.2/data/xhub/boards/XilinxBoardStore/boards/Xilinx/vcu1525/1.3/board.xml as part xcvu9p-fsgd2104-2l-e specified in board_part file is either invalid or not available
WARNING: [Board 49-26] cannot add Board Part xilinx.com:vek280_es:part0:1.0 available at D:/Apps/Xilinx/Vivado/2022.2/data/xhub/boards/XilinxBoardStore/boards/Xilinx/vek280/es/1.0/board.xml as part xcve2802-vsvh1760-2lp-e-s-es1 specified in board_part file is either invalid or not available
WARNING: [Board 49-26] cannot add Board Part xilinx.com:vermeo_t1_mpsoc:part0:1.0 available at D:/Apps/Xilinx/Vivado/2022.2/data/xhub/boards/XilinxBoardStore/boards/Xilinx/vermeo_t1_mpsoc/1.0/board.xml as part xczu19eg-ffvd1760-2l-e specified in board_part file is either invalid or not available
WARNING: [Board 49-26] cannot add Board Part xilinx.com:vermeo_t1_rfsoc:part0:1.0 available at D:/Apps/Xilinx/Vivado/2022.2/data/xhub/boards/XilinxBoardStore/boards/Xilinx/vermeo_t1_rfsoc/1.0/board.xml as part xczu21dr-ffvd1156-2l-e specified in board_part file is either invalid or not available
WARNING: [Board 49-26] cannot add Board Part xilinx.com:vhk158_es:part0:1.0 available at D:/Apps/Xilinx/Vivado/2022.2/data/xhub/boards/XilinxBoardStore/boards/Xilinx/vhk158/es/1.0/board.xml as part xcvh1582-vsva3697-2mp-e-s-es1 specified in board_part file is either invalid or not available
WARNING: [Board 49-26] cannot add Board Part xilinx.com:vmk180:part0:2.2 available at D:/Apps/Xilinx/Vivado/2022.2/data/xhub/boards/XilinxBoardStore/boards/Xilinx/vmk180/production/2.2/board.xml as part xcvm1802-vsva2197-2mp-e-s specified in board_part file is either invalid or not available
WARNING: [Board 49-26] cannot add Board Part xilinx.com:vmk180:part0:3.0 available at D:/Apps/Xilinx/Vivado/2022.2/data/xhub/boards/XilinxBoardStore/boards/Xilinx/vmk180/production/3.0/board.xml as part xcvm1802-vsva2197-2mp-e-s specified in board_part file is either invalid or not available
WARNING: [Board 49-26] cannot add Board Part xilinx.com:vmk180:part0:3.1 available at D:/Apps/Xilinx/Vivado/2022.2/data/xhub/boards/XilinxBoardStore/boards/Xilinx/vmk180/production/3.1/board.xml as part xcvm1802-vsva2197-2mp-e-s specified in board_part file is either invalid or not available
WARNING: [Board 49-26] cannot add Board Part xilinx.com:vmk180_newl:part0:1.0 available at D:/Apps/Xilinx/Vivado/2022.2/data/xhub/boards/XilinxBoardStore/boards/Xilinx/vmk180_newl/production/1.0/board.xml as part xcvm1802-vsva2197-2mp-e-s specified in board_part file is either invalid or not available
WARNING: [Board 49-26] cannot add Board Part xilinx.com:vpk120:part0:1.0 available at D:/Apps/Xilinx/Vivado/2022.2/data/xhub/boards/XilinxBoardStore/boards/Xilinx/vpk120/production/1.0/board.xml as part xcvp1202-vsva2785-2mp-e-s specified in board_part file is either invalid or not available
WARNING: [Board 49-26] cannot add Board Part xilinx.com:vpk120_es:part0:1.2 available at D:/Apps/Xilinx/Vivado/2022.2/data/xhub/boards/XilinxBoardStore/boards/Xilinx/vpk120/es/1.2/board.xml as part xcvp1202-vsva2785-2mp-e-s-es1 specified in board_part file is either invalid or not available
WARNING: [Board 49-26] cannot add Board Part xilinx.com:vpk120_es_revb:part0:1.0 available at D:/Apps/Xilinx/Vivado/2022.2/data/xhub/boards/XilinxBoardStore/boards/Xilinx/vpk120_revb/es/1.0/board.xml as part xcvp1202-vsva2785-2mp-e-s-es1 specified in board_part file is either invalid or not available
WARNING: [Board 49-26] cannot add Board Part xilinx.com:vpk180_es:part0:1.0 available at D:/Apps/Xilinx/Vivado/2022.2/data/xhub/boards/XilinxBoardStore/boards/Xilinx/vpk180/es/1.0/board.xml as part xcvp1802-lsvc4072-2mp-e-s-es1 specified in board_part file is either invalid or not available
WARNING: [Board 49-26] cannot add Board Part xilinx.com:zc706:part0:1.4 available at D:/Apps/Xilinx/Vivado/2022.2/data/xhub/boards/XilinxBoardStore/boards/Xilinx/zc706/1.4/board.xml as part xc7z045ffg900-2 specified in board_part file is either invalid or not available
WARNING: [Board 49-26] cannot add Board Part xilinx.com:zcu102:part0:3.3 available at D:/Apps/Xilinx/Vivado/2022.2/data/xhub/boards/XilinxBoardStore/boards/Xilinx/zcu102/3.3/board.xml as part xczu9eg-ffvb1156-2-e specified in board_part file is either invalid or not available
WARNING: [Board 49-26] cannot add Board Part xilinx.com:zcu102:part0:3.4 available at D:/Apps/Xilinx/Vivado/2022.2/data/xhub/boards/XilinxBoardStore/boards/Xilinx/zcu102/3.4/board.xml as part xczu9eg-ffvb1156-2-e specified in board_part file is either invalid or not available
WARNING: [Board 49-26] cannot add Board Part xilinx.com:zcu111:part0:1.2 available at D:/Apps/Xilinx/Vivado/2022.2/data/xhub/boards/XilinxBoardStore/boards/Xilinx/zcu111/1.2/board.xml as part xczu28dr-ffvg1517-2-e specified in board_part file is either invalid or not available
WARNING: [Board 49-26] cannot add Board Part xilinx.com:zcu111:part0:1.3 available at D:/Apps/Xilinx/Vivado/2022.2/data/xhub/boards/XilinxBoardStore/boards/Xilinx/zcu111/1.3/board.xml as part xczu28dr-ffvg1517-2-e specified in board_part file is either invalid or not available
WARNING: [Board 49-26] cannot add Board Part xilinx.com:zcu111:part0:1.4 available at D:/Apps/Xilinx/Vivado/2022.2/data/xhub/boards/XilinxBoardStore/boards/Xilinx/zcu111/1.4/board.xml as part xczu28dr-ffvg1517-2-e specified in board_part file is either invalid or not available
WARNING: [Board 49-26] cannot add Board Part xilinx.com:zcu1275:part0:1.0 available at D:/Apps/Xilinx/Vivado/2022.2/data/xhub/boards/XilinxBoardStore/boards/Xilinx/zcu1275/1.0/board.xml as part xczu29dr-ffvf1760-2-e specified in board_part file is either invalid or not available
WARNING: [Board 49-26] cannot add Board Part xilinx.com:zcu1285:part0:1.0 available at D:/Apps/Xilinx/Vivado/2022.2/data/xhub/boards/XilinxBoardStore/boards/Xilinx/zcu1285/1.0/board.xml as part xczu39dr-ffvf1760-2-i specified in board_part file is either invalid or not available
WARNING: [Board 49-26] cannot add Board Part xilinx.com:zcu208:part0:2.0 available at D:/Apps/Xilinx/Vivado/2022.2/data/xhub/boards/XilinxBoardStore/boards/Xilinx/zcu208/production/2.0/board.xml as part xczu48dr-fsvg1517-2-e specified in board_part file is either invalid or not available
WARNING: [Board 49-26] cannot add Board Part xilinx.com:zcu208ld:part0:2.0 available at D:/Apps/Xilinx/Vivado/2022.2/data/xhub/boards/XilinxBoardStore/boards/Xilinx/zcu208ld/production/2.0/board.xml as part xczu58dr-fsvg1517-2-i specified in board_part file is either invalid or not available
WARNING: [Board 49-26] cannot add Board Part xilinx.com:zcu216:part0:2.0 available at D:/Apps/Xilinx/Vivado/2022.2/data/xhub/boards/XilinxBoardStore/boards/Xilinx/zcu216/production/2.0/board.xml as part xczu49dr-ffvf1760-2-e specified in board_part file is either invalid or not available
WARNING: [Board 49-26] cannot add Board Part xilinx.com:zcu216ld:part0:2.0 available at D:/Apps/Xilinx/Vivado/2022.2/data/xhub/boards/XilinxBoardStore/boards/Xilinx/zcu216ld/production/2.0/board.xml as part xczu59dr-ffvf1760-2-i specified in board_part file is either invalid or not available
WARNING: [Board 49-26] cannot add Board Part xilinx.com:zcu670:part0:2.0 available at D:/Apps/Xilinx/Vivado/2022.2/data/xhub/boards/XilinxBoardStore/boards/Xilinx/zcu670/2.0/board.xml as part xczu67dr-fsve1156-2-i specified in board_part file is either invalid or not available
WARNING: [Board 49-26] cannot add Board Part xilinx.com:zcu670ld:part0:1.0 available at D:/Apps/Xilinx/Vivado/2022.2/data/xhub/boards/XilinxBoardStore/boards/Xilinx/zcu670ld/1.0/board.xml as part xczu57dr-fsve1156-2-i specified in board_part file is either invalid or not available
INFO: [filemgmt 56-3] Default IP Output Path : Could not find the directory 'D:/University/251/DA/wrapper/wrapper.gen/sources_1'.
CRITICAL WARNING: [Project 1-19] Could not find the file 'C:/Users/THUAN/Downloads/wrapper/hqc_kem_memory_manager.v'.
CRITICAL WARNING: [Project 1-19] Could not find the file 'C:/Users/THUAN/Downloads/wrapper/hqc_kem_wrapper.v'.
CRITICAL WARNING: [Project 1-19] Could not find the file 'C:/Users/THUAN/Downloads/wrapper/hqc_kem_system.v'.
CRITICAL WARNING: [Project 1-19] Could not find the file 'C:/Users/THUAN/Downloads/wrapper/hqc_kem_system_tb.v'.
Scanning sources...
Finished scanning sources
INFO: [IP_Flow 19-234] Refreshing IP repositories
INFO: [IP_Flow 19-1704] No user IP repositories specified
INFO: [IP_Flow 19-2313] Loaded Vivado IP repository 'D:/Apps/Xilinx/Vivado/2022.2/data/ip'.
open_project: Time (s): cpu = 00:00:30 ; elapsed = 00:00:20 . Memory (MB): peak = 1127.379 ; gain = 333.199
update_compile_order -fileset sources_1
update_compile_order -fileset sim_1
update_compile_order -fileset sources_1
WARNING: [Board 49-26] cannot add Board Part xilinx.com:kc705:part0:1.6 available at D:/Apps/Xilinx/Vivado/2022.2/data/xhub/boards/XilinxBoardStore/boards/Xilinx/kc705/1.6/board.xml as part xc7k325tffg900-2 specified in board_part file is either invalid or not available
WARNING: [Board 49-26] cannot add Board Part xilinx.com:kcu105:part0:1.6 available at D:/Apps/Xilinx/Vivado/2022.2/data/xhub/boards/XilinxBoardStore/boards/Xilinx/kcu105/1.6/board.xml as part xcku040-ffva1156-2-e specified in board_part file is either invalid or not available
WARNING: [Board 49-26] cannot add Board Part xilinx.com:kcu105:part0:1.7 available at D:/Apps/Xilinx/Vivado/2022.2/data/xhub/boards/XilinxBoardStore/boards/Xilinx/kcu105/1.7/board.xml as part xcku040-ffva1156-2-e specified in board_part file is either invalid or not available
WARNING: [Board 49-26] cannot add Board Part xilinx.com:kcu1500:part0:1.2 available at D:/Apps/Xilinx/Vivado/2022.2/data/xhub/boards/XilinxBoardStore/boards/Xilinx/kcu1500/1.2/board.xml as part xcku115-flvb2104-2-e specified in board_part file is either invalid or not available
WARNING: [Board 49-26] cannot add Board Part xilinx.com:vc707:part0:1.4 available at D:/Apps/Xilinx/Vivado/2022.2/data/xhub/boards/XilinxBoardStore/boards/Xilinx/vc707/1.4/board.xml as part xc7vx485tffg1761-2 specified in board_part file is either invalid or not available
WARNING: [Board 49-26] cannot add Board Part xilinx.com:vc709:part0:1.8 available at D:/Apps/Xilinx/Vivado/2022.2/data/xhub/boards/XilinxBoardStore/boards/Xilinx/vc709/1.8/board.xml as part xc7vx690tffg1761-2 specified in board_part file is either invalid or not available
WARNING: [Board 49-26] cannot add Board Part xilinx.com:vck190:part0:2.2 available at D:/Apps/Xilinx/Vivado/2022.2/data/xhub/boards/XilinxBoardStore/boards/Xilinx/vck190/production/2.2/board.xml as part xcvc1902-vsva2197-2mp-e-s specified in board_part file is either invalid or not available
WARNING: [Board 49-26] cannot add Board Part xilinx.com:vck190:part0:3.0 available at D:/Apps/Xilinx/Vivado/2022.2/data/xhub/boards/XilinxBoardStore/boards/Xilinx/vck190/production/3.0/board.xml as part xcvc1902-vsva2197-2mp-e-s specified in board_part file is either invalid or not available
WARNING: [Board 49-26] cannot add Board Part xilinx.com:vck190:part0:3.1 available at D:/Apps/Xilinx/Vivado/2022.2/data/xhub/boards/XilinxBoardStore/boards/Xilinx/vck190/production/3.1/board.xml as part xcvc1902-vsva2197-2mp-e-s specified in board_part file is either invalid or not available
WARNING: [Board 49-26] cannot add Board Part xilinx.com:vck190_newl:part0:1.0 available at D:/Apps/Xilinx/Vivado/2022.2/data/xhub/boards/XilinxBoardStore/boards/Xilinx/vck190_newl/production/1.0/board.xml as part xcvc1902-vsva2197-2mp-e-s specified in board_part file is either invalid or not available
WARNING: [Board 49-26] cannot add Board Part xilinx.com:vcu108:part0:1.6 available at D:/Apps/Xilinx/Vivado/2022.2/data/xhub/boards/XilinxBoardStore/boards/Xilinx/vcu108/1.6/board.xml as part xcvu095-ffva2104-2-e specified in board_part file is either invalid or not available
WARNING: [Board 49-26] cannot add Board Part xilinx.com:vcu108:part0:1.7 available at D:/Apps/Xilinx/Vivado/2022.2/data/xhub/boards/XilinxBoardStore/boards/Xilinx/vcu108/1.7/board.xml as part xcvu095-ffva2104-2-e specified in board_part file is either invalid or not available
WARNING: [Board 49-26] cannot add Board Part xilinx.com:vcu110:part0:1.4 available at D:/Apps/Xilinx/Vivado/2022.2/data/xhub/boards/XilinxBoardStore/boards/Xilinx/vcu110/1.4/board.xml as part xcvu190-flgc2104-2-e specified in board_part file is either invalid or not available
WARNING: [Board 49-26] cannot add Board Part xilinx.com:vcu118:part0:2.0 available at D:/Apps/Xilinx/Vivado/2022.2/data/xhub/boards/XilinxBoardStore/boards/Xilinx/vcu118/2.0/board.xml as part xcvu9p-flga2104-2l-e specified in board_part file is either invalid or not available
WARNING: [Board 49-26] cannot add Board Part xilinx.com:vcu118:part0:2.3 available at D:/Apps/Xilinx/Vivado/2022.2/data/xhub/boards/XilinxBoardStore/boards/Xilinx/vcu118/2.3/board.xml as part xcvu9p-flga2104-2l-e specified in board_part file is either invalid or not available
WARNING: [Board 49-26] cannot add Board Part xilinx.com:vcu118:part0:2.4 available at D:/Apps/Xilinx/Vivado/2022.2/data/xhub/boards/XilinxBoardStore/boards/Xilinx/vcu118/2.4/board.xml as part xcvu9p-flga2104-2l-e specified in board_part file is either invalid or not available
WARNING: [Board 49-26] cannot add Board Part xilinx.com:vcu128:part0:1.0 available at D:/Apps/Xilinx/Vivado/2022.2/data/xhub/boards/XilinxBoardStore/boards/Xilinx/vcu128/production/1.0/board.xml as part xcvu37p-fsvh2892-2l-e specified in board_part file is either invalid or not available
WARNING: [Board 49-26] cannot add Board Part xilinx.com:vcu129:part0:1.0 available at D:/Apps/Xilinx/Vivado/2022.2/data/xhub/boards/XilinxBoardStore/boards/Xilinx/vcu129/production/1.0/board.xml as part xcvu29p-fsga2577-2l-e specified in board_part file is either invalid or not available
WARNING: [Board 49-26] cannot add Board Part xilinx.com:vcu1525:part0:1.3 available at D:/Apps/Xilinx/Vivado/2022.2/data/xhub/boards/XilinxBoardStore/boards/Xilinx/vcu1525/1.3/board.xml as part xcvu9p-fsgd2104-2l-e specified in board_part file is either invalid or not available
WARNING: [Board 49-26] cannot add Board Part xilinx.com:vek280_es:part0:1.0 available at D:/Apps/Xilinx/Vivado/2022.2/data/xhub/boards/XilinxBoardStore/boards/Xilinx/vek280/es/1.0/board.xml as part xcve2802-vsvh1760-2lp-e-s-es1 specified in board_part file is either invalid or not available
WARNING: [Board 49-26] cannot add Board Part xilinx.com:vermeo_t1_mpsoc:part0:1.0 available at D:/Apps/Xilinx/Vivado/2022.2/data/xhub/boards/XilinxBoardStore/boards/Xilinx/vermeo_t1_mpsoc/1.0/board.xml as part xczu19eg-ffvd1760-2l-e specified in board_part file is either invalid or not available
WARNING: [Board 49-26] cannot add Board Part xilinx.com:vermeo_t1_rfsoc:part0:1.0 available at D:/Apps/Xilinx/Vivado/2022.2/data/xhub/boards/XilinxBoardStore/boards/Xilinx/vermeo_t1_rfsoc/1.0/board.xml as part xczu21dr-ffvd1156-2l-e specified in board_part file is either invalid or not available
WARNING: [Board 49-26] cannot add Board Part xilinx.com:vhk158_es:part0:1.0 available at D:/Apps/Xilinx/Vivado/2022.2/data/xhub/boards/XilinxBoardStore/boards/Xilinx/vhk158/es/1.0/board.xml as part xcvh1582-vsva3697-2mp-e-s-es1 specified in board_part file is either invalid or not available
WARNING: [Board 49-26] cannot add Board Part xilinx.com:vmk180:part0:2.2 available at D:/Apps/Xilinx/Vivado/2022.2/data/xhub/boards/XilinxBoardStore/boards/Xilinx/vmk180/production/2.2/board.xml as part xcvm1802-vsva2197-2mp-e-s specified in board_part file is either invalid or not available
WARNING: [Board 49-26] cannot add Board Part xilinx.com:vmk180:part0:3.0 available at D:/Apps/Xilinx/Vivado/2022.2/data/xhub/boards/XilinxBoardStore/boards/Xilinx/vmk180/production/3.0/board.xml as part xcvm1802-vsva2197-2mp-e-s specified in board_part file is either invalid or not available
WARNING: [Board 49-26] cannot add Board Part xilinx.com:vmk180:part0:3.1 available at D:/Apps/Xilinx/Vivado/2022.2/data/xhub/boards/XilinxBoardStore/boards/Xilinx/vmk180/production/3.1/board.xml as part xcvm1802-vsva2197-2mp-e-s specified in board_part file is either invalid or not available
WARNING: [Board 49-26] cannot add Board Part xilinx.com:vmk180_newl:part0:1.0 available at D:/Apps/Xilinx/Vivado/2022.2/data/xhub/boards/XilinxBoardStore/boards/Xilinx/vmk180_newl/production/1.0/board.xml as part xcvm1802-vsva2197-2mp-e-s specified in board_part file is either invalid or not available
WARNING: [Board 49-26] cannot add Board Part xilinx.com:vpk120:part0:1.0 available at D:/Apps/Xilinx/Vivado/2022.2/data/xhub/boards/XilinxBoardStore/boards/Xilinx/vpk120/production/1.0/board.xml as part xcvp1202-vsva2785-2mp-e-s specified in board_part file is either invalid or not available
WARNING: [Board 49-26] cannot add Board Part xilinx.com:vpk120_es:part0:1.2 available at D:/Apps/Xilinx/Vivado/2022.2/data/xhub/boards/XilinxBoardStore/boards/Xilinx/vpk120/es/1.2/board.xml as part xcvp1202-vsva2785-2mp-e-s-es1 specified in board_part file is either invalid or not available
WARNING: [Board 49-26] cannot add Board Part xilinx.com:vpk120_es_revb:part0:1.0 available at D:/Apps/Xilinx/Vivado/2022.2/data/xhub/boards/XilinxBoardStore/boards/Xilinx/vpk120_revb/es/1.0/board.xml as part xcvp1202-vsva2785-2mp-e-s-es1 specified in board_part file is either invalid or not available
WARNING: [Board 49-26] cannot add Board Part xilinx.com:vpk180_es:part0:1.0 available at D:/Apps/Xilinx/Vivado/2022.2/data/xhub/boards/XilinxBoardStore/boards/Xilinx/vpk180/es/1.0/board.xml as part xcvp1802-lsvc4072-2mp-e-s-es1 specified in board_part file is either invalid or not available
WARNING: [Board 49-26] cannot add Board Part xilinx.com:zc706:part0:1.4 available at D:/Apps/Xilinx/Vivado/2022.2/data/xhub/boards/XilinxBoardStore/boards/Xilinx/zc706/1.4/board.xml as part xc7z045ffg900-2 specified in board_part file is either invalid or not available
WARNING: [Board 49-26] cannot add Board Part xilinx.com:zcu102:part0:3.3 available at D:/Apps/Xilinx/Vivado/2022.2/data/xhub/boards/XilinxBoardStore/boards/Xilinx/zcu102/3.3/board.xml as part xczu9eg-ffvb1156-2-e specified in board_part file is either invalid or not available
WARNING: [Board 49-26] cannot add Board Part xilinx.com:zcu102:part0:3.4 available at D:/Apps/Xilinx/Vivado/2022.2/data/xhub/boards/XilinxBoardStore/boards/Xilinx/zcu102/3.4/board.xml as part xczu9eg-ffvb1156-2-e specified in board_part file is either invalid or not available
WARNING: [Board 49-26] cannot add Board Part xilinx.com:zcu111:part0:1.2 available at D:/Apps/Xilinx/Vivado/2022.2/data/xhub/boards/XilinxBoardStore/boards/Xilinx/zcu111/1.2/board.xml as part xczu28dr-ffvg1517-2-e specified in board_part file is either invalid or not available
WARNING: [Board 49-26] cannot add Board Part xilinx.com:zcu111:part0:1.3 available at D:/Apps/Xilinx/Vivado/2022.2/data/xhub/boards/XilinxBoardStore/boards/Xilinx/zcu111/1.3/board.xml as part xczu28dr-ffvg1517-2-e specified in board_part file is either invalid or not available
WARNING: [Board 49-26] cannot add Board Part xilinx.com:zcu111:part0:1.4 available at D:/Apps/Xilinx/Vivado/2022.2/data/xhub/boards/XilinxBoardStore/boards/Xilinx/zcu111/1.4/board.xml as part xczu28dr-ffvg1517-2-e specified in board_part file is either invalid or not available
WARNING: [Board 49-26] cannot add Board Part xilinx.com:zcu1275:part0:1.0 available at D:/Apps/Xilinx/Vivado/2022.2/data/xhub/boards/XilinxBoardStore/boards/Xilinx/zcu1275/1.0/board.xml as part xczu29dr-ffvf1760-2-e specified in board_part file is either invalid or not available
WARNING: [Board 49-26] cannot add Board Part xilinx.com:zcu1285:part0:1.0 available at D:/Apps/Xilinx/Vivado/2022.2/data/xhub/boards/XilinxBoardStore/boards/Xilinx/zcu1285/1.0/board.xml as part xczu39dr-ffvf1760-2-i specified in board_part file is either invalid or not available
WARNING: [Board 49-26] cannot add Board Part xilinx.com:zcu208:part0:2.0 available at D:/Apps/Xilinx/Vivado/2022.2/data/xhub/boards/XilinxBoardStore/boards/Xilinx/zcu208/production/2.0/board.xml as part xczu48dr-fsvg1517-2-e specified in board_part file is either invalid or not available
WARNING: [Board 49-26] cannot add Board Part xilinx.com:zcu208ld:part0:2.0 available at D:/Apps/Xilinx/Vivado/2022.2/data/xhub/boards/XilinxBoardStore/boards/Xilinx/zcu208ld/production/2.0/board.xml as part xczu58dr-fsvg1517-2-i specified in board_part file is either invalid or not available
WARNING: [Board 49-26] cannot add Board Part xilinx.com:zcu216:part0:2.0 available at D:/Apps/Xilinx/Vivado/2022.2/data/xhub/boards/XilinxBoardStore/boards/Xilinx/zcu216/production/2.0/board.xml as part xczu49dr-ffvf1760-2-e specified in board_part file is either invalid or not available
WARNING: [Board 49-26] cannot add Board Part xilinx.com:zcu216ld:part0:2.0 available at D:/Apps/Xilinx/Vivado/2022.2/data/xhub/boards/XilinxBoardStore/boards/Xilinx/zcu216ld/production/2.0/board.xml as part xczu59dr-ffvf1760-2-i specified in board_part file is either invalid or not available
WARNING: [Board 49-26] cannot add Board Part xilinx.com:zcu670:part0:2.0 available at D:/Apps/Xilinx/Vivado/2022.2/data/xhub/boards/XilinxBoardStore/boards/Xilinx/zcu670/2.0/board.xml as part xczu67dr-fsve1156-2-i specified in board_part file is either invalid or not available
WARNING: [Board 49-26] cannot add Board Part xilinx.com:zcu670ld:part0:1.0 available at D:/Apps/Xilinx/Vivado/2022.2/data/xhub/boards/XilinxBoardStore/boards/Xilinx/zcu670ld/1.0/board.xml as part xczu57dr-fsve1156-2-i specified in board_part file is either invalid or not available
WARNING: [Board 49-26] cannot add Board Part xilinx.com:kc705:part0:1.6 available at D:/Apps/Xilinx/Vivado/2022.2/data/xhub/boards/XilinxBoardStore/boards/Xilinx/kc705/1.6/board.xml as part xc7k325tffg900-2 specified in board_part file is either invalid or not available
WARNING: [Board 49-26] cannot add Board Part xilinx.com:kcu105:part0:1.6 available at D:/Apps/Xilinx/Vivado/2022.2/data/xhub/boards/XilinxBoardStore/boards/Xilinx/kcu105/1.6/board.xml as part xcku040-ffva1156-2-e specified in board_part file is either invalid or not available
WARNING: [Board 49-26] cannot add Board Part xilinx.com:kcu105:part0:1.7 available at D:/Apps/Xilinx/Vivado/2022.2/data/xhub/boards/XilinxBoardStore/boards/Xilinx/kcu105/1.7/board.xml as part xcku040-ffva1156-2-e specified in board_part file is either invalid or not available
WARNING: [Board 49-26] cannot add Board Part xilinx.com:kcu1500:part0:1.2 available at D:/Apps/Xilinx/Vivado/2022.2/data/xhub/boards/XilinxBoardStore/boards/Xilinx/kcu1500/1.2/board.xml as part xcku115-flvb2104-2-e specified in board_part file is either invalid or not available
WARNING: [Board 49-26] cannot add Board Part xilinx.com:vc707:part0:1.4 available at D:/Apps/Xilinx/Vivado/2022.2/data/xhub/boards/XilinxBoardStore/boards/Xilinx/vc707/1.4/board.xml as part xc7vx485tffg1761-2 specified in board_part file is either invalid or not available
WARNING: [Board 49-26] cannot add Board Part xilinx.com:vc709:part0:1.8 available at D:/Apps/Xilinx/Vivado/2022.2/data/xhub/boards/XilinxBoardStore/boards/Xilinx/vc709/1.8/board.xml as part xc7vx690tffg1761-2 specified in board_part file is either invalid or not available
WARNING: [Board 49-26] cannot add Board Part xilinx.com:vck190:part0:2.2 available at D:/Apps/Xilinx/Vivado/2022.2/data/xhub/boards/XilinxBoardStore/boards/Xilinx/vck190/production/2.2/board.xml as part xcvc1902-vsva2197-2mp-e-s specified in board_part file is either invalid or not available
WARNING: [Board 49-26] cannot add Board Part xilinx.com:vck190:part0:3.0 available at D:/Apps/Xilinx/Vivado/2022.2/data/xhub/boards/XilinxBoardStore/boards/Xilinx/vck190/production/3.0/board.xml as part xcvc1902-vsva2197-2mp-e-s specified in board_part file is either invalid or not available
WARNING: [Board 49-26] cannot add Board Part xilinx.com:vck190:part0:3.1 available at D:/Apps/Xilinx/Vivado/2022.2/data/xhub/boards/XilinxBoardStore/boards/Xilinx/vck190/production/3.1/board.xml as part xcvc1902-vsva2197-2mp-e-s specified in board_part file is either invalid or not available
WARNING: [Board 49-26] cannot add Board Part xilinx.com:vck190_newl:part0:1.0 available at D:/Apps/Xilinx/Vivado/2022.2/data/xhub/boards/XilinxBoardStore/boards/Xilinx/vck190_newl/production/1.0/board.xml as part xcvc1902-vsva2197-2mp-e-s specified in board_part file is either invalid or not available
WARNING: [Board 49-26] cannot add Board Part xilinx.com:vcu108:part0:1.6 available at D:/Apps/Xilinx/Vivado/2022.2/data/xhub/boards/XilinxBoardStore/boards/Xilinx/vcu108/1.6/board.xml as part xcvu095-ffva2104-2-e specified in board_part file is either invalid or not available
WARNING: [Board 49-26] cannot add Board Part xilinx.com:vcu108:part0:1.7 available at D:/Apps/Xilinx/Vivado/2022.2/data/xhub/boards/XilinxBoardStore/boards/Xilinx/vcu108/1.7/board.xml as part xcvu095-ffva2104-2-e specified in board_part file is either invalid or not available
WARNING: [Board 49-26] cannot add Board Part xilinx.com:vcu110:part0:1.4 available at D:/Apps/Xilinx/Vivado/2022.2/data/xhub/boards/XilinxBoardStore/boards/Xilinx/vcu110/1.4/board.xml as part xcvu190-flgc2104-2-e specified in board_part file is either invalid or not available
WARNING: [Board 49-26] cannot add Board Part xilinx.com:vcu118:part0:2.0 available at D:/Apps/Xilinx/Vivado/2022.2/data/xhub/boards/XilinxBoardStore/boards/Xilinx/vcu118/2.0/board.xml as part xcvu9p-flga2104-2l-e specified in board_part file is either invalid or not available
WARNING: [Board 49-26] cannot add Board Part xilinx.com:vcu118:part0:2.3 available at D:/Apps/Xilinx/Vivado/2022.2/data/xhub/boards/XilinxBoardStore/boards/Xilinx/vcu118/2.3/board.xml as part xcvu9p-flga2104-2l-e specified in board_part file is either invalid or not available
WARNING: [Board 49-26] cannot add Board Part xilinx.com:vcu118:part0:2.4 available at D:/Apps/Xilinx/Vivado/2022.2/data/xhub/boards/XilinxBoardStore/boards/Xilinx/vcu118/2.4/board.xml as part xcvu9p-flga2104-2l-e specified in board_part file is either invalid or not available
WARNING: [Board 49-26] cannot add Board Part xilinx.com:vcu128:part0:1.0 available at D:/Apps/Xilinx/Vivado/2022.2/data/xhub/boards/XilinxBoardStore/boards/Xilinx/vcu128/production/1.0/board.xml as part xcvu37p-fsvh2892-2l-e specified in board_part file is either invalid or not available
WARNING: [Board 49-26] cannot add Board Part xilinx.com:vcu129:part0:1.0 available at D:/Apps/Xilinx/Vivado/2022.2/data/xhub/boards/XilinxBoardStore/boards/Xilinx/vcu129/production/1.0/board.xml as part xcvu29p-fsga2577-2l-e specified in board_part file is either invalid or not available
WARNING: [Board 49-26] cannot add Board Part xilinx.com:vcu1525:part0:1.3 available at D:/Apps/Xilinx/Vivado/2022.2/data/xhub/boards/XilinxBoardStore/boards/Xilinx/vcu1525/1.3/board.xml as part xcvu9p-fsgd2104-2l-e specified in board_part file is either invalid or not available
WARNING: [Board 49-26] cannot add Board Part xilinx.com:vek280_es:part0:1.0 available at D:/Apps/Xilinx/Vivado/2022.2/data/xhub/boards/XilinxBoardStore/boards/Xilinx/vek280/es/1.0/board.xml as part xcve2802-vsvh1760-2lp-e-s-es1 specified in board_part file is either invalid or not available
WARNING: [Board 49-26] cannot add Board Part xilinx.com:vermeo_t1_mpsoc:part0:1.0 available at D:/Apps/Xilinx/Vivado/2022.2/data/xhub/boards/XilinxBoardStore/boards/Xilinx/vermeo_t1_mpsoc/1.0/board.xml as part xczu19eg-ffvd1760-2l-e specified in board_part file is either invalid or not available
WARNING: [Board 49-26] cannot add Board Part xilinx.com:vermeo_t1_rfsoc:part0:1.0 available at D:/Apps/Xilinx/Vivado/2022.2/data/xhub/boards/XilinxBoardStore/boards/Xilinx/vermeo_t1_rfsoc/1.0/board.xml as part xczu21dr-ffvd1156-2l-e specified in board_part file is either invalid or not available
WARNING: [Board 49-26] cannot add Board Part xilinx.com:vhk158_es:part0:1.0 available at D:/Apps/Xilinx/Vivado/2022.2/data/xhub/boards/XilinxBoardStore/boards/Xilinx/vhk158/es/1.0/board.xml as part xcvh1582-vsva3697-2mp-e-s-es1 specified in board_part file is either invalid or not available
WARNING: [Board 49-26] cannot add Board Part xilinx.com:vmk180:part0:2.2 available at D:/Apps/Xilinx/Vivado/2022.2/data/xhub/boards/XilinxBoardStore/boards/Xilinx/vmk180/production/2.2/board.xml as part xcvm1802-vsva2197-2mp-e-s specified in board_part file is either invalid or not available
WARNING: [Board 49-26] cannot add Board Part xilinx.com:vmk180:part0:3.0 available at D:/Apps/Xilinx/Vivado/2022.2/data/xhub/boards/XilinxBoardStore/boards/Xilinx/vmk180/production/3.0/board.xml as part xcvm1802-vsva2197-2mp-e-s specified in board_part file is either invalid or not available
WARNING: [Board 49-26] cannot add Board Part xilinx.com:vmk180:part0:3.1 available at D:/Apps/Xilinx/Vivado/2022.2/data/xhub/boards/XilinxBoardStore/boards/Xilinx/vmk180/production/3.1/board.xml as part xcvm1802-vsva2197-2mp-e-s specified in board_part file is either invalid or not available
WARNING: [Board 49-26] cannot add Board Part xilinx.com:vmk180_newl:part0:1.0 available at D:/Apps/Xilinx/Vivado/2022.2/data/xhub/boards/XilinxBoardStore/boards/Xilinx/vmk180_newl/production/1.0/board.xml as part xcvm1802-vsva2197-2mp-e-s specified in board_part file is either invalid or not available
WARNING: [Board 49-26] cannot add Board Part xilinx.com:vpk120:part0:1.0 available at D:/Apps/Xilinx/Vivado/2022.2/data/xhub/boards/XilinxBoardStore/boards/Xilinx/vpk120/production/1.0/board.xml as part xcvp1202-vsva2785-2mp-e-s specified in board_part file is either invalid or not available
WARNING: [Board 49-26] cannot add Board Part xilinx.com:vpk120_es:part0:1.2 available at D:/Apps/Xilinx/Vivado/2022.2/data/xhub/boards/XilinxBoardStore/boards/Xilinx/vpk120/es/1.2/board.xml as part xcvp1202-vsva2785-2mp-e-s-es1 specified in board_part file is either invalid or not available
WARNING: [Board 49-26] cannot add Board Part xilinx.com:vpk120_es_revb:part0:1.0 available at D:/Apps/Xilinx/Vivado/2022.2/data/xhub/boards/XilinxBoardStore/boards/Xilinx/vpk120_revb/es/1.0/board.xml as part xcvp1202-vsva2785-2mp-e-s-es1 specified in board_part file is either invalid or not available
WARNING: [Board 49-26] cannot add Board Part xilinx.com:vpk180_es:part0:1.0 available at D:/Apps/Xilinx/Vivado/2022.2/data/xhub/boards/XilinxBoardStore/boards/Xilinx/vpk180/es/1.0/board.xml as part xcvp1802-lsvc4072-2mp-e-s-es1 specified in board_part file is either invalid or not available
WARNING: [Board 49-26] cannot add Board Part xilinx.com:zc706:part0:1.4 available at D:/Apps/Xilinx/Vivado/2022.2/data/xhub/boards/XilinxBoardStore/boards/Xilinx/zc706/1.4/board.xml as part xc7z045ffg900-2 specified in board_part file is either invalid or not available
WARNING: [Board 49-26] cannot add Board Part xilinx.com:zcu102:part0:3.3 available at D:/Apps/Xilinx/Vivado/2022.2/data/xhub/boards/XilinxBoardStore/boards/Xilinx/zcu102/3.3/board.xml as part xczu9eg-ffvb1156-2-e specified in board_part file is either invalid or not available
WARNING: [Board 49-26] cannot add Board Part xilinx.com:zcu102:part0:3.4 available at D:/Apps/Xilinx/Vivado/2022.2/data/xhub/boards/XilinxBoardStore/boards/Xilinx/zcu102/3.4/board.xml as part xczu9eg-ffvb1156-2-e specified in board_part file is either invalid or not available
WARNING: [Board 49-26] cannot add Board Part xilinx.com:zcu111:part0:1.2 available at D:/Apps/Xilinx/Vivado/2022.2/data/xhub/boards/XilinxBoardStore/boards/Xilinx/zcu111/1.2/board.xml as part xczu28dr-ffvg1517-2-e specified in board_part file is either invalid or not available
WARNING: [Board 49-26] cannot add Board Part xilinx.com:zcu111:part0:1.3 available at D:/Apps/Xilinx/Vivado/2022.2/data/xhub/boards/XilinxBoardStore/boards/Xilinx/zcu111/1.3/board.xml as part xczu28dr-ffvg1517-2-e specified in board_part file is either invalid or not available
WARNING: [Board 49-26] cannot add Board Part xilinx.com:zcu111:part0:1.4 available at D:/Apps/Xilinx/Vivado/2022.2/data/xhub/boards/XilinxBoardStore/boards/Xilinx/zcu111/1.4/board.xml as part xczu28dr-ffvg1517-2-e specified in board_part file is either invalid or not available
WARNING: [Board 49-26] cannot add Board Part xilinx.com:zcu1275:part0:1.0 available at D:/Apps/Xilinx/Vivado/2022.2/data/xhub/boards/XilinxBoardStore/boards/Xilinx/zcu1275/1.0/board.xml as part xczu29dr-ffvf1760-2-e specified in board_part file is either invalid or not available
WARNING: [Board 49-26] cannot add Board Part xilinx.com:zcu1285:part0:1.0 available at D:/Apps/Xilinx/Vivado/2022.2/data/xhub/boards/XilinxBoardStore/boards/Xilinx/zcu1285/1.0/board.xml as part xczu39dr-ffvf1760-2-i specified in board_part file is either invalid or not available
WARNING: [Board 49-26] cannot add Board Part xilinx.com:zcu208:part0:2.0 available at D:/Apps/Xilinx/Vivado/2022.2/data/xhub/boards/XilinxBoardStore/boards/Xilinx/zcu208/production/2.0/board.xml as part xczu48dr-fsvg1517-2-e specified in board_part file is either invalid or not available
WARNING: [Board 49-26] cannot add Board Part xilinx.com:zcu208ld:part0:2.0 available at D:/Apps/Xilinx/Vivado/2022.2/data/xhub/boards/XilinxBoardStore/boards/Xilinx/zcu208ld/production/2.0/board.xml as part xczu58dr-fsvg1517-2-i specified in board_part file is either invalid or not available
WARNING: [Board 49-26] cannot add Board Part xilinx.com:zcu216:part0:2.0 available at D:/Apps/Xilinx/Vivado/2022.2/data/xhub/boards/XilinxBoardStore/boards/Xilinx/zcu216/production/2.0/board.xml as part xczu49dr-ffvf1760-2-e specified in board_part file is either invalid or not available
WARNING: [Board 49-26] cannot add Board Part xilinx.com:zcu216ld:part0:2.0 available at D:/Apps/Xilinx/Vivado/2022.2/data/xhub/boards/XilinxBoardStore/boards/Xilinx/zcu216ld/production/2.0/board.xml as part xczu59dr-ffvf1760-2-i specified in board_part file is either invalid or not available
WARNING: [Board 49-26] cannot add Board Part xilinx.com:zcu670:part0:2.0 available at D:/Apps/Xilinx/Vivado/2022.2/data/xhub/boards/XilinxBoardStore/boards/Xilinx/zcu670/2.0/board.xml as part xczu67dr-fsve1156-2-i specified in board_part file is either invalid or not available
WARNING: [Board 49-26] cannot add Board Part xilinx.com:zcu670ld:part0:1.0 available at D:/Apps/Xilinx/Vivado/2022.2/data/xhub/boards/XilinxBoardStore/boards/Xilinx/zcu670ld/1.0/board.xml as part xczu57dr-fsve1156-2-i specified in board_part file is either invalid or not available
WARNING: [Board 49-26] cannot add Board Part xilinx.com:kc705:part0:1.6 available at D:/Apps/Xilinx/Vivado/2022.2/data/xhub/boards/XilinxBoardStore/boards/Xilinx/kc705/1.6/board.xml as part xc7k325tffg900-2 specified in board_part file is either invalid or not available
WARNING: [Board 49-26] cannot add Board Part xilinx.com:kcu105:part0:1.7 available at D:/Apps/Xilinx/Vivado/2022.2/data/xhub/boards/XilinxBoardStore/boards/Xilinx/kcu105/1.7/board.xml as part xcku040-ffva1156-2-e specified in board_part file is either invalid or not available
WARNING: [Board 49-26] cannot add Board Part xilinx.com:kcu1500:part0:1.2 available at D:/Apps/Xilinx/Vivado/2022.2/data/xhub/boards/XilinxBoardStore/boards/Xilinx/kcu1500/1.2/board.xml as part xcku115-flvb2104-2-e specified in board_part file is either invalid or not available
WARNING: [Board 49-26] cannot add Board Part xilinx.com:vc707:part0:1.4 available at D:/Apps/Xilinx/Vivado/2022.2/data/xhub/boards/XilinxBoardStore/boards/Xilinx/vc707/1.4/board.xml as part xc7vx485tffg1761-2 specified in board_part file is either invalid or not available
WARNING: [Board 49-26] cannot add Board Part xilinx.com:vc709:part0:1.8 available at D:/Apps/Xilinx/Vivado/2022.2/data/xhub/boards/XilinxBoardStore/boards/Xilinx/vc709/1.8/board.xml as part xc7vx690tffg1761-2 specified in board_part file is either invalid or not available
WARNING: [Board 49-26] cannot add Board Part xilinx.com:vck190:part0:3.1 available at D:/Apps/Xilinx/Vivado/2022.2/data/xhub/boards/XilinxBoardStore/boards/Xilinx/vck190/production/3.1/board.xml as part xcvc1902-vsva2197-2mp-e-s specified in board_part file is either invalid or not available
WARNING: [Board 49-26] cannot add Board Part xilinx.com:vck190_newl:part0:1.0 available at D:/Apps/Xilinx/Vivado/2022.2/data/xhub/boards/XilinxBoardStore/boards/Xilinx/vck190_newl/production/1.0/board.xml as part xcvc1902-vsva2197-2mp-e-s specified in board_part file is either invalid or not available
WARNING: [Board 49-26] cannot add Board Part xilinx.com:vcu108:part0:1.7 available at D:/Apps/Xilinx/Vivado/2022.2/data/xhub/boards/XilinxBoardStore/boards/Xilinx/vcu108/1.7/board.xml as part xcvu095-ffva2104-2-e specified in board_part file is either invalid or not available
WARNING: [Board 49-26] cannot add Board Part xilinx.com:vcu110:part0:1.4 available at D:/Apps/Xilinx/Vivado/2022.2/data/xhub/boards/XilinxBoardStore/boards/Xilinx/vcu110/1.4/board.xml as part xcvu190-flgc2104-2-e specified in board_part file is either invalid or not available
WARNING: [Board 49-26] cannot add Board Part xilinx.com:vcu118:part0:2.4 available at D:/Apps/Xilinx/Vivado/2022.2/data/xhub/boards/XilinxBoardStore/boards/Xilinx/vcu118/2.4/board.xml as part xcvu9p-flga2104-2l-e specified in board_part file is either invalid or not available
INFO: [Common 17-14] Message 'Board 49-26' appears 100 times and further instances of the messages will be disabled. Use the Tcl command set_msg_config to change the current settings.
set_property board_part xilinx.com:kv260_som:part0:1.4 [current_project]
WARNING: [Project 1-153] The current project device 'xc7k70tfbv676-1' does not match with the device on the 'XILINX.COM:KV260_SOM:PART0:1.4' board part. A device change to match the device on 'XILINX.COM:KV260_SOM:PART0:1.4' board part is being done. Please upgrade the IP in the project via the upgrade_ip command or by selecting Reports => Reports IP Status.
WARNING: [filemgmt 56-199] Attempt to get parsing info during refresh. "On-the-fly" syntax checking information may be incorrect. [C:\Users\THUAN\Downloads\wrapper\mem_single.v:]
WARNING: [filemgmt 56-199] Attempt to get parsing info during refresh. "On-the-fly" syntax checking information may be incorrect. [C:\Users\THUAN\Downloads\wrapper\mem_dual.v:]
WARNING: [filemgmt 56-199] Attempt to get parsing info during refresh. "On-the-fly" syntax checking information may be incorrect. [C:\Users\THUAN\Downloads\wrapper\hqc_kem_joint_design.v:]
WARNING: [filemgmt 56-199] Attempt to get parsing info during refresh. "On-the-fly" syntax checking information may be incorrect. [C:\Users\THUAN\Downloads\wrapper\mem_single.v:]
WARNING: [filemgmt 56-199] Attempt to get parsing info during refresh. "On-the-fly" syntax checking information may be incorrect. [C:\Users\THUAN\Downloads\wrapper\mem_dual.v:]
WARNING: [filemgmt 56-199] Attempt to get parsing info during refresh. "On-the-fly" syntax checking information may be incorrect. [C:\Users\THUAN\Downloads\wrapper\hqc_kem_joint_design.v:]
ERROR: [Common 17-180] Spawn failed: No error
INFO: [Project 1-152] Project part set to zynquplus (xck26-sfvc784-2lv-c)
ERROR: [Common 17-39] 'set_property' failed due to earlier errors.
add_files -norecurse C:/Users/THUAN/Downloads/wrapper/HQC_wrapper.v
update_compile_order -fileset sources_1
export_ip_user_files -of_objects  [get_files C:/Users/THUAN/Downloads/wrapper/hqc_kem_memory_manager.v] -no_script -reset -force -quiet
remove_files  C:/Users/THUAN/Downloads/wrapper/hqc_kem_memory_manager.v
export_ip_user_files -of_objects  [get_files C:/Users/THUAN/Downloads/wrapper/hqc_kem_system.v] -no_script -reset -force -quiet
remove_files  C:/Users/THUAN/Downloads/wrapper/hqc_kem_system.v
export_ip_user_files -of_objects  [get_files C:/Users/THUAN/Downloads/wrapper/hqc_kem_wrapper.v] -no_script -reset -force -quiet
remove_files  C:/Users/THUAN/Downloads/wrapper/hqc_kem_wrapper.v
update_compile_order -fileset sources_1
update_compile_order -fileset sources_1
update_compile_order -fileset sources_1
set_property SOURCE_SET sources_1 [get_filesets sim_1]
add_files -fileset sim_1 -norecurse C:/Users/THUAN/Downloads/wrapper/keygen_tb.v
update_compile_order -fileset sim_1
export_ip_user_files -of_objects  [get_files C:/Users/THUAN/Downloads/wrapper/hqc_kem_system_tb.v] -no_script -reset -force -quiet
remove_files  -fileset sim_1 C:/Users/THUAN/Downloads/wrapper/hqc_kem_system_tb.v
update_compile_order -fileset sim_1
launch_simulation
Command: launch_simulation 
INFO: [Vivado 12-12493] Simulation top is 'keygen_tb'
WARNING: [Vivado 12-13340] Unable to auto find GCC executables from simulator install path! (path not set)
WARNING: [Vivado 12-13277] Compiled library path does not exist: ''
INFO: [Vivado 12-5682] Launching behavioral simulation in 'D:/University/251/DA/wrapper/wrapper.sim/sim_1/behav/xsim'
INFO: [SIM-utils-51] Simulation object is 'sim_1'
INFO: [SIM-utils-72] Using boost library from 'D:/Apps/Xilinx/Vivado/2022.2/tps/boost_1_72_0'
INFO: [SIM-utils-54] Inspecting design source files for 'keygen_tb' in fileset 'sim_1'...
INFO: [SIM-utils-43] Exported 'D:/University/251/DA/wrapper/wrapper.sim/sim_1/behav/xsim/barrett_hqc_128.mem'
INFO: [SIM-utils-43] Exported 'D:/University/251/DA/wrapper/wrapper.sim/sim_1/behav/xsim/barrett_hqc_192.mem'
INFO: [SIM-utils-43] Exported 'D:/University/251/DA/wrapper/wrapper.sim/sim_1/behav/xsim/barrett_hqc_256.mem'
INFO: [USF-XSim-97] Finding global include files...
INFO: [USF-XSim-98] Fetching design files from 'sim_1'...
INFO: [USF-XSim-2] XSim::Compile design
INFO: [USF-XSim-61] Executing 'COMPILE and ANALYZE' step in 'D:/University/251/DA/wrapper/wrapper.sim/sim_1/behav/xsim'
"xvlog --incr --relax -prj keygen_tb_vlog.prj"
INFO: [VRFC 10-2263] Analyzing Verilog file "C:/Users/THUAN/Downloads/wrapper/HQC_wrapper.v" into library xil_defaultlib
INFO: [VRFC 10-311] analyzing module HQC_wrapper
INFO: [VRFC 10-2263] Analyzing Verilog file "C:/Users/THUAN/Downloads/wrapper/keygen_tb.v" into library xil_defaultlib
INFO: [VRFC 10-311] analyzing module keygen_tb
run_program: Time (s): cpu = 00:00:00 ; elapsed = 00:00:06 . Memory (MB): peak = 1370.879 ; gain = 0.000
INFO: [USF-XSim-69] 'compile' step finished in '7' seconds
INFO: [USF-XSim-3] XSim::Elaborate design
INFO: [USF-XSim-61] Executing 'ELABORATE' step in 'D:/University/251/DA/wrapper/wrapper.sim/sim_1/behav/xsim'
"xelab --incr --debug typical --relax --mt 2 -L xil_defaultlib -L unisims_ver -L unimacro_ver -L secureip --snapshot keygen_tb_behav xil_defaultlib.keygen_tb xil_defaultlib.glbl -log elaborate.log"
Vivado Simulator v2022.2
Copyright 1986-1999, 2001-2022 Xilinx, Inc. All Rights Reserved.
Running: D:/Apps/Xilinx/Vivado/2022.2/bin/unwrapped/win64.o/xelab.exe --incr --debug typical --relax --mt 2 -L xil_defaultlib -L unisims_ver -L unimacro_ver -L secureip --snapshot keygen_tb_behav xil_defaultlib.keygen_tb xil_defaultlib.glbl -log elaborate.log 
Using 2 slave threads.
Starting static elaboration
Pass Through NonSizing Optimizer
WARNING: [VRFC 10-3091] actual bit length 13 differs from formal bit length 8 for port 'address_0' [C:/Users/THUAN/Downloads/wrapper/HQC_wrapper.v:77]
WARNING: [VRFC 10-3091] actual bit length 13 differs from formal bit length 8 for port 'address_1' [C:/Users/THUAN/Downloads/wrapper/HQC_wrapper.v:78]
WARNING: [VRFC 10-3091] actual bit length 13 differs from formal bit length 8 for port 'address_0' [C:/Users/THUAN/Downloads/wrapper/HQC_wrapper.v:83]
WARNING: [VRFC 10-3091] actual bit length 13 differs from formal bit length 8 for port 'address_1' [C:/Users/THUAN/Downloads/wrapper/HQC_wrapper.v:84]
WARNING: [VRFC 10-3091] actual bit length 13 differs from formal bit length 8 for port 'address_0' [C:/Users/THUAN/Downloads/wrapper/HQC_wrapper.v:89]
WARNING: [VRFC 10-3091] actual bit length 13 differs from formal bit length 8 for port 'address_1' [C:/Users/THUAN/Downloads/wrapper/HQC_wrapper.v:90]
WARNING: [VRFC 10-3091] actual bit length 13 differs from formal bit length 8 for port 'address_0' [C:/Users/THUAN/Downloads/wrapper/HQC_wrapper.v:95]
WARNING: [VRFC 10-3091] actual bit length 13 differs from formal bit length 8 for port 'address_1' [C:/Users/THUAN/Downloads/wrapper/HQC_wrapper.v:96]
WARNING: [VRFC 10-3091] actual bit length 13 differs from formal bit length 8 for port 'keygen_out_addr' [C:/Users/THUAN/Downloads/wrapper/HQC_wrapper.v:124]
WARNING: [VRFC 10-3091] actual bit length 13 differs from formal bit length 9 for port 'd_h_addr_0' [C:/Users/THUAN/Downloads/wrapper/HQC_wrapper.v:136]
WARNING: [VRFC 10-3091] actual bit length 13 differs from formal bit length 9 for port 'u_addr_0' [C:/Users/THUAN/Downloads/wrapper/HQC_wrapper.v:137]
WARNING: [VRFC 10-3091] actual bit length 32 differs from formal bit length 128 for port 'decap_out' [C:/Users/THUAN/Downloads/wrapper/HQC_wrapper.v:140]
WARNING: [VRFC 10-3091] actual bit length 13 differs from formal bit length 8 for port 'decap_out_addr' [C:/Users/THUAN/Downloads/wrapper/HQC_wrapper.v:142]
WARNING: [VRFC 10-3091] actual bit length 32 differs from formal bit length 2 for port 'm_addr' [C:/Users/THUAN/Downloads/wrapper/HQC_wrapper.v:145]
WARNING: [VRFC 10-3091] actual bit length 32 differs from formal bit length 128 for port 'decap_in' [C:/Users/THUAN/Downloads/wrapper/HQC_wrapper.v:146]
WARNING: [VRFC 10-3091] actual bit length 32 differs from formal bit length 1 for port 'start' [C:/Users/THUAN/Downloads/wrapper/hqc_kem_joint_design.v:376]
WARNING: [VRFC 10-3091] actual bit length 32 differs from formal bit length 1 for port 'wren_1' [C:/Users/THUAN/Downloads/wrapper/vect_set_random.v:156]
WARNING: [VRFC 10-3091] actual bit length 7 differs from formal bit length 16 for port 'loc_addr' [C:/Users/THUAN/Downloads/wrapper/keygen.v:376]
WARNING: [VRFC 10-3091] actual bit length 32 differs from formal bit length 8 for port 'weight' [C:/Users/THUAN/Downloads/wrapper/keygen.v:378]
WARNING: [VRFC 10-3091] actual bit length 9 differs from formal bit length 8 for port 'address_0' [C:/Users/THUAN/Downloads/wrapper/poly_mult.v:247]
WARNING: [VRFC 10-3091] actual bit length 9 differs from formal bit length 8 for port 'address_1' [C:/Users/THUAN/Downloads/wrapper/poly_mult.v:248]
WARNING: [VRFC 10-3091] actual bit length 32 differs from formal bit length 24 for port 'data_1' [C:/Users/THUAN/Downloads/wrapper/fixed_weight_ct.v:242]
WARNING: [VRFC 10-3091] actual bit length 32 differs from formal bit length 1 for port 'wren_1' [C:/Users/THUAN/Downloads/wrapper/fixed_weight_ct.v:246]
WARNING: [VRFC 10-3091] actual bit length 32 differs from formal bit length 1 for port 'start' [C:/Users/THUAN/Downloads/wrapper/hqc_kem_joint_design.v:419]
WARNING: [VRFC 10-3091] actual bit length 32 differs from formal bit length 1 for port 'u_v_in_wen' [C:/Users/THUAN/Downloads/wrapper/hqc_kem_joint_design.v:443]
WARNING: [VRFC 10-3091] actual bit length 32 differs from formal bit length 8 for port 'u_v_in_addr' [C:/Users/THUAN/Downloads/wrapper/hqc_kem_joint_design.v:444]
WARNING: [VRFC 10-3091] actual bit length 32 differs from formal bit length 1 for port 'resume_encap' [C:/Users/THUAN/Downloads/wrapper/hqc_kem_joint_design.v:446]
WARNING: [VRFC 10-3091] actual bit length 368 differs from formal bit length 240 for port 'cdw_in' [C:/Users/THUAN/Downloads/wrapper/reed_solomon_encode.v:121]
WARNING: [VRFC 10-3091] actual bit length 32 differs from formal bit length 1 for port 'start' [C:/Users/THUAN/Downloads/wrapper/reed_solomon_encode.v:108]
WARNING: [VRFC 10-3091] actual bit length 32 differs from formal bit length 1 for port 'start' [C:/Users/THUAN/Downloads/wrapper/reed_muller_encode.v:80]
WARNING: [VRFC 10-3091] actual bit length 32 differs from formal bit length 1 for port 'wr_en' [C:/Users/THUAN/Downloads/wrapper/encrypt.v:343]
WARNING: [VRFC 10-3091] actual bit length 7 differs from formal bit length 16 for port 'loc_addr' [C:/Users/THUAN/Downloads/wrapper/encrypt.v:426]
WARNING: [VRFC 10-3091] actual bit length 32 differs from formal bit length 8 for port 'weight' [C:/Users/THUAN/Downloads/wrapper/encrypt.v:428]
WARNING: [VRFC 10-3091] actual bit length 32 differs from formal bit length 1 for port 'add_wr_en' [C:/Users/THUAN/Downloads/wrapper/encrypt.v:443]
WARNING: [VRFC 10-3091] actual bit length 32 differs from formal bit length 1 for port 'start' [C:/Users/THUAN/Downloads/wrapper/hqc_kem_joint_design.v:487]
WARNING: [VRFC 10-3091] actual bit length 32 differs from formal bit length 1 for port 'dout_ready_i' [C:/Users/THUAN/Downloads/wrapper/hqc_rmdecod_top.v:81]
WARNING: [VRFC 10-3091] actual bit length 32 differs from formal bit length 1 for port 'start' [C:/Users/THUAN/Downloads/wrapper/hqc_rsdecod_elp.v:92]
WARNING: [VRFC 10-3091] actual bit length 32 differs from formal bit length 1 for port 'start' [C:/Users/THUAN/Downloads/wrapper/hqc_rsdecod_elp.v:156]
WARNING: [VRFC 10-3091] actual bit length 32 differs from formal bit length 1 for port 'start' [C:/Users/THUAN/Downloads/wrapper/hqc_rsdecod_zpoly.v:101]
WARNING: [VRFC 10-3091] actual bit length 8 differs from formal bit length 32 for port 'dout_o' [C:/Users/THUAN/Downloads/wrapper/add_fft.v:81]
WARNING: [VRFC 10-3091] actual bit length 32 differs from formal bit length 1 for port 'start' [C:/Users/THUAN/Downloads/wrapper/fft_part1.v:143]
WARNING: [VRFC 10-3091] actual bit length 32 differs from formal bit length 1 for port 'start' [C:/Users/THUAN/Downloads/wrapper/fft_leaves_butterfly.v:70]
WARNING: [VRFC 10-3091] actual bit length 32 differs from formal bit length 1 for port 'start' [C:/Users/THUAN/Downloads/wrapper/fft_part2.v:147]
WARNING: [VRFC 10-3091] actual bit length 32 differs from formal bit length 1 for port 'start' [C:/Users/THUAN/Downloads/wrapper/hqc_rsdecod_err_val.v:176]
WARNING: [VRFC 10-3091] actual bit length 32 differs from formal bit length 1 for port 'start' [C:/Users/THUAN/Downloads/wrapper/hqc_rsdecod_err_val.v:187]
WARNING: [VRFC 10-3091] actual bit length 32 differs from formal bit length 2 for port 'encap_out_type' [C:/Users/THUAN/Downloads/wrapper/decap.v:528]
WARNING: [VRFC 10-3091] actual bit length 32 differs from formal bit length 1 for port 'encap_out_en' [C:/Users/THUAN/Downloads/wrapper/decap.v:530]
WARNING: [VRFC 10-3091] actual bit length 40 differs from formal bit length 8 for port 'encap_out_addr' [C:/Users/THUAN/Downloads/wrapper/decap.v:531]
WARNING: [VRFC 10-5021] port 'encap_out_type' is not connected on this instance [C:/Users/THUAN/Downloads/wrapper/HQC_wrapper.v:105]
WARNING: [VRFC 10-5021] port 'shake_force_done_ack' is not connected on this instance [C:/Users/THUAN/Downloads/wrapper/hqc_kem_joint_design.v:414]
WARNING: [VRFC 10-8864] concatenation with an unsized literal will be treated as 32 bits [C:/Users/THUAN/Downloads/wrapper/encap.v:249]
WARNING: [VRFC 10-8864] concatenation with an unsized literal will be treated as 32 bits [C:/Users/THUAN/Downloads/wrapper/encap.v:250]
WARNING: [VRFC 10-8864] concatenation with an unsized literal will be treated as 32 bits [C:/Users/THUAN/Downloads/wrapper/encap.v:546]
WARNING: [VRFC 10-5021] port 'rst' is not connected on this instance [C:/Users/THUAN/Downloads/wrapper/reed_muller_encode.v:77]
WARNING: [VRFC 10-8864] concatenation with an unsized literal will be treated as 32 bits [C:/Users/THUAN/Downloads/wrapper/decap.v:531]
WARNING: [VRFC 10-5021] port 'shake_force_done_ack' is not connected on this instance [C:/Users/THUAN/Downloads/wrapper/decap.v:502]
Completed static elaboration
Starting simulation data flow analysis
WARNING: [XSIM 43-4099] "C:/Users/THUAN/Downloads/wrapper/add_fft.v" Line 15. Module add_fft doesn't have a timescale but at least one module in design has a timescale.
WARNING: [XSIM 43-4099] "C:/Users/THUAN/Downloads/wrapper/add_fft.v" Line 15. Module add_fft doesn't have a timescale but at least one module in design has a timescale.
Completed simulation data flow analysis
Time Resolution for simulation is 1ps
Compiling module xil_defaultlib.mem_dual(WIDTH=128,DEPTH=139)
Compiling module xil_defaultlib.mem_single(WIDTH=32,DEPTH=10)
Compiling module xil_defaultlib.mem_dual(WIDTH=24,DEPTH=264)
Compiling module xil_defaultlib.hqc_barrett_red_default
Compiling module xil_defaultlib.mem_single(WIDTH=15,DEPTH=66)
Compiling module xil_defaultlib.mem_dual(WIDTH=32,DEPTH=553)
Compiling module xil_defaultlib.onegen_ct(E0_DEPTH=553,DEPTH=553...
Compiling module xil_defaultlib.fixed_weight_ct(N=17669,M=15,WEI...
Compiling module xil_defaultlib.vect_set_random(N=17669)
Compiling module xil_defaultlib.poly_mult(MAX_WEIGHT=75,N=17669,...
Compiling module xil_defaultlib.loc_based_adder(WIDTH=128)
Compiling module xil_defaultlib.keygen(N=17669,CT_DESIGN=2'b01)
Compiling module xil_defaultlib.mem_single(WIDTH=32,DEPTH=4)
Compiling module xil_defaultlib.mem_single(WIDTH=32,DEPTH=16)
Compiling module xil_defaultlib.mem_dual(WIDTH=24,DEPTH=450)
Compiling module xil_defaultlib.mem_single(WIDTH=15,DEPTH=75)
Compiling module xil_defaultlib.onegen_ct(E0_DEPTH=553,DEPTH=553...
Compiling module xil_defaultlib.fixed_weight_ct(N=17669,M=15,WEI...
Compiling module xil_defaultlib.gf_mul_default
Compiling module xil_defaultlib.cdw_xor_tmp_default
Compiling module xil_defaultlib.reed_solomon_encode_default
Compiling module xil_defaultlib.rm_encoder
Compiling module xil_defaultlib.mem_single(WIDTH=128,DEPTH=46)
Compiling module xil_defaultlib.reed_muller_encode_default
Compiling module xil_defaultlib.concat_code(parameter_set="hqc12...
Compiling module xil_defaultlib.mem_single(WIDTH=128,DEPTH=139)
Compiling module xil_defaultlib.loc_based_adder(N=17669,WEIGHT=7...
Compiling module xil_defaultlib.xor_based_adder(parameter_set="h...
Compiling module xil_defaultlib.encrypt(parameter_set="hqc128",C...
Compiling module xil_defaultlib.mod34
Compiling module xil_defaultlib.mem_single(WIDTH=32,DEPTH=1143)
Compiling module xil_defaultlib.encap_default
Compiling module xil_defaultlib.v_minus_uy(parameter_set="hqc128...
Compiling module xil_defaultlib.hqc_rmdecod_expnsum_default
Compiling module xil_defaultlib.syncfifo(DW=4,AW=5)
Compiling module xil_defaultlib.hadamard_layer_default
Compiling module xil_defaultlib.syncfifo(DW=5,AW=5)
Compiling module xil_defaultlib.hadamard_layer(NN=4)
Compiling module xil_defaultlib.syncfifo(DW=6,AW=5)
Compiling module xil_defaultlib.hadamard_layer(NN=5)
Compiling module xil_defaultlib.syncfifo(DW=7,AW=5)
Compiling module xil_defaultlib.hadamard_layer(NN=6)
Compiling module xil_defaultlib.syncfifo(DW=8,AW=5)
Compiling module xil_defaultlib.hadamard_layer(NN=7)
Compiling module xil_defaultlib.syncfifo(DW=9,AW=5)
Compiling module xil_defaultlib.hadamard_layer(NN=8)
Compiling module xil_defaultlib.syncfifo(DW=10,AW=5)
Compiling module xil_defaultlib.hadamard_layer(NN=9)
Compiling module xil_defaultlib.hqc_rmdecod_hadamard_default
Compiling module xil_defaultlib.findpeaks_core(DOUT_W=7)
Compiling module xil_defaultlib.hqc_rmdecod_findpeaks_default
Compiling module xil_defaultlib.hqc_rmdecod_ctrl_default
Compiling module xil_defaultlib.hqc_rmdecod_top_default
Compiling module xil_defaultlib.gfmul(REG_IN=0)
Compiling module xil_defaultlib.hqc_rsdecod_syndromes_default
Compiling module xil_defaultlib.gfmul(REG_IN=0,REG_OUT=0)
Compiling module xil_defaultlib.hqc_rsdecod_elp_default
Compiling module xil_defaultlib.hqc_rsdecod_zpoly_default
Compiling module xil_defaultlib.fft_part1(DIN_W=256)
Compiling module xil_defaultlib.fft_leaves_butterfly
Compiling module xil_defaultlib.syncfifo(DW=8,AW=4)
Compiling module xil_defaultlib.fft_part2_round_default
Compiling module xil_defaultlib.fft_part2_round(ROUND=1)
Compiling module xil_defaultlib.syncfifo(DW=8,AW=6)
Compiling module xil_defaultlib.fft_part2_round(ROUND=2)
Compiling module xil_defaultlib.syncfifo(DW=8)
Compiling module xil_defaultlib.fft_part2_round(ROUND=3)
Compiling module xil_defaultlib.fft_part2_default
Compiling module xil_defaultlib.add_fft
Compiling module xil_defaultlib.fft_retrieve_error_poly_default
Compiling module xil_defaultlib.hqc_rsdecod_roots_default
Compiling module xil_defaultlib.hqc_rsdecod_err_val_default
Compiling module xil_defaultlib.hqc_rsdecod_top_default
Compiling module xil_defaultlib.hqc_decod_top_default
Compiling module xil_defaultlib.decrypt_default
Compiling module xil_defaultlib.decap_default
Compiling module xil_defaultlib.control_path
Compiling module xil_defaultlib.rc
Compiling module xil_defaultlib.transform
Compiling module xil_defaultlib.stateram_inference_default
Compiling module xil_defaultlib.stateram_inference(i=1)
Compiling module xil_defaultlib.stateram_inference(i=2)
Compiling module xil_defaultlib.stateram_inference(i=3)
Compiling module xil_defaultlib.stateram_inference(i=4)
Compiling module xil_defaultlib.stateram_inference(i=5)
Compiling module xil_defaultlib.stateram_inference(i=6)
Compiling module xil_defaultlib.stateram_inference(i=7)
Compiling module xil_defaultlib.stateram_inference(i=8)
Compiling module xil_defaultlib.stateram_inference(i=9)
Compiling module xil_defaultlib.stateram_inference(i=10)
Compiling module xil_defaultlib.stateram_inference(i=11)
Compiling module xil_defaultlib.stateram_inference(i=12)
Compiling module xil_defaultlib.stateram_inference(i=13)
Compiling module xil_defaultlib.stateram_inference(i=14)
Compiling module xil_defaultlib.stateram_inference(i=15)
Compiling module xil_defaultlib.stateram_inference(i=16)
Compiling module xil_defaultlib.stateram_inference(i=17)
Compiling module xil_defaultlib.stateram_inference(i=18)
Compiling module xil_defaultlib.stateram_inference(i=19)
Compiling module xil_defaultlib.stateram_inference(i=20)
Compiling module xil_defaultlib.stateram_inference(i=21)
Compiling module xil_defaultlib.stateram_inference(i=22)
Compiling module xil_defaultlib.stateram_inference(i=23)
Compiling module xil_defaultlib.stateram_inference(i=24)
Compiling module xil_defaultlib.state_ram_default
Compiling module xil_defaultlib.data_path_default
Compiling module xil_defaultlib.keccak_top
Compiling module xil_defaultlib.hqc_kem_joint_design_default
Compiling module xil_defaultlib.HQC_wrapper
Compiling module xil_defaultlib.keygen_tb
Compiling module xil_defaultlib.glbl
Built simulation snapshot keygen_tb_behav
run_program: Time (s): cpu = 00:00:03 ; elapsed = 00:00:25 . Memory (MB): peak = 1370.879 ; gain = 0.000
INFO: [USF-XSim-69] 'elaborate' step finished in '25' seconds
INFO: [USF-XSim-4] XSim::Simulate design
INFO: [USF-XSim-61] Executing 'SIMULATE' step in 'D:/University/251/DA/wrapper/wrapper.sim/sim_1/behav/xsim'
INFO: [USF-XSim-98] *** Running xsim
   with args "keygen_tb_behav -key {Behavioral:sim_1:Functional:keygen_tb} -tclbatch {keygen_tb.tcl} -log {simulate.log}"
INFO: [USF-XSim-8] Loading simulator feature
Time resolution is 1 ps
source keygen_tb.tcl
# set curr_wave [current_wave_config]
# if { [string length $curr_wave] == 0 } {
#   if { [llength [get_objects]] > 0} {
#     add_wave /
#     set_property needs_save false [current_wave_config]
#   } else {
#      send_msg_id Add_Wave-1 WARNING "No top level signals found. Simulator will start without a wave window. If you want to open a wave window go to 'File->New Waveform Configuration' or type 'create_wave_config' in the TCL console."
#   }
# }
# run 1000ns
=== STARTING TESTBENCH ===
WARNING: Data truncated while reading Datafile: sk_seed.in, while loading at index: 0
WARNING: Data truncated while reading Datafile: sk_seed.in, while loading at index: 1
WARNING: Data truncated while reading Datafile: sk_seed.in, while loading at index: 2
WARNING: Data truncated while reading Datafile: sk_seed.in, while loading at index: 3
WARNING: Data truncated while reading Datafile: sk_seed.in, while loading at index: 4
WARNING: Data truncated while reading Datafile: sk_seed.in, while loading at index: 5
WARNING: Data truncated while reading Datafile: sk_seed.in, while loading at index: 6
WARNING: Data truncated while reading Datafile: sk_seed.in, while loading at index: 7
WARNING: Data truncated while reading Datafile: sk_seed.in, while loading at index: 8
WARNING: Data truncated while reading Datafile: sk_seed.in, while loading at index: 9
WARNING: Data truncated while reading Datafile: pk_seed.in, while loading at index: 0
WARNING: Data truncated while reading Datafile: pk_seed.in, while loading at index: 1
WARNING: Data truncated while reading Datafile: pk_seed.in, while loading at index: 2
WARNING: Data truncated while reading Datafile: pk_seed.in, while loading at index: 3
WARNING: Data truncated while reading Datafile: pk_seed.in, while loading at index: 4
WARNING: Data truncated while reading Datafile: pk_seed.in, while loading at index: 5
WARNING: Data truncated while reading Datafile: pk_seed.in, while loading at index: 6
WARNING: Data truncated while reading Datafile: pk_seed.in, while loading at index: 7
WARNING: Data truncated while reading Datafile: pk_seed.in, while loading at index: 8
WARNING: Data truncated while reading Datafile: pk_seed.in, while loading at index: 9
--- [TB] Resetting ---
--- [TB] Loading SK & PK Seeds ---
--- [TB] Triggering Start ---
--- [TB] Waiting for Done... ---
--- [TB] CORE DONE DETECTED! ---
--- [TB] Reading Public Key (S) ---
Addr 0: xxxxxxxxxxxxxxxxxxxxxxxxxxxxxxxx
Addr 1: xxxxxxxxxxxxxxxxxxxxxxxxxxxxxxxx
Addr 2: xxxxxxxxxxxxxxxxxxxxxxxxxxxxxxxx
xsim: Time (s): cpu = 00:00:07 ; elapsed = 00:00:06 . Memory (MB): peak = 1405.805 ; gain = 34.926
INFO: [USF-XSim-96] XSim completed. Design snapshot 'keygen_tb_behav' loaded.
INFO: [USF-XSim-97] XSim simulation ran for 1000ns
launch_simulation: Time (s): cpu = 00:00:11 ; elapsed = 00:00:39 . Memory (MB): peak = 1405.805 ; gain = 34.926
run all
Addr 3: xxxxxxxxxxxxxxxxxxxxxxxxxxxxxxxx
Addr 4: xxxxxxxxxxxxxxxxxxxxxxxxxxxxxxxx
=== TEST FINISHED ===
$finish called at time : 1060 ns : File "C:/Users/THUAN/Downloads/wrapper/keygen_tb.v" Line 157
close_sim
INFO: [Simtcl 6-16] Simulation closed
launch_simulation
Command: launch_simulation 
INFO: [Vivado 12-12493] Simulation top is 'keygen_tb'
WARNING: [Vivado 12-13340] Unable to auto find GCC executables from simulator install path! (path not set)
WARNING: [Vivado 12-13277] Compiled library path does not exist: ''
INFO: [Vivado 12-5682] Launching behavioral simulation in 'D:/University/251/DA/wrapper/wrapper.sim/sim_1/behav/xsim'
INFO: [SIM-utils-51] Simulation object is 'sim_1'
INFO: [SIM-utils-72] Using boost library from 'D:/Apps/Xilinx/Vivado/2022.2/tps/boost_1_72_0'
INFO: [SIM-utils-54] Inspecting design source files for 'keygen_tb' in fileset 'sim_1'...
INFO: [SIM-utils-43] Exported 'D:/University/251/DA/wrapper/wrapper.sim/sim_1/behav/xsim/barrett_hqc_128.mem'
INFO: [SIM-utils-43] Exported 'D:/University/251/DA/wrapper/wrapper.sim/sim_1/behav/xsim/barrett_hqc_192.mem'
INFO: [SIM-utils-43] Exported 'D:/University/251/DA/wrapper/wrapper.sim/sim_1/behav/xsim/barrett_hqc_256.mem'
INFO: [USF-XSim-97] Finding global include files...
INFO: [USF-XSim-98] Fetching design files from 'sim_1'...
INFO: [USF-XSim-2] XSim::Compile design
INFO: [USF-XSim-61] Executing 'COMPILE and ANALYZE' step in 'D:/University/251/DA/wrapper/wrapper.sim/sim_1/behav/xsim'
"xvlog --incr --relax -prj keygen_tb_vlog.prj"
INFO: [VRFC 10-2263] Analyzing Verilog file "C:/Users/THUAN/Downloads/wrapper/HQC_wrapper.v" into library xil_defaultlib
INFO: [VRFC 10-311] analyzing module HQC_wrapper
INFO: [VRFC 10-2263] Analyzing Verilog file "C:/Users/THUAN/Downloads/wrapper/add_fft.v" into library xil_defaultlib
INFO: [VRFC 10-311] analyzing module add_fft
INFO: [VRFC 10-2263] Analyzing Verilog file "C:/Users/THUAN/Downloads/wrapper/barrett_red_gen.v" into library xil_defaultlib
INFO: [VRFC 10-311] analyzing module barrett_red_gen
INFO: [VRFC 10-2263] Analyzing Verilog file "C:/Users/THUAN/Downloads/wrapper/cdw_xor_tmp.v" into library xil_defaultlib
INFO: [VRFC 10-311] analyzing module cdw_xor_tmp
INFO: [VRFC 10-2263] Analyzing Verilog file "C:/Users/THUAN/Downloads/wrapper/concat_code.v" into library xil_defaultlib
INFO: [VRFC 10-311] analyzing module concat_code
INFO: [VRFC 10-2263] Analyzing Verilog file "C:/Users/THUAN/Downloads/wrapper/control_path.v" into library xil_defaultlib
INFO: [VRFC 10-311] analyzing module control_path
INFO: [VRFC 10-2263] Analyzing Verilog file "C:/Users/THUAN/Downloads/wrapper/data_path.v" into library xil_defaultlib
INFO: [VRFC 10-311] analyzing module data_path
INFO: [VRFC 10-2263] Analyzing Verilog file "C:/Users/THUAN/Downloads/wrapper/decap.v" into library xil_defaultlib
INFO: [VRFC 10-311] analyzing module decap
WARNING: [VRFC 10-2938] 'start_decrypt' is already implicitly declared on line 358 [C:/Users/THUAN/Downloads/wrapper/decap.v:864]
WARNING: [VRFC 10-2938] 'done_decrypt' is already implicitly declared on line 360 [C:/Users/THUAN/Downloads/wrapper/decap.v:865]
WARNING: [VRFC 10-2938] 'start_encap' is already implicitly declared on line 507 [C:/Users/THUAN/Downloads/wrapper/decap.v:866]
WARNING: [VRFC 10-2938] 'done_encrypt' is already implicitly declared on line 538 [C:/Users/THUAN/Downloads/wrapper/decap.v:867]
WARNING: [VRFC 10-3380] identifier 'dec_uv' is used before its declaration [C:/Users/THUAN/Downloads/wrapper/decap.v:334]
WARNING: [VRFC 10-3380] identifier 'uv_addr_1_dec' is used before its declaration [C:/Users/THUAN/Downloads/wrapper/decap.v:335]
WARNING: [VRFC 10-3380] identifier 'dec_uv' is used before its declaration [C:/Users/THUAN/Downloads/wrapper/decap.v:337]
WARNING: [VRFC 10-3380] identifier 'uv_addr_1_dec' is used before its declaration [C:/Users/THUAN/Downloads/wrapper/decap.v:338]
WARNING: [VRFC 10-3380] identifier 'verify_u_reg' is used before its declaration [C:/Users/THUAN/Downloads/wrapper/decap.v:397]
WARNING: [VRFC 10-3380] identifier 'verify_v' is used before its declaration [C:/Users/THUAN/Downloads/wrapper/decap.v:411]
WARNING: [VRFC 10-3380] identifier 'verify_d' is used before its declaration [C:/Users/THUAN/Downloads/wrapper/decap.v:424]
INFO: [VRFC 10-2263] Analyzing Verilog file "C:/Users/THUAN/Downloads/wrapper/decrypt.v" into library xil_defaultlib
INFO: [VRFC 10-311] analyzing module decrypt
WARNING: [VRFC 10-2938] 'ram_din_rd_o' is already implicitly declared on line 168 [C:/Users/THUAN/Downloads/wrapper/decrypt.v:191]
WARNING: [VRFC 10-2938] 'ram_din_i' is already implicitly declared on line 170 [C:/Users/THUAN/Downloads/wrapper/decrypt.v:192]
WARNING: [VRFC 10-2938] 'ram_din_addr_o' is already implicitly declared on line 169 [C:/Users/THUAN/Downloads/wrapper/decrypt.v:193]
WARNING: [VRFC 10-2938] 'done_u_minus_vy' is already implicitly declared on line 157 [C:/Users/THUAN/Downloads/wrapper/decrypt.v:194]
INFO: [VRFC 10-2263] Analyzing Verilog file "C:/Users/THUAN/Downloads/wrapper/encap.v" into library xil_defaultlib
INFO: [VRFC 10-311] analyzing module encap
WARNING: [VRFC 10-2938] 'count_hash_inputs' is already implicitly declared on line 539 [C:/Users/THUAN/Downloads/wrapper/encap.v:557]
WARNING: [VRFC 10-3380] identifier 'd_out' is used before its declaration [C:/Users/THUAN/Downloads/wrapper/encap.v:250]
WARNING: [VRFC 10-8864] concatenation with an unsized literal will be treated as 32 bits [C:/Users/THUAN/Downloads/wrapper/encap.v:249]
WARNING: [VRFC 10-8864] concatenation with an unsized literal will be treated as 32 bits [C:/Users/THUAN/Downloads/wrapper/encap.v:250]
WARNING: [VRFC 10-3380] identifier 'sel_uv' is used before its declaration [C:/Users/THUAN/Downloads/wrapper/encap.v:328]
WARNING: [VRFC 10-3380] identifier 'u_v_reg' is used before its declaration [C:/Users/THUAN/Downloads/wrapper/encap.v:506]
WARNING: [VRFC 10-3380] identifier 'u_v_reg' is used before its declaration [C:/Users/THUAN/Downloads/wrapper/encap.v:507]
WARNING: [VRFC 10-3380] identifier 'last_block_capture' is used before its declaration [C:/Users/THUAN/Downloads/wrapper/encap.v:515]
WARNING: [VRFC 10-3380] identifier 'block_capture' is used before its declaration [C:/Users/THUAN/Downloads/wrapper/encap.v:518]
WARNING: [VRFC 10-3380] identifier 'count_hash_inputs_test' is used before its declaration [C:/Users/THUAN/Downloads/wrapper/encap.v:527]
WARNING: [VRFC 10-3380] identifier 'count_hash_inputs_test' is used before its declaration [C:/Users/THUAN/Downloads/wrapper/encap.v:530]
WARNING: [VRFC 10-8864] concatenation with an unsized literal will be treated as 32 bits [C:/Users/THUAN/Downloads/wrapper/encap.v:546]
WARNING: [VRFC 10-3380] identifier 'total_shake_input_count' is used before its declaration [C:/Users/THUAN/Downloads/wrapper/encap.v:597]
WARNING: [VRFC 10-3380] identifier 'total_shake_input_count' is used before its declaration [C:/Users/THUAN/Downloads/wrapper/encap.v:626]
WARNING: [VRFC 10-3380] identifier 'total_shake_input_count' is used before its declaration [C:/Users/THUAN/Downloads/wrapper/encap.v:847]
WARNING: [VRFC 10-3380] identifier 'start_hash' is used before its declaration [C:/Users/THUAN/Downloads/wrapper/encap.v:1102]
WARNING: [VRFC 10-3380] identifier 'start_hash' is used before its declaration [C:/Users/THUAN/Downloads/wrapper/encap.v:1118]
WARNING: [VRFC 10-3380] identifier 'start_hash' is used before its declaration [C:/Users/THUAN/Downloads/wrapper/encap.v:1133]
WARNING: [VRFC 10-3380] identifier 'start_hash' is used before its declaration [C:/Users/THUAN/Downloads/wrapper/encap.v:1173]
WARNING: [VRFC 10-3380] identifier 'start_hash' is used before its declaration [C:/Users/THUAN/Downloads/wrapper/encap.v:1186]
WARNING: [VRFC 10-3380] identifier 'start_hash' is used before its declaration [C:/Users/THUAN/Downloads/wrapper/encap.v:1213]
WARNING: [VRFC 10-3380] identifier 'start_hash' is used before its declaration [C:/Users/THUAN/Downloads/wrapper/encap.v:1223]
WARNING: [VRFC 10-3380] identifier 'start_hash' is used before its declaration [C:/Users/THUAN/Downloads/wrapper/encap.v:1240]
WARNING: [VRFC 10-3380] identifier 'start_hash' is used before its declaration [C:/Users/THUAN/Downloads/wrapper/encap.v:1252]
WARNING: [VRFC 10-3380] identifier 'start_hash' is used before its declaration [C:/Users/THUAN/Downloads/wrapper/encap.v:1264]
WARNING: [VRFC 10-3380] identifier 'start_hash' is used before its declaration [C:/Users/THUAN/Downloads/wrapper/encap.v:1281]
WARNING: [VRFC 10-3380] identifier 'start_hash' is used before its declaration [C:/Users/THUAN/Downloads/wrapper/encap.v:1310]
WARNING: [VRFC 10-3380] identifier 'start_hash' is used before its declaration [C:/Users/THUAN/Downloads/wrapper/encap.v:1333]
WARNING: [VRFC 10-3380] identifier 'start_hash' is used before its declaration [C:/Users/THUAN/Downloads/wrapper/encap.v:1353]
WARNING: [VRFC 10-3380] identifier 'start_hash' is used before its declaration [C:/Users/THUAN/Downloads/wrapper/encap.v:1400]
WARNING: [VRFC 10-3380] identifier 'start_hash' is used before its declaration [C:/Users/THUAN/Downloads/wrapper/encap.v:1422]
WARNING: [VRFC 10-3380] identifier 'start_hash' is used before its declaration [C:/Users/THUAN/Downloads/wrapper/encap.v:1444]
WARNING: [VRFC 10-3380] identifier 'start_hash' is used before its declaration [C:/Users/THUAN/Downloads/wrapper/encap.v:1471]
WARNING: [VRFC 10-3380] identifier 'start_hash' is used before its declaration [C:/Users/THUAN/Downloads/wrapper/encap.v:1476]
WARNING: [VRFC 10-3380] identifier 'start_hash' is used before its declaration [C:/Users/THUAN/Downloads/wrapper/encap.v:1487]
WARNING: [VRFC 10-3380] identifier 'start_hash' is used before its declaration [C:/Users/THUAN/Downloads/wrapper/encap.v:1503]
WARNING: [VRFC 10-3380] identifier 'start_hash' is used before its declaration [C:/Users/THUAN/Downloads/wrapper/encap.v:1513]
INFO: [VRFC 10-2263] Analyzing Verilog file "C:/Users/THUAN/Downloads/wrapper/encrypt.v" into library xil_defaultlib
INFO: [VRFC 10-311] analyzing module encrypt
WARNING: [VRFC 10-2938] 'r1_internal' is already implicitly declared on line 325 [C:/Users/THUAN/Downloads/wrapper/encrypt.v:352]
WARNING: [VRFC 10-2938] 'r2_internal' is already implicitly declared on line 334 [C:/Users/THUAN/Downloads/wrapper/encrypt.v:353]
WARNING: [VRFC 10-2938] 'loc_addr' is already implicitly declared on line 332 [C:/Users/THUAN/Downloads/wrapper/encrypt.v:355]
WARNING: [VRFC 10-2938] 'pm_out' is already implicitly declared on line 341 [C:/Users/THUAN/Downloads/wrapper/encrypt.v:356]
WARNING: [VRFC 10-3248] data object 'pm_out' is already declared [C:/Users/THUAN/Downloads/wrapper/encrypt.v:447]
WARNING: [VRFC 10-9364] second declaration of 'pm_out' is ignored [C:/Users/THUAN/Downloads/wrapper/encrypt.v:447]
WARNING: [VRFC 10-2938] 'pm_rd_addr' is already implicitly declared on line 437 [C:/Users/THUAN/Downloads/wrapper/encrypt.v:448]
WARNING: [VRFC 10-2938] 'pm_rd_en' is already implicitly declared on line 438 [C:/Users/THUAN/Downloads/wrapper/encrypt.v:449]
WARNING: [VRFC 10-2938] 'add_out' is already implicitly declared on line 441 [C:/Users/THUAN/Downloads/wrapper/encrypt.v:451]
WARNING: [VRFC 10-2938] 'add_out_addr' is already implicitly declared on line 442 [C:/Users/THUAN/Downloads/wrapper/encrypt.v:452]
WARNING: [VRFC 10-2938] 'add_out_valid' is already implicitly declared on line 443 [C:/Users/THUAN/Downloads/wrapper/encrypt.v:453]
WARNING: [VRFC 10-2938] 'xor_add_en' is already implicitly declared on line 313 [C:/Users/THUAN/Downloads/wrapper/encrypt.v:487]
WARNING: [VRFC 10-2938] 'xor_add_addr' is already implicitly declared on line 437 [C:/Users/THUAN/Downloads/wrapper/encrypt.v:488]
WARNING: [VRFC 10-2938] 'xor_add_out' is already implicitly declared on line 441 [C:/Users/THUAN/Downloads/wrapper/encrypt.v:490]
WARNING: [VRFC 10-2938] 'xor_add_out_addr' is already implicitly declared on line 442 [C:/Users/THUAN/Downloads/wrapper/encrypt.v:491]
WARNING: [VRFC 10-2938] 'xor_add_out_valid' is already implicitly declared on line 443 [C:/Users/THUAN/Downloads/wrapper/encrypt.v:492]
WARNING: [VRFC 10-2938] 'en_r1' is already implicitly declared on line 324 [C:/Users/THUAN/Downloads/wrapper/encrypt.v:528]
WARNING: [VRFC 10-2938] 'en_r2' is already implicitly declared on line 333 [C:/Users/THUAN/Downloads/wrapper/encrypt.v:529]
WARNING: [VRFC 10-2096] empty statement in sequential block [C:/Users/THUAN/Downloads/wrapper/encrypt.v:557]
WARNING: [VRFC 10-2938] 'wen_fw' is already implicitly declared on line 324 [C:/Users/THUAN/Downloads/wrapper/encrypt.v:687]
WARNING: [VRFC 10-3248] data object 'sel_fw' is already declared [C:/Users/THUAN/Downloads/wrapper/encrypt.v:687]
WARNING: [VRFC 10-9364] second declaration of 'sel_fw' is ignored [C:/Users/THUAN/Downloads/wrapper/encrypt.v:687]
WARNING: [VRFC 10-2938] 'fw_addr_reg' is already implicitly declared on line 323 [C:/Users/THUAN/Downloads/wrapper/encrypt.v:694]
WARNING: [VRFC 10-2938] 'u_cpy_addr' is already implicitly declared on line 437 [C:/Users/THUAN/Downloads/wrapper/encrypt.v:793]
WARNING: [VRFC 10-2938] 'wen_u' is already implicitly declared on line 343 [C:/Users/THUAN/Downloads/wrapper/encrypt.v:794]
WARNING: [VRFC 10-2938] 'copy_u' is already implicitly declared on line 437 [C:/Users/THUAN/Downloads/wrapper/encrypt.v:795]
WARNING: [VRFC 10-2938] 'sel_r1_hr2' is already implicitly declared on line 470 [C:/Users/THUAN/Downloads/wrapper/encrypt.v:796]
WARNING: [VRFC 10-3380] identifier 'rd_fw' is used before its declaration [C:/Users/THUAN/Downloads/wrapper/encrypt.v:180]
WARNING: [VRFC 10-3380] identifier 'fw_addr' is used before its declaration [C:/Users/THUAN/Downloads/wrapper/encrypt.v:182]
WARNING: [VRFC 10-3380] identifier 'sel_e' is used before its declaration [C:/Users/THUAN/Downloads/wrapper/encrypt.v:183]
WARNING: [VRFC 10-3380] identifier 'pm_out' is used before its declaration [C:/Users/THUAN/Downloads/wrapper/encrypt.v:298]
WARNING: [VRFC 10-3380] identifier 'r2_done' is used before its declaration [C:/Users/THUAN/Downloads/wrapper/encrypt.v:543]
WARNING: [VRFC 10-3380] identifier 'start_fw_transfer' is used before its declaration [C:/Users/THUAN/Downloads/wrapper/encrypt.v:549]
WARNING: [VRFC 10-3380] identifier 'r2_done' is used before its declaration [C:/Users/THUAN/Downloads/wrapper/encrypt.v:560]
WARNING: [VRFC 10-3380] identifier 'start_fw_transfer' is used before its declaration [C:/Users/THUAN/Downloads/wrapper/encrypt.v:565]
WARNING: [VRFC 10-3380] identifier 'r2_done' is used before its declaration [C:/Users/THUAN/Downloads/wrapper/encrypt.v:579]
WARNING: [VRFC 10-3380] identifier 'start_fw_transfer' is used before its declaration [C:/Users/THUAN/Downloads/wrapper/encrypt.v:584]
WARNING: [VRFC 10-3380] identifier 'start_fw_transfer' is used before its declaration [C:/Users/THUAN/Downloads/wrapper/encrypt.v:597]
WARNING: [VRFC 10-3380] identifier 'start_fw_transfer' is used before its declaration [C:/Users/THUAN/Downloads/wrapper/encrypt.v:605]
WARNING: [VRFC 10-3380] identifier 'done_fw_transfer' is used before its declaration [C:/Users/THUAN/Downloads/wrapper/encrypt.v:606]
WARNING: [VRFC 10-3380] identifier 'r2_done' is used before its declaration [C:/Users/THUAN/Downloads/wrapper/encrypt.v:614]
WARNING: [VRFC 10-3380] identifier 'done_fw_transfer' is used before its declaration [C:/Users/THUAN/Downloads/wrapper/encrypt.v:616]
WARNING: [VRFC 10-3380] identifier 'start_fw_transfer' is used before its declaration [C:/Users/THUAN/Downloads/wrapper/encrypt.v:622]
WARNING: [VRFC 10-3380] identifier 'start_fw_transfer' is used before its declaration [C:/Users/THUAN/Downloads/wrapper/encrypt.v:635]
WARNING: [VRFC 10-3380] identifier 'start_fw_transfer' is used before its declaration [C:/Users/THUAN/Downloads/wrapper/encrypt.v:643]
WARNING: [VRFC 10-3380] identifier 'done_fw_transfer' is used before its declaration [C:/Users/THUAN/Downloads/wrapper/encrypt.v:644]
WARNING: [VRFC 10-3380] identifier 'r2_done' is used before its declaration [C:/Users/THUAN/Downloads/wrapper/encrypt.v:648]
WARNING: [VRFC 10-3380] identifier 'done_fw_transfer' is used before its declaration [C:/Users/THUAN/Downloads/wrapper/encrypt.v:655]
WARNING: [VRFC 10-3380] identifier 'r2_done' is used before its declaration [C:/Users/THUAN/Downloads/wrapper/encrypt.v:657]
WARNING: [VRFC 10-3380] identifier 'r2_done' is used before its declaration [C:/Users/THUAN/Downloads/wrapper/encrypt.v:660]
WARNING: [VRFC 10-3380] identifier 'r2_done' is used before its declaration [C:/Users/THUAN/Downloads/wrapper/encrypt.v:678]
INFO: [VRFC 10-2263] Analyzing Verilog file "C:/Users/THUAN/Downloads/wrapper/encrypt_parallel.v" into library xil_defaultlib
INFO: [VRFC 10-311] analyzing module encrypt_parallel
WARNING: [VRFC 10-2938] 'r1_internal' is already implicitly declared on line 362 [C:/Users/THUAN/Downloads/wrapper/encrypt_parallel.v:406]
WARNING: [VRFC 10-2938] 'r2_internal_hr2' is already implicitly declared on line 384 [C:/Users/THUAN/Downloads/wrapper/encrypt_parallel.v:408]
WARNING: [VRFC 10-2938] 'r2_internal_sr2' is already implicitly declared on line 385 [C:/Users/THUAN/Downloads/wrapper/encrypt_parallel.v:409]
WARNING: [VRFC 10-2938] 'loc_addr_hr2' is already implicitly declared on line 380 [C:/Users/THUAN/Downloads/wrapper/encrypt_parallel.v:411]
WARNING: [VRFC 10-2938] 'loc_addr_sr2' is already implicitly declared on line 381 [C:/Users/THUAN/Downloads/wrapper/encrypt_parallel.v:412]
WARNING: [VRFC 10-3248] data object 'pm_out' is already declared [C:/Users/THUAN/Downloads/wrapper/encrypt_parallel.v:549]
WARNING: [VRFC 10-9364] second declaration of 'pm_out' is ignored [C:/Users/THUAN/Downloads/wrapper/encrypt_parallel.v:549]
WARNING: [VRFC 10-2938] 'pm_rd_addr' is already implicitly declared on line 500 [C:/Users/THUAN/Downloads/wrapper/encrypt_parallel.v:550]
WARNING: [VRFC 10-2938] 'pm_rd_en' is already implicitly declared on line 501 [C:/Users/THUAN/Downloads/wrapper/encrypt_parallel.v:551]
WARNING: [VRFC 10-2938] 'add_out' is already implicitly declared on line 504 [C:/Users/THUAN/Downloads/wrapper/encrypt_parallel.v:553]
WARNING: [VRFC 10-2938] 'add_out_addr' is already implicitly declared on line 505 [C:/Users/THUAN/Downloads/wrapper/encrypt_parallel.v:554]
WARNING: [VRFC 10-2938] 'add_out_valid' is already implicitly declared on line 506 [C:/Users/THUAN/Downloads/wrapper/encrypt_parallel.v:555]
WARNING: [VRFC 10-2938] 'xor_add_en' is already implicitly declared on line 350 [C:/Users/THUAN/Downloads/wrapper/encrypt_parallel.v:613]
WARNING: [VRFC 10-2938] 'xor_add_addr' is already implicitly declared on line 539 [C:/Users/THUAN/Downloads/wrapper/encrypt_parallel.v:614]
WARNING: [VRFC 10-2938] 'xor_add_out' is already implicitly declared on line 543 [C:/Users/THUAN/Downloads/wrapper/encrypt_parallel.v:616]
WARNING: [VRFC 10-2938] 'xor_add_out_addr' is already implicitly declared on line 544 [C:/Users/THUAN/Downloads/wrapper/encrypt_parallel.v:617]
WARNING: [VRFC 10-2938] 'xor_add_out_valid' is already implicitly declared on line 545 [C:/Users/THUAN/Downloads/wrapper/encrypt_parallel.v:618]
WARNING: [VRFC 10-2938] 'en_r1' is already implicitly declared on line 361 [C:/Users/THUAN/Downloads/wrapper/encrypt_parallel.v:654]
WARNING: [VRFC 10-2938] 'en_r2' is already implicitly declared on line 382 [C:/Users/THUAN/Downloads/wrapper/encrypt_parallel.v:655]
WARNING: [VRFC 10-2096] empty statement in sequential block [C:/Users/THUAN/Downloads/wrapper/encrypt_parallel.v:673]
WARNING: [VRFC 10-2938] 'wen_fw' is already implicitly declared on line 361 [C:/Users/THUAN/Downloads/wrapper/encrypt_parallel.v:856]
WARNING: [VRFC 10-3248] data object 'sel_fw' is already declared [C:/Users/THUAN/Downloads/wrapper/encrypt_parallel.v:856]
WARNING: [VRFC 10-9364] second declaration of 'sel_fw' is ignored [C:/Users/THUAN/Downloads/wrapper/encrypt_parallel.v:856]
WARNING: [VRFC 10-2938] 'fw_addr_reg' is already implicitly declared on line 360 [C:/Users/THUAN/Downloads/wrapper/encrypt_parallel.v:863]
WARNING: [VRFC 10-3380] identifier 'rd_fw' is used before its declaration [C:/Users/THUAN/Downloads/wrapper/encrypt_parallel.v:209]
WARNING: [VRFC 10-3380] identifier 'fw_addr' is used before its declaration [C:/Users/THUAN/Downloads/wrapper/encrypt_parallel.v:211]
WARNING: [VRFC 10-3380] identifier 'sel_e' is used before its declaration [C:/Users/THUAN/Downloads/wrapper/encrypt_parallel.v:212]
WARNING: [VRFC 10-3380] identifier 'pm_out_sr2' is used before its declaration [C:/Users/THUAN/Downloads/wrapper/encrypt_parallel.v:335]
WARNING: [VRFC 10-3380] identifier 'r2_done' is used before its declaration [C:/Users/THUAN/Downloads/wrapper/encrypt_parallel.v:668]
WARNING: [VRFC 10-3380] identifier 'r2_done' is used before its declaration [C:/Users/THUAN/Downloads/wrapper/encrypt_parallel.v:676]
WARNING: [VRFC 10-3380] identifier 'r2_done' is used before its declaration [C:/Users/THUAN/Downloads/wrapper/encrypt_parallel.v:688]
WARNING: [VRFC 10-3380] identifier 'done_fw_transfer' is used before its declaration [C:/Users/THUAN/Downloads/wrapper/encrypt_parallel.v:710]
WARNING: [VRFC 10-3380] identifier 'r2_done' is used before its declaration [C:/Users/THUAN/Downloads/wrapper/encrypt_parallel.v:718]
WARNING: [VRFC 10-3380] identifier 'done_fw_transfer' is used before its declaration [C:/Users/THUAN/Downloads/wrapper/encrypt_parallel.v:720]
WARNING: [VRFC 10-3380] identifier 'done_fw_transfer' is used before its declaration [C:/Users/THUAN/Downloads/wrapper/encrypt_parallel.v:744]
WARNING: [VRFC 10-3380] identifier 'r2_done' is used before its declaration [C:/Users/THUAN/Downloads/wrapper/encrypt_parallel.v:748]
WARNING: [VRFC 10-3380] identifier 'done_fw_transfer' is used before its declaration [C:/Users/THUAN/Downloads/wrapper/encrypt_parallel.v:755]
WARNING: [VRFC 10-3380] identifier 'r2_done' is used before its declaration [C:/Users/THUAN/Downloads/wrapper/encrypt_parallel.v:757]
WARNING: [VRFC 10-3380] identifier 'r2_done' is used before its declaration [C:/Users/THUAN/Downloads/wrapper/encrypt_parallel.v:760]
WARNING: [VRFC 10-3380] identifier 'r2_done' is used before its declaration [C:/Users/THUAN/Downloads/wrapper/encrypt_parallel.v:777]
WARNING: [VRFC 10-3380] identifier 'start_fw_transfer' is used before its declaration [C:/Users/THUAN/Downloads/wrapper/encrypt_parallel.v:789]
WARNING: [VRFC 10-3380] identifier 'start_fw_transfer' is used before its declaration [C:/Users/THUAN/Downloads/wrapper/encrypt_parallel.v:805]
WARNING: [VRFC 10-3380] identifier 'start_fw_transfer' is used before its declaration [C:/Users/THUAN/Downloads/wrapper/encrypt_parallel.v:808]
WARNING: [VRFC 10-3380] identifier 'start_fw_transfer' is used before its declaration [C:/Users/THUAN/Downloads/wrapper/encrypt_parallel.v:814]
WARNING: [VRFC 10-3380] identifier 'start_fw_transfer' is used before its declaration [C:/Users/THUAN/Downloads/wrapper/encrypt_parallel.v:822]
WARNING: [VRFC 10-3380] identifier 'start_fw_transfer' is used before its declaration [C:/Users/THUAN/Downloads/wrapper/encrypt_parallel.v:825]
WARNING: [VRFC 10-3380] identifier 'start_fw_transfer' is used before its declaration [C:/Users/THUAN/Downloads/wrapper/encrypt_parallel.v:831]
WARNING: [VRFC 10-3380] identifier 'start_fw_transfer' is used before its declaration [C:/Users/THUAN/Downloads/wrapper/encrypt_parallel.v:838]
WARNING: [VRFC 10-3380] identifier 'start_fw_transfer' is used before its declaration [C:/Users/THUAN/Downloads/wrapper/encrypt_parallel.v:848]
INFO: [VRFC 10-2263] Analyzing Verilog file "C:/Users/THUAN/Downloads/wrapper/fft_leaves_butterfly.v" into library xil_defaultlib
INFO: [VRFC 10-311] analyzing module fft_leaves_butterfly
INFO: [VRFC 10-2263] Analyzing Verilog file "C:/Users/THUAN/Downloads/wrapper/fft_part1.v" into library xil_defaultlib
INFO: [VRFC 10-311] analyzing module fft_part1
WARNING: [VRFC 10-3380] identifier 'gf_out_d3' is used before its declaration [C:/Users/THUAN/Downloads/wrapper/fft_part1.v:61]
INFO: [VRFC 10-2263] Analyzing Verilog file "C:/Users/THUAN/Downloads/wrapper/fft_part2.v" into library xil_defaultlib
INFO: [VRFC 10-311] analyzing module fft_part2
INFO: [VRFC 10-311] analyzing module fft_part2_round
INFO: [VRFC 10-2263] Analyzing Verilog file "C:/Users/THUAN/Downloads/wrapper/fft_retrieve_error_poly.v" into library xil_defaultlib
INFO: [VRFC 10-311] analyzing module fft_retrieve_error_poly
INFO: [VRFC 10-2263] Analyzing Verilog file "C:/Users/THUAN/Downloads/wrapper/fixed_weight.v" into library xil_defaultlib
INFO: [VRFC 10-311] analyzing module fixed_weight
WARNING: [VRFC 10-9336] redeclaration of ANSI port 'din_shake' is not allowed [C:/Users/THUAN/Downloads/wrapper/fixed_weight.v:161]
WARNING: [VRFC 10-3380] identifier 'sel_ctx' is used before its declaration [C:/Users/THUAN/Downloads/wrapper/fixed_weight.v:233]
WARNING: [VRFC 10-3380] identifier 'sel_ctx' is used before its declaration [C:/Users/THUAN/Downloads/wrapper/fixed_weight.v:234]
WARNING: [VRFC 10-3380] identifier 'sel_ctx' is used before its declaration [C:/Users/THUAN/Downloads/wrapper/fixed_weight.v:235]
WARNING: [VRFC 10-3380] identifier 'start_red' is used before its declaration [C:/Users/THUAN/Downloads/wrapper/fixed_weight.v:506]
WARNING: [VRFC 10-3380] identifier 'start_red' is used before its declaration [C:/Users/THUAN/Downloads/wrapper/fixed_weight.v:518]
WARNING: [VRFC 10-3380] identifier 'start_red' is used before its declaration [C:/Users/THUAN/Downloads/wrapper/fixed_weight.v:529]
WARNING: [VRFC 10-3380] identifier 'start_red' is used before its declaration [C:/Users/THUAN/Downloads/wrapper/fixed_weight.v:540]
WARNING: [VRFC 10-3380] identifier 'start_red' is used before its declaration [C:/Users/THUAN/Downloads/wrapper/fixed_weight.v:546]
WARNING: [VRFC 10-3380] identifier 'start_red' is used before its declaration [C:/Users/THUAN/Downloads/wrapper/fixed_weight.v:552]
INFO: [VRFC 10-2263] Analyzing Verilog file "C:/Users/THUAN/Downloads/wrapper/fixed_weight_ct.v" into library xil_defaultlib
INFO: [VRFC 10-311] analyzing module fixed_weight_ct
WARNING: [VRFC 10-9336] redeclaration of ANSI port 'din_shake' is not allowed [C:/Users/THUAN/Downloads/wrapper/fixed_weight_ct.v:153]
WARNING: [VRFC 10-3380] identifier 'sel_ctx' is used before its declaration [C:/Users/THUAN/Downloads/wrapper/fixed_weight_ct.v:222]
WARNING: [VRFC 10-3380] identifier 'sel_ctx' is used before its declaration [C:/Users/THUAN/Downloads/wrapper/fixed_weight_ct.v:223]
WARNING: [VRFC 10-3380] identifier 'sel_ctx' is used before its declaration [C:/Users/THUAN/Downloads/wrapper/fixed_weight_ct.v:224]
WARNING: [VRFC 10-3380] identifier 'start_red' is used before its declaration [C:/Users/THUAN/Downloads/wrapper/fixed_weight_ct.v:462]
WARNING: [VRFC 10-3380] identifier 'start_red' is used before its declaration [C:/Users/THUAN/Downloads/wrapper/fixed_weight_ct.v:475]
WARNING: [VRFC 10-3380] identifier 'start_red' is used before its declaration [C:/Users/THUAN/Downloads/wrapper/fixed_weight_ct.v:493]
WARNING: [VRFC 10-3380] identifier 'start_red' is used before its declaration [C:/Users/THUAN/Downloads/wrapper/fixed_weight_ct.v:512]
WARNING: [VRFC 10-3380] identifier 'start_red' is used before its declaration [C:/Users/THUAN/Downloads/wrapper/fixed_weight_ct.v:519]
WARNING: [VRFC 10-3380] identifier 'start_red' is used before its declaration [C:/Users/THUAN/Downloads/wrapper/fixed_weight_ct.v:526]
WARNING: [VRFC 10-3380] identifier 'start_red' is used before its declaration [C:/Users/THUAN/Downloads/wrapper/fixed_weight_ct.v:533]
INFO: [VRFC 10-2263] Analyzing Verilog file "C:/Users/THUAN/Downloads/wrapper/fixed_weight_cww.v" into library xil_defaultlib
INFO: [VRFC 10-311] analyzing module fixed_weight_cww
WARNING: [VRFC 10-9336] redeclaration of ANSI port 'din_shake' is not allowed [C:/Users/THUAN/Downloads/wrapper/fixed_weight_cww.v:141]
WARNING: [VRFC 10-2938] 'dout_shake_reduced' is already implicitly declared on line 245 [C:/Users/THUAN/Downloads/wrapper/fixed_weight_cww.v:270]
WARNING: [VRFC 10-2938] 'n_minus_i' is already implicitly declared on line 244 [C:/Users/THUAN/Downloads/wrapper/fixed_weight_cww.v:309]
WARNING: [VRFC 10-2938] 'dout_reduced_valid' is already implicitly declared on line 241 [C:/Users/THUAN/Downloads/wrapper/fixed_weight_cww.v:322]
WARNING: [VRFC 10-3380] identifier 'n_minus_i' is used before its declaration [C:/Users/THUAN/Downloads/wrapper/fixed_weight_cww.v:229]
WARNING: [VRFC 10-3380] identifier 'n_minus_i' is used before its declaration [C:/Users/THUAN/Downloads/wrapper/fixed_weight_cww.v:232]
WARNING: [VRFC 10-3380] identifier 'count' is used before its declaration [C:/Users/THUAN/Downloads/wrapper/fixed_weight_cww.v:272]
INFO: [VRFC 10-2263] Analyzing Verilog file "C:/Users/THUAN/Downloads/wrapper/gf_mul.v" into library xil_defaultlib
INFO: [VRFC 10-311] analyzing module gf_mul
INFO: [VRFC 10-2263] Analyzing Verilog file "C:/Users/THUAN/Downloads/wrapper/gfmul.v" into library xil_defaultlib
INFO: [VRFC 10-311] analyzing module gfmul
INFO: [VRFC 10-2263] Analyzing Verilog file "C:/Users/THUAN/Downloads/wrapper/hqc_barrett_red.v" into library xil_defaultlib
INFO: [VRFC 10-311] analyzing module hqc_barrett_red
INFO: [VRFC 10-2263] Analyzing Verilog file "C:/Users/THUAN/Downloads/wrapper/hqc_decod_top.v" into library xil_defaultlib
INFO: [VRFC 10-311] analyzing module hqc_decod_top
INFO: [VRFC 10-2263] Analyzing Verilog file "C:/Users/THUAN/Downloads/wrapper/hqc_kem_joint_design.v" into library xil_defaultlib
INFO: [VRFC 10-311] analyzing module hqc_kem_joint_design
INFO: [VRFC 10-2263] Analyzing Verilog file "C:/Users/THUAN/Downloads/wrapper/hqc_rmdecod_ctrl.v" into library xil_defaultlib
INFO: [VRFC 10-311] analyzing module hqc_rmdecod_ctrl
INFO: [VRFC 10-2263] Analyzing Verilog file "C:/Users/THUAN/Downloads/wrapper/hqc_rmdecod_expnsum.v" into library xil_defaultlib
INFO: [VRFC 10-311] analyzing module hqc_rmdecod_expnsum
INFO: [VRFC 10-2263] Analyzing Verilog file "C:/Users/THUAN/Downloads/wrapper/hqc_rmdecod_findpeaks.v" into library xil_defaultlib
INFO: [VRFC 10-311] analyzing module hqc_rmdecod_findpeaks
INFO: [VRFC 10-311] analyzing module findpeaks_core
INFO: [VRFC 10-2263] Analyzing Verilog file "C:/Users/THUAN/Downloads/wrapper/hqc_rmdecod_hadamard.v" into library xil_defaultlib
INFO: [VRFC 10-311] analyzing module hqc_rmdecod_hadamard
INFO: [VRFC 10-311] analyzing module hadamard_layer
INFO: [VRFC 10-2263] Analyzing Verilog file "C:/Users/THUAN/Downloads/wrapper/hqc_rmdecod_top.v" into library xil_defaultlib
INFO: [VRFC 10-311] analyzing module hqc_rmdecod_top
INFO: [VRFC 10-2263] Analyzing Verilog file "C:/Users/THUAN/Downloads/wrapper/hqc_rsdecod_elp.v" into library xil_defaultlib
INFO: [VRFC 10-311] analyzing module hqc_rsdecod_elp
INFO: [VRFC 10-2263] Analyzing Verilog file "C:/Users/THUAN/Downloads/wrapper/hqc_rsdecod_err_val.v" into library xil_defaultlib
INFO: [VRFC 10-311] analyzing module hqc_rsdecod_err_val
INFO: [VRFC 10-2263] Analyzing Verilog file "C:/Users/THUAN/Downloads/wrapper/hqc_rsdecod_roots.v" into library xil_defaultlib
INFO: [VRFC 10-311] analyzing module hqc_rsdecod_roots
WARNING: [VRFC 10-3248] data object 'fft_done' is already declared [C:/Users/THUAN/Downloads/wrapper/hqc_rsdecod_roots.v:47]
WARNING: [VRFC 10-9364] second declaration of 'fft_done' is ignored [C:/Users/THUAN/Downloads/wrapper/hqc_rsdecod_roots.v:47]
INFO: [VRFC 10-2263] Analyzing Verilog file "C:/Users/THUAN/Downloads/wrapper/hqc_rsdecod_syndromes.v" into library xil_defaultlib
INFO: [VRFC 10-311] analyzing module hqc_rsdecod_syndromes
INFO: [VRFC 10-2263] Analyzing Verilog file "C:/Users/THUAN/Downloads/wrapper/hqc_rsdecod_top.v" into library xil_defaultlib
INFO: [VRFC 10-311] analyzing module hqc_rsdecod_top
INFO: [VRFC 10-2263] Analyzing Verilog file "C:/Users/THUAN/Downloads/wrapper/hqc_rsdecod_zpoly.v" into library xil_defaultlib
INFO: [VRFC 10-311] analyzing module hqc_rsdecod_zpoly
INFO: [VRFC 10-2263] Analyzing Verilog file "C:/Users/THUAN/Downloads/wrapper/karatsuba_small.v" into library xil_defaultlib
INFO: [VRFC 10-311] analyzing module karatsuba_small
INFO: [VRFC 10-2263] Analyzing Verilog file "C:/Users/THUAN/Downloads/wrapper/keccak_top.v" into library xil_defaultlib
INFO: [VRFC 10-311] analyzing module keccak_top
INFO: [VRFC 10-2263] Analyzing Verilog file "C:/Users/THUAN/Downloads/wrapper/keygen.v" into library xil_defaultlib
INFO: [VRFC 10-311] analyzing module keygen
WARNING: [VRFC 10-2938] 'pm_out' is already implicitly declared on line 390 [C:/Users/THUAN/Downloads/wrapper/keygen.v:398]
WARNING: [VRFC 10-2938] 'pm_rd_addr' is already implicitly declared on line 387 [C:/Users/THUAN/Downloads/wrapper/keygen.v:399]
WARNING: [VRFC 10-2938] 'pm_rd_en' is already implicitly declared on line 388 [C:/Users/THUAN/Downloads/wrapper/keygen.v:400]
WARNING: [VRFC 10-2938] 'add_out' is already implicitly declared on line 392 [C:/Users/THUAN/Downloads/wrapper/keygen.v:402]
WARNING: [VRFC 10-2938] 'add_out_addr' is already implicitly declared on line 393 [C:/Users/THUAN/Downloads/wrapper/keygen.v:403]
WARNING: [VRFC 10-2938] 'add_out_valid' is already implicitly declared on line 394 [C:/Users/THUAN/Downloads/wrapper/keygen.v:404]
WARNING: [VRFC 10-2938] 'x_addr_reg' is already implicitly declared on line 317 [C:/Users/THUAN/Downloads/wrapper/keygen.v:702]
WARNING: [VRFC 10-3380] identifier 'pm_out' is used before its declaration [C:/Users/THUAN/Downloads/wrapper/keygen.v:193]
WARNING: [VRFC 10-3380] identifier 'x_addr' is used before its declaration [C:/Users/THUAN/Downloads/wrapper/keygen.v:221]
WARNING: [VRFC 10-3380] identifier 'x_transfer_done' is used before its declaration [C:/Users/THUAN/Downloads/wrapper/keygen.v:490]
INFO: [VRFC 10-2263] Analyzing Verilog file "C:/Users/THUAN/Downloads/wrapper/loc_based_adder.v" into library xil_defaultlib
INFO: [VRFC 10-311] analyzing module loc_based_adder
INFO: [VRFC 10-2263] Analyzing Verilog file "C:/Users/THUAN/Downloads/wrapper/mem_dual.v" into library xil_defaultlib
INFO: [VRFC 10-311] analyzing module mem_dual
INFO: [VRFC 10-2263] Analyzing Verilog file "C:/Users/THUAN/Downloads/wrapper/mem_single.v" into library xil_defaultlib
INFO: [VRFC 10-311] analyzing module mem_single
INFO: [VRFC 10-2263] Analyzing Verilog file "C:/Users/THUAN/Downloads/wrapper/mod34.v" into library xil_defaultlib
INFO: [VRFC 10-311] analyzing module mod34
INFO: [VRFC 10-2263] Analyzing Verilog file "C:/Users/THUAN/Downloads/wrapper/onegen.v" into library xil_defaultlib
INFO: [VRFC 10-311] analyzing module onegen
INFO: [VRFC 10-2263] Analyzing Verilog file "C:/Users/THUAN/Downloads/wrapper/onegen_ct.v" into library xil_defaultlib
INFO: [VRFC 10-311] analyzing module onegen_ct
INFO: [VRFC 10-2263] Analyzing Verilog file "C:/Users/THUAN/Downloads/wrapper/poly_mult.v" into library xil_defaultlib
INFO: [VRFC 10-311] analyzing module poly_mult
WARNING: [VRFC 10-9336] redeclaration of ANSI port 'mux_word_0' is not allowed [C:/Users/THUAN/Downloads/wrapper/poly_mult.v:103]
WARNING: [VRFC 10-9336] redeclaration of ANSI port 'mux_word_1' is not allowed [C:/Users/THUAN/Downloads/wrapper/poly_mult.v:104]
WARNING: [VRFC 10-3380] identifier 'addr_0_intermediate' is used before its declaration [C:/Users/THUAN/Downloads/wrapper/poly_mult.v:218]
WARNING: [VRFC 10-3380] identifier 'addr_0_intermediate' is used before its declaration [C:/Users/THUAN/Downloads/wrapper/poly_mult.v:229]
WARNING: [VRFC 10-3380] identifier 'addr_0_intermediate' is used before its declaration [C:/Users/THUAN/Downloads/wrapper/poly_mult.v:230]
WARNING: [VRFC 10-3380] identifier 'state' is used before its declaration [C:/Users/THUAN/Downloads/wrapper/poly_mult.v:233]
INFO: [VRFC 10-2263] Analyzing Verilog file "C:/Users/THUAN/Downloads/wrapper/rc.v" into library xil_defaultlib
INFO: [VRFC 10-311] analyzing module rc
INFO: [VRFC 10-2263] Analyzing Verilog file "C:/Users/THUAN/Downloads/wrapper/reed_muller_encode.v" into library xil_defaultlib
INFO: [VRFC 10-311] analyzing module reed_muller_encode
WARNING: [VRFC 10-2938] 'wr_en' is already implicitly declared on line 93 [C:/Users/THUAN/Downloads/wrapper/reed_muller_encode.v:101]
WARNING: [VRFC 10-3380] identifier 'init' is used before its declaration [C:/Users/THUAN/Downloads/wrapper/reed_muller_encode.v:67]
WARNING: [VRFC 10-3380] identifier 'shift_cdw' is used before its declaration [C:/Users/THUAN/Downloads/wrapper/reed_muller_encode.v:70]
WARNING: [VRFC 10-3380] identifier 'count_cdw_bytes' is used before its declaration [C:/Users/THUAN/Downloads/wrapper/reed_muller_encode.v:86]
INFO: [VRFC 10-2263] Analyzing Verilog file "C:/Users/THUAN/Downloads/wrapper/reed_solomon_encode.v" into library xil_defaultlib
INFO: [VRFC 10-311] analyzing module reed_solomon_encode
WARNING: [VRFC 10-3380] identifier 'init_msg' is used before its declaration [C:/Users/THUAN/Downloads/wrapper/reed_solomon_encode.v:75]
WARNING: [VRFC 10-3380] identifier 'shift_msg' is used before its declaration [C:/Users/THUAN/Downloads/wrapper/reed_solomon_encode.v:78]
WARNING: [VRFC 10-3380] identifier 'init_msg' is used before its declaration [C:/Users/THUAN/Downloads/wrapper/reed_solomon_encode.v:88]
INFO: [VRFC 10-2263] Analyzing Verilog file "C:/Users/THUAN/Downloads/wrapper/rm_encoder.v" into library xil_defaultlib
INFO: [VRFC 10-311] analyzing module rm_encoder
INFO: [VRFC 10-2263] Analyzing Verilog file "C:/Users/THUAN/Downloads/wrapper/state_ram.v" into library xil_defaultlib
INFO: [VRFC 10-311] analyzing module state_ram
WARNING: [VRFC 10-634] event expressions must result in a singular type [C:/Users/THUAN/Downloads/wrapper/state_ram.v:122]
WARNING: [VRFC 10-634] event expressions must result in a singular type [C:/Users/THUAN/Downloads/wrapper/state_ram.v:228]
WARNING: [VRFC 10-634] event expressions must result in a singular type [C:/Users/THUAN/Downloads/wrapper/state_ram.v:278]
WARNING: [VRFC 10-634] event expressions must result in a singular type [C:/Users/THUAN/Downloads/wrapper/state_ram.v:379]
INFO: [VRFC 10-2263] Analyzing Verilog file "C:/Users/THUAN/Downloads/wrapper/stateram_inference.v" into library xil_defaultlib
INFO: [VRFC 10-311] analyzing module stateram_inference
INFO: [VRFC 10-2263] Analyzing Verilog file "C:/Users/THUAN/Downloads/wrapper/syncfifo.v" into library xil_defaultlib
INFO: [VRFC 10-311] analyzing module syncfifo
INFO: [VRFC 10-2263] Analyzing Verilog file "C:/Users/THUAN/Downloads/wrapper/transform.v" into library xil_defaultlib
INFO: [VRFC 10-311] analyzing module transform
INFO: [VRFC 10-2263] Analyzing Verilog file "C:/Users/THUAN/Downloads/wrapper/v_minus_uy.v" into library xil_defaultlib
INFO: [VRFC 10-311] analyzing module v_minus_uy
WARNING: [VRFC 10-3248] data object 'pm_out' is already declared [C:/Users/THUAN/Downloads/wrapper/v_minus_uy.v:219]
WARNING: [VRFC 10-9364] second declaration of 'pm_out' is ignored [C:/Users/THUAN/Downloads/wrapper/v_minus_uy.v:219]
WARNING: [VRFC 10-3380] identifier 'xor_add_addr' is used before its declaration [C:/Users/THUAN/Downloads/wrapper/v_minus_uy.v:145]
WARNING: [VRFC 10-3380] identifier 'xor_add_en' is used before its declaration [C:/Users/THUAN/Downloads/wrapper/v_minus_uy.v:168]
WARNING: [VRFC 10-3380] identifier 'xor_add_addr' is used before its declaration [C:/Users/THUAN/Downloads/wrapper/v_minus_uy.v:169]
WARNING: [VRFC 10-3380] identifier 'xor_add_out_valid' is used before its declaration [C:/Users/THUAN/Downloads/wrapper/v_minus_uy.v:170]
WARNING: [VRFC 10-3380] identifier 'xor_add_out_addr' is used before its declaration [C:/Users/THUAN/Downloads/wrapper/v_minus_uy.v:171]
WARNING: [VRFC 10-3380] identifier 'xor_add_out' is used before its declaration [C:/Users/THUAN/Downloads/wrapper/v_minus_uy.v:172]
INFO: [VRFC 10-2263] Analyzing Verilog file "C:/Users/THUAN/Downloads/wrapper/vect_set_random.v" into library xil_defaultlib
INFO: [VRFC 10-311] analyzing module vect_set_random
WARNING: [VRFC 10-9336] redeclaration of ANSI port 'shake_din' is not allowed [C:/Users/THUAN/Downloads/wrapper/vect_set_random.v:104]
WARNING: [VRFC 10-2938] 'rand_mem_in' is already implicitly declared on line 151 [C:/Users/THUAN/Downloads/wrapper/vect_set_random.v:167]
WARNING: [VRFC 10-2938] 'wr_en_rand' is already implicitly declared on line 155 [C:/Users/THUAN/Downloads/wrapper/vect_set_random.v:168]
WARNING: [VRFC 10-3380] identifier 'pk_rand_addr' is used before its declaration [C:/Users/THUAN/Downloads/wrapper/vect_set_random.v:146]
WARNING: [VRFC 10-3380] identifier 'pk_rand_addr' is used before its declaration [C:/Users/THUAN/Downloads/wrapper/vect_set_random.v:174]
WARNING: [VRFC 10-3380] identifier 'pk_rand_addr_reg' is used before its declaration [C:/Users/THUAN/Downloads/wrapper/vect_set_random.v:200]
WARNING: [VRFC 10-3380] identifier 'pk_rand_addr' is used before its declaration [C:/Users/THUAN/Downloads/wrapper/vect_set_random.v:201]
WARNING: [VRFC 10-3380] identifier 'pk_rand_addr' is used before its declaration [C:/Users/THUAN/Downloads/wrapper/vect_set_random.v:208]
WARNING: [VRFC 10-3380] identifier 'pk_rand_addr_reg' is used before its declaration [C:/Users/THUAN/Downloads/wrapper/vect_set_random.v:219]
INFO: [VRFC 10-2263] Analyzing Verilog file "C:/Users/THUAN/Downloads/wrapper/xor_based_adder.v" into library xil_defaultlib
INFO: [VRFC 10-311] analyzing module xor_based_adder
INFO: [VRFC 10-2263] Analyzing Verilog file "C:/Users/THUAN/Downloads/wrapper/keygen_tb.v" into library xil_defaultlib
INFO: [VRFC 10-311] analyzing module keygen_tb
run_program: Time (s): cpu = 00:00:03 ; elapsed = 00:00:17 . Memory (MB): peak = 1417.137 ; gain = 0.000
INFO: [USF-XSim-69] 'compile' step finished in '17' seconds
INFO: [USF-XSim-3] XSim::Elaborate design
INFO: [USF-XSim-61] Executing 'ELABORATE' step in 'D:/University/251/DA/wrapper/wrapper.sim/sim_1/behav/xsim'
"xelab --incr --debug typical --relax --mt 2 -L xil_defaultlib -L unisims_ver -L unimacro_ver -L secureip --snapshot keygen_tb_behav xil_defaultlib.keygen_tb xil_defaultlib.glbl -log elaborate.log"
Vivado Simulator v2022.2
Copyright 1986-1999, 2001-2022 Xilinx, Inc. All Rights Reserved.
Running: D:/Apps/Xilinx/Vivado/2022.2/bin/unwrapped/win64.o/xelab.exe --incr --debug typical --relax --mt 2 -L xil_defaultlib -L unisims_ver -L unimacro_ver -L secureip --snapshot keygen_tb_behav xil_defaultlib.keygen_tb xil_defaultlib.glbl -log elaborate.log 
Using 2 slave threads.
Starting static elaboration
Pass Through NonSizing Optimizer
WARNING: [VRFC 10-3091] actual bit length 13 differs from formal bit length 8 for port 'address_0' [C:/Users/THUAN/Downloads/wrapper/HQC_wrapper.v:77]
WARNING: [VRFC 10-3091] actual bit length 13 differs from formal bit length 8 for port 'address_1' [C:/Users/THUAN/Downloads/wrapper/HQC_wrapper.v:78]
WARNING: [VRFC 10-3091] actual bit length 13 differs from formal bit length 8 for port 'address_0' [C:/Users/THUAN/Downloads/wrapper/HQC_wrapper.v:83]
WARNING: [VRFC 10-3091] actual bit length 13 differs from formal bit length 8 for port 'address_1' [C:/Users/THUAN/Downloads/wrapper/HQC_wrapper.v:84]
WARNING: [VRFC 10-3091] actual bit length 13 differs from formal bit length 8 for port 'address_0' [C:/Users/THUAN/Downloads/wrapper/HQC_wrapper.v:89]
WARNING: [VRFC 10-3091] actual bit length 13 differs from formal bit length 8 for port 'address_1' [C:/Users/THUAN/Downloads/wrapper/HQC_wrapper.v:90]
WARNING: [VRFC 10-3091] actual bit length 13 differs from formal bit length 8 for port 'address_0' [C:/Users/THUAN/Downloads/wrapper/HQC_wrapper.v:95]
WARNING: [VRFC 10-3091] actual bit length 13 differs from formal bit length 8 for port 'address_1' [C:/Users/THUAN/Downloads/wrapper/HQC_wrapper.v:96]
WARNING: [VRFC 10-3091] actual bit length 13 differs from formal bit length 8 for port 'keygen_out_addr' [C:/Users/THUAN/Downloads/wrapper/HQC_wrapper.v:124]
WARNING: [VRFC 10-3091] actual bit length 13 differs from formal bit length 9 for port 'd_h_addr_0' [C:/Users/THUAN/Downloads/wrapper/HQC_wrapper.v:136]
WARNING: [VRFC 10-3091] actual bit length 13 differs from formal bit length 9 for port 'u_addr_0' [C:/Users/THUAN/Downloads/wrapper/HQC_wrapper.v:137]
WARNING: [VRFC 10-3091] actual bit length 32 differs from formal bit length 128 for port 'decap_out' [C:/Users/THUAN/Downloads/wrapper/HQC_wrapper.v:140]
WARNING: [VRFC 10-3091] actual bit length 13 differs from formal bit length 8 for port 'decap_out_addr' [C:/Users/THUAN/Downloads/wrapper/HQC_wrapper.v:142]
WARNING: [VRFC 10-3091] actual bit length 32 differs from formal bit length 2 for port 'm_addr' [C:/Users/THUAN/Downloads/wrapper/HQC_wrapper.v:145]
WARNING: [VRFC 10-3091] actual bit length 32 differs from formal bit length 128 for port 'decap_in' [C:/Users/THUAN/Downloads/wrapper/HQC_wrapper.v:146]
WARNING: [VRFC 10-3091] actual bit length 32 differs from formal bit length 1 for port 'start' [C:/Users/THUAN/Downloads/wrapper/hqc_kem_joint_design.v:376]
WARNING: [VRFC 10-3091] actual bit length 32 differs from formal bit length 1 for port 'wren_1' [C:/Users/THUAN/Downloads/wrapper/vect_set_random.v:156]
WARNING: [VRFC 10-3091] actual bit length 7 differs from formal bit length 16 for port 'loc_addr' [C:/Users/THUAN/Downloads/wrapper/keygen.v:376]
WARNING: [VRFC 10-3091] actual bit length 32 differs from formal bit length 8 for port 'weight' [C:/Users/THUAN/Downloads/wrapper/keygen.v:378]
WARNING: [VRFC 10-3091] actual bit length 9 differs from formal bit length 8 for port 'address_0' [C:/Users/THUAN/Downloads/wrapper/poly_mult.v:247]
WARNING: [VRFC 10-3091] actual bit length 9 differs from formal bit length 8 for port 'address_1' [C:/Users/THUAN/Downloads/wrapper/poly_mult.v:248]
WARNING: [VRFC 10-3091] actual bit length 32 differs from formal bit length 24 for port 'data_1' [C:/Users/THUAN/Downloads/wrapper/fixed_weight_ct.v:242]
WARNING: [VRFC 10-3091] actual bit length 32 differs from formal bit length 1 for port 'wren_1' [C:/Users/THUAN/Downloads/wrapper/fixed_weight_ct.v:246]
WARNING: [VRFC 10-3091] actual bit length 32 differs from formal bit length 1 for port 'start' [C:/Users/THUAN/Downloads/wrapper/hqc_kem_joint_design.v:419]
WARNING: [VRFC 10-3091] actual bit length 32 differs from formal bit length 1 for port 'u_v_in_wen' [C:/Users/THUAN/Downloads/wrapper/hqc_kem_joint_design.v:443]
WARNING: [VRFC 10-3091] actual bit length 32 differs from formal bit length 8 for port 'u_v_in_addr' [C:/Users/THUAN/Downloads/wrapper/hqc_kem_joint_design.v:444]
WARNING: [VRFC 10-3091] actual bit length 32 differs from formal bit length 1 for port 'resume_encap' [C:/Users/THUAN/Downloads/wrapper/hqc_kem_joint_design.v:446]
WARNING: [VRFC 10-3091] actual bit length 368 differs from formal bit length 240 for port 'cdw_in' [C:/Users/THUAN/Downloads/wrapper/reed_solomon_encode.v:121]
WARNING: [VRFC 10-3091] actual bit length 32 differs from formal bit length 1 for port 'start' [C:/Users/THUAN/Downloads/wrapper/reed_solomon_encode.v:108]
WARNING: [VRFC 10-3091] actual bit length 32 differs from formal bit length 1 for port 'start' [C:/Users/THUAN/Downloads/wrapper/reed_muller_encode.v:80]
WARNING: [VRFC 10-3091] actual bit length 32 differs from formal bit length 1 for port 'wr_en' [C:/Users/THUAN/Downloads/wrapper/encrypt.v:343]
WARNING: [VRFC 10-3091] actual bit length 7 differs from formal bit length 16 for port 'loc_addr' [C:/Users/THUAN/Downloads/wrapper/encrypt.v:426]
WARNING: [VRFC 10-3091] actual bit length 32 differs from formal bit length 8 for port 'weight' [C:/Users/THUAN/Downloads/wrapper/encrypt.v:428]
WARNING: [VRFC 10-3091] actual bit length 32 differs from formal bit length 1 for port 'add_wr_en' [C:/Users/THUAN/Downloads/wrapper/encrypt.v:443]
WARNING: [VRFC 10-3091] actual bit length 32 differs from formal bit length 1 for port 'start' [C:/Users/THUAN/Downloads/wrapper/hqc_kem_joint_design.v:487]
WARNING: [VRFC 10-3091] actual bit length 32 differs from formal bit length 1 for port 'dout_ready_i' [C:/Users/THUAN/Downloads/wrapper/hqc_rmdecod_top.v:81]
WARNING: [VRFC 10-3091] actual bit length 32 differs from formal bit length 1 for port 'start' [C:/Users/THUAN/Downloads/wrapper/hqc_rsdecod_elp.v:92]
WARNING: [VRFC 10-3091] actual bit length 32 differs from formal bit length 1 for port 'start' [C:/Users/THUAN/Downloads/wrapper/hqc_rsdecod_elp.v:156]
WARNING: [VRFC 10-3091] actual bit length 32 differs from formal bit length 1 for port 'start' [C:/Users/THUAN/Downloads/wrapper/hqc_rsdecod_zpoly.v:101]
WARNING: [VRFC 10-3091] actual bit length 8 differs from formal bit length 32 for port 'dout_o' [C:/Users/THUAN/Downloads/wrapper/add_fft.v:81]
WARNING: [VRFC 10-3091] actual bit length 32 differs from formal bit length 1 for port 'start' [C:/Users/THUAN/Downloads/wrapper/fft_part1.v:143]
WARNING: [VRFC 10-3091] actual bit length 32 differs from formal bit length 1 for port 'start' [C:/Users/THUAN/Downloads/wrapper/fft_leaves_butterfly.v:70]
WARNING: [VRFC 10-3091] actual bit length 32 differs from formal bit length 1 for port 'start' [C:/Users/THUAN/Downloads/wrapper/fft_part2.v:147]
WARNING: [VRFC 10-3091] actual bit length 32 differs from formal bit length 1 for port 'start' [C:/Users/THUAN/Downloads/wrapper/hqc_rsdecod_err_val.v:176]
WARNING: [VRFC 10-3091] actual bit length 32 differs from formal bit length 1 for port 'start' [C:/Users/THUAN/Downloads/wrapper/hqc_rsdecod_err_val.v:187]
WARNING: [VRFC 10-3091] actual bit length 32 differs from formal bit length 2 for port 'encap_out_type' [C:/Users/THUAN/Downloads/wrapper/decap.v:528]
WARNING: [VRFC 10-3091] actual bit length 32 differs from formal bit length 1 for port 'encap_out_en' [C:/Users/THUAN/Downloads/wrapper/decap.v:530]
WARNING: [VRFC 10-3091] actual bit length 40 differs from formal bit length 8 for port 'encap_out_addr' [C:/Users/THUAN/Downloads/wrapper/decap.v:531]
WARNING: [VRFC 10-5021] port 'encap_out_type' is not connected on this instance [C:/Users/THUAN/Downloads/wrapper/HQC_wrapper.v:105]
WARNING: [VRFC 10-5021] port 'shake_force_done_ack' is not connected on this instance [C:/Users/THUAN/Downloads/wrapper/hqc_kem_joint_design.v:414]
WARNING: [VRFC 10-8864] concatenation with an unsized literal will be treated as 32 bits [C:/Users/THUAN/Downloads/wrapper/encap.v:249]
WARNING: [VRFC 10-8864] concatenation with an unsized literal will be treated as 32 bits [C:/Users/THUAN/Downloads/wrapper/encap.v:250]
WARNING: [VRFC 10-8864] concatenation with an unsized literal will be treated as 32 bits [C:/Users/THUAN/Downloads/wrapper/encap.v:546]
WARNING: [VRFC 10-5021] port 'rst' is not connected on this instance [C:/Users/THUAN/Downloads/wrapper/reed_muller_encode.v:77]
WARNING: [VRFC 10-8864] concatenation with an unsized literal will be treated as 32 bits [C:/Users/THUAN/Downloads/wrapper/decap.v:531]
WARNING: [VRFC 10-5021] port 'shake_force_done_ack' is not connected on this instance [C:/Users/THUAN/Downloads/wrapper/decap.v:502]
Completed static elaboration
Starting simulation data flow analysis
Completed simulation data flow analysis
Time Resolution for simulation is 1ps
Compiling module xil_defaultlib.mem_dual(WIDTH=128,DEPTH=139)
Compiling module xil_defaultlib.mem_single(WIDTH=32,DEPTH=10)
Compiling module xil_defaultlib.mem_dual(WIDTH=24,DEPTH=264)
Compiling module xil_defaultlib.hqc_barrett_red_default
Compiling module xil_defaultlib.mem_single(WIDTH=15,DEPTH=66)
Compiling module xil_defaultlib.mem_dual(WIDTH=32,DEPTH=553)
Compiling module xil_defaultlib.onegen_ct(E0_DEPTH=553,DEPTH=553...
Compiling module xil_defaultlib.fixed_weight_ct(N=17669,M=15,WEI...
Compiling module xil_defaultlib.vect_set_random(N=17669)
Compiling module xil_defaultlib.poly_mult(MAX_WEIGHT=75,N=17669,...
Compiling module xil_defaultlib.loc_based_adder(WIDTH=128)
Compiling module xil_defaultlib.keygen(N=17669,CT_DESIGN=2'b01)
Compiling module xil_defaultlib.mem_single(WIDTH=32,DEPTH=4)
Compiling module xil_defaultlib.mem_single(WIDTH=32,DEPTH=16)
Compiling module xil_defaultlib.mem_dual(WIDTH=24,DEPTH=450)
Compiling module xil_defaultlib.mem_single(WIDTH=15,DEPTH=75)
Compiling module xil_defaultlib.onegen_ct(E0_DEPTH=553,DEPTH=553...
Compiling module xil_defaultlib.fixed_weight_ct(N=17669,M=15,WEI...
Compiling module xil_defaultlib.gf_mul_default
Compiling module xil_defaultlib.cdw_xor_tmp_default
Compiling module xil_defaultlib.reed_solomon_encode_default
Compiling module xil_defaultlib.rm_encoder
Compiling module xil_defaultlib.mem_single(WIDTH=128,DEPTH=46)
Compiling module xil_defaultlib.reed_muller_encode_default
Compiling module xil_defaultlib.concat_code(parameter_set="hqc12...
Compiling module xil_defaultlib.mem_single(WIDTH=128,DEPTH=139)
Compiling module xil_defaultlib.loc_based_adder(N=17669,WEIGHT=7...
Compiling module xil_defaultlib.xor_based_adder(parameter_set="h...
Compiling module xil_defaultlib.encrypt(parameter_set="hqc128",C...
Compiling module xil_defaultlib.mod34
Compiling module xil_defaultlib.mem_single(WIDTH=32,DEPTH=1143)
Compiling module xil_defaultlib.encap_default
Compiling module xil_defaultlib.v_minus_uy(parameter_set="hqc128...
Compiling module xil_defaultlib.hqc_rmdecod_expnsum_default
Compiling module xil_defaultlib.syncfifo(DW=4,AW=5)
Compiling module xil_defaultlib.hadamard_layer_default
Compiling module xil_defaultlib.syncfifo(DW=5,AW=5)
Compiling module xil_defaultlib.hadamard_layer(NN=4)
Compiling module xil_defaultlib.syncfifo(DW=6,AW=5)
Compiling module xil_defaultlib.hadamard_layer(NN=5)
Compiling module xil_defaultlib.syncfifo(DW=7,AW=5)
Compiling module xil_defaultlib.hadamard_layer(NN=6)
Compiling module xil_defaultlib.syncfifo(DW=8,AW=5)
Compiling module xil_defaultlib.hadamard_layer(NN=7)
Compiling module xil_defaultlib.syncfifo(DW=9,AW=5)
Compiling module xil_defaultlib.hadamard_layer(NN=8)
Compiling module xil_defaultlib.syncfifo(DW=10,AW=5)
Compiling module xil_defaultlib.hadamard_layer(NN=9)
Compiling module xil_defaultlib.hqc_rmdecod_hadamard_default
Compiling module xil_defaultlib.findpeaks_core(DOUT_W=7)
Compiling module xil_defaultlib.hqc_rmdecod_findpeaks_default
Compiling module xil_defaultlib.hqc_rmdecod_ctrl_default
Compiling module xil_defaultlib.hqc_rmdecod_top_default
Compiling module xil_defaultlib.gfmul(REG_IN=0)
Compiling module xil_defaultlib.hqc_rsdecod_syndromes_default
Compiling module xil_defaultlib.gfmul(REG_IN=0,REG_OUT=0)
Compiling module xil_defaultlib.hqc_rsdecod_elp_default
Compiling module xil_defaultlib.hqc_rsdecod_zpoly_default
Compiling module xil_defaultlib.fft_part1(DIN_W=256)
Compiling module xil_defaultlib.fft_leaves_butterfly
Compiling module xil_defaultlib.syncfifo(DW=8,AW=4)
Compiling module xil_defaultlib.fft_part2_round_default
Compiling module xil_defaultlib.fft_part2_round(ROUND=1)
Compiling module xil_defaultlib.syncfifo(DW=8,AW=6)
Compiling module xil_defaultlib.fft_part2_round(ROUND=2)
Compiling module xil_defaultlib.syncfifo(DW=8)
Compiling module xil_defaultlib.fft_part2_round(ROUND=3)
Compiling module xil_defaultlib.fft_part2_default
Compiling module xil_defaultlib.add_fft
Compiling module xil_defaultlib.fft_retrieve_error_poly_default
Compiling module xil_defaultlib.hqc_rsdecod_roots_default
Compiling module xil_defaultlib.hqc_rsdecod_err_val_default
Compiling module xil_defaultlib.hqc_rsdecod_top_default
Compiling module xil_defaultlib.hqc_decod_top_default
Compiling module xil_defaultlib.decrypt_default
Compiling module xil_defaultlib.decap_default
Compiling module xil_defaultlib.control_path
Compiling module xil_defaultlib.rc
Compiling module xil_defaultlib.transform
Compiling module xil_defaultlib.stateram_inference_default
Compiling module xil_defaultlib.stateram_inference(i=1)
Compiling module xil_defaultlib.stateram_inference(i=2)
Compiling module xil_defaultlib.stateram_inference(i=3)
Compiling module xil_defaultlib.stateram_inference(i=4)
Compiling module xil_defaultlib.stateram_inference(i=5)
Compiling module xil_defaultlib.stateram_inference(i=6)
Compiling module xil_defaultlib.stateram_inference(i=7)
Compiling module xil_defaultlib.stateram_inference(i=8)
Compiling module xil_defaultlib.stateram_inference(i=9)
Compiling module xil_defaultlib.stateram_inference(i=10)
Compiling module xil_defaultlib.stateram_inference(i=11)
Compiling module xil_defaultlib.stateram_inference(i=12)
Compiling module xil_defaultlib.stateram_inference(i=13)
Compiling module xil_defaultlib.stateram_inference(i=14)
Compiling module xil_defaultlib.stateram_inference(i=15)
Compiling module xil_defaultlib.stateram_inference(i=16)
Compiling module xil_defaultlib.stateram_inference(i=17)
Compiling module xil_defaultlib.stateram_inference(i=18)
Compiling module xil_defaultlib.stateram_inference(i=19)
Compiling module xil_defaultlib.stateram_inference(i=20)
Compiling module xil_defaultlib.stateram_inference(i=21)
Compiling module xil_defaultlib.stateram_inference(i=22)
Compiling module xil_defaultlib.stateram_inference(i=23)
Compiling module xil_defaultlib.stateram_inference(i=24)
Compiling module xil_defaultlib.state_ram_default
Compiling module xil_defaultlib.data_path_default
Compiling module xil_defaultlib.keccak_top
Compiling module xil_defaultlib.hqc_kem_joint_design_default
Compiling module xil_defaultlib.HQC_wrapper
Compiling module xil_defaultlib.keygen_tb
Compiling module xil_defaultlib.glbl
Built simulation snapshot keygen_tb_behav
run_program: Time (s): cpu = 00:00:01 ; elapsed = 00:00:12 . Memory (MB): peak = 1417.137 ; gain = 0.000
INFO: [USF-XSim-69] 'elaborate' step finished in '12' seconds
INFO: [USF-XSim-4] XSim::Simulate design
INFO: [USF-XSim-61] Executing 'SIMULATE' step in 'D:/University/251/DA/wrapper/wrapper.sim/sim_1/behav/xsim'
INFO: [USF-XSim-98] *** Running xsim
   with args "keygen_tb_behav -key {Behavioral:sim_1:Functional:keygen_tb} -tclbatch {keygen_tb.tcl} -log {simulate.log}"
INFO: [USF-XSim-8] Loading simulator feature
Time resolution is 1 ps
source keygen_tb.tcl
# set curr_wave [current_wave_config]
# if { [string length $curr_wave] == 0 } {
#   if { [llength [get_objects]] > 0} {
#     add_wave /
#     set_property needs_save false [current_wave_config]
#   } else {
#      send_msg_id Add_Wave-1 WARNING "No top level signals found. Simulator will start without a wave window. If you want to open a wave window go to 'File->New Waveform Configuration' or type 'create_wave_config' in the TCL console."
#   }
# }
# run 1000ns
=== STARTING TESTBENCH ===
DEBUG: First Line of Seed = 10101101110101010000000011011111
--- [TB] Resetting ---
--- [TB] Loading SK & PK Seeds ---
--- [TB] SK Seed Loaded. Loading PK Seed... ---
INFO: [USF-XSim-96] XSim completed. Design snapshot 'keygen_tb_behav' loaded.
INFO: [USF-XSim-97] XSim simulation ran for 1000ns
launch_simulation: Time (s): cpu = 00:00:06 ; elapsed = 00:00:32 . Memory (MB): peak = 1417.137 ; gain = 0.000
run all
--- [TB] Triggering Start ---
--- [TB] Waiting for Done... ---
--- [TB] CORE DONE DETECTED! ---
--- [TB] TIMEOUT: Core did not finish! ---
$finish called at time : 1001040 ns : File "C:/Users/THUAN/Downloads/wrapper/keygen_tb.v" Line 168
run: Time (s): cpu = 00:00:01 ; elapsed = 00:00:07 . Memory (MB): peak = 1417.137 ; gain = 0.000
close_sim
INFO: [Simtcl 6-16] Simulation closed
launch_simulation
Command: launch_simulation 
INFO: [Vivado 12-12493] Simulation top is 'keygen_tb'
WARNING: [Vivado 12-13340] Unable to auto find GCC executables from simulator install path! (path not set)
WARNING: [Vivado 12-13277] Compiled library path does not exist: ''
INFO: [Vivado 12-5682] Launching behavioral simulation in 'D:/University/251/DA/wrapper/wrapper.sim/sim_1/behav/xsim'
INFO: [SIM-utils-51] Simulation object is 'sim_1'
INFO: [SIM-utils-72] Using boost library from 'D:/Apps/Xilinx/Vivado/2022.2/tps/boost_1_72_0'
INFO: [SIM-utils-54] Inspecting design source files for 'keygen_tb' in fileset 'sim_1'...
INFO: [SIM-utils-43] Exported 'D:/University/251/DA/wrapper/wrapper.sim/sim_1/behav/xsim/barrett_hqc_128.mem'
INFO: [SIM-utils-43] Exported 'D:/University/251/DA/wrapper/wrapper.sim/sim_1/behav/xsim/barrett_hqc_192.mem'
INFO: [SIM-utils-43] Exported 'D:/University/251/DA/wrapper/wrapper.sim/sim_1/behav/xsim/barrett_hqc_256.mem'
INFO: [USF-XSim-97] Finding global include files...
INFO: [USF-XSim-98] Fetching design files from 'sim_1'...
INFO: [USF-XSim-2] XSim::Compile design
INFO: [USF-XSim-61] Executing 'COMPILE and ANALYZE' step in 'D:/University/251/DA/wrapper/wrapper.sim/sim_1/behav/xsim'
"xvlog --incr --relax -prj keygen_tb_vlog.prj"
INFO: [VRFC 10-2263] Analyzing Verilog file "C:/Users/THUAN/Downloads/wrapper/HQC_wrapper.v" into library xil_defaultlib
INFO: [VRFC 10-311] analyzing module HQC_wrapper
INFO: [VRFC 10-2263] Analyzing Verilog file "C:/Users/THUAN/Downloads/wrapper/add_fft.v" into library xil_defaultlib
INFO: [VRFC 10-311] analyzing module add_fft
INFO: [VRFC 10-2263] Analyzing Verilog file "C:/Users/THUAN/Downloads/wrapper/barrett_red_gen.v" into library xil_defaultlib
INFO: [VRFC 10-311] analyzing module barrett_red_gen
INFO: [VRFC 10-2263] Analyzing Verilog file "C:/Users/THUAN/Downloads/wrapper/cdw_xor_tmp.v" into library xil_defaultlib
INFO: [VRFC 10-311] analyzing module cdw_xor_tmp
INFO: [VRFC 10-2263] Analyzing Verilog file "C:/Users/THUAN/Downloads/wrapper/concat_code.v" into library xil_defaultlib
INFO: [VRFC 10-311] analyzing module concat_code
INFO: [VRFC 10-2263] Analyzing Verilog file "C:/Users/THUAN/Downloads/wrapper/control_path.v" into library xil_defaultlib
INFO: [VRFC 10-311] analyzing module control_path
INFO: [VRFC 10-2263] Analyzing Verilog file "C:/Users/THUAN/Downloads/wrapper/data_path.v" into library xil_defaultlib
INFO: [VRFC 10-311] analyzing module data_path
INFO: [VRFC 10-2263] Analyzing Verilog file "C:/Users/THUAN/Downloads/wrapper/decap.v" into library xil_defaultlib
INFO: [VRFC 10-311] analyzing module decap
WARNING: [VRFC 10-2938] 'start_decrypt' is already implicitly declared on line 358 [C:/Users/THUAN/Downloads/wrapper/decap.v:864]
WARNING: [VRFC 10-2938] 'done_decrypt' is already implicitly declared on line 360 [C:/Users/THUAN/Downloads/wrapper/decap.v:865]
WARNING: [VRFC 10-2938] 'start_encap' is already implicitly declared on line 507 [C:/Users/THUAN/Downloads/wrapper/decap.v:866]
WARNING: [VRFC 10-2938] 'done_encrypt' is already implicitly declared on line 538 [C:/Users/THUAN/Downloads/wrapper/decap.v:867]
WARNING: [VRFC 10-3380] identifier 'dec_uv' is used before its declaration [C:/Users/THUAN/Downloads/wrapper/decap.v:334]
WARNING: [VRFC 10-3380] identifier 'uv_addr_1_dec' is used before its declaration [C:/Users/THUAN/Downloads/wrapper/decap.v:335]
WARNING: [VRFC 10-3380] identifier 'dec_uv' is used before its declaration [C:/Users/THUAN/Downloads/wrapper/decap.v:337]
WARNING: [VRFC 10-3380] identifier 'uv_addr_1_dec' is used before its declaration [C:/Users/THUAN/Downloads/wrapper/decap.v:338]
WARNING: [VRFC 10-3380] identifier 'verify_u_reg' is used before its declaration [C:/Users/THUAN/Downloads/wrapper/decap.v:397]
WARNING: [VRFC 10-3380] identifier 'verify_v' is used before its declaration [C:/Users/THUAN/Downloads/wrapper/decap.v:411]
WARNING: [VRFC 10-3380] identifier 'verify_d' is used before its declaration [C:/Users/THUAN/Downloads/wrapper/decap.v:424]
INFO: [VRFC 10-2263] Analyzing Verilog file "C:/Users/THUAN/Downloads/wrapper/decrypt.v" into library xil_defaultlib
INFO: [VRFC 10-311] analyzing module decrypt
WARNING: [VRFC 10-2938] 'ram_din_rd_o' is already implicitly declared on line 168 [C:/Users/THUAN/Downloads/wrapper/decrypt.v:191]
WARNING: [VRFC 10-2938] 'ram_din_i' is already implicitly declared on line 170 [C:/Users/THUAN/Downloads/wrapper/decrypt.v:192]
WARNING: [VRFC 10-2938] 'ram_din_addr_o' is already implicitly declared on line 169 [C:/Users/THUAN/Downloads/wrapper/decrypt.v:193]
WARNING: [VRFC 10-2938] 'done_u_minus_vy' is already implicitly declared on line 157 [C:/Users/THUAN/Downloads/wrapper/decrypt.v:194]
INFO: [VRFC 10-2263] Analyzing Verilog file "C:/Users/THUAN/Downloads/wrapper/encap.v" into library xil_defaultlib
INFO: [VRFC 10-311] analyzing module encap
WARNING: [VRFC 10-2938] 'count_hash_inputs' is already implicitly declared on line 539 [C:/Users/THUAN/Downloads/wrapper/encap.v:557]
WARNING: [VRFC 10-3380] identifier 'd_out' is used before its declaration [C:/Users/THUAN/Downloads/wrapper/encap.v:250]
WARNING: [VRFC 10-8864] concatenation with an unsized literal will be treated as 32 bits [C:/Users/THUAN/Downloads/wrapper/encap.v:249]
WARNING: [VRFC 10-8864] concatenation with an unsized literal will be treated as 32 bits [C:/Users/THUAN/Downloads/wrapper/encap.v:250]
WARNING: [VRFC 10-3380] identifier 'sel_uv' is used before its declaration [C:/Users/THUAN/Downloads/wrapper/encap.v:328]
WARNING: [VRFC 10-3380] identifier 'u_v_reg' is used before its declaration [C:/Users/THUAN/Downloads/wrapper/encap.v:506]
WARNING: [VRFC 10-3380] identifier 'u_v_reg' is used before its declaration [C:/Users/THUAN/Downloads/wrapper/encap.v:507]
WARNING: [VRFC 10-3380] identifier 'last_block_capture' is used before its declaration [C:/Users/THUAN/Downloads/wrapper/encap.v:515]
WARNING: [VRFC 10-3380] identifier 'block_capture' is used before its declaration [C:/Users/THUAN/Downloads/wrapper/encap.v:518]
WARNING: [VRFC 10-3380] identifier 'count_hash_inputs_test' is used before its declaration [C:/Users/THUAN/Downloads/wrapper/encap.v:527]
WARNING: [VRFC 10-3380] identifier 'count_hash_inputs_test' is used before its declaration [C:/Users/THUAN/Downloads/wrapper/encap.v:530]
WARNING: [VRFC 10-8864] concatenation with an unsized literal will be treated as 32 bits [C:/Users/THUAN/Downloads/wrapper/encap.v:546]
WARNING: [VRFC 10-3380] identifier 'total_shake_input_count' is used before its declaration [C:/Users/THUAN/Downloads/wrapper/encap.v:597]
WARNING: [VRFC 10-3380] identifier 'total_shake_input_count' is used before its declaration [C:/Users/THUAN/Downloads/wrapper/encap.v:626]
WARNING: [VRFC 10-3380] identifier 'total_shake_input_count' is used before its declaration [C:/Users/THUAN/Downloads/wrapper/encap.v:847]
WARNING: [VRFC 10-3380] identifier 'start_hash' is used before its declaration [C:/Users/THUAN/Downloads/wrapper/encap.v:1102]
WARNING: [VRFC 10-3380] identifier 'start_hash' is used before its declaration [C:/Users/THUAN/Downloads/wrapper/encap.v:1118]
WARNING: [VRFC 10-3380] identifier 'start_hash' is used before its declaration [C:/Users/THUAN/Downloads/wrapper/encap.v:1133]
WARNING: [VRFC 10-3380] identifier 'start_hash' is used before its declaration [C:/Users/THUAN/Downloads/wrapper/encap.v:1173]
WARNING: [VRFC 10-3380] identifier 'start_hash' is used before its declaration [C:/Users/THUAN/Downloads/wrapper/encap.v:1186]
WARNING: [VRFC 10-3380] identifier 'start_hash' is used before its declaration [C:/Users/THUAN/Downloads/wrapper/encap.v:1213]
WARNING: [VRFC 10-3380] identifier 'start_hash' is used before its declaration [C:/Users/THUAN/Downloads/wrapper/encap.v:1223]
WARNING: [VRFC 10-3380] identifier 'start_hash' is used before its declaration [C:/Users/THUAN/Downloads/wrapper/encap.v:1240]
WARNING: [VRFC 10-3380] identifier 'start_hash' is used before its declaration [C:/Users/THUAN/Downloads/wrapper/encap.v:1252]
WARNING: [VRFC 10-3380] identifier 'start_hash' is used before its declaration [C:/Users/THUAN/Downloads/wrapper/encap.v:1264]
WARNING: [VRFC 10-3380] identifier 'start_hash' is used before its declaration [C:/Users/THUAN/Downloads/wrapper/encap.v:1281]
WARNING: [VRFC 10-3380] identifier 'start_hash' is used before its declaration [C:/Users/THUAN/Downloads/wrapper/encap.v:1310]
WARNING: [VRFC 10-3380] identifier 'start_hash' is used before its declaration [C:/Users/THUAN/Downloads/wrapper/encap.v:1333]
WARNING: [VRFC 10-3380] identifier 'start_hash' is used before its declaration [C:/Users/THUAN/Downloads/wrapper/encap.v:1353]
WARNING: [VRFC 10-3380] identifier 'start_hash' is used before its declaration [C:/Users/THUAN/Downloads/wrapper/encap.v:1400]
WARNING: [VRFC 10-3380] identifier 'start_hash' is used before its declaration [C:/Users/THUAN/Downloads/wrapper/encap.v:1422]
WARNING: [VRFC 10-3380] identifier 'start_hash' is used before its declaration [C:/Users/THUAN/Downloads/wrapper/encap.v:1444]
WARNING: [VRFC 10-3380] identifier 'start_hash' is used before its declaration [C:/Users/THUAN/Downloads/wrapper/encap.v:1471]
WARNING: [VRFC 10-3380] identifier 'start_hash' is used before its declaration [C:/Users/THUAN/Downloads/wrapper/encap.v:1476]
WARNING: [VRFC 10-3380] identifier 'start_hash' is used before its declaration [C:/Users/THUAN/Downloads/wrapper/encap.v:1487]
WARNING: [VRFC 10-3380] identifier 'start_hash' is used before its declaration [C:/Users/THUAN/Downloads/wrapper/encap.v:1503]
WARNING: [VRFC 10-3380] identifier 'start_hash' is used before its declaration [C:/Users/THUAN/Downloads/wrapper/encap.v:1513]
INFO: [VRFC 10-2263] Analyzing Verilog file "C:/Users/THUAN/Downloads/wrapper/encrypt.v" into library xil_defaultlib
INFO: [VRFC 10-311] analyzing module encrypt
WARNING: [VRFC 10-2938] 'r1_internal' is already implicitly declared on line 325 [C:/Users/THUAN/Downloads/wrapper/encrypt.v:352]
WARNING: [VRFC 10-2938] 'r2_internal' is already implicitly declared on line 334 [C:/Users/THUAN/Downloads/wrapper/encrypt.v:353]
WARNING: [VRFC 10-2938] 'loc_addr' is already implicitly declared on line 332 [C:/Users/THUAN/Downloads/wrapper/encrypt.v:355]
WARNING: [VRFC 10-2938] 'pm_out' is already implicitly declared on line 341 [C:/Users/THUAN/Downloads/wrapper/encrypt.v:356]
WARNING: [VRFC 10-3248] data object 'pm_out' is already declared [C:/Users/THUAN/Downloads/wrapper/encrypt.v:447]
WARNING: [VRFC 10-9364] second declaration of 'pm_out' is ignored [C:/Users/THUAN/Downloads/wrapper/encrypt.v:447]
WARNING: [VRFC 10-2938] 'pm_rd_addr' is already implicitly declared on line 437 [C:/Users/THUAN/Downloads/wrapper/encrypt.v:448]
WARNING: [VRFC 10-2938] 'pm_rd_en' is already implicitly declared on line 438 [C:/Users/THUAN/Downloads/wrapper/encrypt.v:449]
WARNING: [VRFC 10-2938] 'add_out' is already implicitly declared on line 441 [C:/Users/THUAN/Downloads/wrapper/encrypt.v:451]
WARNING: [VRFC 10-2938] 'add_out_addr' is already implicitly declared on line 442 [C:/Users/THUAN/Downloads/wrapper/encrypt.v:452]
WARNING: [VRFC 10-2938] 'add_out_valid' is already implicitly declared on line 443 [C:/Users/THUAN/Downloads/wrapper/encrypt.v:453]
WARNING: [VRFC 10-2938] 'xor_add_en' is already implicitly declared on line 313 [C:/Users/THUAN/Downloads/wrapper/encrypt.v:487]
WARNING: [VRFC 10-2938] 'xor_add_addr' is already implicitly declared on line 437 [C:/Users/THUAN/Downloads/wrapper/encrypt.v:488]
WARNING: [VRFC 10-2938] 'xor_add_out' is already implicitly declared on line 441 [C:/Users/THUAN/Downloads/wrapper/encrypt.v:490]
WARNING: [VRFC 10-2938] 'xor_add_out_addr' is already implicitly declared on line 442 [C:/Users/THUAN/Downloads/wrapper/encrypt.v:491]
WARNING: [VRFC 10-2938] 'xor_add_out_valid' is already implicitly declared on line 443 [C:/Users/THUAN/Downloads/wrapper/encrypt.v:492]
WARNING: [VRFC 10-2938] 'en_r1' is already implicitly declared on line 324 [C:/Users/THUAN/Downloads/wrapper/encrypt.v:528]
WARNING: [VRFC 10-2938] 'en_r2' is already implicitly declared on line 333 [C:/Users/THUAN/Downloads/wrapper/encrypt.v:529]
WARNING: [VRFC 10-2096] empty statement in sequential block [C:/Users/THUAN/Downloads/wrapper/encrypt.v:557]
WARNING: [VRFC 10-2938] 'wen_fw' is already implicitly declared on line 324 [C:/Users/THUAN/Downloads/wrapper/encrypt.v:687]
WARNING: [VRFC 10-3248] data object 'sel_fw' is already declared [C:/Users/THUAN/Downloads/wrapper/encrypt.v:687]
WARNING: [VRFC 10-9364] second declaration of 'sel_fw' is ignored [C:/Users/THUAN/Downloads/wrapper/encrypt.v:687]
WARNING: [VRFC 10-2938] 'fw_addr_reg' is already implicitly declared on line 323 [C:/Users/THUAN/Downloads/wrapper/encrypt.v:694]
WARNING: [VRFC 10-2938] 'u_cpy_addr' is already implicitly declared on line 437 [C:/Users/THUAN/Downloads/wrapper/encrypt.v:793]
WARNING: [VRFC 10-2938] 'wen_u' is already implicitly declared on line 343 [C:/Users/THUAN/Downloads/wrapper/encrypt.v:794]
WARNING: [VRFC 10-2938] 'copy_u' is already implicitly declared on line 437 [C:/Users/THUAN/Downloads/wrapper/encrypt.v:795]
WARNING: [VRFC 10-2938] 'sel_r1_hr2' is already implicitly declared on line 470 [C:/Users/THUAN/Downloads/wrapper/encrypt.v:796]
WARNING: [VRFC 10-3380] identifier 'rd_fw' is used before its declaration [C:/Users/THUAN/Downloads/wrapper/encrypt.v:180]
WARNING: [VRFC 10-3380] identifier 'fw_addr' is used before its declaration [C:/Users/THUAN/Downloads/wrapper/encrypt.v:182]
WARNING: [VRFC 10-3380] identifier 'sel_e' is used before its declaration [C:/Users/THUAN/Downloads/wrapper/encrypt.v:183]
WARNING: [VRFC 10-3380] identifier 'pm_out' is used before its declaration [C:/Users/THUAN/Downloads/wrapper/encrypt.v:298]
WARNING: [VRFC 10-3380] identifier 'r2_done' is used before its declaration [C:/Users/THUAN/Downloads/wrapper/encrypt.v:543]
WARNING: [VRFC 10-3380] identifier 'start_fw_transfer' is used before its declaration [C:/Users/THUAN/Downloads/wrapper/encrypt.v:549]
WARNING: [VRFC 10-3380] identifier 'r2_done' is used before its declaration [C:/Users/THUAN/Downloads/wrapper/encrypt.v:560]
WARNING: [VRFC 10-3380] identifier 'start_fw_transfer' is used before its declaration [C:/Users/THUAN/Downloads/wrapper/encrypt.v:565]
WARNING: [VRFC 10-3380] identifier 'r2_done' is used before its declaration [C:/Users/THUAN/Downloads/wrapper/encrypt.v:579]
WARNING: [VRFC 10-3380] identifier 'start_fw_transfer' is used before its declaration [C:/Users/THUAN/Downloads/wrapper/encrypt.v:584]
WARNING: [VRFC 10-3380] identifier 'start_fw_transfer' is used before its declaration [C:/Users/THUAN/Downloads/wrapper/encrypt.v:597]
WARNING: [VRFC 10-3380] identifier 'start_fw_transfer' is used before its declaration [C:/Users/THUAN/Downloads/wrapper/encrypt.v:605]
WARNING: [VRFC 10-3380] identifier 'done_fw_transfer' is used before its declaration [C:/Users/THUAN/Downloads/wrapper/encrypt.v:606]
WARNING: [VRFC 10-3380] identifier 'r2_done' is used before its declaration [C:/Users/THUAN/Downloads/wrapper/encrypt.v:614]
WARNING: [VRFC 10-3380] identifier 'done_fw_transfer' is used before its declaration [C:/Users/THUAN/Downloads/wrapper/encrypt.v:616]
WARNING: [VRFC 10-3380] identifier 'start_fw_transfer' is used before its declaration [C:/Users/THUAN/Downloads/wrapper/encrypt.v:622]
WARNING: [VRFC 10-3380] identifier 'start_fw_transfer' is used before its declaration [C:/Users/THUAN/Downloads/wrapper/encrypt.v:635]
WARNING: [VRFC 10-3380] identifier 'start_fw_transfer' is used before its declaration [C:/Users/THUAN/Downloads/wrapper/encrypt.v:643]
WARNING: [VRFC 10-3380] identifier 'done_fw_transfer' is used before its declaration [C:/Users/THUAN/Downloads/wrapper/encrypt.v:644]
WARNING: [VRFC 10-3380] identifier 'r2_done' is used before its declaration [C:/Users/THUAN/Downloads/wrapper/encrypt.v:648]
WARNING: [VRFC 10-3380] identifier 'done_fw_transfer' is used before its declaration [C:/Users/THUAN/Downloads/wrapper/encrypt.v:655]
WARNING: [VRFC 10-3380] identifier 'r2_done' is used before its declaration [C:/Users/THUAN/Downloads/wrapper/encrypt.v:657]
WARNING: [VRFC 10-3380] identifier 'r2_done' is used before its declaration [C:/Users/THUAN/Downloads/wrapper/encrypt.v:660]
WARNING: [VRFC 10-3380] identifier 'r2_done' is used before its declaration [C:/Users/THUAN/Downloads/wrapper/encrypt.v:678]
INFO: [VRFC 10-2263] Analyzing Verilog file "C:/Users/THUAN/Downloads/wrapper/encrypt_parallel.v" into library xil_defaultlib
INFO: [VRFC 10-311] analyzing module encrypt_parallel
WARNING: [VRFC 10-2938] 'r1_internal' is already implicitly declared on line 362 [C:/Users/THUAN/Downloads/wrapper/encrypt_parallel.v:406]
WARNING: [VRFC 10-2938] 'r2_internal_hr2' is already implicitly declared on line 384 [C:/Users/THUAN/Downloads/wrapper/encrypt_parallel.v:408]
WARNING: [VRFC 10-2938] 'r2_internal_sr2' is already implicitly declared on line 385 [C:/Users/THUAN/Downloads/wrapper/encrypt_parallel.v:409]
WARNING: [VRFC 10-2938] 'loc_addr_hr2' is already implicitly declared on line 380 [C:/Users/THUAN/Downloads/wrapper/encrypt_parallel.v:411]
WARNING: [VRFC 10-2938] 'loc_addr_sr2' is already implicitly declared on line 381 [C:/Users/THUAN/Downloads/wrapper/encrypt_parallel.v:412]
WARNING: [VRFC 10-3248] data object 'pm_out' is already declared [C:/Users/THUAN/Downloads/wrapper/encrypt_parallel.v:549]
WARNING: [VRFC 10-9364] second declaration of 'pm_out' is ignored [C:/Users/THUAN/Downloads/wrapper/encrypt_parallel.v:549]
WARNING: [VRFC 10-2938] 'pm_rd_addr' is already implicitly declared on line 500 [C:/Users/THUAN/Downloads/wrapper/encrypt_parallel.v:550]
WARNING: [VRFC 10-2938] 'pm_rd_en' is already implicitly declared on line 501 [C:/Users/THUAN/Downloads/wrapper/encrypt_parallel.v:551]
WARNING: [VRFC 10-2938] 'add_out' is already implicitly declared on line 504 [C:/Users/THUAN/Downloads/wrapper/encrypt_parallel.v:553]
WARNING: [VRFC 10-2938] 'add_out_addr' is already implicitly declared on line 505 [C:/Users/THUAN/Downloads/wrapper/encrypt_parallel.v:554]
WARNING: [VRFC 10-2938] 'add_out_valid' is already implicitly declared on line 506 [C:/Users/THUAN/Downloads/wrapper/encrypt_parallel.v:555]
WARNING: [VRFC 10-2938] 'xor_add_en' is already implicitly declared on line 350 [C:/Users/THUAN/Downloads/wrapper/encrypt_parallel.v:613]
WARNING: [VRFC 10-2938] 'xor_add_addr' is already implicitly declared on line 539 [C:/Users/THUAN/Downloads/wrapper/encrypt_parallel.v:614]
WARNING: [VRFC 10-2938] 'xor_add_out' is already implicitly declared on line 543 [C:/Users/THUAN/Downloads/wrapper/encrypt_parallel.v:616]
WARNING: [VRFC 10-2938] 'xor_add_out_addr' is already implicitly declared on line 544 [C:/Users/THUAN/Downloads/wrapper/encrypt_parallel.v:617]
WARNING: [VRFC 10-2938] 'xor_add_out_valid' is already implicitly declared on line 545 [C:/Users/THUAN/Downloads/wrapper/encrypt_parallel.v:618]
WARNING: [VRFC 10-2938] 'en_r1' is already implicitly declared on line 361 [C:/Users/THUAN/Downloads/wrapper/encrypt_parallel.v:654]
WARNING: [VRFC 10-2938] 'en_r2' is already implicitly declared on line 382 [C:/Users/THUAN/Downloads/wrapper/encrypt_parallel.v:655]
WARNING: [VRFC 10-2096] empty statement in sequential block [C:/Users/THUAN/Downloads/wrapper/encrypt_parallel.v:673]
WARNING: [VRFC 10-2938] 'wen_fw' is already implicitly declared on line 361 [C:/Users/THUAN/Downloads/wrapper/encrypt_parallel.v:856]
WARNING: [VRFC 10-3248] data object 'sel_fw' is already declared [C:/Users/THUAN/Downloads/wrapper/encrypt_parallel.v:856]
WARNING: [VRFC 10-9364] second declaration of 'sel_fw' is ignored [C:/Users/THUAN/Downloads/wrapper/encrypt_parallel.v:856]
WARNING: [VRFC 10-2938] 'fw_addr_reg' is already implicitly declared on line 360 [C:/Users/THUAN/Downloads/wrapper/encrypt_parallel.v:863]
WARNING: [VRFC 10-3380] identifier 'rd_fw' is used before its declaration [C:/Users/THUAN/Downloads/wrapper/encrypt_parallel.v:209]
WARNING: [VRFC 10-3380] identifier 'fw_addr' is used before its declaration [C:/Users/THUAN/Downloads/wrapper/encrypt_parallel.v:211]
WARNING: [VRFC 10-3380] identifier 'sel_e' is used before its declaration [C:/Users/THUAN/Downloads/wrapper/encrypt_parallel.v:212]
WARNING: [VRFC 10-3380] identifier 'pm_out_sr2' is used before its declaration [C:/Users/THUAN/Downloads/wrapper/encrypt_parallel.v:335]
WARNING: [VRFC 10-3380] identifier 'r2_done' is used before its declaration [C:/Users/THUAN/Downloads/wrapper/encrypt_parallel.v:668]
WARNING: [VRFC 10-3380] identifier 'r2_done' is used before its declaration [C:/Users/THUAN/Downloads/wrapper/encrypt_parallel.v:676]
WARNING: [VRFC 10-3380] identifier 'r2_done' is used before its declaration [C:/Users/THUAN/Downloads/wrapper/encrypt_parallel.v:688]
WARNING: [VRFC 10-3380] identifier 'done_fw_transfer' is used before its declaration [C:/Users/THUAN/Downloads/wrapper/encrypt_parallel.v:710]
WARNING: [VRFC 10-3380] identifier 'r2_done' is used before its declaration [C:/Users/THUAN/Downloads/wrapper/encrypt_parallel.v:718]
WARNING: [VRFC 10-3380] identifier 'done_fw_transfer' is used before its declaration [C:/Users/THUAN/Downloads/wrapper/encrypt_parallel.v:720]
WARNING: [VRFC 10-3380] identifier 'done_fw_transfer' is used before its declaration [C:/Users/THUAN/Downloads/wrapper/encrypt_parallel.v:744]
WARNING: [VRFC 10-3380] identifier 'r2_done' is used before its declaration [C:/Users/THUAN/Downloads/wrapper/encrypt_parallel.v:748]
WARNING: [VRFC 10-3380] identifier 'done_fw_transfer' is used before its declaration [C:/Users/THUAN/Downloads/wrapper/encrypt_parallel.v:755]
WARNING: [VRFC 10-3380] identifier 'r2_done' is used before its declaration [C:/Users/THUAN/Downloads/wrapper/encrypt_parallel.v:757]
WARNING: [VRFC 10-3380] identifier 'r2_done' is used before its declaration [C:/Users/THUAN/Downloads/wrapper/encrypt_parallel.v:760]
WARNING: [VRFC 10-3380] identifier 'r2_done' is used before its declaration [C:/Users/THUAN/Downloads/wrapper/encrypt_parallel.v:777]
WARNING: [VRFC 10-3380] identifier 'start_fw_transfer' is used before its declaration [C:/Users/THUAN/Downloads/wrapper/encrypt_parallel.v:789]
WARNING: [VRFC 10-3380] identifier 'start_fw_transfer' is used before its declaration [C:/Users/THUAN/Downloads/wrapper/encrypt_parallel.v:805]
WARNING: [VRFC 10-3380] identifier 'start_fw_transfer' is used before its declaration [C:/Users/THUAN/Downloads/wrapper/encrypt_parallel.v:808]
WARNING: [VRFC 10-3380] identifier 'start_fw_transfer' is used before its declaration [C:/Users/THUAN/Downloads/wrapper/encrypt_parallel.v:814]
WARNING: [VRFC 10-3380] identifier 'start_fw_transfer' is used before its declaration [C:/Users/THUAN/Downloads/wrapper/encrypt_parallel.v:822]
WARNING: [VRFC 10-3380] identifier 'start_fw_transfer' is used before its declaration [C:/Users/THUAN/Downloads/wrapper/encrypt_parallel.v:825]
WARNING: [VRFC 10-3380] identifier 'start_fw_transfer' is used before its declaration [C:/Users/THUAN/Downloads/wrapper/encrypt_parallel.v:831]
WARNING: [VRFC 10-3380] identifier 'start_fw_transfer' is used before its declaration [C:/Users/THUAN/Downloads/wrapper/encrypt_parallel.v:838]
WARNING: [VRFC 10-3380] identifier 'start_fw_transfer' is used before its declaration [C:/Users/THUAN/Downloads/wrapper/encrypt_parallel.v:848]
INFO: [VRFC 10-2263] Analyzing Verilog file "C:/Users/THUAN/Downloads/wrapper/fft_leaves_butterfly.v" into library xil_defaultlib
INFO: [VRFC 10-311] analyzing module fft_leaves_butterfly
INFO: [VRFC 10-2263] Analyzing Verilog file "C:/Users/THUAN/Downloads/wrapper/fft_part1.v" into library xil_defaultlib
INFO: [VRFC 10-311] analyzing module fft_part1
WARNING: [VRFC 10-3380] identifier 'gf_out_d3' is used before its declaration [C:/Users/THUAN/Downloads/wrapper/fft_part1.v:61]
INFO: [VRFC 10-2263] Analyzing Verilog file "C:/Users/THUAN/Downloads/wrapper/fft_part2.v" into library xil_defaultlib
INFO: [VRFC 10-311] analyzing module fft_part2
INFO: [VRFC 10-311] analyzing module fft_part2_round
INFO: [VRFC 10-2263] Analyzing Verilog file "C:/Users/THUAN/Downloads/wrapper/fft_retrieve_error_poly.v" into library xil_defaultlib
INFO: [VRFC 10-311] analyzing module fft_retrieve_error_poly
INFO: [VRFC 10-2263] Analyzing Verilog file "C:/Users/THUAN/Downloads/wrapper/fixed_weight.v" into library xil_defaultlib
INFO: [VRFC 10-311] analyzing module fixed_weight
WARNING: [VRFC 10-9336] redeclaration of ANSI port 'din_shake' is not allowed [C:/Users/THUAN/Downloads/wrapper/fixed_weight.v:161]
WARNING: [VRFC 10-3380] identifier 'sel_ctx' is used before its declaration [C:/Users/THUAN/Downloads/wrapper/fixed_weight.v:233]
WARNING: [VRFC 10-3380] identifier 'sel_ctx' is used before its declaration [C:/Users/THUAN/Downloads/wrapper/fixed_weight.v:234]
WARNING: [VRFC 10-3380] identifier 'sel_ctx' is used before its declaration [C:/Users/THUAN/Downloads/wrapper/fixed_weight.v:235]
WARNING: [VRFC 10-3380] identifier 'start_red' is used before its declaration [C:/Users/THUAN/Downloads/wrapper/fixed_weight.v:506]
WARNING: [VRFC 10-3380] identifier 'start_red' is used before its declaration [C:/Users/THUAN/Downloads/wrapper/fixed_weight.v:518]
WARNING: [VRFC 10-3380] identifier 'start_red' is used before its declaration [C:/Users/THUAN/Downloads/wrapper/fixed_weight.v:529]
WARNING: [VRFC 10-3380] identifier 'start_red' is used before its declaration [C:/Users/THUAN/Downloads/wrapper/fixed_weight.v:540]
WARNING: [VRFC 10-3380] identifier 'start_red' is used before its declaration [C:/Users/THUAN/Downloads/wrapper/fixed_weight.v:546]
WARNING: [VRFC 10-3380] identifier 'start_red' is used before its declaration [C:/Users/THUAN/Downloads/wrapper/fixed_weight.v:552]
INFO: [VRFC 10-2263] Analyzing Verilog file "C:/Users/THUAN/Downloads/wrapper/fixed_weight_ct.v" into library xil_defaultlib
INFO: [VRFC 10-311] analyzing module fixed_weight_ct
WARNING: [VRFC 10-9336] redeclaration of ANSI port 'din_shake' is not allowed [C:/Users/THUAN/Downloads/wrapper/fixed_weight_ct.v:153]
WARNING: [VRFC 10-3380] identifier 'sel_ctx' is used before its declaration [C:/Users/THUAN/Downloads/wrapper/fixed_weight_ct.v:222]
WARNING: [VRFC 10-3380] identifier 'sel_ctx' is used before its declaration [C:/Users/THUAN/Downloads/wrapper/fixed_weight_ct.v:223]
WARNING: [VRFC 10-3380] identifier 'sel_ctx' is used before its declaration [C:/Users/THUAN/Downloads/wrapper/fixed_weight_ct.v:224]
WARNING: [VRFC 10-3380] identifier 'start_red' is used before its declaration [C:/Users/THUAN/Downloads/wrapper/fixed_weight_ct.v:462]
WARNING: [VRFC 10-3380] identifier 'start_red' is used before its declaration [C:/Users/THUAN/Downloads/wrapper/fixed_weight_ct.v:475]
WARNING: [VRFC 10-3380] identifier 'start_red' is used before its declaration [C:/Users/THUAN/Downloads/wrapper/fixed_weight_ct.v:493]
WARNING: [VRFC 10-3380] identifier 'start_red' is used before its declaration [C:/Users/THUAN/Downloads/wrapper/fixed_weight_ct.v:512]
WARNING: [VRFC 10-3380] identifier 'start_red' is used before its declaration [C:/Users/THUAN/Downloads/wrapper/fixed_weight_ct.v:519]
WARNING: [VRFC 10-3380] identifier 'start_red' is used before its declaration [C:/Users/THUAN/Downloads/wrapper/fixed_weight_ct.v:526]
WARNING: [VRFC 10-3380] identifier 'start_red' is used before its declaration [C:/Users/THUAN/Downloads/wrapper/fixed_weight_ct.v:533]
INFO: [VRFC 10-2263] Analyzing Verilog file "C:/Users/THUAN/Downloads/wrapper/fixed_weight_cww.v" into library xil_defaultlib
INFO: [VRFC 10-311] analyzing module fixed_weight_cww
WARNING: [VRFC 10-9336] redeclaration of ANSI port 'din_shake' is not allowed [C:/Users/THUAN/Downloads/wrapper/fixed_weight_cww.v:141]
WARNING: [VRFC 10-2938] 'dout_shake_reduced' is already implicitly declared on line 245 [C:/Users/THUAN/Downloads/wrapper/fixed_weight_cww.v:270]
WARNING: [VRFC 10-2938] 'n_minus_i' is already implicitly declared on line 244 [C:/Users/THUAN/Downloads/wrapper/fixed_weight_cww.v:309]
WARNING: [VRFC 10-2938] 'dout_reduced_valid' is already implicitly declared on line 241 [C:/Users/THUAN/Downloads/wrapper/fixed_weight_cww.v:322]
WARNING: [VRFC 10-3380] identifier 'n_minus_i' is used before its declaration [C:/Users/THUAN/Downloads/wrapper/fixed_weight_cww.v:229]
WARNING: [VRFC 10-3380] identifier 'n_minus_i' is used before its declaration [C:/Users/THUAN/Downloads/wrapper/fixed_weight_cww.v:232]
WARNING: [VRFC 10-3380] identifier 'count' is used before its declaration [C:/Users/THUAN/Downloads/wrapper/fixed_weight_cww.v:272]
INFO: [VRFC 10-2263] Analyzing Verilog file "C:/Users/THUAN/Downloads/wrapper/gf_mul.v" into library xil_defaultlib
INFO: [VRFC 10-311] analyzing module gf_mul
INFO: [VRFC 10-2263] Analyzing Verilog file "C:/Users/THUAN/Downloads/wrapper/gfmul.v" into library xil_defaultlib
INFO: [VRFC 10-311] analyzing module gfmul
INFO: [VRFC 10-2263] Analyzing Verilog file "C:/Users/THUAN/Downloads/wrapper/hqc_barrett_red.v" into library xil_defaultlib
INFO: [VRFC 10-311] analyzing module hqc_barrett_red
INFO: [VRFC 10-2263] Analyzing Verilog file "C:/Users/THUAN/Downloads/wrapper/hqc_decod_top.v" into library xil_defaultlib
INFO: [VRFC 10-311] analyzing module hqc_decod_top
INFO: [VRFC 10-2263] Analyzing Verilog file "C:/Users/THUAN/Downloads/wrapper/hqc_kem_joint_design.v" into library xil_defaultlib
INFO: [VRFC 10-311] analyzing module hqc_kem_joint_design
INFO: [VRFC 10-2263] Analyzing Verilog file "C:/Users/THUAN/Downloads/wrapper/hqc_rmdecod_ctrl.v" into library xil_defaultlib
INFO: [VRFC 10-311] analyzing module hqc_rmdecod_ctrl
INFO: [VRFC 10-2263] Analyzing Verilog file "C:/Users/THUAN/Downloads/wrapper/hqc_rmdecod_expnsum.v" into library xil_defaultlib
INFO: [VRFC 10-311] analyzing module hqc_rmdecod_expnsum
INFO: [VRFC 10-2263] Analyzing Verilog file "C:/Users/THUAN/Downloads/wrapper/hqc_rmdecod_findpeaks.v" into library xil_defaultlib
INFO: [VRFC 10-311] analyzing module hqc_rmdecod_findpeaks
INFO: [VRFC 10-311] analyzing module findpeaks_core
INFO: [VRFC 10-2263] Analyzing Verilog file "C:/Users/THUAN/Downloads/wrapper/hqc_rmdecod_hadamard.v" into library xil_defaultlib
INFO: [VRFC 10-311] analyzing module hqc_rmdecod_hadamard
INFO: [VRFC 10-311] analyzing module hadamard_layer
INFO: [VRFC 10-2263] Analyzing Verilog file "C:/Users/THUAN/Downloads/wrapper/hqc_rmdecod_top.v" into library xil_defaultlib
INFO: [VRFC 10-311] analyzing module hqc_rmdecod_top
INFO: [VRFC 10-2263] Analyzing Verilog file "C:/Users/THUAN/Downloads/wrapper/hqc_rsdecod_elp.v" into library xil_defaultlib
INFO: [VRFC 10-311] analyzing module hqc_rsdecod_elp
INFO: [VRFC 10-2263] Analyzing Verilog file "C:/Users/THUAN/Downloads/wrapper/hqc_rsdecod_err_val.v" into library xil_defaultlib
INFO: [VRFC 10-311] analyzing module hqc_rsdecod_err_val
INFO: [VRFC 10-2263] Analyzing Verilog file "C:/Users/THUAN/Downloads/wrapper/hqc_rsdecod_roots.v" into library xil_defaultlib
INFO: [VRFC 10-311] analyzing module hqc_rsdecod_roots
WARNING: [VRFC 10-3248] data object 'fft_done' is already declared [C:/Users/THUAN/Downloads/wrapper/hqc_rsdecod_roots.v:47]
WARNING: [VRFC 10-9364] second declaration of 'fft_done' is ignored [C:/Users/THUAN/Downloads/wrapper/hqc_rsdecod_roots.v:47]
INFO: [VRFC 10-2263] Analyzing Verilog file "C:/Users/THUAN/Downloads/wrapper/hqc_rsdecod_syndromes.v" into library xil_defaultlib
INFO: [VRFC 10-311] analyzing module hqc_rsdecod_syndromes
INFO: [VRFC 10-2263] Analyzing Verilog file "C:/Users/THUAN/Downloads/wrapper/hqc_rsdecod_top.v" into library xil_defaultlib
INFO: [VRFC 10-311] analyzing module hqc_rsdecod_top
INFO: [VRFC 10-2263] Analyzing Verilog file "C:/Users/THUAN/Downloads/wrapper/hqc_rsdecod_zpoly.v" into library xil_defaultlib
INFO: [VRFC 10-311] analyzing module hqc_rsdecod_zpoly
INFO: [VRFC 10-2263] Analyzing Verilog file "C:/Users/THUAN/Downloads/wrapper/karatsuba_small.v" into library xil_defaultlib
INFO: [VRFC 10-311] analyzing module karatsuba_small
INFO: [VRFC 10-2263] Analyzing Verilog file "C:/Users/THUAN/Downloads/wrapper/keccak_top.v" into library xil_defaultlib
INFO: [VRFC 10-311] analyzing module keccak_top
INFO: [VRFC 10-2263] Analyzing Verilog file "C:/Users/THUAN/Downloads/wrapper/keygen.v" into library xil_defaultlib
INFO: [VRFC 10-311] analyzing module keygen
WARNING: [VRFC 10-2938] 'pm_out' is already implicitly declared on line 390 [C:/Users/THUAN/Downloads/wrapper/keygen.v:398]
WARNING: [VRFC 10-2938] 'pm_rd_addr' is already implicitly declared on line 387 [C:/Users/THUAN/Downloads/wrapper/keygen.v:399]
WARNING: [VRFC 10-2938] 'pm_rd_en' is already implicitly declared on line 388 [C:/Users/THUAN/Downloads/wrapper/keygen.v:400]
WARNING: [VRFC 10-2938] 'add_out' is already implicitly declared on line 392 [C:/Users/THUAN/Downloads/wrapper/keygen.v:402]
WARNING: [VRFC 10-2938] 'add_out_addr' is already implicitly declared on line 393 [C:/Users/THUAN/Downloads/wrapper/keygen.v:403]
WARNING: [VRFC 10-2938] 'add_out_valid' is already implicitly declared on line 394 [C:/Users/THUAN/Downloads/wrapper/keygen.v:404]
WARNING: [VRFC 10-2938] 'x_addr_reg' is already implicitly declared on line 317 [C:/Users/THUAN/Downloads/wrapper/keygen.v:702]
WARNING: [VRFC 10-3380] identifier 'pm_out' is used before its declaration [C:/Users/THUAN/Downloads/wrapper/keygen.v:193]
WARNING: [VRFC 10-3380] identifier 'x_addr' is used before its declaration [C:/Users/THUAN/Downloads/wrapper/keygen.v:221]
WARNING: [VRFC 10-3380] identifier 'x_transfer_done' is used before its declaration [C:/Users/THUAN/Downloads/wrapper/keygen.v:490]
INFO: [VRFC 10-2263] Analyzing Verilog file "C:/Users/THUAN/Downloads/wrapper/loc_based_adder.v" into library xil_defaultlib
INFO: [VRFC 10-311] analyzing module loc_based_adder
INFO: [VRFC 10-2263] Analyzing Verilog file "C:/Users/THUAN/Downloads/wrapper/mem_dual.v" into library xil_defaultlib
INFO: [VRFC 10-311] analyzing module mem_dual
INFO: [VRFC 10-2263] Analyzing Verilog file "C:/Users/THUAN/Downloads/wrapper/mem_single.v" into library xil_defaultlib
INFO: [VRFC 10-311] analyzing module mem_single
INFO: [VRFC 10-2263] Analyzing Verilog file "C:/Users/THUAN/Downloads/wrapper/mod34.v" into library xil_defaultlib
INFO: [VRFC 10-311] analyzing module mod34
INFO: [VRFC 10-2263] Analyzing Verilog file "C:/Users/THUAN/Downloads/wrapper/onegen.v" into library xil_defaultlib
INFO: [VRFC 10-311] analyzing module onegen
INFO: [VRFC 10-2263] Analyzing Verilog file "C:/Users/THUAN/Downloads/wrapper/onegen_ct.v" into library xil_defaultlib
INFO: [VRFC 10-311] analyzing module onegen_ct
INFO: [VRFC 10-2263] Analyzing Verilog file "C:/Users/THUAN/Downloads/wrapper/poly_mult.v" into library xil_defaultlib
INFO: [VRFC 10-311] analyzing module poly_mult
WARNING: [VRFC 10-9336] redeclaration of ANSI port 'mux_word_0' is not allowed [C:/Users/THUAN/Downloads/wrapper/poly_mult.v:103]
WARNING: [VRFC 10-9336] redeclaration of ANSI port 'mux_word_1' is not allowed [C:/Users/THUAN/Downloads/wrapper/poly_mult.v:104]
WARNING: [VRFC 10-3380] identifier 'addr_0_intermediate' is used before its declaration [C:/Users/THUAN/Downloads/wrapper/poly_mult.v:218]
WARNING: [VRFC 10-3380] identifier 'addr_0_intermediate' is used before its declaration [C:/Users/THUAN/Downloads/wrapper/poly_mult.v:229]
WARNING: [VRFC 10-3380] identifier 'addr_0_intermediate' is used before its declaration [C:/Users/THUAN/Downloads/wrapper/poly_mult.v:230]
WARNING: [VRFC 10-3380] identifier 'state' is used before its declaration [C:/Users/THUAN/Downloads/wrapper/poly_mult.v:233]
INFO: [VRFC 10-2263] Analyzing Verilog file "C:/Users/THUAN/Downloads/wrapper/rc.v" into library xil_defaultlib
INFO: [VRFC 10-311] analyzing module rc
INFO: [VRFC 10-2263] Analyzing Verilog file "C:/Users/THUAN/Downloads/wrapper/reed_muller_encode.v" into library xil_defaultlib
INFO: [VRFC 10-311] analyzing module reed_muller_encode
WARNING: [VRFC 10-2938] 'wr_en' is already implicitly declared on line 93 [C:/Users/THUAN/Downloads/wrapper/reed_muller_encode.v:101]
WARNING: [VRFC 10-3380] identifier 'init' is used before its declaration [C:/Users/THUAN/Downloads/wrapper/reed_muller_encode.v:67]
WARNING: [VRFC 10-3380] identifier 'shift_cdw' is used before its declaration [C:/Users/THUAN/Downloads/wrapper/reed_muller_encode.v:70]
WARNING: [VRFC 10-3380] identifier 'count_cdw_bytes' is used before its declaration [C:/Users/THUAN/Downloads/wrapper/reed_muller_encode.v:86]
INFO: [VRFC 10-2263] Analyzing Verilog file "C:/Users/THUAN/Downloads/wrapper/reed_solomon_encode.v" into library xil_defaultlib
INFO: [VRFC 10-311] analyzing module reed_solomon_encode
WARNING: [VRFC 10-3380] identifier 'init_msg' is used before its declaration [C:/Users/THUAN/Downloads/wrapper/reed_solomon_encode.v:75]
WARNING: [VRFC 10-3380] identifier 'shift_msg' is used before its declaration [C:/Users/THUAN/Downloads/wrapper/reed_solomon_encode.v:78]
WARNING: [VRFC 10-3380] identifier 'init_msg' is used before its declaration [C:/Users/THUAN/Downloads/wrapper/reed_solomon_encode.v:88]
INFO: [VRFC 10-2263] Analyzing Verilog file "C:/Users/THUAN/Downloads/wrapper/rm_encoder.v" into library xil_defaultlib
INFO: [VRFC 10-311] analyzing module rm_encoder
INFO: [VRFC 10-2263] Analyzing Verilog file "C:/Users/THUAN/Downloads/wrapper/state_ram.v" into library xil_defaultlib
INFO: [VRFC 10-311] analyzing module state_ram
WARNING: [VRFC 10-634] event expressions must result in a singular type [C:/Users/THUAN/Downloads/wrapper/state_ram.v:122]
WARNING: [VRFC 10-634] event expressions must result in a singular type [C:/Users/THUAN/Downloads/wrapper/state_ram.v:228]
WARNING: [VRFC 10-634] event expressions must result in a singular type [C:/Users/THUAN/Downloads/wrapper/state_ram.v:278]
WARNING: [VRFC 10-634] event expressions must result in a singular type [C:/Users/THUAN/Downloads/wrapper/state_ram.v:379]
INFO: [VRFC 10-2263] Analyzing Verilog file "C:/Users/THUAN/Downloads/wrapper/stateram_inference.v" into library xil_defaultlib
INFO: [VRFC 10-311] analyzing module stateram_inference
INFO: [VRFC 10-2263] Analyzing Verilog file "C:/Users/THUAN/Downloads/wrapper/syncfifo.v" into library xil_defaultlib
INFO: [VRFC 10-311] analyzing module syncfifo
INFO: [VRFC 10-2263] Analyzing Verilog file "C:/Users/THUAN/Downloads/wrapper/transform.v" into library xil_defaultlib
INFO: [VRFC 10-311] analyzing module transform
INFO: [VRFC 10-2263] Analyzing Verilog file "C:/Users/THUAN/Downloads/wrapper/v_minus_uy.v" into library xil_defaultlib
INFO: [VRFC 10-311] analyzing module v_minus_uy
WARNING: [VRFC 10-3248] data object 'pm_out' is already declared [C:/Users/THUAN/Downloads/wrapper/v_minus_uy.v:219]
WARNING: [VRFC 10-9364] second declaration of 'pm_out' is ignored [C:/Users/THUAN/Downloads/wrapper/v_minus_uy.v:219]
WARNING: [VRFC 10-3380] identifier 'xor_add_addr' is used before its declaration [C:/Users/THUAN/Downloads/wrapper/v_minus_uy.v:145]
WARNING: [VRFC 10-3380] identifier 'xor_add_en' is used before its declaration [C:/Users/THUAN/Downloads/wrapper/v_minus_uy.v:168]
WARNING: [VRFC 10-3380] identifier 'xor_add_addr' is used before its declaration [C:/Users/THUAN/Downloads/wrapper/v_minus_uy.v:169]
WARNING: [VRFC 10-3380] identifier 'xor_add_out_valid' is used before its declaration [C:/Users/THUAN/Downloads/wrapper/v_minus_uy.v:170]
WARNING: [VRFC 10-3380] identifier 'xor_add_out_addr' is used before its declaration [C:/Users/THUAN/Downloads/wrapper/v_minus_uy.v:171]
WARNING: [VRFC 10-3380] identifier 'xor_add_out' is used before its declaration [C:/Users/THUAN/Downloads/wrapper/v_minus_uy.v:172]
INFO: [VRFC 10-2263] Analyzing Verilog file "C:/Users/THUAN/Downloads/wrapper/vect_set_random.v" into library xil_defaultlib
INFO: [VRFC 10-311] analyzing module vect_set_random
WARNING: [VRFC 10-9336] redeclaration of ANSI port 'shake_din' is not allowed [C:/Users/THUAN/Downloads/wrapper/vect_set_random.v:104]
WARNING: [VRFC 10-2938] 'rand_mem_in' is already implicitly declared on line 151 [C:/Users/THUAN/Downloads/wrapper/vect_set_random.v:167]
WARNING: [VRFC 10-2938] 'wr_en_rand' is already implicitly declared on line 155 [C:/Users/THUAN/Downloads/wrapper/vect_set_random.v:168]
WARNING: [VRFC 10-3380] identifier 'pk_rand_addr' is used before its declaration [C:/Users/THUAN/Downloads/wrapper/vect_set_random.v:146]
WARNING: [VRFC 10-3380] identifier 'pk_rand_addr' is used before its declaration [C:/Users/THUAN/Downloads/wrapper/vect_set_random.v:174]
WARNING: [VRFC 10-3380] identifier 'pk_rand_addr_reg' is used before its declaration [C:/Users/THUAN/Downloads/wrapper/vect_set_random.v:200]
WARNING: [VRFC 10-3380] identifier 'pk_rand_addr' is used before its declaration [C:/Users/THUAN/Downloads/wrapper/vect_set_random.v:201]
WARNING: [VRFC 10-3380] identifier 'pk_rand_addr' is used before its declaration [C:/Users/THUAN/Downloads/wrapper/vect_set_random.v:208]
WARNING: [VRFC 10-3380] identifier 'pk_rand_addr_reg' is used before its declaration [C:/Users/THUAN/Downloads/wrapper/vect_set_random.v:219]
INFO: [VRFC 10-2263] Analyzing Verilog file "C:/Users/THUAN/Downloads/wrapper/xor_based_adder.v" into library xil_defaultlib
INFO: [VRFC 10-311] analyzing module xor_based_adder
INFO: [VRFC 10-2263] Analyzing Verilog file "C:/Users/THUAN/Downloads/wrapper/keygen_tb.v" into library xil_defaultlib
INFO: [VRFC 10-311] analyzing module keygen_tb
run_program: Time (s): cpu = 00:00:02 ; elapsed = 00:00:18 . Memory (MB): peak = 1417.137 ; gain = 0.000
INFO: [USF-XSim-69] 'compile' step finished in '17' seconds
INFO: [USF-XSim-3] XSim::Elaborate design
INFO: [USF-XSim-61] Executing 'ELABORATE' step in 'D:/University/251/DA/wrapper/wrapper.sim/sim_1/behav/xsim'
"xelab --incr --debug typical --relax --mt 2 -L xil_defaultlib -L unisims_ver -L unimacro_ver -L secureip --snapshot keygen_tb_behav xil_defaultlib.keygen_tb xil_defaultlib.glbl -log elaborate.log"
Vivado Simulator v2022.2
Copyright 1986-1999, 2001-2022 Xilinx, Inc. All Rights Reserved.
Running: D:/Apps/Xilinx/Vivado/2022.2/bin/unwrapped/win64.o/xelab.exe --incr --debug typical --relax --mt 2 -L xil_defaultlib -L unisims_ver -L unimacro_ver -L secureip --snapshot keygen_tb_behav xil_defaultlib.keygen_tb xil_defaultlib.glbl -log elaborate.log 
Using 2 slave threads.
Starting static elaboration
Pass Through NonSizing Optimizer
WARNING: [VRFC 10-3091] actual bit length 13 differs from formal bit length 8 for port 'address_0' [C:/Users/THUAN/Downloads/wrapper/HQC_wrapper.v:77]
WARNING: [VRFC 10-3091] actual bit length 13 differs from formal bit length 8 for port 'address_1' [C:/Users/THUAN/Downloads/wrapper/HQC_wrapper.v:78]
WARNING: [VRFC 10-3091] actual bit length 13 differs from formal bit length 8 for port 'address_0' [C:/Users/THUAN/Downloads/wrapper/HQC_wrapper.v:83]
WARNING: [VRFC 10-3091] actual bit length 13 differs from formal bit length 8 for port 'address_1' [C:/Users/THUAN/Downloads/wrapper/HQC_wrapper.v:84]
WARNING: [VRFC 10-3091] actual bit length 13 differs from formal bit length 8 for port 'address_0' [C:/Users/THUAN/Downloads/wrapper/HQC_wrapper.v:89]
WARNING: [VRFC 10-3091] actual bit length 13 differs from formal bit length 8 for port 'address_1' [C:/Users/THUAN/Downloads/wrapper/HQC_wrapper.v:90]
WARNING: [VRFC 10-3091] actual bit length 13 differs from formal bit length 8 for port 'address_0' [C:/Users/THUAN/Downloads/wrapper/HQC_wrapper.v:95]
WARNING: [VRFC 10-3091] actual bit length 13 differs from formal bit length 8 for port 'address_1' [C:/Users/THUAN/Downloads/wrapper/HQC_wrapper.v:96]
WARNING: [VRFC 10-3091] actual bit length 13 differs from formal bit length 8 for port 'keygen_out_addr' [C:/Users/THUAN/Downloads/wrapper/HQC_wrapper.v:124]
WARNING: [VRFC 10-3091] actual bit length 13 differs from formal bit length 9 for port 'd_h_addr_0' [C:/Users/THUAN/Downloads/wrapper/HQC_wrapper.v:136]
WARNING: [VRFC 10-3091] actual bit length 13 differs from formal bit length 9 for port 'u_addr_0' [C:/Users/THUAN/Downloads/wrapper/HQC_wrapper.v:137]
WARNING: [VRFC 10-3091] actual bit length 32 differs from formal bit length 128 for port 'decap_out' [C:/Users/THUAN/Downloads/wrapper/HQC_wrapper.v:140]
WARNING: [VRFC 10-3091] actual bit length 13 differs from formal bit length 8 for port 'decap_out_addr' [C:/Users/THUAN/Downloads/wrapper/HQC_wrapper.v:142]
WARNING: [VRFC 10-3091] actual bit length 32 differs from formal bit length 2 for port 'm_addr' [C:/Users/THUAN/Downloads/wrapper/HQC_wrapper.v:145]
WARNING: [VRFC 10-3091] actual bit length 32 differs from formal bit length 128 for port 'decap_in' [C:/Users/THUAN/Downloads/wrapper/HQC_wrapper.v:146]
WARNING: [VRFC 10-3091] actual bit length 32 differs from formal bit length 1 for port 'start' [C:/Users/THUAN/Downloads/wrapper/hqc_kem_joint_design.v:376]
WARNING: [VRFC 10-3091] actual bit length 32 differs from formal bit length 1 for port 'wren_1' [C:/Users/THUAN/Downloads/wrapper/vect_set_random.v:156]
WARNING: [VRFC 10-3091] actual bit length 7 differs from formal bit length 16 for port 'loc_addr' [C:/Users/THUAN/Downloads/wrapper/keygen.v:376]
WARNING: [VRFC 10-3091] actual bit length 32 differs from formal bit length 8 for port 'weight' [C:/Users/THUAN/Downloads/wrapper/keygen.v:378]
WARNING: [VRFC 10-3091] actual bit length 9 differs from formal bit length 8 for port 'address_0' [C:/Users/THUAN/Downloads/wrapper/poly_mult.v:247]
WARNING: [VRFC 10-3091] actual bit length 9 differs from formal bit length 8 for port 'address_1' [C:/Users/THUAN/Downloads/wrapper/poly_mult.v:248]
WARNING: [VRFC 10-3091] actual bit length 32 differs from formal bit length 24 for port 'data_1' [C:/Users/THUAN/Downloads/wrapper/fixed_weight_ct.v:242]
WARNING: [VRFC 10-3091] actual bit length 32 differs from formal bit length 1 for port 'wren_1' [C:/Users/THUAN/Downloads/wrapper/fixed_weight_ct.v:246]
WARNING: [VRFC 10-3091] actual bit length 32 differs from formal bit length 1 for port 'start' [C:/Users/THUAN/Downloads/wrapper/hqc_kem_joint_design.v:419]
WARNING: [VRFC 10-3091] actual bit length 32 differs from formal bit length 1 for port 'u_v_in_wen' [C:/Users/THUAN/Downloads/wrapper/hqc_kem_joint_design.v:443]
WARNING: [VRFC 10-3091] actual bit length 32 differs from formal bit length 8 for port 'u_v_in_addr' [C:/Users/THUAN/Downloads/wrapper/hqc_kem_joint_design.v:444]
WARNING: [VRFC 10-3091] actual bit length 32 differs from formal bit length 1 for port 'resume_encap' [C:/Users/THUAN/Downloads/wrapper/hqc_kem_joint_design.v:446]
WARNING: [VRFC 10-3091] actual bit length 368 differs from formal bit length 240 for port 'cdw_in' [C:/Users/THUAN/Downloads/wrapper/reed_solomon_encode.v:121]
WARNING: [VRFC 10-3091] actual bit length 32 differs from formal bit length 1 for port 'start' [C:/Users/THUAN/Downloads/wrapper/reed_solomon_encode.v:108]
WARNING: [VRFC 10-3091] actual bit length 32 differs from formal bit length 1 for port 'start' [C:/Users/THUAN/Downloads/wrapper/reed_muller_encode.v:80]
WARNING: [VRFC 10-3091] actual bit length 32 differs from formal bit length 1 for port 'wr_en' [C:/Users/THUAN/Downloads/wrapper/encrypt.v:343]
WARNING: [VRFC 10-3091] actual bit length 7 differs from formal bit length 16 for port 'loc_addr' [C:/Users/THUAN/Downloads/wrapper/encrypt.v:426]
WARNING: [VRFC 10-3091] actual bit length 32 differs from formal bit length 8 for port 'weight' [C:/Users/THUAN/Downloads/wrapper/encrypt.v:428]
WARNING: [VRFC 10-3091] actual bit length 32 differs from formal bit length 1 for port 'add_wr_en' [C:/Users/THUAN/Downloads/wrapper/encrypt.v:443]
WARNING: [VRFC 10-3091] actual bit length 32 differs from formal bit length 1 for port 'start' [C:/Users/THUAN/Downloads/wrapper/hqc_kem_joint_design.v:487]
WARNING: [VRFC 10-3091] actual bit length 32 differs from formal bit length 1 for port 'dout_ready_i' [C:/Users/THUAN/Downloads/wrapper/hqc_rmdecod_top.v:81]
WARNING: [VRFC 10-3091] actual bit length 32 differs from formal bit length 1 for port 'start' [C:/Users/THUAN/Downloads/wrapper/hqc_rsdecod_elp.v:92]
WARNING: [VRFC 10-3091] actual bit length 32 differs from formal bit length 1 for port 'start' [C:/Users/THUAN/Downloads/wrapper/hqc_rsdecod_elp.v:156]
WARNING: [VRFC 10-3091] actual bit length 32 differs from formal bit length 1 for port 'start' [C:/Users/THUAN/Downloads/wrapper/hqc_rsdecod_zpoly.v:101]
WARNING: [VRFC 10-3091] actual bit length 8 differs from formal bit length 32 for port 'dout_o' [C:/Users/THUAN/Downloads/wrapper/add_fft.v:81]
WARNING: [VRFC 10-3091] actual bit length 32 differs from formal bit length 1 for port 'start' [C:/Users/THUAN/Downloads/wrapper/fft_part1.v:143]
WARNING: [VRFC 10-3091] actual bit length 32 differs from formal bit length 1 for port 'start' [C:/Users/THUAN/Downloads/wrapper/fft_leaves_butterfly.v:70]
WARNING: [VRFC 10-3091] actual bit length 32 differs from formal bit length 1 for port 'start' [C:/Users/THUAN/Downloads/wrapper/fft_part2.v:147]
WARNING: [VRFC 10-3091] actual bit length 32 differs from formal bit length 1 for port 'start' [C:/Users/THUAN/Downloads/wrapper/hqc_rsdecod_err_val.v:176]
WARNING: [VRFC 10-3091] actual bit length 32 differs from formal bit length 1 for port 'start' [C:/Users/THUAN/Downloads/wrapper/hqc_rsdecod_err_val.v:187]
WARNING: [VRFC 10-3091] actual bit length 32 differs from formal bit length 2 for port 'encap_out_type' [C:/Users/THUAN/Downloads/wrapper/decap.v:528]
WARNING: [VRFC 10-3091] actual bit length 32 differs from formal bit length 1 for port 'encap_out_en' [C:/Users/THUAN/Downloads/wrapper/decap.v:530]
WARNING: [VRFC 10-3091] actual bit length 40 differs from formal bit length 8 for port 'encap_out_addr' [C:/Users/THUAN/Downloads/wrapper/decap.v:531]
WARNING: [VRFC 10-5021] port 'encap_out_type' is not connected on this instance [C:/Users/THUAN/Downloads/wrapper/HQC_wrapper.v:105]
WARNING: [VRFC 10-5021] port 'shake_force_done_ack' is not connected on this instance [C:/Users/THUAN/Downloads/wrapper/hqc_kem_joint_design.v:414]
WARNING: [VRFC 10-8864] concatenation with an unsized literal will be treated as 32 bits [C:/Users/THUAN/Downloads/wrapper/encap.v:249]
WARNING: [VRFC 10-8864] concatenation with an unsized literal will be treated as 32 bits [C:/Users/THUAN/Downloads/wrapper/encap.v:250]
WARNING: [VRFC 10-8864] concatenation with an unsized literal will be treated as 32 bits [C:/Users/THUAN/Downloads/wrapper/encap.v:546]
WARNING: [VRFC 10-5021] port 'rst' is not connected on this instance [C:/Users/THUAN/Downloads/wrapper/reed_muller_encode.v:77]
WARNING: [VRFC 10-8864] concatenation with an unsized literal will be treated as 32 bits [C:/Users/THUAN/Downloads/wrapper/decap.v:531]
WARNING: [VRFC 10-5021] port 'shake_force_done_ack' is not connected on this instance [C:/Users/THUAN/Downloads/wrapper/decap.v:502]
Completed static elaboration
Starting simulation data flow analysis
Completed simulation data flow analysis
Time Resolution for simulation is 1ps
Compiling module xil_defaultlib.mem_dual(WIDTH=128,DEPTH=139)
Compiling module xil_defaultlib.mem_single(WIDTH=32,DEPTH=10)
Compiling module xil_defaultlib.mem_dual(WIDTH=24,DEPTH=264)
Compiling module xil_defaultlib.hqc_barrett_red_default
Compiling module xil_defaultlib.mem_single(WIDTH=15,DEPTH=66)
Compiling module xil_defaultlib.mem_dual(WIDTH=32,DEPTH=553)
Compiling module xil_defaultlib.onegen_ct(E0_DEPTH=553,DEPTH=553...
Compiling module xil_defaultlib.fixed_weight_ct(N=17669,M=15,WEI...
Compiling module xil_defaultlib.vect_set_random(N=17669)
Compiling module xil_defaultlib.poly_mult(MAX_WEIGHT=75,N=17669,...
Compiling module xil_defaultlib.loc_based_adder(WIDTH=128)
Compiling module xil_defaultlib.keygen(N=17669,CT_DESIGN=2'b01)
Compiling module xil_defaultlib.mem_single(WIDTH=32,DEPTH=4)
Compiling module xil_defaultlib.mem_single(WIDTH=32,DEPTH=16)
Compiling module xil_defaultlib.mem_dual(WIDTH=24,DEPTH=450)
Compiling module xil_defaultlib.mem_single(WIDTH=15,DEPTH=75)
Compiling module xil_defaultlib.onegen_ct(E0_DEPTH=553,DEPTH=553...
Compiling module xil_defaultlib.fixed_weight_ct(N=17669,M=15,WEI...
Compiling module xil_defaultlib.gf_mul_default
Compiling module xil_defaultlib.cdw_xor_tmp_default
Compiling module xil_defaultlib.reed_solomon_encode_default
Compiling module xil_defaultlib.rm_encoder
Compiling module xil_defaultlib.mem_single(WIDTH=128,DEPTH=46)
Compiling module xil_defaultlib.reed_muller_encode_default
Compiling module xil_defaultlib.concat_code(parameter_set="hqc12...
Compiling module xil_defaultlib.mem_single(WIDTH=128,DEPTH=139)
Compiling module xil_defaultlib.loc_based_adder(N=17669,WEIGHT=7...
Compiling module xil_defaultlib.xor_based_adder(parameter_set="h...
Compiling module xil_defaultlib.encrypt(parameter_set="hqc128",C...
Compiling module xil_defaultlib.mod34
Compiling module xil_defaultlib.mem_single(WIDTH=32,DEPTH=1143)
Compiling module xil_defaultlib.encap_default
Compiling module xil_defaultlib.v_minus_uy(parameter_set="hqc128...
Compiling module xil_defaultlib.hqc_rmdecod_expnsum_default
Compiling module xil_defaultlib.syncfifo(DW=4,AW=5)
Compiling module xil_defaultlib.hadamard_layer_default
Compiling module xil_defaultlib.syncfifo(DW=5,AW=5)
Compiling module xil_defaultlib.hadamard_layer(NN=4)
Compiling module xil_defaultlib.syncfifo(DW=6,AW=5)
Compiling module xil_defaultlib.hadamard_layer(NN=5)
Compiling module xil_defaultlib.syncfifo(DW=7,AW=5)
Compiling module xil_defaultlib.hadamard_layer(NN=6)
Compiling module xil_defaultlib.syncfifo(DW=8,AW=5)
Compiling module xil_defaultlib.hadamard_layer(NN=7)
Compiling module xil_defaultlib.syncfifo(DW=9,AW=5)
Compiling module xil_defaultlib.hadamard_layer(NN=8)
Compiling module xil_defaultlib.syncfifo(DW=10,AW=5)
Compiling module xil_defaultlib.hadamard_layer(NN=9)
Compiling module xil_defaultlib.hqc_rmdecod_hadamard_default
Compiling module xil_defaultlib.findpeaks_core(DOUT_W=7)
Compiling module xil_defaultlib.hqc_rmdecod_findpeaks_default
Compiling module xil_defaultlib.hqc_rmdecod_ctrl_default
Compiling module xil_defaultlib.hqc_rmdecod_top_default
Compiling module xil_defaultlib.gfmul(REG_IN=0)
Compiling module xil_defaultlib.hqc_rsdecod_syndromes_default
Compiling module xil_defaultlib.gfmul(REG_IN=0,REG_OUT=0)
Compiling module xil_defaultlib.hqc_rsdecod_elp_default
Compiling module xil_defaultlib.hqc_rsdecod_zpoly_default
Compiling module xil_defaultlib.fft_part1(DIN_W=256)
Compiling module xil_defaultlib.fft_leaves_butterfly
Compiling module xil_defaultlib.syncfifo(DW=8,AW=4)
Compiling module xil_defaultlib.fft_part2_round_default
Compiling module xil_defaultlib.fft_part2_round(ROUND=1)
Compiling module xil_defaultlib.syncfifo(DW=8,AW=6)
Compiling module xil_defaultlib.fft_part2_round(ROUND=2)
Compiling module xil_defaultlib.syncfifo(DW=8)
Compiling module xil_defaultlib.fft_part2_round(ROUND=3)
Compiling module xil_defaultlib.fft_part2_default
Compiling module xil_defaultlib.add_fft
Compiling module xil_defaultlib.fft_retrieve_error_poly_default
Compiling module xil_defaultlib.hqc_rsdecod_roots_default
Compiling module xil_defaultlib.hqc_rsdecod_err_val_default
Compiling module xil_defaultlib.hqc_rsdecod_top_default
Compiling module xil_defaultlib.hqc_decod_top_default
Compiling module xil_defaultlib.decrypt_default
Compiling module xil_defaultlib.decap_default
Compiling module xil_defaultlib.control_path
Compiling module xil_defaultlib.rc
Compiling module xil_defaultlib.transform
Compiling module xil_defaultlib.stateram_inference_default
Compiling module xil_defaultlib.stateram_inference(i=1)
Compiling module xil_defaultlib.stateram_inference(i=2)
Compiling module xil_defaultlib.stateram_inference(i=3)
Compiling module xil_defaultlib.stateram_inference(i=4)
Compiling module xil_defaultlib.stateram_inference(i=5)
Compiling module xil_defaultlib.stateram_inference(i=6)
Compiling module xil_defaultlib.stateram_inference(i=7)
Compiling module xil_defaultlib.stateram_inference(i=8)
Compiling module xil_defaultlib.stateram_inference(i=9)
Compiling module xil_defaultlib.stateram_inference(i=10)
Compiling module xil_defaultlib.stateram_inference(i=11)
Compiling module xil_defaultlib.stateram_inference(i=12)
Compiling module xil_defaultlib.stateram_inference(i=13)
Compiling module xil_defaultlib.stateram_inference(i=14)
Compiling module xil_defaultlib.stateram_inference(i=15)
Compiling module xil_defaultlib.stateram_inference(i=16)
Compiling module xil_defaultlib.stateram_inference(i=17)
Compiling module xil_defaultlib.stateram_inference(i=18)
Compiling module xil_defaultlib.stateram_inference(i=19)
Compiling module xil_defaultlib.stateram_inference(i=20)
Compiling module xil_defaultlib.stateram_inference(i=21)
Compiling module xil_defaultlib.stateram_inference(i=22)
Compiling module xil_defaultlib.stateram_inference(i=23)
Compiling module xil_defaultlib.stateram_inference(i=24)
Compiling module xil_defaultlib.state_ram_default
Compiling module xil_defaultlib.data_path_default
Compiling module xil_defaultlib.keccak_top
Compiling module xil_defaultlib.hqc_kem_joint_design_default
Compiling module xil_defaultlib.HQC_wrapper
Compiling module xil_defaultlib.keygen_tb
Compiling module xil_defaultlib.glbl
Built simulation snapshot keygen_tb_behav
run_program: Time (s): cpu = 00:00:01 ; elapsed = 00:00:12 . Memory (MB): peak = 1417.137 ; gain = 0.000
INFO: [USF-XSim-69] 'elaborate' step finished in '12' seconds
INFO: [USF-XSim-4] XSim::Simulate design
INFO: [USF-XSim-61] Executing 'SIMULATE' step in 'D:/University/251/DA/wrapper/wrapper.sim/sim_1/behav/xsim'
INFO: [USF-XSim-98] *** Running xsim
   with args "keygen_tb_behav -key {Behavioral:sim_1:Functional:keygen_tb} -tclbatch {keygen_tb.tcl} -log {simulate.log}"
INFO: [USF-XSim-8] Loading simulator feature
Time resolution is 1 ps
source keygen_tb.tcl
# set curr_wave [current_wave_config]
# if { [string length $curr_wave] == 0 } {
#   if { [llength [get_objects]] > 0} {
#     add_wave /
#     set_property needs_save false [current_wave_config]
#   } else {
#      send_msg_id Add_Wave-1 WARNING "No top level signals found. Simulator will start without a wave window. If you want to open a wave window go to 'File->New Waveform Configuration' or type 'create_wave_config' in the TCL console."
#   }
# }
# run 1000ns
=== STARTING TESTBENCH (SEQUENTIAL MODE) ===
DEBUG: First Line of Seed = 10101101110101010000000011011111
--- [TB] Step 1: Resetting Core ---
--- [TB] Step 2: Loading Seeds ---
--- [TB] Loading SK & PK Seeds ---
--- [TB] SK Seed Loaded. Loading PK Seed... ---
INFO: [USF-XSim-96] XSim completed. Design snapshot 'keygen_tb_behav' loaded.
INFO: [USF-XSim-97] XSim simulation ran for 1000ns
launch_simulation: Time (s): cpu = 00:00:06 ; elapsed = 00:00:32 . Memory (MB): peak = 1417.137 ; gain = 0.000
run all
--- [TB] Step 3: Triggering Start ---
--- [TB] Step 4: Polling for Done Status ---
--- [TB] CORE DONE DETECTED! (After 0 checks) ---
--- [TB] Step 5: Reading Public Key (S) ---
Addr 0: [ERROR] Output is X (Unknown)
Addr 1: [ERROR] Output is X (Unknown)
Addr 2: [ERROR] Output is X (Unknown)
Addr 3: [ERROR] Output is X (Unknown)
Addr 4: [ERROR] Output is X (Unknown)
--- [TB] Step 6: Reading Random Vector (Check H) ---
Addr 0: [ERROR] Output is X (Unknown)
Addr 1: [ERROR] Output is X (Unknown)
Addr 2: [ERROR] Output is X (Unknown)
=== TEST FINISHED SUCCESSFULY ===
$finish called at time : 3640 ns : File "C:/Users/THUAN/Downloads/wrapper/keygen_tb.v" Line 188
close_sim
INFO: [Simtcl 6-16] Simulation closed
launch_simulation
Command: launch_simulation 
INFO: [Vivado 12-12493] Simulation top is 'keygen_tb'
WARNING: [Vivado 12-13340] Unable to auto find GCC executables from simulator install path! (path not set)
WARNING: [Vivado 12-13277] Compiled library path does not exist: ''
INFO: [Vivado 12-5682] Launching behavioral simulation in 'D:/University/251/DA/wrapper/wrapper.sim/sim_1/behav/xsim'
INFO: [SIM-utils-51] Simulation object is 'sim_1'
INFO: [SIM-utils-72] Using boost library from 'D:/Apps/Xilinx/Vivado/2022.2/tps/boost_1_72_0'
INFO: [SIM-utils-54] Inspecting design source files for 'keygen_tb' in fileset 'sim_1'...
INFO: [SIM-utils-43] Exported 'D:/University/251/DA/wrapper/wrapper.sim/sim_1/behav/xsim/barrett_hqc_128.mem'
INFO: [SIM-utils-43] Exported 'D:/University/251/DA/wrapper/wrapper.sim/sim_1/behav/xsim/barrett_hqc_192.mem'
INFO: [SIM-utils-43] Exported 'D:/University/251/DA/wrapper/wrapper.sim/sim_1/behav/xsim/barrett_hqc_256.mem'
INFO: [USF-XSim-97] Finding global include files...
INFO: [USF-XSim-98] Fetching design files from 'sim_1'...
INFO: [USF-XSim-2] XSim::Compile design
INFO: [USF-XSim-61] Executing 'COMPILE and ANALYZE' step in 'D:/University/251/DA/wrapper/wrapper.sim/sim_1/behav/xsim'
"xvlog --incr --relax -prj keygen_tb_vlog.prj"
INFO: [USF-XSim-69] 'compile' step finished in '2' seconds
INFO: [USF-XSim-3] XSim::Elaborate design
INFO: [USF-XSim-61] Executing 'ELABORATE' step in 'D:/University/251/DA/wrapper/wrapper.sim/sim_1/behav/xsim'
"xelab --incr --debug typical --relax --mt 2 -L xil_defaultlib -L unisims_ver -L unimacro_ver -L secureip --snapshot keygen_tb_behav xil_defaultlib.keygen_tb xil_defaultlib.glbl -log elaborate.log"
Vivado Simulator v2022.2
Copyright 1986-1999, 2001-2022 Xilinx, Inc. All Rights Reserved.
Running: D:/Apps/Xilinx/Vivado/2022.2/bin/unwrapped/win64.o/xelab.exe --incr --debug typical --relax --mt 2 -L xil_defaultlib -L unisims_ver -L unimacro_ver -L secureip --snapshot keygen_tb_behav xil_defaultlib.keygen_tb xil_defaultlib.glbl -log elaborate.log 
Using 2 slave threads.
Starting static elaboration
Pass Through NonSizing Optimizer
WARNING: [VRFC 10-3091] actual bit length 13 differs from formal bit length 8 for port 'address_0' [C:/Users/THUAN/Downloads/wrapper/HQC_wrapper.v:77]
WARNING: [VRFC 10-3091] actual bit length 13 differs from formal bit length 8 for port 'address_1' [C:/Users/THUAN/Downloads/wrapper/HQC_wrapper.v:78]
WARNING: [VRFC 10-3091] actual bit length 13 differs from formal bit length 8 for port 'address_0' [C:/Users/THUAN/Downloads/wrapper/HQC_wrapper.v:83]
WARNING: [VRFC 10-3091] actual bit length 13 differs from formal bit length 8 for port 'address_1' [C:/Users/THUAN/Downloads/wrapper/HQC_wrapper.v:84]
WARNING: [VRFC 10-3091] actual bit length 13 differs from formal bit length 8 for port 'address_0' [C:/Users/THUAN/Downloads/wrapper/HQC_wrapper.v:89]
WARNING: [VRFC 10-3091] actual bit length 13 differs from formal bit length 8 for port 'address_1' [C:/Users/THUAN/Downloads/wrapper/HQC_wrapper.v:90]
WARNING: [VRFC 10-3091] actual bit length 13 differs from formal bit length 8 for port 'address_0' [C:/Users/THUAN/Downloads/wrapper/HQC_wrapper.v:95]
WARNING: [VRFC 10-3091] actual bit length 13 differs from formal bit length 8 for port 'address_1' [C:/Users/THUAN/Downloads/wrapper/HQC_wrapper.v:96]
WARNING: [VRFC 10-3091] actual bit length 13 differs from formal bit length 8 for port 'keygen_out_addr' [C:/Users/THUAN/Downloads/wrapper/HQC_wrapper.v:124]
WARNING: [VRFC 10-3091] actual bit length 13 differs from formal bit length 9 for port 'd_h_addr_0' [C:/Users/THUAN/Downloads/wrapper/HQC_wrapper.v:136]
WARNING: [VRFC 10-3091] actual bit length 13 differs from formal bit length 9 for port 'u_addr_0' [C:/Users/THUAN/Downloads/wrapper/HQC_wrapper.v:137]
WARNING: [VRFC 10-3091] actual bit length 32 differs from formal bit length 128 for port 'decap_out' [C:/Users/THUAN/Downloads/wrapper/HQC_wrapper.v:140]
WARNING: [VRFC 10-3091] actual bit length 13 differs from formal bit length 8 for port 'decap_out_addr' [C:/Users/THUAN/Downloads/wrapper/HQC_wrapper.v:142]
WARNING: [VRFC 10-3091] actual bit length 32 differs from formal bit length 2 for port 'm_addr' [C:/Users/THUAN/Downloads/wrapper/HQC_wrapper.v:145]
WARNING: [VRFC 10-3091] actual bit length 32 differs from formal bit length 128 for port 'decap_in' [C:/Users/THUAN/Downloads/wrapper/HQC_wrapper.v:146]
WARNING: [VRFC 10-3091] actual bit length 32 differs from formal bit length 1 for port 'start' [C:/Users/THUAN/Downloads/wrapper/hqc_kem_joint_design.v:376]
WARNING: [VRFC 10-3091] actual bit length 32 differs from formal bit length 1 for port 'wren_1' [C:/Users/THUAN/Downloads/wrapper/vect_set_random.v:156]
WARNING: [VRFC 10-3091] actual bit length 7 differs from formal bit length 16 for port 'loc_addr' [C:/Users/THUAN/Downloads/wrapper/keygen.v:376]
WARNING: [VRFC 10-3091] actual bit length 32 differs from formal bit length 8 for port 'weight' [C:/Users/THUAN/Downloads/wrapper/keygen.v:378]
WARNING: [VRFC 10-3091] actual bit length 9 differs from formal bit length 8 for port 'address_0' [C:/Users/THUAN/Downloads/wrapper/poly_mult.v:247]
WARNING: [VRFC 10-3091] actual bit length 9 differs from formal bit length 8 for port 'address_1' [C:/Users/THUAN/Downloads/wrapper/poly_mult.v:248]
WARNING: [VRFC 10-3091] actual bit length 32 differs from formal bit length 24 for port 'data_1' [C:/Users/THUAN/Downloads/wrapper/fixed_weight_ct.v:242]
WARNING: [VRFC 10-3091] actual bit length 32 differs from formal bit length 1 for port 'wren_1' [C:/Users/THUAN/Downloads/wrapper/fixed_weight_ct.v:246]
WARNING: [VRFC 10-3091] actual bit length 32 differs from formal bit length 1 for port 'start' [C:/Users/THUAN/Downloads/wrapper/hqc_kem_joint_design.v:419]
WARNING: [VRFC 10-3091] actual bit length 32 differs from formal bit length 1 for port 'u_v_in_wen' [C:/Users/THUAN/Downloads/wrapper/hqc_kem_joint_design.v:443]
WARNING: [VRFC 10-3091] actual bit length 32 differs from formal bit length 8 for port 'u_v_in_addr' [C:/Users/THUAN/Downloads/wrapper/hqc_kem_joint_design.v:444]
WARNING: [VRFC 10-3091] actual bit length 32 differs from formal bit length 1 for port 'resume_encap' [C:/Users/THUAN/Downloads/wrapper/hqc_kem_joint_design.v:446]
WARNING: [VRFC 10-3091] actual bit length 368 differs from formal bit length 240 for port 'cdw_in' [C:/Users/THUAN/Downloads/wrapper/reed_solomon_encode.v:121]
WARNING: [VRFC 10-3091] actual bit length 32 differs from formal bit length 1 for port 'start' [C:/Users/THUAN/Downloads/wrapper/reed_solomon_encode.v:108]
WARNING: [VRFC 10-3091] actual bit length 32 differs from formal bit length 1 for port 'start' [C:/Users/THUAN/Downloads/wrapper/reed_muller_encode.v:80]
WARNING: [VRFC 10-3091] actual bit length 32 differs from formal bit length 1 for port 'wr_en' [C:/Users/THUAN/Downloads/wrapper/encrypt.v:343]
WARNING: [VRFC 10-3091] actual bit length 7 differs from formal bit length 16 for port 'loc_addr' [C:/Users/THUAN/Downloads/wrapper/encrypt.v:426]
WARNING: [VRFC 10-3091] actual bit length 32 differs from formal bit length 8 for port 'weight' [C:/Users/THUAN/Downloads/wrapper/encrypt.v:428]
WARNING: [VRFC 10-3091] actual bit length 32 differs from formal bit length 1 for port 'add_wr_en' [C:/Users/THUAN/Downloads/wrapper/encrypt.v:443]
WARNING: [VRFC 10-3091] actual bit length 32 differs from formal bit length 1 for port 'start' [C:/Users/THUAN/Downloads/wrapper/hqc_kem_joint_design.v:487]
WARNING: [VRFC 10-3091] actual bit length 32 differs from formal bit length 1 for port 'dout_ready_i' [C:/Users/THUAN/Downloads/wrapper/hqc_rmdecod_top.v:81]
WARNING: [VRFC 10-3091] actual bit length 32 differs from formal bit length 1 for port 'start' [C:/Users/THUAN/Downloads/wrapper/hqc_rsdecod_elp.v:92]
WARNING: [VRFC 10-3091] actual bit length 32 differs from formal bit length 1 for port 'start' [C:/Users/THUAN/Downloads/wrapper/hqc_rsdecod_elp.v:156]
WARNING: [VRFC 10-3091] actual bit length 32 differs from formal bit length 1 for port 'start' [C:/Users/THUAN/Downloads/wrapper/hqc_rsdecod_zpoly.v:101]
WARNING: [VRFC 10-3091] actual bit length 8 differs from formal bit length 32 for port 'dout_o' [C:/Users/THUAN/Downloads/wrapper/add_fft.v:81]
WARNING: [VRFC 10-3091] actual bit length 32 differs from formal bit length 1 for port 'start' [C:/Users/THUAN/Downloads/wrapper/fft_part1.v:143]
WARNING: [VRFC 10-3091] actual bit length 32 differs from formal bit length 1 for port 'start' [C:/Users/THUAN/Downloads/wrapper/fft_leaves_butterfly.v:70]
WARNING: [VRFC 10-3091] actual bit length 32 differs from formal bit length 1 for port 'start' [C:/Users/THUAN/Downloads/wrapper/fft_part2.v:147]
WARNING: [VRFC 10-3091] actual bit length 32 differs from formal bit length 1 for port 'start' [C:/Users/THUAN/Downloads/wrapper/hqc_rsdecod_err_val.v:176]
WARNING: [VRFC 10-3091] actual bit length 32 differs from formal bit length 1 for port 'start' [C:/Users/THUAN/Downloads/wrapper/hqc_rsdecod_err_val.v:187]
WARNING: [VRFC 10-3091] actual bit length 32 differs from formal bit length 2 for port 'encap_out_type' [C:/Users/THUAN/Downloads/wrapper/decap.v:528]
WARNING: [VRFC 10-3091] actual bit length 32 differs from formal bit length 1 for port 'encap_out_en' [C:/Users/THUAN/Downloads/wrapper/decap.v:530]
WARNING: [VRFC 10-3091] actual bit length 40 differs from formal bit length 8 for port 'encap_out_addr' [C:/Users/THUAN/Downloads/wrapper/decap.v:531]
WARNING: [VRFC 10-5021] port 'encap_out_type' is not connected on this instance [C:/Users/THUAN/Downloads/wrapper/HQC_wrapper.v:105]
WARNING: [VRFC 10-5021] port 'shake_force_done_ack' is not connected on this instance [C:/Users/THUAN/Downloads/wrapper/hqc_kem_joint_design.v:414]
WARNING: [VRFC 10-8864] concatenation with an unsized literal will be treated as 32 bits [C:/Users/THUAN/Downloads/wrapper/encap.v:249]
WARNING: [VRFC 10-8864] concatenation with an unsized literal will be treated as 32 bits [C:/Users/THUAN/Downloads/wrapper/encap.v:250]
WARNING: [VRFC 10-8864] concatenation with an unsized literal will be treated as 32 bits [C:/Users/THUAN/Downloads/wrapper/encap.v:546]
WARNING: [VRFC 10-5021] port 'rst' is not connected on this instance [C:/Users/THUAN/Downloads/wrapper/reed_muller_encode.v:77]
WARNING: [VRFC 10-8864] concatenation with an unsized literal will be treated as 32 bits [C:/Users/THUAN/Downloads/wrapper/decap.v:531]
WARNING: [VRFC 10-5021] port 'shake_force_done_ack' is not connected on this instance [C:/Users/THUAN/Downloads/wrapper/decap.v:502]
Completed static elaboration
INFO: [XSIM 43-4323] No Change in HDL. Linking previously generated obj files to create kernel
run_program: Time (s): cpu = 00:00:01 ; elapsed = 00:00:06 . Memory (MB): peak = 1417.137 ; gain = 0.000
INFO: [USF-XSim-69] 'elaborate' step finished in '5' seconds
INFO: [USF-XSim-4] XSim::Simulate design
INFO: [USF-XSim-61] Executing 'SIMULATE' step in 'D:/University/251/DA/wrapper/wrapper.sim/sim_1/behav/xsim'
INFO: [USF-XSim-98] *** Running xsim
   with args "keygen_tb_behav -key {Behavioral:sim_1:Functional:keygen_tb} -tclbatch {keygen_tb.tcl} -log {simulate.log}"
INFO: [USF-XSim-8] Loading simulator feature
Time resolution is 1 ps
source keygen_tb.tcl
# set curr_wave [current_wave_config]
# if { [string length $curr_wave] == 0 } {
#   if { [llength [get_objects]] > 0} {
#     add_wave /
#     set_property needs_save false [current_wave_config]
#   } else {
#      send_msg_id Add_Wave-1 WARNING "No top level signals found. Simulator will start without a wave window. If you want to open a wave window go to 'File->New Waveform Configuration' or type 'create_wave_config' in the TCL console."
#   }
# }
# run 1000ns
=== STARTING TESTBENCH (SEQUENTIAL MODE) ===
DEBUG: First Line of Seed = 10101101110101010000000011011111
--- [TB] Step 1: Resetting Core ---
--- [TB] Step 2: Loading Seeds ---
--- [TB] Loading SK & PK Seeds ---
--- [TB] SK Seed Loaded. Loading PK Seed... ---
INFO: [USF-XSim-96] XSim completed. Design snapshot 'keygen_tb_behav' loaded.
INFO: [USF-XSim-97] XSim simulation ran for 1000ns
launch_simulation: Time (s): cpu = 00:00:02 ; elapsed = 00:00:10 . Memory (MB): peak = 1417.137 ; gain = 0.000
run all
--- [TB] Step 3: Triggering Start ---
--- [TB] Step 4: Polling for Done Status ---
--- [TB] CORE DONE DETECTED! (After 0 checks) ---
--- [TB] Step 5: Reading Public Key (S) ---
Addr 0: [ERROR] Output is X (Unknown)
Addr 1: [ERROR] Output is X (Unknown)
Addr 2: [ERROR] Output is X (Unknown)
Addr 3: [ERROR] Output is X (Unknown)
Addr 4: [ERROR] Output is X (Unknown)
--- [TB] Step 6: Reading Random Vector (Check H) ---
Addr 0: [ERROR] Output is X (Unknown)
Addr 1: [ERROR] Output is X (Unknown)
Addr 2: [ERROR] Output is X (Unknown)
=== TEST FINISHED SUCCESSFULY ===
$finish called at time : 3640 ns : File "C:/Users/THUAN/Downloads/wrapper/keygen_tb.v" Line 188
close_sim
INFO: [Simtcl 6-16] Simulation closed
launch_simulation
Command: launch_simulation 
INFO: [Vivado 12-12493] Simulation top is 'keygen_tb'
WARNING: [Vivado 12-13340] Unable to auto find GCC executables from simulator install path! (path not set)
WARNING: [Vivado 12-13277] Compiled library path does not exist: ''
INFO: [Vivado 12-5682] Launching behavioral simulation in 'D:/University/251/DA/wrapper/wrapper.sim/sim_1/behav/xsim'
INFO: [SIM-utils-51] Simulation object is 'sim_1'
INFO: [SIM-utils-72] Using boost library from 'D:/Apps/Xilinx/Vivado/2022.2/tps/boost_1_72_0'
INFO: [SIM-utils-54] Inspecting design source files for 'keygen_tb' in fileset 'sim_1'...
INFO: [SIM-utils-43] Exported 'D:/University/251/DA/wrapper/wrapper.sim/sim_1/behav/xsim/barrett_hqc_128.mem'
INFO: [SIM-utils-43] Exported 'D:/University/251/DA/wrapper/wrapper.sim/sim_1/behav/xsim/barrett_hqc_192.mem'
INFO: [SIM-utils-43] Exported 'D:/University/251/DA/wrapper/wrapper.sim/sim_1/behav/xsim/barrett_hqc_256.mem'
INFO: [USF-XSim-97] Finding global include files...
INFO: [USF-XSim-98] Fetching design files from 'sim_1'...
INFO: [USF-XSim-2] XSim::Compile design
INFO: [USF-XSim-61] Executing 'COMPILE and ANALYZE' step in 'D:/University/251/DA/wrapper/wrapper.sim/sim_1/behav/xsim'
"xvlog --incr --relax -prj keygen_tb_vlog.prj"
INFO: [VRFC 10-2263] Analyzing Verilog file "C:/Users/THUAN/Downloads/wrapper/HQC_wrapper.v" into library xil_defaultlib
INFO: [VRFC 10-311] analyzing module HQC_wrapper
INFO: [VRFC 10-2263] Analyzing Verilog file "C:/Users/THUAN/Downloads/wrapper/add_fft.v" into library xil_defaultlib
INFO: [VRFC 10-311] analyzing module add_fft
INFO: [VRFC 10-2263] Analyzing Verilog file "C:/Users/THUAN/Downloads/wrapper/barrett_red_gen.v" into library xil_defaultlib
INFO: [VRFC 10-311] analyzing module barrett_red_gen
INFO: [VRFC 10-2263] Analyzing Verilog file "C:/Users/THUAN/Downloads/wrapper/cdw_xor_tmp.v" into library xil_defaultlib
INFO: [VRFC 10-311] analyzing module cdw_xor_tmp
INFO: [VRFC 10-2263] Analyzing Verilog file "C:/Users/THUAN/Downloads/wrapper/concat_code.v" into library xil_defaultlib
INFO: [VRFC 10-311] analyzing module concat_code
INFO: [VRFC 10-2263] Analyzing Verilog file "C:/Users/THUAN/Downloads/wrapper/control_path.v" into library xil_defaultlib
INFO: [VRFC 10-311] analyzing module control_path
INFO: [VRFC 10-2263] Analyzing Verilog file "C:/Users/THUAN/Downloads/wrapper/data_path.v" into library xil_defaultlib
INFO: [VRFC 10-311] analyzing module data_path
INFO: [VRFC 10-2263] Analyzing Verilog file "C:/Users/THUAN/Downloads/wrapper/decap.v" into library xil_defaultlib
INFO: [VRFC 10-311] analyzing module decap
WARNING: [VRFC 10-2938] 'start_decrypt' is already implicitly declared on line 358 [C:/Users/THUAN/Downloads/wrapper/decap.v:864]
WARNING: [VRFC 10-2938] 'done_decrypt' is already implicitly declared on line 360 [C:/Users/THUAN/Downloads/wrapper/decap.v:865]
WARNING: [VRFC 10-2938] 'start_encap' is already implicitly declared on line 507 [C:/Users/THUAN/Downloads/wrapper/decap.v:866]
WARNING: [VRFC 10-2938] 'done_encrypt' is already implicitly declared on line 538 [C:/Users/THUAN/Downloads/wrapper/decap.v:867]
WARNING: [VRFC 10-3380] identifier 'dec_uv' is used before its declaration [C:/Users/THUAN/Downloads/wrapper/decap.v:334]
WARNING: [VRFC 10-3380] identifier 'uv_addr_1_dec' is used before its declaration [C:/Users/THUAN/Downloads/wrapper/decap.v:335]
WARNING: [VRFC 10-3380] identifier 'dec_uv' is used before its declaration [C:/Users/THUAN/Downloads/wrapper/decap.v:337]
WARNING: [VRFC 10-3380] identifier 'uv_addr_1_dec' is used before its declaration [C:/Users/THUAN/Downloads/wrapper/decap.v:338]
WARNING: [VRFC 10-3380] identifier 'verify_u_reg' is used before its declaration [C:/Users/THUAN/Downloads/wrapper/decap.v:397]
WARNING: [VRFC 10-3380] identifier 'verify_v' is used before its declaration [C:/Users/THUAN/Downloads/wrapper/decap.v:411]
WARNING: [VRFC 10-3380] identifier 'verify_d' is used before its declaration [C:/Users/THUAN/Downloads/wrapper/decap.v:424]
INFO: [VRFC 10-2263] Analyzing Verilog file "C:/Users/THUAN/Downloads/wrapper/decrypt.v" into library xil_defaultlib
INFO: [VRFC 10-311] analyzing module decrypt
WARNING: [VRFC 10-2938] 'ram_din_rd_o' is already implicitly declared on line 168 [C:/Users/THUAN/Downloads/wrapper/decrypt.v:191]
WARNING: [VRFC 10-2938] 'ram_din_i' is already implicitly declared on line 170 [C:/Users/THUAN/Downloads/wrapper/decrypt.v:192]
WARNING: [VRFC 10-2938] 'ram_din_addr_o' is already implicitly declared on line 169 [C:/Users/THUAN/Downloads/wrapper/decrypt.v:193]
WARNING: [VRFC 10-2938] 'done_u_minus_vy' is already implicitly declared on line 157 [C:/Users/THUAN/Downloads/wrapper/decrypt.v:194]
INFO: [VRFC 10-2263] Analyzing Verilog file "C:/Users/THUAN/Downloads/wrapper/encap.v" into library xil_defaultlib
INFO: [VRFC 10-311] analyzing module encap
WARNING: [VRFC 10-2938] 'count_hash_inputs' is already implicitly declared on line 539 [C:/Users/THUAN/Downloads/wrapper/encap.v:557]
WARNING: [VRFC 10-3380] identifier 'd_out' is used before its declaration [C:/Users/THUAN/Downloads/wrapper/encap.v:250]
WARNING: [VRFC 10-8864] concatenation with an unsized literal will be treated as 32 bits [C:/Users/THUAN/Downloads/wrapper/encap.v:249]
WARNING: [VRFC 10-8864] concatenation with an unsized literal will be treated as 32 bits [C:/Users/THUAN/Downloads/wrapper/encap.v:250]
WARNING: [VRFC 10-3380] identifier 'sel_uv' is used before its declaration [C:/Users/THUAN/Downloads/wrapper/encap.v:328]
WARNING: [VRFC 10-3380] identifier 'u_v_reg' is used before its declaration [C:/Users/THUAN/Downloads/wrapper/encap.v:506]
WARNING: [VRFC 10-3380] identifier 'u_v_reg' is used before its declaration [C:/Users/THUAN/Downloads/wrapper/encap.v:507]
WARNING: [VRFC 10-3380] identifier 'last_block_capture' is used before its declaration [C:/Users/THUAN/Downloads/wrapper/encap.v:515]
WARNING: [VRFC 10-3380] identifier 'block_capture' is used before its declaration [C:/Users/THUAN/Downloads/wrapper/encap.v:518]
WARNING: [VRFC 10-3380] identifier 'count_hash_inputs_test' is used before its declaration [C:/Users/THUAN/Downloads/wrapper/encap.v:527]
WARNING: [VRFC 10-3380] identifier 'count_hash_inputs_test' is used before its declaration [C:/Users/THUAN/Downloads/wrapper/encap.v:530]
WARNING: [VRFC 10-8864] concatenation with an unsized literal will be treated as 32 bits [C:/Users/THUAN/Downloads/wrapper/encap.v:546]
WARNING: [VRFC 10-3380] identifier 'total_shake_input_count' is used before its declaration [C:/Users/THUAN/Downloads/wrapper/encap.v:597]
WARNING: [VRFC 10-3380] identifier 'total_shake_input_count' is used before its declaration [C:/Users/THUAN/Downloads/wrapper/encap.v:626]
WARNING: [VRFC 10-3380] identifier 'total_shake_input_count' is used before its declaration [C:/Users/THUAN/Downloads/wrapper/encap.v:847]
WARNING: [VRFC 10-3380] identifier 'start_hash' is used before its declaration [C:/Users/THUAN/Downloads/wrapper/encap.v:1102]
WARNING: [VRFC 10-3380] identifier 'start_hash' is used before its declaration [C:/Users/THUAN/Downloads/wrapper/encap.v:1118]
WARNING: [VRFC 10-3380] identifier 'start_hash' is used before its declaration [C:/Users/THUAN/Downloads/wrapper/encap.v:1133]
WARNING: [VRFC 10-3380] identifier 'start_hash' is used before its declaration [C:/Users/THUAN/Downloads/wrapper/encap.v:1173]
WARNING: [VRFC 10-3380] identifier 'start_hash' is used before its declaration [C:/Users/THUAN/Downloads/wrapper/encap.v:1186]
WARNING: [VRFC 10-3380] identifier 'start_hash' is used before its declaration [C:/Users/THUAN/Downloads/wrapper/encap.v:1213]
WARNING: [VRFC 10-3380] identifier 'start_hash' is used before its declaration [C:/Users/THUAN/Downloads/wrapper/encap.v:1223]
WARNING: [VRFC 10-3380] identifier 'start_hash' is used before its declaration [C:/Users/THUAN/Downloads/wrapper/encap.v:1240]
WARNING: [VRFC 10-3380] identifier 'start_hash' is used before its declaration [C:/Users/THUAN/Downloads/wrapper/encap.v:1252]
WARNING: [VRFC 10-3380] identifier 'start_hash' is used before its declaration [C:/Users/THUAN/Downloads/wrapper/encap.v:1264]
WARNING: [VRFC 10-3380] identifier 'start_hash' is used before its declaration [C:/Users/THUAN/Downloads/wrapper/encap.v:1281]
WARNING: [VRFC 10-3380] identifier 'start_hash' is used before its declaration [C:/Users/THUAN/Downloads/wrapper/encap.v:1310]
WARNING: [VRFC 10-3380] identifier 'start_hash' is used before its declaration [C:/Users/THUAN/Downloads/wrapper/encap.v:1333]
WARNING: [VRFC 10-3380] identifier 'start_hash' is used before its declaration [C:/Users/THUAN/Downloads/wrapper/encap.v:1353]
WARNING: [VRFC 10-3380] identifier 'start_hash' is used before its declaration [C:/Users/THUAN/Downloads/wrapper/encap.v:1400]
WARNING: [VRFC 10-3380] identifier 'start_hash' is used before its declaration [C:/Users/THUAN/Downloads/wrapper/encap.v:1422]
WARNING: [VRFC 10-3380] identifier 'start_hash' is used before its declaration [C:/Users/THUAN/Downloads/wrapper/encap.v:1444]
WARNING: [VRFC 10-3380] identifier 'start_hash' is used before its declaration [C:/Users/THUAN/Downloads/wrapper/encap.v:1471]
WARNING: [VRFC 10-3380] identifier 'start_hash' is used before its declaration [C:/Users/THUAN/Downloads/wrapper/encap.v:1476]
WARNING: [VRFC 10-3380] identifier 'start_hash' is used before its declaration [C:/Users/THUAN/Downloads/wrapper/encap.v:1487]
WARNING: [VRFC 10-3380] identifier 'start_hash' is used before its declaration [C:/Users/THUAN/Downloads/wrapper/encap.v:1503]
WARNING: [VRFC 10-3380] identifier 'start_hash' is used before its declaration [C:/Users/THUAN/Downloads/wrapper/encap.v:1513]
INFO: [VRFC 10-2263] Analyzing Verilog file "C:/Users/THUAN/Downloads/wrapper/encrypt.v" into library xil_defaultlib
INFO: [VRFC 10-311] analyzing module encrypt
WARNING: [VRFC 10-2938] 'r1_internal' is already implicitly declared on line 325 [C:/Users/THUAN/Downloads/wrapper/encrypt.v:352]
WARNING: [VRFC 10-2938] 'r2_internal' is already implicitly declared on line 334 [C:/Users/THUAN/Downloads/wrapper/encrypt.v:353]
WARNING: [VRFC 10-2938] 'loc_addr' is already implicitly declared on line 332 [C:/Users/THUAN/Downloads/wrapper/encrypt.v:355]
WARNING: [VRFC 10-2938] 'pm_out' is already implicitly declared on line 341 [C:/Users/THUAN/Downloads/wrapper/encrypt.v:356]
WARNING: [VRFC 10-3248] data object 'pm_out' is already declared [C:/Users/THUAN/Downloads/wrapper/encrypt.v:447]
WARNING: [VRFC 10-9364] second declaration of 'pm_out' is ignored [C:/Users/THUAN/Downloads/wrapper/encrypt.v:447]
WARNING: [VRFC 10-2938] 'pm_rd_addr' is already implicitly declared on line 437 [C:/Users/THUAN/Downloads/wrapper/encrypt.v:448]
WARNING: [VRFC 10-2938] 'pm_rd_en' is already implicitly declared on line 438 [C:/Users/THUAN/Downloads/wrapper/encrypt.v:449]
WARNING: [VRFC 10-2938] 'add_out' is already implicitly declared on line 441 [C:/Users/THUAN/Downloads/wrapper/encrypt.v:451]
WARNING: [VRFC 10-2938] 'add_out_addr' is already implicitly declared on line 442 [C:/Users/THUAN/Downloads/wrapper/encrypt.v:452]
WARNING: [VRFC 10-2938] 'add_out_valid' is already implicitly declared on line 443 [C:/Users/THUAN/Downloads/wrapper/encrypt.v:453]
WARNING: [VRFC 10-2938] 'xor_add_en' is already implicitly declared on line 313 [C:/Users/THUAN/Downloads/wrapper/encrypt.v:487]
WARNING: [VRFC 10-2938] 'xor_add_addr' is already implicitly declared on line 437 [C:/Users/THUAN/Downloads/wrapper/encrypt.v:488]
WARNING: [VRFC 10-2938] 'xor_add_out' is already implicitly declared on line 441 [C:/Users/THUAN/Downloads/wrapper/encrypt.v:490]
WARNING: [VRFC 10-2938] 'xor_add_out_addr' is already implicitly declared on line 442 [C:/Users/THUAN/Downloads/wrapper/encrypt.v:491]
WARNING: [VRFC 10-2938] 'xor_add_out_valid' is already implicitly declared on line 443 [C:/Users/THUAN/Downloads/wrapper/encrypt.v:492]
WARNING: [VRFC 10-2938] 'en_r1' is already implicitly declared on line 324 [C:/Users/THUAN/Downloads/wrapper/encrypt.v:528]
WARNING: [VRFC 10-2938] 'en_r2' is already implicitly declared on line 333 [C:/Users/THUAN/Downloads/wrapper/encrypt.v:529]
WARNING: [VRFC 10-2096] empty statement in sequential block [C:/Users/THUAN/Downloads/wrapper/encrypt.v:557]
WARNING: [VRFC 10-2938] 'wen_fw' is already implicitly declared on line 324 [C:/Users/THUAN/Downloads/wrapper/encrypt.v:687]
WARNING: [VRFC 10-3248] data object 'sel_fw' is already declared [C:/Users/THUAN/Downloads/wrapper/encrypt.v:687]
WARNING: [VRFC 10-9364] second declaration of 'sel_fw' is ignored [C:/Users/THUAN/Downloads/wrapper/encrypt.v:687]
WARNING: [VRFC 10-2938] 'fw_addr_reg' is already implicitly declared on line 323 [C:/Users/THUAN/Downloads/wrapper/encrypt.v:694]
WARNING: [VRFC 10-2938] 'u_cpy_addr' is already implicitly declared on line 437 [C:/Users/THUAN/Downloads/wrapper/encrypt.v:793]
WARNING: [VRFC 10-2938] 'wen_u' is already implicitly declared on line 343 [C:/Users/THUAN/Downloads/wrapper/encrypt.v:794]
WARNING: [VRFC 10-2938] 'copy_u' is already implicitly declared on line 437 [C:/Users/THUAN/Downloads/wrapper/encrypt.v:795]
WARNING: [VRFC 10-2938] 'sel_r1_hr2' is already implicitly declared on line 470 [C:/Users/THUAN/Downloads/wrapper/encrypt.v:796]
WARNING: [VRFC 10-3380] identifier 'rd_fw' is used before its declaration [C:/Users/THUAN/Downloads/wrapper/encrypt.v:180]
WARNING: [VRFC 10-3380] identifier 'fw_addr' is used before its declaration [C:/Users/THUAN/Downloads/wrapper/encrypt.v:182]
WARNING: [VRFC 10-3380] identifier 'sel_e' is used before its declaration [C:/Users/THUAN/Downloads/wrapper/encrypt.v:183]
WARNING: [VRFC 10-3380] identifier 'pm_out' is used before its declaration [C:/Users/THUAN/Downloads/wrapper/encrypt.v:298]
WARNING: [VRFC 10-3380] identifier 'r2_done' is used before its declaration [C:/Users/THUAN/Downloads/wrapper/encrypt.v:543]
WARNING: [VRFC 10-3380] identifier 'start_fw_transfer' is used before its declaration [C:/Users/THUAN/Downloads/wrapper/encrypt.v:549]
WARNING: [VRFC 10-3380] identifier 'r2_done' is used before its declaration [C:/Users/THUAN/Downloads/wrapper/encrypt.v:560]
WARNING: [VRFC 10-3380] identifier 'start_fw_transfer' is used before its declaration [C:/Users/THUAN/Downloads/wrapper/encrypt.v:565]
WARNING: [VRFC 10-3380] identifier 'r2_done' is used before its declaration [C:/Users/THUAN/Downloads/wrapper/encrypt.v:579]
WARNING: [VRFC 10-3380] identifier 'start_fw_transfer' is used before its declaration [C:/Users/THUAN/Downloads/wrapper/encrypt.v:584]
WARNING: [VRFC 10-3380] identifier 'start_fw_transfer' is used before its declaration [C:/Users/THUAN/Downloads/wrapper/encrypt.v:597]
WARNING: [VRFC 10-3380] identifier 'start_fw_transfer' is used before its declaration [C:/Users/THUAN/Downloads/wrapper/encrypt.v:605]
WARNING: [VRFC 10-3380] identifier 'done_fw_transfer' is used before its declaration [C:/Users/THUAN/Downloads/wrapper/encrypt.v:606]
WARNING: [VRFC 10-3380] identifier 'r2_done' is used before its declaration [C:/Users/THUAN/Downloads/wrapper/encrypt.v:614]
WARNING: [VRFC 10-3380] identifier 'done_fw_transfer' is used before its declaration [C:/Users/THUAN/Downloads/wrapper/encrypt.v:616]
WARNING: [VRFC 10-3380] identifier 'start_fw_transfer' is used before its declaration [C:/Users/THUAN/Downloads/wrapper/encrypt.v:622]
WARNING: [VRFC 10-3380] identifier 'start_fw_transfer' is used before its declaration [C:/Users/THUAN/Downloads/wrapper/encrypt.v:635]
WARNING: [VRFC 10-3380] identifier 'start_fw_transfer' is used before its declaration [C:/Users/THUAN/Downloads/wrapper/encrypt.v:643]
WARNING: [VRFC 10-3380] identifier 'done_fw_transfer' is used before its declaration [C:/Users/THUAN/Downloads/wrapper/encrypt.v:644]
WARNING: [VRFC 10-3380] identifier 'r2_done' is used before its declaration [C:/Users/THUAN/Downloads/wrapper/encrypt.v:648]
WARNING: [VRFC 10-3380] identifier 'done_fw_transfer' is used before its declaration [C:/Users/THUAN/Downloads/wrapper/encrypt.v:655]
WARNING: [VRFC 10-3380] identifier 'r2_done' is used before its declaration [C:/Users/THUAN/Downloads/wrapper/encrypt.v:657]
WARNING: [VRFC 10-3380] identifier 'r2_done' is used before its declaration [C:/Users/THUAN/Downloads/wrapper/encrypt.v:660]
WARNING: [VRFC 10-3380] identifier 'r2_done' is used before its declaration [C:/Users/THUAN/Downloads/wrapper/encrypt.v:678]
INFO: [VRFC 10-2263] Analyzing Verilog file "C:/Users/THUAN/Downloads/wrapper/encrypt_parallel.v" into library xil_defaultlib
INFO: [VRFC 10-311] analyzing module encrypt_parallel
WARNING: [VRFC 10-2938] 'r1_internal' is already implicitly declared on line 362 [C:/Users/THUAN/Downloads/wrapper/encrypt_parallel.v:406]
WARNING: [VRFC 10-2938] 'r2_internal_hr2' is already implicitly declared on line 384 [C:/Users/THUAN/Downloads/wrapper/encrypt_parallel.v:408]
WARNING: [VRFC 10-2938] 'r2_internal_sr2' is already implicitly declared on line 385 [C:/Users/THUAN/Downloads/wrapper/encrypt_parallel.v:409]
WARNING: [VRFC 10-2938] 'loc_addr_hr2' is already implicitly declared on line 380 [C:/Users/THUAN/Downloads/wrapper/encrypt_parallel.v:411]
WARNING: [VRFC 10-2938] 'loc_addr_sr2' is already implicitly declared on line 381 [C:/Users/THUAN/Downloads/wrapper/encrypt_parallel.v:412]
WARNING: [VRFC 10-3248] data object 'pm_out' is already declared [C:/Users/THUAN/Downloads/wrapper/encrypt_parallel.v:549]
WARNING: [VRFC 10-9364] second declaration of 'pm_out' is ignored [C:/Users/THUAN/Downloads/wrapper/encrypt_parallel.v:549]
WARNING: [VRFC 10-2938] 'pm_rd_addr' is already implicitly declared on line 500 [C:/Users/THUAN/Downloads/wrapper/encrypt_parallel.v:550]
WARNING: [VRFC 10-2938] 'pm_rd_en' is already implicitly declared on line 501 [C:/Users/THUAN/Downloads/wrapper/encrypt_parallel.v:551]
WARNING: [VRFC 10-2938] 'add_out' is already implicitly declared on line 504 [C:/Users/THUAN/Downloads/wrapper/encrypt_parallel.v:553]
WARNING: [VRFC 10-2938] 'add_out_addr' is already implicitly declared on line 505 [C:/Users/THUAN/Downloads/wrapper/encrypt_parallel.v:554]
WARNING: [VRFC 10-2938] 'add_out_valid' is already implicitly declared on line 506 [C:/Users/THUAN/Downloads/wrapper/encrypt_parallel.v:555]
WARNING: [VRFC 10-2938] 'xor_add_en' is already implicitly declared on line 350 [C:/Users/THUAN/Downloads/wrapper/encrypt_parallel.v:613]
WARNING: [VRFC 10-2938] 'xor_add_addr' is already implicitly declared on line 539 [C:/Users/THUAN/Downloads/wrapper/encrypt_parallel.v:614]
WARNING: [VRFC 10-2938] 'xor_add_out' is already implicitly declared on line 543 [C:/Users/THUAN/Downloads/wrapper/encrypt_parallel.v:616]
WARNING: [VRFC 10-2938] 'xor_add_out_addr' is already implicitly declared on line 544 [C:/Users/THUAN/Downloads/wrapper/encrypt_parallel.v:617]
WARNING: [VRFC 10-2938] 'xor_add_out_valid' is already implicitly declared on line 545 [C:/Users/THUAN/Downloads/wrapper/encrypt_parallel.v:618]
WARNING: [VRFC 10-2938] 'en_r1' is already implicitly declared on line 361 [C:/Users/THUAN/Downloads/wrapper/encrypt_parallel.v:654]
WARNING: [VRFC 10-2938] 'en_r2' is already implicitly declared on line 382 [C:/Users/THUAN/Downloads/wrapper/encrypt_parallel.v:655]
WARNING: [VRFC 10-2096] empty statement in sequential block [C:/Users/THUAN/Downloads/wrapper/encrypt_parallel.v:673]
WARNING: [VRFC 10-2938] 'wen_fw' is already implicitly declared on line 361 [C:/Users/THUAN/Downloads/wrapper/encrypt_parallel.v:856]
WARNING: [VRFC 10-3248] data object 'sel_fw' is already declared [C:/Users/THUAN/Downloads/wrapper/encrypt_parallel.v:856]
WARNING: [VRFC 10-9364] second declaration of 'sel_fw' is ignored [C:/Users/THUAN/Downloads/wrapper/encrypt_parallel.v:856]
WARNING: [VRFC 10-2938] 'fw_addr_reg' is already implicitly declared on line 360 [C:/Users/THUAN/Downloads/wrapper/encrypt_parallel.v:863]
WARNING: [VRFC 10-3380] identifier 'rd_fw' is used before its declaration [C:/Users/THUAN/Downloads/wrapper/encrypt_parallel.v:209]
WARNING: [VRFC 10-3380] identifier 'fw_addr' is used before its declaration [C:/Users/THUAN/Downloads/wrapper/encrypt_parallel.v:211]
WARNING: [VRFC 10-3380] identifier 'sel_e' is used before its declaration [C:/Users/THUAN/Downloads/wrapper/encrypt_parallel.v:212]
WARNING: [VRFC 10-3380] identifier 'pm_out_sr2' is used before its declaration [C:/Users/THUAN/Downloads/wrapper/encrypt_parallel.v:335]
WARNING: [VRFC 10-3380] identifier 'r2_done' is used before its declaration [C:/Users/THUAN/Downloads/wrapper/encrypt_parallel.v:668]
WARNING: [VRFC 10-3380] identifier 'r2_done' is used before its declaration [C:/Users/THUAN/Downloads/wrapper/encrypt_parallel.v:676]
WARNING: [VRFC 10-3380] identifier 'r2_done' is used before its declaration [C:/Users/THUAN/Downloads/wrapper/encrypt_parallel.v:688]
WARNING: [VRFC 10-3380] identifier 'done_fw_transfer' is used before its declaration [C:/Users/THUAN/Downloads/wrapper/encrypt_parallel.v:710]
WARNING: [VRFC 10-3380] identifier 'r2_done' is used before its declaration [C:/Users/THUAN/Downloads/wrapper/encrypt_parallel.v:718]
WARNING: [VRFC 10-3380] identifier 'done_fw_transfer' is used before its declaration [C:/Users/THUAN/Downloads/wrapper/encrypt_parallel.v:720]
WARNING: [VRFC 10-3380] identifier 'done_fw_transfer' is used before its declaration [C:/Users/THUAN/Downloads/wrapper/encrypt_parallel.v:744]
WARNING: [VRFC 10-3380] identifier 'r2_done' is used before its declaration [C:/Users/THUAN/Downloads/wrapper/encrypt_parallel.v:748]
WARNING: [VRFC 10-3380] identifier 'done_fw_transfer' is used before its declaration [C:/Users/THUAN/Downloads/wrapper/encrypt_parallel.v:755]
WARNING: [VRFC 10-3380] identifier 'r2_done' is used before its declaration [C:/Users/THUAN/Downloads/wrapper/encrypt_parallel.v:757]
WARNING: [VRFC 10-3380] identifier 'r2_done' is used before its declaration [C:/Users/THUAN/Downloads/wrapper/encrypt_parallel.v:760]
WARNING: [VRFC 10-3380] identifier 'r2_done' is used before its declaration [C:/Users/THUAN/Downloads/wrapper/encrypt_parallel.v:777]
WARNING: [VRFC 10-3380] identifier 'start_fw_transfer' is used before its declaration [C:/Users/THUAN/Downloads/wrapper/encrypt_parallel.v:789]
WARNING: [VRFC 10-3380] identifier 'start_fw_transfer' is used before its declaration [C:/Users/THUAN/Downloads/wrapper/encrypt_parallel.v:805]
WARNING: [VRFC 10-3380] identifier 'start_fw_transfer' is used before its declaration [C:/Users/THUAN/Downloads/wrapper/encrypt_parallel.v:808]
WARNING: [VRFC 10-3380] identifier 'start_fw_transfer' is used before its declaration [C:/Users/THUAN/Downloads/wrapper/encrypt_parallel.v:814]
WARNING: [VRFC 10-3380] identifier 'start_fw_transfer' is used before its declaration [C:/Users/THUAN/Downloads/wrapper/encrypt_parallel.v:822]
WARNING: [VRFC 10-3380] identifier 'start_fw_transfer' is used before its declaration [C:/Users/THUAN/Downloads/wrapper/encrypt_parallel.v:825]
WARNING: [VRFC 10-3380] identifier 'start_fw_transfer' is used before its declaration [C:/Users/THUAN/Downloads/wrapper/encrypt_parallel.v:831]
WARNING: [VRFC 10-3380] identifier 'start_fw_transfer' is used before its declaration [C:/Users/THUAN/Downloads/wrapper/encrypt_parallel.v:838]
WARNING: [VRFC 10-3380] identifier 'start_fw_transfer' is used before its declaration [C:/Users/THUAN/Downloads/wrapper/encrypt_parallel.v:848]
INFO: [VRFC 10-2263] Analyzing Verilog file "C:/Users/THUAN/Downloads/wrapper/fft_leaves_butterfly.v" into library xil_defaultlib
INFO: [VRFC 10-311] analyzing module fft_leaves_butterfly
INFO: [VRFC 10-2263] Analyzing Verilog file "C:/Users/THUAN/Downloads/wrapper/fft_part1.v" into library xil_defaultlib
INFO: [VRFC 10-311] analyzing module fft_part1
WARNING: [VRFC 10-3380] identifier 'gf_out_d3' is used before its declaration [C:/Users/THUAN/Downloads/wrapper/fft_part1.v:61]
INFO: [VRFC 10-2263] Analyzing Verilog file "C:/Users/THUAN/Downloads/wrapper/fft_part2.v" into library xil_defaultlib
INFO: [VRFC 10-311] analyzing module fft_part2
INFO: [VRFC 10-311] analyzing module fft_part2_round
INFO: [VRFC 10-2263] Analyzing Verilog file "C:/Users/THUAN/Downloads/wrapper/fft_retrieve_error_poly.v" into library xil_defaultlib
INFO: [VRFC 10-311] analyzing module fft_retrieve_error_poly
INFO: [VRFC 10-2263] Analyzing Verilog file "C:/Users/THUAN/Downloads/wrapper/fixed_weight.v" into library xil_defaultlib
INFO: [VRFC 10-311] analyzing module fixed_weight
WARNING: [VRFC 10-9336] redeclaration of ANSI port 'din_shake' is not allowed [C:/Users/THUAN/Downloads/wrapper/fixed_weight.v:161]
WARNING: [VRFC 10-3380] identifier 'sel_ctx' is used before its declaration [C:/Users/THUAN/Downloads/wrapper/fixed_weight.v:233]
WARNING: [VRFC 10-3380] identifier 'sel_ctx' is used before its declaration [C:/Users/THUAN/Downloads/wrapper/fixed_weight.v:234]
WARNING: [VRFC 10-3380] identifier 'sel_ctx' is used before its declaration [C:/Users/THUAN/Downloads/wrapper/fixed_weight.v:235]
WARNING: [VRFC 10-3380] identifier 'start_red' is used before its declaration [C:/Users/THUAN/Downloads/wrapper/fixed_weight.v:506]
WARNING: [VRFC 10-3380] identifier 'start_red' is used before its declaration [C:/Users/THUAN/Downloads/wrapper/fixed_weight.v:518]
WARNING: [VRFC 10-3380] identifier 'start_red' is used before its declaration [C:/Users/THUAN/Downloads/wrapper/fixed_weight.v:529]
WARNING: [VRFC 10-3380] identifier 'start_red' is used before its declaration [C:/Users/THUAN/Downloads/wrapper/fixed_weight.v:540]
WARNING: [VRFC 10-3380] identifier 'start_red' is used before its declaration [C:/Users/THUAN/Downloads/wrapper/fixed_weight.v:546]
WARNING: [VRFC 10-3380] identifier 'start_red' is used before its declaration [C:/Users/THUAN/Downloads/wrapper/fixed_weight.v:552]
INFO: [VRFC 10-2263] Analyzing Verilog file "C:/Users/THUAN/Downloads/wrapper/fixed_weight_ct.v" into library xil_defaultlib
INFO: [VRFC 10-311] analyzing module fixed_weight_ct
WARNING: [VRFC 10-9336] redeclaration of ANSI port 'din_shake' is not allowed [C:/Users/THUAN/Downloads/wrapper/fixed_weight_ct.v:153]
WARNING: [VRFC 10-3380] identifier 'sel_ctx' is used before its declaration [C:/Users/THUAN/Downloads/wrapper/fixed_weight_ct.v:222]
WARNING: [VRFC 10-3380] identifier 'sel_ctx' is used before its declaration [C:/Users/THUAN/Downloads/wrapper/fixed_weight_ct.v:223]
WARNING: [VRFC 10-3380] identifier 'sel_ctx' is used before its declaration [C:/Users/THUAN/Downloads/wrapper/fixed_weight_ct.v:224]
WARNING: [VRFC 10-3380] identifier 'start_red' is used before its declaration [C:/Users/THUAN/Downloads/wrapper/fixed_weight_ct.v:462]
WARNING: [VRFC 10-3380] identifier 'start_red' is used before its declaration [C:/Users/THUAN/Downloads/wrapper/fixed_weight_ct.v:475]
WARNING: [VRFC 10-3380] identifier 'start_red' is used before its declaration [C:/Users/THUAN/Downloads/wrapper/fixed_weight_ct.v:493]
WARNING: [VRFC 10-3380] identifier 'start_red' is used before its declaration [C:/Users/THUAN/Downloads/wrapper/fixed_weight_ct.v:512]
WARNING: [VRFC 10-3380] identifier 'start_red' is used before its declaration [C:/Users/THUAN/Downloads/wrapper/fixed_weight_ct.v:519]
WARNING: [VRFC 10-3380] identifier 'start_red' is used before its declaration [C:/Users/THUAN/Downloads/wrapper/fixed_weight_ct.v:526]
WARNING: [VRFC 10-3380] identifier 'start_red' is used before its declaration [C:/Users/THUAN/Downloads/wrapper/fixed_weight_ct.v:533]
INFO: [VRFC 10-2263] Analyzing Verilog file "C:/Users/THUAN/Downloads/wrapper/fixed_weight_cww.v" into library xil_defaultlib
INFO: [VRFC 10-311] analyzing module fixed_weight_cww
WARNING: [VRFC 10-9336] redeclaration of ANSI port 'din_shake' is not allowed [C:/Users/THUAN/Downloads/wrapper/fixed_weight_cww.v:141]
WARNING: [VRFC 10-2938] 'dout_shake_reduced' is already implicitly declared on line 245 [C:/Users/THUAN/Downloads/wrapper/fixed_weight_cww.v:270]
WARNING: [VRFC 10-2938] 'n_minus_i' is already implicitly declared on line 244 [C:/Users/THUAN/Downloads/wrapper/fixed_weight_cww.v:309]
WARNING: [VRFC 10-2938] 'dout_reduced_valid' is already implicitly declared on line 241 [C:/Users/THUAN/Downloads/wrapper/fixed_weight_cww.v:322]
WARNING: [VRFC 10-3380] identifier 'n_minus_i' is used before its declaration [C:/Users/THUAN/Downloads/wrapper/fixed_weight_cww.v:229]
WARNING: [VRFC 10-3380] identifier 'n_minus_i' is used before its declaration [C:/Users/THUAN/Downloads/wrapper/fixed_weight_cww.v:232]
WARNING: [VRFC 10-3380] identifier 'count' is used before its declaration [C:/Users/THUAN/Downloads/wrapper/fixed_weight_cww.v:272]
INFO: [VRFC 10-2263] Analyzing Verilog file "C:/Users/THUAN/Downloads/wrapper/gf_mul.v" into library xil_defaultlib
INFO: [VRFC 10-311] analyzing module gf_mul
INFO: [VRFC 10-2263] Analyzing Verilog file "C:/Users/THUAN/Downloads/wrapper/gfmul.v" into library xil_defaultlib
INFO: [VRFC 10-311] analyzing module gfmul
INFO: [VRFC 10-2263] Analyzing Verilog file "C:/Users/THUAN/Downloads/wrapper/hqc_barrett_red.v" into library xil_defaultlib
INFO: [VRFC 10-311] analyzing module hqc_barrett_red
INFO: [VRFC 10-2263] Analyzing Verilog file "C:/Users/THUAN/Downloads/wrapper/hqc_decod_top.v" into library xil_defaultlib
INFO: [VRFC 10-311] analyzing module hqc_decod_top
INFO: [VRFC 10-2263] Analyzing Verilog file "C:/Users/THUAN/Downloads/wrapper/hqc_kem_joint_design.v" into library xil_defaultlib
INFO: [VRFC 10-311] analyzing module hqc_kem_joint_design
INFO: [VRFC 10-2263] Analyzing Verilog file "C:/Users/THUAN/Downloads/wrapper/hqc_rmdecod_ctrl.v" into library xil_defaultlib
INFO: [VRFC 10-311] analyzing module hqc_rmdecod_ctrl
INFO: [VRFC 10-2263] Analyzing Verilog file "C:/Users/THUAN/Downloads/wrapper/hqc_rmdecod_expnsum.v" into library xil_defaultlib
INFO: [VRFC 10-311] analyzing module hqc_rmdecod_expnsum
INFO: [VRFC 10-2263] Analyzing Verilog file "C:/Users/THUAN/Downloads/wrapper/hqc_rmdecod_findpeaks.v" into library xil_defaultlib
INFO: [VRFC 10-311] analyzing module hqc_rmdecod_findpeaks
INFO: [VRFC 10-311] analyzing module findpeaks_core
INFO: [VRFC 10-2263] Analyzing Verilog file "C:/Users/THUAN/Downloads/wrapper/hqc_rmdecod_hadamard.v" into library xil_defaultlib
INFO: [VRFC 10-311] analyzing module hqc_rmdecod_hadamard
INFO: [VRFC 10-311] analyzing module hadamard_layer
INFO: [VRFC 10-2263] Analyzing Verilog file "C:/Users/THUAN/Downloads/wrapper/hqc_rmdecod_top.v" into library xil_defaultlib
INFO: [VRFC 10-311] analyzing module hqc_rmdecod_top
INFO: [VRFC 10-2263] Analyzing Verilog file "C:/Users/THUAN/Downloads/wrapper/hqc_rsdecod_elp.v" into library xil_defaultlib
INFO: [VRFC 10-311] analyzing module hqc_rsdecod_elp
INFO: [VRFC 10-2263] Analyzing Verilog file "C:/Users/THUAN/Downloads/wrapper/hqc_rsdecod_err_val.v" into library xil_defaultlib
INFO: [VRFC 10-311] analyzing module hqc_rsdecod_err_val
INFO: [VRFC 10-2263] Analyzing Verilog file "C:/Users/THUAN/Downloads/wrapper/hqc_rsdecod_roots.v" into library xil_defaultlib
INFO: [VRFC 10-311] analyzing module hqc_rsdecod_roots
WARNING: [VRFC 10-3248] data object 'fft_done' is already declared [C:/Users/THUAN/Downloads/wrapper/hqc_rsdecod_roots.v:47]
WARNING: [VRFC 10-9364] second declaration of 'fft_done' is ignored [C:/Users/THUAN/Downloads/wrapper/hqc_rsdecod_roots.v:47]
INFO: [VRFC 10-2263] Analyzing Verilog file "C:/Users/THUAN/Downloads/wrapper/hqc_rsdecod_syndromes.v" into library xil_defaultlib
INFO: [VRFC 10-311] analyzing module hqc_rsdecod_syndromes
INFO: [VRFC 10-2263] Analyzing Verilog file "C:/Users/THUAN/Downloads/wrapper/hqc_rsdecod_top.v" into library xil_defaultlib
INFO: [VRFC 10-311] analyzing module hqc_rsdecod_top
INFO: [VRFC 10-2263] Analyzing Verilog file "C:/Users/THUAN/Downloads/wrapper/hqc_rsdecod_zpoly.v" into library xil_defaultlib
INFO: [VRFC 10-311] analyzing module hqc_rsdecod_zpoly
INFO: [VRFC 10-2263] Analyzing Verilog file "C:/Users/THUAN/Downloads/wrapper/karatsuba_small.v" into library xil_defaultlib
INFO: [VRFC 10-311] analyzing module karatsuba_small
INFO: [VRFC 10-2263] Analyzing Verilog file "C:/Users/THUAN/Downloads/wrapper/keccak_top.v" into library xil_defaultlib
INFO: [VRFC 10-311] analyzing module keccak_top
INFO: [VRFC 10-2263] Analyzing Verilog file "C:/Users/THUAN/Downloads/wrapper/keygen.v" into library xil_defaultlib
INFO: [VRFC 10-311] analyzing module keygen
WARNING: [VRFC 10-2938] 'pm_out' is already implicitly declared on line 390 [C:/Users/THUAN/Downloads/wrapper/keygen.v:398]
WARNING: [VRFC 10-2938] 'pm_rd_addr' is already implicitly declared on line 387 [C:/Users/THUAN/Downloads/wrapper/keygen.v:399]
WARNING: [VRFC 10-2938] 'pm_rd_en' is already implicitly declared on line 388 [C:/Users/THUAN/Downloads/wrapper/keygen.v:400]
WARNING: [VRFC 10-2938] 'add_out' is already implicitly declared on line 392 [C:/Users/THUAN/Downloads/wrapper/keygen.v:402]
WARNING: [VRFC 10-2938] 'add_out_addr' is already implicitly declared on line 393 [C:/Users/THUAN/Downloads/wrapper/keygen.v:403]
WARNING: [VRFC 10-2938] 'add_out_valid' is already implicitly declared on line 394 [C:/Users/THUAN/Downloads/wrapper/keygen.v:404]
WARNING: [VRFC 10-2938] 'x_addr_reg' is already implicitly declared on line 317 [C:/Users/THUAN/Downloads/wrapper/keygen.v:702]
WARNING: [VRFC 10-3380] identifier 'pm_out' is used before its declaration [C:/Users/THUAN/Downloads/wrapper/keygen.v:193]
WARNING: [VRFC 10-3380] identifier 'x_addr' is used before its declaration [C:/Users/THUAN/Downloads/wrapper/keygen.v:221]
WARNING: [VRFC 10-3380] identifier 'x_transfer_done' is used before its declaration [C:/Users/THUAN/Downloads/wrapper/keygen.v:490]
INFO: [VRFC 10-2263] Analyzing Verilog file "C:/Users/THUAN/Downloads/wrapper/loc_based_adder.v" into library xil_defaultlib
INFO: [VRFC 10-311] analyzing module loc_based_adder
INFO: [VRFC 10-2263] Analyzing Verilog file "C:/Users/THUAN/Downloads/wrapper/mem_dual.v" into library xil_defaultlib
INFO: [VRFC 10-311] analyzing module mem_dual
INFO: [VRFC 10-2263] Analyzing Verilog file "C:/Users/THUAN/Downloads/wrapper/mem_single.v" into library xil_defaultlib
INFO: [VRFC 10-311] analyzing module mem_single
INFO: [VRFC 10-2263] Analyzing Verilog file "C:/Users/THUAN/Downloads/wrapper/mod34.v" into library xil_defaultlib
INFO: [VRFC 10-311] analyzing module mod34
INFO: [VRFC 10-2263] Analyzing Verilog file "C:/Users/THUAN/Downloads/wrapper/onegen.v" into library xil_defaultlib
INFO: [VRFC 10-311] analyzing module onegen
INFO: [VRFC 10-2263] Analyzing Verilog file "C:/Users/THUAN/Downloads/wrapper/onegen_ct.v" into library xil_defaultlib
INFO: [VRFC 10-311] analyzing module onegen_ct
INFO: [VRFC 10-2263] Analyzing Verilog file "C:/Users/THUAN/Downloads/wrapper/poly_mult.v" into library xil_defaultlib
INFO: [VRFC 10-311] analyzing module poly_mult
WARNING: [VRFC 10-9336] redeclaration of ANSI port 'mux_word_0' is not allowed [C:/Users/THUAN/Downloads/wrapper/poly_mult.v:103]
WARNING: [VRFC 10-9336] redeclaration of ANSI port 'mux_word_1' is not allowed [C:/Users/THUAN/Downloads/wrapper/poly_mult.v:104]
WARNING: [VRFC 10-3380] identifier 'addr_0_intermediate' is used before its declaration [C:/Users/THUAN/Downloads/wrapper/poly_mult.v:218]
WARNING: [VRFC 10-3380] identifier 'addr_0_intermediate' is used before its declaration [C:/Users/THUAN/Downloads/wrapper/poly_mult.v:229]
WARNING: [VRFC 10-3380] identifier 'addr_0_intermediate' is used before its declaration [C:/Users/THUAN/Downloads/wrapper/poly_mult.v:230]
WARNING: [VRFC 10-3380] identifier 'state' is used before its declaration [C:/Users/THUAN/Downloads/wrapper/poly_mult.v:233]
INFO: [VRFC 10-2263] Analyzing Verilog file "C:/Users/THUAN/Downloads/wrapper/rc.v" into library xil_defaultlib
INFO: [VRFC 10-311] analyzing module rc
INFO: [VRFC 10-2263] Analyzing Verilog file "C:/Users/THUAN/Downloads/wrapper/reed_muller_encode.v" into library xil_defaultlib
INFO: [VRFC 10-311] analyzing module reed_muller_encode
WARNING: [VRFC 10-2938] 'wr_en' is already implicitly declared on line 93 [C:/Users/THUAN/Downloads/wrapper/reed_muller_encode.v:101]
WARNING: [VRFC 10-3380] identifier 'init' is used before its declaration [C:/Users/THUAN/Downloads/wrapper/reed_muller_encode.v:67]
WARNING: [VRFC 10-3380] identifier 'shift_cdw' is used before its declaration [C:/Users/THUAN/Downloads/wrapper/reed_muller_encode.v:70]
WARNING: [VRFC 10-3380] identifier 'count_cdw_bytes' is used before its declaration [C:/Users/THUAN/Downloads/wrapper/reed_muller_encode.v:86]
INFO: [VRFC 10-2263] Analyzing Verilog file "C:/Users/THUAN/Downloads/wrapper/reed_solomon_encode.v" into library xil_defaultlib
INFO: [VRFC 10-311] analyzing module reed_solomon_encode
WARNING: [VRFC 10-3380] identifier 'init_msg' is used before its declaration [C:/Users/THUAN/Downloads/wrapper/reed_solomon_encode.v:75]
WARNING: [VRFC 10-3380] identifier 'shift_msg' is used before its declaration [C:/Users/THUAN/Downloads/wrapper/reed_solomon_encode.v:78]
WARNING: [VRFC 10-3380] identifier 'init_msg' is used before its declaration [C:/Users/THUAN/Downloads/wrapper/reed_solomon_encode.v:88]
INFO: [VRFC 10-2263] Analyzing Verilog file "C:/Users/THUAN/Downloads/wrapper/rm_encoder.v" into library xil_defaultlib
INFO: [VRFC 10-311] analyzing module rm_encoder
INFO: [VRFC 10-2263] Analyzing Verilog file "C:/Users/THUAN/Downloads/wrapper/state_ram.v" into library xil_defaultlib
INFO: [VRFC 10-311] analyzing module state_ram
WARNING: [VRFC 10-634] event expressions must result in a singular type [C:/Users/THUAN/Downloads/wrapper/state_ram.v:122]
WARNING: [VRFC 10-634] event expressions must result in a singular type [C:/Users/THUAN/Downloads/wrapper/state_ram.v:228]
WARNING: [VRFC 10-634] event expressions must result in a singular type [C:/Users/THUAN/Downloads/wrapper/state_ram.v:278]
WARNING: [VRFC 10-634] event expressions must result in a singular type [C:/Users/THUAN/Downloads/wrapper/state_ram.v:379]
INFO: [VRFC 10-2263] Analyzing Verilog file "C:/Users/THUAN/Downloads/wrapper/stateram_inference.v" into library xil_defaultlib
INFO: [VRFC 10-311] analyzing module stateram_inference
INFO: [VRFC 10-2263] Analyzing Verilog file "C:/Users/THUAN/Downloads/wrapper/syncfifo.v" into library xil_defaultlib
INFO: [VRFC 10-311] analyzing module syncfifo
INFO: [VRFC 10-2263] Analyzing Verilog file "C:/Users/THUAN/Downloads/wrapper/transform.v" into library xil_defaultlib
INFO: [VRFC 10-311] analyzing module transform
INFO: [VRFC 10-2263] Analyzing Verilog file "C:/Users/THUAN/Downloads/wrapper/v_minus_uy.v" into library xil_defaultlib
INFO: [VRFC 10-311] analyzing module v_minus_uy
WARNING: [VRFC 10-3248] data object 'pm_out' is already declared [C:/Users/THUAN/Downloads/wrapper/v_minus_uy.v:219]
WARNING: [VRFC 10-9364] second declaration of 'pm_out' is ignored [C:/Users/THUAN/Downloads/wrapper/v_minus_uy.v:219]
WARNING: [VRFC 10-3380] identifier 'xor_add_addr' is used before its declaration [C:/Users/THUAN/Downloads/wrapper/v_minus_uy.v:145]
WARNING: [VRFC 10-3380] identifier 'xor_add_en' is used before its declaration [C:/Users/THUAN/Downloads/wrapper/v_minus_uy.v:168]
WARNING: [VRFC 10-3380] identifier 'xor_add_addr' is used before its declaration [C:/Users/THUAN/Downloads/wrapper/v_minus_uy.v:169]
WARNING: [VRFC 10-3380] identifier 'xor_add_out_valid' is used before its declaration [C:/Users/THUAN/Downloads/wrapper/v_minus_uy.v:170]
WARNING: [VRFC 10-3380] identifier 'xor_add_out_addr' is used before its declaration [C:/Users/THUAN/Downloads/wrapper/v_minus_uy.v:171]
WARNING: [VRFC 10-3380] identifier 'xor_add_out' is used before its declaration [C:/Users/THUAN/Downloads/wrapper/v_minus_uy.v:172]
INFO: [VRFC 10-2263] Analyzing Verilog file "C:/Users/THUAN/Downloads/wrapper/vect_set_random.v" into library xil_defaultlib
INFO: [VRFC 10-311] analyzing module vect_set_random
WARNING: [VRFC 10-9336] redeclaration of ANSI port 'shake_din' is not allowed [C:/Users/THUAN/Downloads/wrapper/vect_set_random.v:104]
WARNING: [VRFC 10-2938] 'rand_mem_in' is already implicitly declared on line 151 [C:/Users/THUAN/Downloads/wrapper/vect_set_random.v:167]
WARNING: [VRFC 10-2938] 'wr_en_rand' is already implicitly declared on line 155 [C:/Users/THUAN/Downloads/wrapper/vect_set_random.v:168]
WARNING: [VRFC 10-3380] identifier 'pk_rand_addr' is used before its declaration [C:/Users/THUAN/Downloads/wrapper/vect_set_random.v:146]
WARNING: [VRFC 10-3380] identifier 'pk_rand_addr' is used before its declaration [C:/Users/THUAN/Downloads/wrapper/vect_set_random.v:174]
WARNING: [VRFC 10-3380] identifier 'pk_rand_addr_reg' is used before its declaration [C:/Users/THUAN/Downloads/wrapper/vect_set_random.v:200]
WARNING: [VRFC 10-3380] identifier 'pk_rand_addr' is used before its declaration [C:/Users/THUAN/Downloads/wrapper/vect_set_random.v:201]
WARNING: [VRFC 10-3380] identifier 'pk_rand_addr' is used before its declaration [C:/Users/THUAN/Downloads/wrapper/vect_set_random.v:208]
WARNING: [VRFC 10-3380] identifier 'pk_rand_addr_reg' is used before its declaration [C:/Users/THUAN/Downloads/wrapper/vect_set_random.v:219]
INFO: [VRFC 10-2263] Analyzing Verilog file "C:/Users/THUAN/Downloads/wrapper/xor_based_adder.v" into library xil_defaultlib
INFO: [VRFC 10-311] analyzing module xor_based_adder
INFO: [VRFC 10-2263] Analyzing Verilog file "C:/Users/THUAN/Downloads/wrapper/keygen_tb.v" into library xil_defaultlib
INFO: [VRFC 10-311] analyzing module keygen_tb
run_program: Time (s): cpu = 00:00:03 ; elapsed = 00:00:22 . Memory (MB): peak = 1417.137 ; gain = 0.000
INFO: [USF-XSim-69] 'compile' step finished in '22' seconds
INFO: [USF-XSim-3] XSim::Elaborate design
INFO: [USF-XSim-61] Executing 'ELABORATE' step in 'D:/University/251/DA/wrapper/wrapper.sim/sim_1/behav/xsim'
"xelab --incr --debug typical --relax --mt 2 -L xil_defaultlib -L unisims_ver -L unimacro_ver -L secureip --snapshot keygen_tb_behav xil_defaultlib.keygen_tb xil_defaultlib.glbl -log elaborate.log"
Vivado Simulator v2022.2
Copyright 1986-1999, 2001-2022 Xilinx, Inc. All Rights Reserved.
Running: D:/Apps/Xilinx/Vivado/2022.2/bin/unwrapped/win64.o/xelab.exe --incr --debug typical --relax --mt 2 -L xil_defaultlib -L unisims_ver -L unimacro_ver -L secureip --snapshot keygen_tb_behav xil_defaultlib.keygen_tb xil_defaultlib.glbl -log elaborate.log 
Using 2 slave threads.
Starting static elaboration
Pass Through NonSizing Optimizer
WARNING: [VRFC 10-3091] actual bit length 13 differs from formal bit length 8 for port 'address_0' [C:/Users/THUAN/Downloads/wrapper/HQC_wrapper.v:77]
WARNING: [VRFC 10-3091] actual bit length 13 differs from formal bit length 8 for port 'address_1' [C:/Users/THUAN/Downloads/wrapper/HQC_wrapper.v:78]
WARNING: [VRFC 10-3091] actual bit length 13 differs from formal bit length 8 for port 'address_0' [C:/Users/THUAN/Downloads/wrapper/HQC_wrapper.v:83]
WARNING: [VRFC 10-3091] actual bit length 13 differs from formal bit length 8 for port 'address_1' [C:/Users/THUAN/Downloads/wrapper/HQC_wrapper.v:84]
WARNING: [VRFC 10-3091] actual bit length 13 differs from formal bit length 8 for port 'address_0' [C:/Users/THUAN/Downloads/wrapper/HQC_wrapper.v:89]
WARNING: [VRFC 10-3091] actual bit length 13 differs from formal bit length 8 for port 'address_1' [C:/Users/THUAN/Downloads/wrapper/HQC_wrapper.v:90]
WARNING: [VRFC 10-3091] actual bit length 13 differs from formal bit length 8 for port 'address_0' [C:/Users/THUAN/Downloads/wrapper/HQC_wrapper.v:95]
WARNING: [VRFC 10-3091] actual bit length 13 differs from formal bit length 8 for port 'address_1' [C:/Users/THUAN/Downloads/wrapper/HQC_wrapper.v:96]
WARNING: [VRFC 10-3091] actual bit length 13 differs from formal bit length 8 for port 'keygen_out_addr' [C:/Users/THUAN/Downloads/wrapper/HQC_wrapper.v:124]
WARNING: [VRFC 10-3091] actual bit length 13 differs from formal bit length 9 for port 'd_h_addr_0' [C:/Users/THUAN/Downloads/wrapper/HQC_wrapper.v:136]
WARNING: [VRFC 10-3091] actual bit length 13 differs from formal bit length 9 for port 'u_addr_0' [C:/Users/THUAN/Downloads/wrapper/HQC_wrapper.v:137]
WARNING: [VRFC 10-3091] actual bit length 32 differs from formal bit length 128 for port 'decap_out' [C:/Users/THUAN/Downloads/wrapper/HQC_wrapper.v:140]
WARNING: [VRFC 10-3091] actual bit length 13 differs from formal bit length 8 for port 'decap_out_addr' [C:/Users/THUAN/Downloads/wrapper/HQC_wrapper.v:142]
WARNING: [VRFC 10-3091] actual bit length 32 differs from formal bit length 2 for port 'm_addr' [C:/Users/THUAN/Downloads/wrapper/HQC_wrapper.v:145]
WARNING: [VRFC 10-3091] actual bit length 32 differs from formal bit length 128 for port 'decap_in' [C:/Users/THUAN/Downloads/wrapper/HQC_wrapper.v:146]
WARNING: [VRFC 10-3091] actual bit length 32 differs from formal bit length 1 for port 'start' [C:/Users/THUAN/Downloads/wrapper/hqc_kem_joint_design.v:376]
WARNING: [VRFC 10-3091] actual bit length 32 differs from formal bit length 1 for port 'wren_1' [C:/Users/THUAN/Downloads/wrapper/vect_set_random.v:156]
WARNING: [VRFC 10-3091] actual bit length 7 differs from formal bit length 16 for port 'loc_addr' [C:/Users/THUAN/Downloads/wrapper/keygen.v:376]
WARNING: [VRFC 10-3091] actual bit length 32 differs from formal bit length 8 for port 'weight' [C:/Users/THUAN/Downloads/wrapper/keygen.v:378]
WARNING: [VRFC 10-3091] actual bit length 9 differs from formal bit length 8 for port 'address_0' [C:/Users/THUAN/Downloads/wrapper/poly_mult.v:247]
WARNING: [VRFC 10-3091] actual bit length 9 differs from formal bit length 8 for port 'address_1' [C:/Users/THUAN/Downloads/wrapper/poly_mult.v:248]
WARNING: [VRFC 10-3091] actual bit length 32 differs from formal bit length 24 for port 'data_1' [C:/Users/THUAN/Downloads/wrapper/fixed_weight_ct.v:242]
WARNING: [VRFC 10-3091] actual bit length 32 differs from formal bit length 1 for port 'wren_1' [C:/Users/THUAN/Downloads/wrapper/fixed_weight_ct.v:246]
WARNING: [VRFC 10-3091] actual bit length 32 differs from formal bit length 1 for port 'start' [C:/Users/THUAN/Downloads/wrapper/hqc_kem_joint_design.v:419]
WARNING: [VRFC 10-3091] actual bit length 32 differs from formal bit length 1 for port 'u_v_in_wen' [C:/Users/THUAN/Downloads/wrapper/hqc_kem_joint_design.v:443]
WARNING: [VRFC 10-3091] actual bit length 32 differs from formal bit length 8 for port 'u_v_in_addr' [C:/Users/THUAN/Downloads/wrapper/hqc_kem_joint_design.v:444]
WARNING: [VRFC 10-3091] actual bit length 32 differs from formal bit length 1 for port 'resume_encap' [C:/Users/THUAN/Downloads/wrapper/hqc_kem_joint_design.v:446]
WARNING: [VRFC 10-3091] actual bit length 368 differs from formal bit length 240 for port 'cdw_in' [C:/Users/THUAN/Downloads/wrapper/reed_solomon_encode.v:121]
WARNING: [VRFC 10-3091] actual bit length 32 differs from formal bit length 1 for port 'start' [C:/Users/THUAN/Downloads/wrapper/reed_solomon_encode.v:108]
WARNING: [VRFC 10-3091] actual bit length 32 differs from formal bit length 1 for port 'start' [C:/Users/THUAN/Downloads/wrapper/reed_muller_encode.v:80]
WARNING: [VRFC 10-3091] actual bit length 32 differs from formal bit length 1 for port 'wr_en' [C:/Users/THUAN/Downloads/wrapper/encrypt.v:343]
WARNING: [VRFC 10-3091] actual bit length 7 differs from formal bit length 16 for port 'loc_addr' [C:/Users/THUAN/Downloads/wrapper/encrypt.v:426]
WARNING: [VRFC 10-3091] actual bit length 32 differs from formal bit length 8 for port 'weight' [C:/Users/THUAN/Downloads/wrapper/encrypt.v:428]
WARNING: [VRFC 10-3091] actual bit length 32 differs from formal bit length 1 for port 'add_wr_en' [C:/Users/THUAN/Downloads/wrapper/encrypt.v:443]
WARNING: [VRFC 10-3091] actual bit length 32 differs from formal bit length 1 for port 'start' [C:/Users/THUAN/Downloads/wrapper/hqc_kem_joint_design.v:487]
WARNING: [VRFC 10-3091] actual bit length 32 differs from formal bit length 1 for port 'dout_ready_i' [C:/Users/THUAN/Downloads/wrapper/hqc_rmdecod_top.v:81]
WARNING: [VRFC 10-3091] actual bit length 32 differs from formal bit length 1 for port 'start' [C:/Users/THUAN/Downloads/wrapper/hqc_rsdecod_elp.v:92]
WARNING: [VRFC 10-3091] actual bit length 32 differs from formal bit length 1 for port 'start' [C:/Users/THUAN/Downloads/wrapper/hqc_rsdecod_elp.v:156]
WARNING: [VRFC 10-3091] actual bit length 32 differs from formal bit length 1 for port 'start' [C:/Users/THUAN/Downloads/wrapper/hqc_rsdecod_zpoly.v:101]
WARNING: [VRFC 10-3091] actual bit length 8 differs from formal bit length 32 for port 'dout_o' [C:/Users/THUAN/Downloads/wrapper/add_fft.v:81]
WARNING: [VRFC 10-3091] actual bit length 32 differs from formal bit length 1 for port 'start' [C:/Users/THUAN/Downloads/wrapper/fft_part1.v:143]
WARNING: [VRFC 10-3091] actual bit length 32 differs from formal bit length 1 for port 'start' [C:/Users/THUAN/Downloads/wrapper/fft_leaves_butterfly.v:70]
WARNING: [VRFC 10-3091] actual bit length 32 differs from formal bit length 1 for port 'start' [C:/Users/THUAN/Downloads/wrapper/fft_part2.v:147]
WARNING: [VRFC 10-3091] actual bit length 32 differs from formal bit length 1 for port 'start' [C:/Users/THUAN/Downloads/wrapper/hqc_rsdecod_err_val.v:176]
WARNING: [VRFC 10-3091] actual bit length 32 differs from formal bit length 1 for port 'start' [C:/Users/THUAN/Downloads/wrapper/hqc_rsdecod_err_val.v:187]
WARNING: [VRFC 10-3091] actual bit length 32 differs from formal bit length 2 for port 'encap_out_type' [C:/Users/THUAN/Downloads/wrapper/decap.v:528]
WARNING: [VRFC 10-3091] actual bit length 32 differs from formal bit length 1 for port 'encap_out_en' [C:/Users/THUAN/Downloads/wrapper/decap.v:530]
WARNING: [VRFC 10-3091] actual bit length 40 differs from formal bit length 8 for port 'encap_out_addr' [C:/Users/THUAN/Downloads/wrapper/decap.v:531]
WARNING: [VRFC 10-5021] port 'encap_out_type' is not connected on this instance [C:/Users/THUAN/Downloads/wrapper/HQC_wrapper.v:105]
WARNING: [VRFC 10-5021] port 'shake_force_done_ack' is not connected on this instance [C:/Users/THUAN/Downloads/wrapper/hqc_kem_joint_design.v:414]
WARNING: [VRFC 10-8864] concatenation with an unsized literal will be treated as 32 bits [C:/Users/THUAN/Downloads/wrapper/encap.v:249]
WARNING: [VRFC 10-8864] concatenation with an unsized literal will be treated as 32 bits [C:/Users/THUAN/Downloads/wrapper/encap.v:250]
WARNING: [VRFC 10-8864] concatenation with an unsized literal will be treated as 32 bits [C:/Users/THUAN/Downloads/wrapper/encap.v:546]
WARNING: [VRFC 10-5021] port 'rst' is not connected on this instance [C:/Users/THUAN/Downloads/wrapper/reed_muller_encode.v:77]
WARNING: [VRFC 10-8864] concatenation with an unsized literal will be treated as 32 bits [C:/Users/THUAN/Downloads/wrapper/decap.v:531]
WARNING: [VRFC 10-5021] port 'shake_force_done_ack' is not connected on this instance [C:/Users/THUAN/Downloads/wrapper/decap.v:502]
Completed static elaboration
Starting simulation data flow analysis
Completed simulation data flow analysis
Time Resolution for simulation is 1ps
Compiling module xil_defaultlib.mem_dual(WIDTH=128,DEPTH=139)
Compiling module xil_defaultlib.mem_single(WIDTH=32,DEPTH=10)
Compiling module xil_defaultlib.mem_dual(WIDTH=24,DEPTH=264)
Compiling module xil_defaultlib.hqc_barrett_red_default
Compiling module xil_defaultlib.mem_single(WIDTH=15,DEPTH=66)
Compiling module xil_defaultlib.mem_dual(WIDTH=32,DEPTH=553)
Compiling module xil_defaultlib.onegen_ct(E0_DEPTH=553,DEPTH=553...
Compiling module xil_defaultlib.fixed_weight_ct(N=17669,M=15,WEI...
Compiling module xil_defaultlib.vect_set_random(N=17669)
Compiling module xil_defaultlib.poly_mult(MAX_WEIGHT=75,N=17669,...
Compiling module xil_defaultlib.loc_based_adder(WIDTH=128)
Compiling module xil_defaultlib.keygen(N=17669,CT_DESIGN=2'b01)
Compiling module xil_defaultlib.mem_single(WIDTH=32,DEPTH=4)
Compiling module xil_defaultlib.mem_single(WIDTH=32,DEPTH=16)
Compiling module xil_defaultlib.mem_dual(WIDTH=24,DEPTH=450)
Compiling module xil_defaultlib.mem_single(WIDTH=15,DEPTH=75)
Compiling module xil_defaultlib.onegen_ct(E0_DEPTH=553,DEPTH=553...
Compiling module xil_defaultlib.fixed_weight_ct(N=17669,M=15,WEI...
Compiling module xil_defaultlib.gf_mul_default
Compiling module xil_defaultlib.cdw_xor_tmp_default
Compiling module xil_defaultlib.reed_solomon_encode_default
Compiling module xil_defaultlib.rm_encoder
Compiling module xil_defaultlib.mem_single(WIDTH=128,DEPTH=46)
Compiling module xil_defaultlib.reed_muller_encode_default
Compiling module xil_defaultlib.concat_code(parameter_set="hqc12...
Compiling module xil_defaultlib.mem_single(WIDTH=128,DEPTH=139)
Compiling module xil_defaultlib.loc_based_adder(N=17669,WEIGHT=7...
Compiling module xil_defaultlib.xor_based_adder(parameter_set="h...
Compiling module xil_defaultlib.encrypt(parameter_set="hqc128",C...
Compiling module xil_defaultlib.mod34
Compiling module xil_defaultlib.mem_single(WIDTH=32,DEPTH=1143)
Compiling module xil_defaultlib.encap_default
Compiling module xil_defaultlib.v_minus_uy(parameter_set="hqc128...
Compiling module xil_defaultlib.hqc_rmdecod_expnsum_default
Compiling module xil_defaultlib.syncfifo(DW=4,AW=5)
Compiling module xil_defaultlib.hadamard_layer_default
Compiling module xil_defaultlib.syncfifo(DW=5,AW=5)
Compiling module xil_defaultlib.hadamard_layer(NN=4)
Compiling module xil_defaultlib.syncfifo(DW=6,AW=5)
Compiling module xil_defaultlib.hadamard_layer(NN=5)
Compiling module xil_defaultlib.syncfifo(DW=7,AW=5)
Compiling module xil_defaultlib.hadamard_layer(NN=6)
Compiling module xil_defaultlib.syncfifo(DW=8,AW=5)
Compiling module xil_defaultlib.hadamard_layer(NN=7)
Compiling module xil_defaultlib.syncfifo(DW=9,AW=5)
Compiling module xil_defaultlib.hadamard_layer(NN=8)
Compiling module xil_defaultlib.syncfifo(DW=10,AW=5)
Compiling module xil_defaultlib.hadamard_layer(NN=9)
Compiling module xil_defaultlib.hqc_rmdecod_hadamard_default
Compiling module xil_defaultlib.findpeaks_core(DOUT_W=7)
Compiling module xil_defaultlib.hqc_rmdecod_findpeaks_default
Compiling module xil_defaultlib.hqc_rmdecod_ctrl_default
Compiling module xil_defaultlib.hqc_rmdecod_top_default
Compiling module xil_defaultlib.gfmul(REG_IN=0)
Compiling module xil_defaultlib.hqc_rsdecod_syndromes_default
Compiling module xil_defaultlib.gfmul(REG_IN=0,REG_OUT=0)
Compiling module xil_defaultlib.hqc_rsdecod_elp_default
Compiling module xil_defaultlib.hqc_rsdecod_zpoly_default
Compiling module xil_defaultlib.fft_part1(DIN_W=256)
Compiling module xil_defaultlib.fft_leaves_butterfly
Compiling module xil_defaultlib.syncfifo(DW=8,AW=4)
Compiling module xil_defaultlib.fft_part2_round_default
Compiling module xil_defaultlib.fft_part2_round(ROUND=1)
Compiling module xil_defaultlib.syncfifo(DW=8,AW=6)
Compiling module xil_defaultlib.fft_part2_round(ROUND=2)
Compiling module xil_defaultlib.syncfifo(DW=8)
Compiling module xil_defaultlib.fft_part2_round(ROUND=3)
Compiling module xil_defaultlib.fft_part2_default
Compiling module xil_defaultlib.add_fft
Compiling module xil_defaultlib.fft_retrieve_error_poly_default
Compiling module xil_defaultlib.hqc_rsdecod_roots_default
Compiling module xil_defaultlib.hqc_rsdecod_err_val_default
Compiling module xil_defaultlib.hqc_rsdecod_top_default
Compiling module xil_defaultlib.hqc_decod_top_default
Compiling module xil_defaultlib.decrypt_default
Compiling module xil_defaultlib.decap_default
Compiling module xil_defaultlib.control_path
Compiling module xil_defaultlib.rc
Compiling module xil_defaultlib.transform
Compiling module xil_defaultlib.stateram_inference_default
Compiling module xil_defaultlib.stateram_inference(i=1)
Compiling module xil_defaultlib.stateram_inference(i=2)
Compiling module xil_defaultlib.stateram_inference(i=3)
Compiling module xil_defaultlib.stateram_inference(i=4)
Compiling module xil_defaultlib.stateram_inference(i=5)
Compiling module xil_defaultlib.stateram_inference(i=6)
Compiling module xil_defaultlib.stateram_inference(i=7)
Compiling module xil_defaultlib.stateram_inference(i=8)
Compiling module xil_defaultlib.stateram_inference(i=9)
Compiling module xil_defaultlib.stateram_inference(i=10)
Compiling module xil_defaultlib.stateram_inference(i=11)
Compiling module xil_defaultlib.stateram_inference(i=12)
Compiling module xil_defaultlib.stateram_inference(i=13)
Compiling module xil_defaultlib.stateram_inference(i=14)
Compiling module xil_defaultlib.stateram_inference(i=15)
Compiling module xil_defaultlib.stateram_inference(i=16)
Compiling module xil_defaultlib.stateram_inference(i=17)
Compiling module xil_defaultlib.stateram_inference(i=18)
Compiling module xil_defaultlib.stateram_inference(i=19)
Compiling module xil_defaultlib.stateram_inference(i=20)
Compiling module xil_defaultlib.stateram_inference(i=21)
Compiling module xil_defaultlib.stateram_inference(i=22)
Compiling module xil_defaultlib.stateram_inference(i=23)
Compiling module xil_defaultlib.stateram_inference(i=24)
Compiling module xil_defaultlib.state_ram_default
Compiling module xil_defaultlib.data_path_default
Compiling module xil_defaultlib.keccak_top
Compiling module xil_defaultlib.hqc_kem_joint_design_default
Compiling module xil_defaultlib.HQC_wrapper
Compiling module xil_defaultlib.keygen_tb
Compiling module xil_defaultlib.glbl
Built simulation snapshot keygen_tb_behav
run_program: Time (s): cpu = 00:00:02 ; elapsed = 00:00:12 . Memory (MB): peak = 1417.137 ; gain = 0.000
INFO: [USF-XSim-69] 'elaborate' step finished in '12' seconds
INFO: [USF-XSim-4] XSim::Simulate design
INFO: [USF-XSim-61] Executing 'SIMULATE' step in 'D:/University/251/DA/wrapper/wrapper.sim/sim_1/behav/xsim'
INFO: [USF-XSim-98] *** Running xsim
   with args "keygen_tb_behav -key {Behavioral:sim_1:Functional:keygen_tb} -tclbatch {keygen_tb.tcl} -log {simulate.log}"
INFO: [USF-XSim-8] Loading simulator feature
Time resolution is 1 ps
source keygen_tb.tcl
# set curr_wave [current_wave_config]
# if { [string length $curr_wave] == 0 } {
#   if { [llength [get_objects]] > 0} {
#     add_wave /
#     set_property needs_save false [current_wave_config]
#   } else {
#      send_msg_id Add_Wave-1 WARNING "No top level signals found. Simulator will start without a wave window. If you want to open a wave window go to 'File->New Waveform Configuration' or type 'create_wave_config' in the TCL console."
#   }
# }
# run 1000ns
=== STARTING TESTBENCH (SEQUENTIAL MODE) ===
DEBUG: First Line of Seed = 10101101110101010000000011011111
--- [TB] Step 1: Resetting Core ---
--- [TB] Step 2: Loading Seeds ---
--- [TB] Loading SK & PK Seeds ---
--- [TB] SK Seed Loaded. Loading PK Seed... ---
INFO: [USF-XSim-96] XSim completed. Design snapshot 'keygen_tb_behav' loaded.
INFO: [USF-XSim-97] XSim simulation ran for 1000ns
launch_simulation: Time (s): cpu = 00:00:06 ; elapsed = 00:00:36 . Memory (MB): peak = 1417.137 ; gain = 0.000
run all
--- [TB] Step 3: Triggering Start ---
--- [TB] Step 4: Polling for Done Status ---
--- [TB] Waiting... Current Status = 0 (Time:            101040000)
--- [TB] Waiting... Current Status = 0 (Time:            201040000)
--- [TB] Waiting... Current Status = 0 (Time:            301040000)
--- [TB] Waiting... Current Status = 0 (Time:            401040000)
--- [TB] Waiting... Current Status = 0 (Time:            501040000)
--- [TB] Waiting... Current Status = 0 (Time:            601040000)
--- [TB] Waiting... Current Status = 0 (Time:            701040000)
--- [TB] Waiting... Current Status = 0 (Time:            801040000)
--- [TB] Waiting... Current Status = 0 (Time:            901040000)
--- [TB] Waiting... Current Status = 0 (Time:           1001040000)
--- [TB] Waiting... Current Status = 0 (Time:           1101040000)
--- [TB] Waiting... Current Status = 0 (Time:           1201040000)
--- [TB] Waiting... Current Status = 0 (Time:           1301040000)
--- [TB] Waiting... Current Status = 0 (Time:           1401040000)
--- [TB] Waiting... Current Status = 0 (Time:           1501040000)
--- [TB] Waiting... Current Status = 0 (Time:           1601040000)
--- [TB] Waiting... Current Status = 0 (Time:           1701040000)
--- [TB] Waiting... Current Status = 0 (Time:           1801040000)
--- [TB] Waiting... Current Status = 0 (Time:           1901040000)
--- [TB] Waiting... Current Status = 0 (Time:           2001040000)
--- [TB] Waiting... Current Status = 0 (Time:           2101040000)
--- [TB] Waiting... Current Status = 0 (Time:           2201040000)
--- [TB] Waiting... Current Status = 0 (Time:           2301040000)
--- [TB] Waiting... Current Status = 0 (Time:           2401040000)
--- [TB] Waiting... Current Status = 0 (Time:           2501040000)
--- [TB] Waiting... Current Status = 0 (Time:           2601040000)
--- [TB] Waiting... Current Status = 0 (Time:           2701040000)
--- [TB] Waiting... Current Status = 0 (Time:           2801040000)
--- [TB] Waiting... Current Status = 0 (Time:           2901040000)
--- [TB] Waiting... Current Status = 0 (Time:           3001040000)
--- [TB] Waiting... Current Status = 0 (Time:           3101040000)
--- [TB] Waiting... Current Status = 0 (Time:           3201040000)
--- [TB] Waiting... Current Status = 0 (Time:           3301040000)
--- [TB] Waiting... Current Status = 0 (Time:           3401040000)
--- [TB] Waiting... Current Status = 0 (Time:           3501040000)
--- [TB] Waiting... Current Status = 0 (Time:           3601040000)
--- [TB] Waiting... Current Status = 0 (Time:           3701040000)
--- [TB] Waiting... Current Status = 0 (Time:           3801040000)
--- [TB] Waiting... Current Status = 0 (Time:           3901040000)
--- [TB] Waiting... Current Status = 0 (Time:           4001040000)
--- [TB] Waiting... Current Status = 0 (Time:           4101040000)
--- [TB] Waiting... Current Status = 0 (Time:           4201040000)
--- [TB] Waiting... Current Status = 0 (Time:           4301040000)
--- [TB] Waiting... Current Status = 0 (Time:           4401040000)
--- [TB] Waiting... Current Status = 0 (Time:           4501040000)
--- [TB] Waiting... Current Status = 0 (Time:           4601040000)
--- [TB] Waiting... Current Status = 0 (Time:           4701040000)
--- [TB] Waiting... Current Status = 0 (Time:           4801040000)
--- [TB] Waiting... Current Status = 0 (Time:           4901040000)
--- [TB] Waiting... Current Status = 0 (Time:           5001040000)
--- [TB] ERROR: TIMEOUT! Core stuck (Status is 0 or X). ---
$finish called at time : 5001140 ns : File "C:/Users/THUAN/Downloads/wrapper/keygen_tb.v" Line 169
run: Time (s): cpu = 00:00:05 ; elapsed = 00:00:30 . Memory (MB): peak = 1417.137 ; gain = 0.000
close_sim
INFO: xsimkernel Simulation Memory Usage: 24980 KB (Peak: 24980 KB), Simulation CPU Usage: 29812 ms
INFO: [Simtcl 6-16] Simulation closed
update_compile_order -fileset sim_1
launch_simulation
Command: launch_simulation 
INFO: [Vivado 12-12493] Simulation top is 'HQC_wrapper'
WARNING: [Vivado 12-13340] Unable to auto find GCC executables from simulator install path! (path not set)
WARNING: [Vivado 12-13277] Compiled library path does not exist: ''
INFO: [Vivado 12-5682] Launching behavioral simulation in 'D:/University/251/DA/wrapper/wrapper.sim/sim_1/behav/xsim'
INFO: [SIM-utils-51] Simulation object is 'sim_1'
INFO: [SIM-utils-72] Using boost library from 'D:/Apps/Xilinx/Vivado/2022.2/tps/boost_1_72_0'
INFO: [SIM-utils-54] Inspecting design source files for 'HQC_wrapper' in fileset 'sim_1'...
INFO: [SIM-utils-43] Exported 'D:/University/251/DA/wrapper/wrapper.sim/sim_1/behav/xsim/barrett_hqc_128.mem'
INFO: [SIM-utils-43] Exported 'D:/University/251/DA/wrapper/wrapper.sim/sim_1/behav/xsim/barrett_hqc_192.mem'
INFO: [SIM-utils-43] Exported 'D:/University/251/DA/wrapper/wrapper.sim/sim_1/behav/xsim/barrett_hqc_256.mem'
INFO: [USF-XSim-97] Finding global include files...
INFO: [USF-XSim-98] Fetching design files from 'sim_1'...
INFO: [USF-XSim-2] XSim::Compile design
INFO: [USF-XSim-61] Executing 'COMPILE and ANALYZE' step in 'D:/University/251/DA/wrapper/wrapper.sim/sim_1/behav/xsim'
"xvlog --incr --relax -prj HQC_wrapper_vlog.prj"
INFO: [USF-XSim-69] 'compile' step finished in '2' seconds
INFO: [USF-XSim-3] XSim::Elaborate design
INFO: [USF-XSim-61] Executing 'ELABORATE' step in 'D:/University/251/DA/wrapper/wrapper.sim/sim_1/behav/xsim'
"xelab --incr --debug typical --relax --mt 2 -L xil_defaultlib -L unisims_ver -L unimacro_ver -L secureip --snapshot HQC_wrapper_behav xil_defaultlib.HQC_wrapper xil_defaultlib.glbl -log elaborate.log"
Vivado Simulator v2022.2
Copyright 1986-1999, 2001-2022 Xilinx, Inc. All Rights Reserved.
Running: D:/Apps/Xilinx/Vivado/2022.2/bin/unwrapped/win64.o/xelab.exe --incr --debug typical --relax --mt 2 -L xil_defaultlib -L unisims_ver -L unimacro_ver -L secureip --snapshot HQC_wrapper_behav xil_defaultlib.HQC_wrapper xil_defaultlib.glbl -log elaborate.log 
Using 2 slave threads.
Starting static elaboration
Pass Through NonSizing Optimizer
WARNING: [VRFC 10-3091] actual bit length 13 differs from formal bit length 8 for port 'address_0' [C:/Users/THUAN/Downloads/wrapper/HQC_wrapper.v:77]
WARNING: [VRFC 10-3091] actual bit length 13 differs from formal bit length 8 for port 'address_1' [C:/Users/THUAN/Downloads/wrapper/HQC_wrapper.v:78]
WARNING: [VRFC 10-3091] actual bit length 13 differs from formal bit length 8 for port 'address_0' [C:/Users/THUAN/Downloads/wrapper/HQC_wrapper.v:83]
WARNING: [VRFC 10-3091] actual bit length 13 differs from formal bit length 8 for port 'address_1' [C:/Users/THUAN/Downloads/wrapper/HQC_wrapper.v:84]
WARNING: [VRFC 10-3091] actual bit length 13 differs from formal bit length 8 for port 'address_0' [C:/Users/THUAN/Downloads/wrapper/HQC_wrapper.v:89]
WARNING: [VRFC 10-3091] actual bit length 13 differs from formal bit length 8 for port 'address_1' [C:/Users/THUAN/Downloads/wrapper/HQC_wrapper.v:90]
WARNING: [VRFC 10-3091] actual bit length 13 differs from formal bit length 8 for port 'address_0' [C:/Users/THUAN/Downloads/wrapper/HQC_wrapper.v:95]
WARNING: [VRFC 10-3091] actual bit length 13 differs from formal bit length 8 for port 'address_1' [C:/Users/THUAN/Downloads/wrapper/HQC_wrapper.v:96]
WARNING: [VRFC 10-3091] actual bit length 13 differs from formal bit length 8 for port 'keygen_out_addr' [C:/Users/THUAN/Downloads/wrapper/HQC_wrapper.v:124]
WARNING: [VRFC 10-3091] actual bit length 13 differs from formal bit length 9 for port 'd_h_addr_0' [C:/Users/THUAN/Downloads/wrapper/HQC_wrapper.v:136]
WARNING: [VRFC 10-3091] actual bit length 13 differs from formal bit length 9 for port 'u_addr_0' [C:/Users/THUAN/Downloads/wrapper/HQC_wrapper.v:137]
WARNING: [VRFC 10-3091] actual bit length 32 differs from formal bit length 128 for port 'decap_out' [C:/Users/THUAN/Downloads/wrapper/HQC_wrapper.v:140]
WARNING: [VRFC 10-3091] actual bit length 13 differs from formal bit length 8 for port 'decap_out_addr' [C:/Users/THUAN/Downloads/wrapper/HQC_wrapper.v:142]
WARNING: [VRFC 10-3091] actual bit length 32 differs from formal bit length 2 for port 'm_addr' [C:/Users/THUAN/Downloads/wrapper/HQC_wrapper.v:145]
WARNING: [VRFC 10-3091] actual bit length 32 differs from formal bit length 128 for port 'decap_in' [C:/Users/THUAN/Downloads/wrapper/HQC_wrapper.v:146]
WARNING: [VRFC 10-3091] actual bit length 32 differs from formal bit length 1 for port 'start' [C:/Users/THUAN/Downloads/wrapper/hqc_kem_joint_design.v:376]
WARNING: [VRFC 10-3091] actual bit length 32 differs from formal bit length 1 for port 'wren_1' [C:/Users/THUAN/Downloads/wrapper/vect_set_random.v:156]
WARNING: [VRFC 10-3091] actual bit length 7 differs from formal bit length 16 for port 'loc_addr' [C:/Users/THUAN/Downloads/wrapper/keygen.v:376]
WARNING: [VRFC 10-3091] actual bit length 32 differs from formal bit length 8 for port 'weight' [C:/Users/THUAN/Downloads/wrapper/keygen.v:378]
WARNING: [VRFC 10-3091] actual bit length 9 differs from formal bit length 8 for port 'address_0' [C:/Users/THUAN/Downloads/wrapper/poly_mult.v:247]
WARNING: [VRFC 10-3091] actual bit length 9 differs from formal bit length 8 for port 'address_1' [C:/Users/THUAN/Downloads/wrapper/poly_mult.v:248]
WARNING: [VRFC 10-3091] actual bit length 32 differs from formal bit length 24 for port 'data_1' [C:/Users/THUAN/Downloads/wrapper/fixed_weight_ct.v:242]
WARNING: [VRFC 10-3091] actual bit length 32 differs from formal bit length 1 for port 'wren_1' [C:/Users/THUAN/Downloads/wrapper/fixed_weight_ct.v:246]
WARNING: [VRFC 10-3091] actual bit length 32 differs from formal bit length 1 for port 'start' [C:/Users/THUAN/Downloads/wrapper/hqc_kem_joint_design.v:419]
WARNING: [VRFC 10-3091] actual bit length 32 differs from formal bit length 1 for port 'u_v_in_wen' [C:/Users/THUAN/Downloads/wrapper/hqc_kem_joint_design.v:443]
WARNING: [VRFC 10-3091] actual bit length 32 differs from formal bit length 8 for port 'u_v_in_addr' [C:/Users/THUAN/Downloads/wrapper/hqc_kem_joint_design.v:444]
WARNING: [VRFC 10-3091] actual bit length 32 differs from formal bit length 1 for port 'resume_encap' [C:/Users/THUAN/Downloads/wrapper/hqc_kem_joint_design.v:446]
WARNING: [VRFC 10-3091] actual bit length 368 differs from formal bit length 240 for port 'cdw_in' [C:/Users/THUAN/Downloads/wrapper/reed_solomon_encode.v:121]
WARNING: [VRFC 10-3091] actual bit length 32 differs from formal bit length 1 for port 'start' [C:/Users/THUAN/Downloads/wrapper/reed_solomon_encode.v:108]
WARNING: [VRFC 10-3091] actual bit length 32 differs from formal bit length 1 for port 'start' [C:/Users/THUAN/Downloads/wrapper/reed_muller_encode.v:80]
WARNING: [VRFC 10-3091] actual bit length 32 differs from formal bit length 1 for port 'wr_en' [C:/Users/THUAN/Downloads/wrapper/encrypt.v:343]
WARNING: [VRFC 10-3091] actual bit length 7 differs from formal bit length 16 for port 'loc_addr' [C:/Users/THUAN/Downloads/wrapper/encrypt.v:426]
WARNING: [VRFC 10-3091] actual bit length 32 differs from formal bit length 8 for port 'weight' [C:/Users/THUAN/Downloads/wrapper/encrypt.v:428]
WARNING: [VRFC 10-3091] actual bit length 32 differs from formal bit length 1 for port 'add_wr_en' [C:/Users/THUAN/Downloads/wrapper/encrypt.v:443]
WARNING: [VRFC 10-3091] actual bit length 32 differs from formal bit length 1 for port 'start' [C:/Users/THUAN/Downloads/wrapper/hqc_kem_joint_design.v:487]
WARNING: [VRFC 10-3091] actual bit length 32 differs from formal bit length 1 for port 'dout_ready_i' [C:/Users/THUAN/Downloads/wrapper/hqc_rmdecod_top.v:81]
WARNING: [VRFC 10-3091] actual bit length 32 differs from formal bit length 1 for port 'start' [C:/Users/THUAN/Downloads/wrapper/hqc_rsdecod_elp.v:92]
WARNING: [VRFC 10-3091] actual bit length 32 differs from formal bit length 1 for port 'start' [C:/Users/THUAN/Downloads/wrapper/hqc_rsdecod_elp.v:156]
WARNING: [VRFC 10-3091] actual bit length 32 differs from formal bit length 1 for port 'start' [C:/Users/THUAN/Downloads/wrapper/hqc_rsdecod_zpoly.v:101]
WARNING: [VRFC 10-3091] actual bit length 8 differs from formal bit length 32 for port 'dout_o' [C:/Users/THUAN/Downloads/wrapper/add_fft.v:81]
WARNING: [VRFC 10-3091] actual bit length 32 differs from formal bit length 1 for port 'start' [C:/Users/THUAN/Downloads/wrapper/fft_part1.v:143]
WARNING: [VRFC 10-3091] actual bit length 32 differs from formal bit length 1 for port 'start' [C:/Users/THUAN/Downloads/wrapper/fft_leaves_butterfly.v:70]
WARNING: [VRFC 10-3091] actual bit length 32 differs from formal bit length 1 for port 'start' [C:/Users/THUAN/Downloads/wrapper/fft_part2.v:147]
WARNING: [VRFC 10-3091] actual bit length 32 differs from formal bit length 1 for port 'start' [C:/Users/THUAN/Downloads/wrapper/hqc_rsdecod_err_val.v:176]
WARNING: [VRFC 10-3091] actual bit length 32 differs from formal bit length 1 for port 'start' [C:/Users/THUAN/Downloads/wrapper/hqc_rsdecod_err_val.v:187]
WARNING: [VRFC 10-3091] actual bit length 32 differs from formal bit length 2 for port 'encap_out_type' [C:/Users/THUAN/Downloads/wrapper/decap.v:528]
WARNING: [VRFC 10-3091] actual bit length 32 differs from formal bit length 1 for port 'encap_out_en' [C:/Users/THUAN/Downloads/wrapper/decap.v:530]
WARNING: [VRFC 10-3091] actual bit length 40 differs from formal bit length 8 for port 'encap_out_addr' [C:/Users/THUAN/Downloads/wrapper/decap.v:531]
WARNING: [VRFC 10-5021] port 'encap_out_type' is not connected on this instance [C:/Users/THUAN/Downloads/wrapper/HQC_wrapper.v:105]
WARNING: [VRFC 10-5021] port 'shake_force_done_ack' is not connected on this instance [C:/Users/THUAN/Downloads/wrapper/hqc_kem_joint_design.v:414]
WARNING: [VRFC 10-8864] concatenation with an unsized literal will be treated as 32 bits [C:/Users/THUAN/Downloads/wrapper/encap.v:249]
WARNING: [VRFC 10-8864] concatenation with an unsized literal will be treated as 32 bits [C:/Users/THUAN/Downloads/wrapper/encap.v:250]
WARNING: [VRFC 10-8864] concatenation with an unsized literal will be treated as 32 bits [C:/Users/THUAN/Downloads/wrapper/encap.v:546]
WARNING: [VRFC 10-5021] port 'rst' is not connected on this instance [C:/Users/THUAN/Downloads/wrapper/reed_muller_encode.v:77]
WARNING: [VRFC 10-8864] concatenation with an unsized literal will be treated as 32 bits [C:/Users/THUAN/Downloads/wrapper/decap.v:531]
WARNING: [VRFC 10-5021] port 'shake_force_done_ack' is not connected on this instance [C:/Users/THUAN/Downloads/wrapper/decap.v:502]
Completed static elaboration
Starting simulation data flow analysis
Completed simulation data flow analysis
Time Resolution for simulation is 1ps
Compiling module xil_defaultlib.mem_dual(WIDTH=128,DEPTH=139)
Compiling module xil_defaultlib.mem_single(WIDTH=32,DEPTH=10)
Compiling module xil_defaultlib.mem_dual(WIDTH=24,DEPTH=264)
Compiling module xil_defaultlib.hqc_barrett_red_default
Compiling module xil_defaultlib.mem_single(WIDTH=15,DEPTH=66)
Compiling module xil_defaultlib.mem_dual(WIDTH=32,DEPTH=553)
Compiling module xil_defaultlib.onegen_ct(E0_DEPTH=553,DEPTH=553...
Compiling module xil_defaultlib.fixed_weight_ct(N=17669,M=15,WEI...
Compiling module xil_defaultlib.vect_set_random(N=17669)
Compiling module xil_defaultlib.poly_mult(MAX_WEIGHT=75,N=17669,...
Compiling module xil_defaultlib.loc_based_adder(WIDTH=128)
Compiling module xil_defaultlib.keygen(N=17669,CT_DESIGN=2'b01)
Compiling module xil_defaultlib.mem_single(WIDTH=32,DEPTH=4)
Compiling module xil_defaultlib.mem_single(WIDTH=32,DEPTH=16)
Compiling module xil_defaultlib.mem_dual(WIDTH=24,DEPTH=450)
Compiling module xil_defaultlib.mem_single(WIDTH=15,DEPTH=75)
Compiling module xil_defaultlib.onegen_ct(E0_DEPTH=553,DEPTH=553...
Compiling module xil_defaultlib.fixed_weight_ct(N=17669,M=15,WEI...
Compiling module xil_defaultlib.gf_mul_default
Compiling module xil_defaultlib.cdw_xor_tmp_default
Compiling module xil_defaultlib.reed_solomon_encode_default
Compiling module xil_defaultlib.rm_encoder
Compiling module xil_defaultlib.mem_single(WIDTH=128,DEPTH=46)
Compiling module xil_defaultlib.reed_muller_encode_default
Compiling module xil_defaultlib.concat_code(parameter_set="hqc12...
Compiling module xil_defaultlib.mem_single(WIDTH=128,DEPTH=139)
Compiling module xil_defaultlib.loc_based_adder(N=17669,WEIGHT=7...
Compiling module xil_defaultlib.xor_based_adder(parameter_set="h...
Compiling module xil_defaultlib.encrypt(parameter_set="hqc128",C...
Compiling module xil_defaultlib.mod34
Compiling module xil_defaultlib.mem_single(WIDTH=32,DEPTH=1143)
Compiling module xil_defaultlib.encap_default
Compiling module xil_defaultlib.v_minus_uy(parameter_set="hqc128...
Compiling module xil_defaultlib.hqc_rmdecod_expnsum_default
Compiling module xil_defaultlib.syncfifo(DW=4,AW=5)
Compiling module xil_defaultlib.hadamard_layer_default
Compiling module xil_defaultlib.syncfifo(DW=5,AW=5)
Compiling module xil_defaultlib.hadamard_layer(NN=4)
Compiling module xil_defaultlib.syncfifo(DW=6,AW=5)
Compiling module xil_defaultlib.hadamard_layer(NN=5)
Compiling module xil_defaultlib.syncfifo(DW=7,AW=5)
Compiling module xil_defaultlib.hadamard_layer(NN=6)
Compiling module xil_defaultlib.syncfifo(DW=8,AW=5)
Compiling module xil_defaultlib.hadamard_layer(NN=7)
Compiling module xil_defaultlib.syncfifo(DW=9,AW=5)
Compiling module xil_defaultlib.hadamard_layer(NN=8)
Compiling module xil_defaultlib.syncfifo(DW=10,AW=5)
Compiling module xil_defaultlib.hadamard_layer(NN=9)
Compiling module xil_defaultlib.hqc_rmdecod_hadamard_default
Compiling module xil_defaultlib.findpeaks_core(DOUT_W=7)
Compiling module xil_defaultlib.hqc_rmdecod_findpeaks_default
Compiling module xil_defaultlib.hqc_rmdecod_ctrl_default
Compiling module xil_defaultlib.hqc_rmdecod_top_default
Compiling module xil_defaultlib.gfmul(REG_IN=0)
Compiling module xil_defaultlib.hqc_rsdecod_syndromes_default
Compiling module xil_defaultlib.gfmul(REG_IN=0,REG_OUT=0)
Compiling module xil_defaultlib.hqc_rsdecod_elp_default
Compiling module xil_defaultlib.hqc_rsdecod_zpoly_default
Compiling module xil_defaultlib.fft_part1(DIN_W=256)
Compiling module xil_defaultlib.fft_leaves_butterfly
Compiling module xil_defaultlib.syncfifo(DW=8,AW=4)
Compiling module xil_defaultlib.fft_part2_round_default
Compiling module xil_defaultlib.fft_part2_round(ROUND=1)
Compiling module xil_defaultlib.syncfifo(DW=8,AW=6)
Compiling module xil_defaultlib.fft_part2_round(ROUND=2)
Compiling module xil_defaultlib.syncfifo(DW=8)
Compiling module xil_defaultlib.fft_part2_round(ROUND=3)
Compiling module xil_defaultlib.fft_part2_default
Compiling module xil_defaultlib.add_fft
Compiling module xil_defaultlib.fft_retrieve_error_poly_default
Compiling module xil_defaultlib.hqc_rsdecod_roots_default
Compiling module xil_defaultlib.hqc_rsdecod_err_val_default
Compiling module xil_defaultlib.hqc_rsdecod_top_default
Compiling module xil_defaultlib.hqc_decod_top_default
Compiling module xil_defaultlib.decrypt_default
Compiling module xil_defaultlib.decap_default
Compiling module xil_defaultlib.control_path
Compiling module xil_defaultlib.rc
Compiling module xil_defaultlib.transform
Compiling module xil_defaultlib.stateram_inference_default
Compiling module xil_defaultlib.stateram_inference(i=1)
Compiling module xil_defaultlib.stateram_inference(i=2)
Compiling module xil_defaultlib.stateram_inference(i=3)
Compiling module xil_defaultlib.stateram_inference(i=4)
Compiling module xil_defaultlib.stateram_inference(i=5)
Compiling module xil_defaultlib.stateram_inference(i=6)
Compiling module xil_defaultlib.stateram_inference(i=7)
Compiling module xil_defaultlib.stateram_inference(i=8)
Compiling module xil_defaultlib.stateram_inference(i=9)
Compiling module xil_defaultlib.stateram_inference(i=10)
Compiling module xil_defaultlib.stateram_inference(i=11)
Compiling module xil_defaultlib.stateram_inference(i=12)
Compiling module xil_defaultlib.stateram_inference(i=13)
Compiling module xil_defaultlib.stateram_inference(i=14)
Compiling module xil_defaultlib.stateram_inference(i=15)
Compiling module xil_defaultlib.stateram_inference(i=16)
Compiling module xil_defaultlib.stateram_inference(i=17)
Compiling module xil_defaultlib.stateram_inference(i=18)
Compiling module xil_defaultlib.stateram_inference(i=19)
Compiling module xil_defaultlib.stateram_inference(i=20)
Compiling module xil_defaultlib.stateram_inference(i=21)
Compiling module xil_defaultlib.stateram_inference(i=22)
Compiling module xil_defaultlib.stateram_inference(i=23)
Compiling module xil_defaultlib.stateram_inference(i=24)
Compiling module xil_defaultlib.state_ram_default
Compiling module xil_defaultlib.data_path_default
Compiling module xil_defaultlib.keccak_top
Compiling module xil_defaultlib.hqc_kem_joint_design_default
Compiling module xil_defaultlib.HQC_wrapper
Compiling module xil_defaultlib.glbl
Built simulation snapshot HQC_wrapper_behav
run_program: Time (s): cpu = 00:00:01 ; elapsed = 00:00:12 . Memory (MB): peak = 1417.137 ; gain = 0.000
INFO: [USF-XSim-69] 'elaborate' step finished in '12' seconds
INFO: [USF-XSim-4] XSim::Simulate design
INFO: [USF-XSim-61] Executing 'SIMULATE' step in 'D:/University/251/DA/wrapper/wrapper.sim/sim_1/behav/xsim'
INFO: [USF-XSim-98] *** Running xsim
   with args "HQC_wrapper_behav -key {Behavioral:sim_1:Functional:HQC_wrapper} -tclbatch {HQC_wrapper.tcl} -log {simulate.log}"
INFO: [USF-XSim-8] Loading simulator feature
Time resolution is 1 ps
source HQC_wrapper.tcl
# set curr_wave [current_wave_config]
# if { [string length $curr_wave] == 0 } {
#   if { [llength [get_objects]] > 0} {
#     add_wave /
#     set_property needs_save false [current_wave_config]
#   } else {
#      send_msg_id Add_Wave-1 WARNING "No top level signals found. Simulator will start without a wave window. If you want to open a wave window go to 'File->New Waveform Configuration' or type 'create_wave_config' in the TCL console."
#   }
# }
# run 1000ns
INFO: [USF-XSim-96] XSim completed. Design snapshot 'HQC_wrapper_behav' loaded.
INFO: [USF-XSim-97] XSim simulation ran for 1000ns
launch_simulation: Time (s): cpu = 00:00:03 ; elapsed = 00:00:16 . Memory (MB): peak = 1417.137 ; gain = 0.000
run all
run all
close_sim
INFO: [Simtcl 6-16] Simulation closed
set_property top keygen_tb [get_filesets sim_1]
set_property top_lib xil_defaultlib [get_filesets sim_1]
WARNING: [filemgmt 56-199] Attempt to get parsing info during refresh. "On-the-fly" syntax checking information may be incorrect. [C:\Users\THUAN\Downloads\wrapper\HQC_wrapper.v:]
WARNING: [filemgmt 56-199] Attempt to get parsing info during refresh. "On-the-fly" syntax checking information may be incorrect. [C:\Users\THUAN\Downloads\wrapper\hqc_kem_joint_design.v:]
WARNING: [filemgmt 56-199] Attempt to get parsing info during refresh. "On-the-fly" syntax checking information may be incorrect. [C:\Users\THUAN\Downloads\wrapper\keygen_tb.v:]
ERROR: [Common 17-180] Spawn failed: No error
launch_simulation
Command: launch_simulation 
INFO: [Vivado 12-12493] Simulation top is 'keygen_tb'
WARNING: [Vivado 12-13340] Unable to auto find GCC executables from simulator install path! (path not set)
WARNING: [Vivado 12-13277] Compiled library path does not exist: ''
INFO: [Vivado 12-5682] Launching behavioral simulation in 'D:/University/251/DA/wrapper/wrapper.sim/sim_1/behav/xsim'
INFO: [SIM-utils-51] Simulation object is 'sim_1'
INFO: [SIM-utils-72] Using boost library from 'D:/Apps/Xilinx/Vivado/2022.2/tps/boost_1_72_0'
INFO: [SIM-utils-54] Inspecting design source files for 'keygen_tb' in fileset 'sim_1'...
INFO: [SIM-utils-43] Exported 'D:/University/251/DA/wrapper/wrapper.sim/sim_1/behav/xsim/barrett_hqc_128.mem'
INFO: [SIM-utils-43] Exported 'D:/University/251/DA/wrapper/wrapper.sim/sim_1/behav/xsim/barrett_hqc_192.mem'
INFO: [SIM-utils-43] Exported 'D:/University/251/DA/wrapper/wrapper.sim/sim_1/behav/xsim/barrett_hqc_256.mem'
INFO: [USF-XSim-97] Finding global include files...
INFO: [USF-XSim-98] Fetching design files from 'sim_1'...
INFO: [USF-XSim-2] XSim::Compile design
INFO: [USF-XSim-61] Executing 'COMPILE and ANALYZE' step in 'D:/University/251/DA/wrapper/wrapper.sim/sim_1/behav/xsim'
"xvlog --incr --relax -prj keygen_tb_vlog.prj"
INFO: [VRFC 10-2263] Analyzing Verilog file "C:/Users/THUAN/Downloads/wrapper/keygen_tb.v" into library xil_defaultlib
INFO: [VRFC 10-311] analyzing module keygen_tb
INFO: [USF-XSim-69] 'compile' step finished in '1' seconds
INFO: [USF-XSim-3] XSim::Elaborate design
INFO: [USF-XSim-61] Executing 'ELABORATE' step in 'D:/University/251/DA/wrapper/wrapper.sim/sim_1/behav/xsim'
"xelab --incr --debug typical --relax --mt 2 -L xil_defaultlib -L unisims_ver -L unimacro_ver -L secureip --snapshot keygen_tb_behav xil_defaultlib.keygen_tb xil_defaultlib.glbl -log elaborate.log"
Vivado Simulator v2022.2
Copyright 1986-1999, 2001-2022 Xilinx, Inc. All Rights Reserved.
Running: D:/Apps/Xilinx/Vivado/2022.2/bin/unwrapped/win64.o/xelab.exe --incr --debug typical --relax --mt 2 -L xil_defaultlib -L unisims_ver -L unimacro_ver -L secureip --snapshot keygen_tb_behav xil_defaultlib.keygen_tb xil_defaultlib.glbl -log elaborate.log 
Using 2 slave threads.
Starting static elaboration
Pass Through NonSizing Optimizer
ERROR: [VRFC 10-2063] Module <kria_hqc_universal_wrapper> not found while processing module instance <DUT> [C:/Users/THUAN/Downloads/wrapper/keygen_tb.v:26]
ERROR: [XSIM 43-3322] Static elaboration of top level Verilog design unit(s) in library work failed.
INFO: [USF-XSim-69] 'elaborate' step finished in '2' seconds
INFO: [USF-XSim-99] Step results log file:'D:/University/251/DA/wrapper/wrapper.sim/sim_1/behav/xsim/elaborate.log'
ERROR: [USF-XSim-62] 'elaborate' step failed with error(s). Please check the Tcl console output or 'D:/University/251/DA/wrapper/wrapper.sim/sim_1/behav/xsim/elaborate.log' file for more information.
ERROR: [Vivado 12-4473] Detected error while running simulation. Please correct the issue and retry this operation.
ERROR: [Common 17-39] 'launch_simulation' failed due to earlier errors.
update_compile_order -fileset sim_1
launch_simulation
Command: launch_simulation 
INFO: [Vivado 12-12493] Simulation top is 'keygen_tb'
WARNING: [Vivado 12-13340] Unable to auto find GCC executables from simulator install path! (path not set)
WARNING: [Vivado 12-13277] Compiled library path does not exist: ''
INFO: [Vivado 12-5682] Launching behavioral simulation in 'D:/University/251/DA/wrapper/wrapper.sim/sim_1/behav/xsim'
INFO: [SIM-utils-51] Simulation object is 'sim_1'
INFO: [SIM-utils-72] Using boost library from 'D:/Apps/Xilinx/Vivado/2022.2/tps/boost_1_72_0'
INFO: [SIM-utils-54] Inspecting design source files for 'keygen_tb' in fileset 'sim_1'...
INFO: [SIM-utils-43] Exported 'D:/University/251/DA/wrapper/wrapper.sim/sim_1/behav/xsim/barrett_hqc_128.mem'
INFO: [SIM-utils-43] Exported 'D:/University/251/DA/wrapper/wrapper.sim/sim_1/behav/xsim/barrett_hqc_192.mem'
INFO: [SIM-utils-43] Exported 'D:/University/251/DA/wrapper/wrapper.sim/sim_1/behav/xsim/barrett_hqc_256.mem'
INFO: [USF-XSim-97] Finding global include files...
INFO: [USF-XSim-98] Fetching design files from 'sim_1'...
INFO: [USF-XSim-2] XSim::Compile design
INFO: [USF-XSim-61] Executing 'COMPILE and ANALYZE' step in 'D:/University/251/DA/wrapper/wrapper.sim/sim_1/behav/xsim'
"xvlog --incr --relax -prj keygen_tb_vlog.prj"
INFO: [VRFC 10-2263] Analyzing Verilog file "C:/Users/THUAN/Downloads/wrapper/HQC_wrapper.v" into library xil_defaultlib
INFO: [VRFC 10-311] analyzing module HQC_wrapper
INFO: [VRFC 10-2263] Analyzing Verilog file "C:/Users/THUAN/Downloads/wrapper/add_fft.v" into library xil_defaultlib
INFO: [VRFC 10-311] analyzing module add_fft
INFO: [VRFC 10-2263] Analyzing Verilog file "C:/Users/THUAN/Downloads/wrapper/barrett_red_gen.v" into library xil_defaultlib
INFO: [VRFC 10-311] analyzing module barrett_red_gen
INFO: [VRFC 10-2263] Analyzing Verilog file "C:/Users/THUAN/Downloads/wrapper/cdw_xor_tmp.v" into library xil_defaultlib
INFO: [VRFC 10-311] analyzing module cdw_xor_tmp
INFO: [VRFC 10-2263] Analyzing Verilog file "C:/Users/THUAN/Downloads/wrapper/concat_code.v" into library xil_defaultlib
INFO: [VRFC 10-311] analyzing module concat_code
INFO: [VRFC 10-2263] Analyzing Verilog file "C:/Users/THUAN/Downloads/wrapper/control_path.v" into library xil_defaultlib
INFO: [VRFC 10-311] analyzing module control_path
INFO: [VRFC 10-2263] Analyzing Verilog file "C:/Users/THUAN/Downloads/wrapper/data_path.v" into library xil_defaultlib
INFO: [VRFC 10-311] analyzing module data_path
INFO: [VRFC 10-2263] Analyzing Verilog file "C:/Users/THUAN/Downloads/wrapper/decap.v" into library xil_defaultlib
INFO: [VRFC 10-311] analyzing module decap
WARNING: [VRFC 10-2938] 'start_decrypt' is already implicitly declared on line 358 [C:/Users/THUAN/Downloads/wrapper/decap.v:864]
WARNING: [VRFC 10-2938] 'done_decrypt' is already implicitly declared on line 360 [C:/Users/THUAN/Downloads/wrapper/decap.v:865]
WARNING: [VRFC 10-2938] 'start_encap' is already implicitly declared on line 507 [C:/Users/THUAN/Downloads/wrapper/decap.v:866]
WARNING: [VRFC 10-2938] 'done_encrypt' is already implicitly declared on line 538 [C:/Users/THUAN/Downloads/wrapper/decap.v:867]
WARNING: [VRFC 10-3380] identifier 'dec_uv' is used before its declaration [C:/Users/THUAN/Downloads/wrapper/decap.v:334]
WARNING: [VRFC 10-3380] identifier 'uv_addr_1_dec' is used before its declaration [C:/Users/THUAN/Downloads/wrapper/decap.v:335]
WARNING: [VRFC 10-3380] identifier 'dec_uv' is used before its declaration [C:/Users/THUAN/Downloads/wrapper/decap.v:337]
WARNING: [VRFC 10-3380] identifier 'uv_addr_1_dec' is used before its declaration [C:/Users/THUAN/Downloads/wrapper/decap.v:338]
WARNING: [VRFC 10-3380] identifier 'verify_u_reg' is used before its declaration [C:/Users/THUAN/Downloads/wrapper/decap.v:397]
WARNING: [VRFC 10-3380] identifier 'verify_v' is used before its declaration [C:/Users/THUAN/Downloads/wrapper/decap.v:411]
WARNING: [VRFC 10-3380] identifier 'verify_d' is used before its declaration [C:/Users/THUAN/Downloads/wrapper/decap.v:424]
INFO: [VRFC 10-2263] Analyzing Verilog file "C:/Users/THUAN/Downloads/wrapper/decrypt.v" into library xil_defaultlib
INFO: [VRFC 10-311] analyzing module decrypt
WARNING: [VRFC 10-2938] 'ram_din_rd_o' is already implicitly declared on line 168 [C:/Users/THUAN/Downloads/wrapper/decrypt.v:191]
WARNING: [VRFC 10-2938] 'ram_din_i' is already implicitly declared on line 170 [C:/Users/THUAN/Downloads/wrapper/decrypt.v:192]
WARNING: [VRFC 10-2938] 'ram_din_addr_o' is already implicitly declared on line 169 [C:/Users/THUAN/Downloads/wrapper/decrypt.v:193]
WARNING: [VRFC 10-2938] 'done_u_minus_vy' is already implicitly declared on line 157 [C:/Users/THUAN/Downloads/wrapper/decrypt.v:194]
INFO: [VRFC 10-2263] Analyzing Verilog file "C:/Users/THUAN/Downloads/wrapper/encap.v" into library xil_defaultlib
INFO: [VRFC 10-311] analyzing module encap
WARNING: [VRFC 10-2938] 'count_hash_inputs' is already implicitly declared on line 539 [C:/Users/THUAN/Downloads/wrapper/encap.v:557]
WARNING: [VRFC 10-3380] identifier 'd_out' is used before its declaration [C:/Users/THUAN/Downloads/wrapper/encap.v:250]
WARNING: [VRFC 10-8864] concatenation with an unsized literal will be treated as 32 bits [C:/Users/THUAN/Downloads/wrapper/encap.v:249]
WARNING: [VRFC 10-8864] concatenation with an unsized literal will be treated as 32 bits [C:/Users/THUAN/Downloads/wrapper/encap.v:250]
WARNING: [VRFC 10-3380] identifier 'sel_uv' is used before its declaration [C:/Users/THUAN/Downloads/wrapper/encap.v:328]
WARNING: [VRFC 10-3380] identifier 'u_v_reg' is used before its declaration [C:/Users/THUAN/Downloads/wrapper/encap.v:506]
WARNING: [VRFC 10-3380] identifier 'u_v_reg' is used before its declaration [C:/Users/THUAN/Downloads/wrapper/encap.v:507]
WARNING: [VRFC 10-3380] identifier 'last_block_capture' is used before its declaration [C:/Users/THUAN/Downloads/wrapper/encap.v:515]
WARNING: [VRFC 10-3380] identifier 'block_capture' is used before its declaration [C:/Users/THUAN/Downloads/wrapper/encap.v:518]
WARNING: [VRFC 10-3380] identifier 'count_hash_inputs_test' is used before its declaration [C:/Users/THUAN/Downloads/wrapper/encap.v:527]
WARNING: [VRFC 10-3380] identifier 'count_hash_inputs_test' is used before its declaration [C:/Users/THUAN/Downloads/wrapper/encap.v:530]
WARNING: [VRFC 10-8864] concatenation with an unsized literal will be treated as 32 bits [C:/Users/THUAN/Downloads/wrapper/encap.v:546]
WARNING: [VRFC 10-3380] identifier 'total_shake_input_count' is used before its declaration [C:/Users/THUAN/Downloads/wrapper/encap.v:597]
WARNING: [VRFC 10-3380] identifier 'total_shake_input_count' is used before its declaration [C:/Users/THUAN/Downloads/wrapper/encap.v:626]
WARNING: [VRFC 10-3380] identifier 'total_shake_input_count' is used before its declaration [C:/Users/THUAN/Downloads/wrapper/encap.v:847]
WARNING: [VRFC 10-3380] identifier 'start_hash' is used before its declaration [C:/Users/THUAN/Downloads/wrapper/encap.v:1102]
WARNING: [VRFC 10-3380] identifier 'start_hash' is used before its declaration [C:/Users/THUAN/Downloads/wrapper/encap.v:1118]
WARNING: [VRFC 10-3380] identifier 'start_hash' is used before its declaration [C:/Users/THUAN/Downloads/wrapper/encap.v:1133]
WARNING: [VRFC 10-3380] identifier 'start_hash' is used before its declaration [C:/Users/THUAN/Downloads/wrapper/encap.v:1173]
WARNING: [VRFC 10-3380] identifier 'start_hash' is used before its declaration [C:/Users/THUAN/Downloads/wrapper/encap.v:1186]
WARNING: [VRFC 10-3380] identifier 'start_hash' is used before its declaration [C:/Users/THUAN/Downloads/wrapper/encap.v:1213]
WARNING: [VRFC 10-3380] identifier 'start_hash' is used before its declaration [C:/Users/THUAN/Downloads/wrapper/encap.v:1223]
WARNING: [VRFC 10-3380] identifier 'start_hash' is used before its declaration [C:/Users/THUAN/Downloads/wrapper/encap.v:1240]
WARNING: [VRFC 10-3380] identifier 'start_hash' is used before its declaration [C:/Users/THUAN/Downloads/wrapper/encap.v:1252]
WARNING: [VRFC 10-3380] identifier 'start_hash' is used before its declaration [C:/Users/THUAN/Downloads/wrapper/encap.v:1264]
WARNING: [VRFC 10-3380] identifier 'start_hash' is used before its declaration [C:/Users/THUAN/Downloads/wrapper/encap.v:1281]
WARNING: [VRFC 10-3380] identifier 'start_hash' is used before its declaration [C:/Users/THUAN/Downloads/wrapper/encap.v:1310]
WARNING: [VRFC 10-3380] identifier 'start_hash' is used before its declaration [C:/Users/THUAN/Downloads/wrapper/encap.v:1333]
WARNING: [VRFC 10-3380] identifier 'start_hash' is used before its declaration [C:/Users/THUAN/Downloads/wrapper/encap.v:1353]
WARNING: [VRFC 10-3380] identifier 'start_hash' is used before its declaration [C:/Users/THUAN/Downloads/wrapper/encap.v:1400]
WARNING: [VRFC 10-3380] identifier 'start_hash' is used before its declaration [C:/Users/THUAN/Downloads/wrapper/encap.v:1422]
WARNING: [VRFC 10-3380] identifier 'start_hash' is used before its declaration [C:/Users/THUAN/Downloads/wrapper/encap.v:1444]
WARNING: [VRFC 10-3380] identifier 'start_hash' is used before its declaration [C:/Users/THUAN/Downloads/wrapper/encap.v:1471]
WARNING: [VRFC 10-3380] identifier 'start_hash' is used before its declaration [C:/Users/THUAN/Downloads/wrapper/encap.v:1476]
WARNING: [VRFC 10-3380] identifier 'start_hash' is used before its declaration [C:/Users/THUAN/Downloads/wrapper/encap.v:1487]
WARNING: [VRFC 10-3380] identifier 'start_hash' is used before its declaration [C:/Users/THUAN/Downloads/wrapper/encap.v:1503]
WARNING: [VRFC 10-3380] identifier 'start_hash' is used before its declaration [C:/Users/THUAN/Downloads/wrapper/encap.v:1513]
INFO: [VRFC 10-2263] Analyzing Verilog file "C:/Users/THUAN/Downloads/wrapper/encrypt.v" into library xil_defaultlib
INFO: [VRFC 10-311] analyzing module encrypt
WARNING: [VRFC 10-2938] 'r1_internal' is already implicitly declared on line 325 [C:/Users/THUAN/Downloads/wrapper/encrypt.v:352]
WARNING: [VRFC 10-2938] 'r2_internal' is already implicitly declared on line 334 [C:/Users/THUAN/Downloads/wrapper/encrypt.v:353]
WARNING: [VRFC 10-2938] 'loc_addr' is already implicitly declared on line 332 [C:/Users/THUAN/Downloads/wrapper/encrypt.v:355]
WARNING: [VRFC 10-2938] 'pm_out' is already implicitly declared on line 341 [C:/Users/THUAN/Downloads/wrapper/encrypt.v:356]
WARNING: [VRFC 10-3248] data object 'pm_out' is already declared [C:/Users/THUAN/Downloads/wrapper/encrypt.v:447]
WARNING: [VRFC 10-9364] second declaration of 'pm_out' is ignored [C:/Users/THUAN/Downloads/wrapper/encrypt.v:447]
WARNING: [VRFC 10-2938] 'pm_rd_addr' is already implicitly declared on line 437 [C:/Users/THUAN/Downloads/wrapper/encrypt.v:448]
WARNING: [VRFC 10-2938] 'pm_rd_en' is already implicitly declared on line 438 [C:/Users/THUAN/Downloads/wrapper/encrypt.v:449]
WARNING: [VRFC 10-2938] 'add_out' is already implicitly declared on line 441 [C:/Users/THUAN/Downloads/wrapper/encrypt.v:451]
WARNING: [VRFC 10-2938] 'add_out_addr' is already implicitly declared on line 442 [C:/Users/THUAN/Downloads/wrapper/encrypt.v:452]
WARNING: [VRFC 10-2938] 'add_out_valid' is already implicitly declared on line 443 [C:/Users/THUAN/Downloads/wrapper/encrypt.v:453]
WARNING: [VRFC 10-2938] 'xor_add_en' is already implicitly declared on line 313 [C:/Users/THUAN/Downloads/wrapper/encrypt.v:487]
WARNING: [VRFC 10-2938] 'xor_add_addr' is already implicitly declared on line 437 [C:/Users/THUAN/Downloads/wrapper/encrypt.v:488]
WARNING: [VRFC 10-2938] 'xor_add_out' is already implicitly declared on line 441 [C:/Users/THUAN/Downloads/wrapper/encrypt.v:490]
WARNING: [VRFC 10-2938] 'xor_add_out_addr' is already implicitly declared on line 442 [C:/Users/THUAN/Downloads/wrapper/encrypt.v:491]
WARNING: [VRFC 10-2938] 'xor_add_out_valid' is already implicitly declared on line 443 [C:/Users/THUAN/Downloads/wrapper/encrypt.v:492]
WARNING: [VRFC 10-2938] 'en_r1' is already implicitly declared on line 324 [C:/Users/THUAN/Downloads/wrapper/encrypt.v:528]
WARNING: [VRFC 10-2938] 'en_r2' is already implicitly declared on line 333 [C:/Users/THUAN/Downloads/wrapper/encrypt.v:529]
WARNING: [VRFC 10-2096] empty statement in sequential block [C:/Users/THUAN/Downloads/wrapper/encrypt.v:557]
WARNING: [VRFC 10-2938] 'wen_fw' is already implicitly declared on line 324 [C:/Users/THUAN/Downloads/wrapper/encrypt.v:687]
WARNING: [VRFC 10-3248] data object 'sel_fw' is already declared [C:/Users/THUAN/Downloads/wrapper/encrypt.v:687]
WARNING: [VRFC 10-9364] second declaration of 'sel_fw' is ignored [C:/Users/THUAN/Downloads/wrapper/encrypt.v:687]
WARNING: [VRFC 10-2938] 'fw_addr_reg' is already implicitly declared on line 323 [C:/Users/THUAN/Downloads/wrapper/encrypt.v:694]
WARNING: [VRFC 10-2938] 'u_cpy_addr' is already implicitly declared on line 437 [C:/Users/THUAN/Downloads/wrapper/encrypt.v:793]
WARNING: [VRFC 10-2938] 'wen_u' is already implicitly declared on line 343 [C:/Users/THUAN/Downloads/wrapper/encrypt.v:794]
WARNING: [VRFC 10-2938] 'copy_u' is already implicitly declared on line 437 [C:/Users/THUAN/Downloads/wrapper/encrypt.v:795]
WARNING: [VRFC 10-2938] 'sel_r1_hr2' is already implicitly declared on line 470 [C:/Users/THUAN/Downloads/wrapper/encrypt.v:796]
WARNING: [VRFC 10-3380] identifier 'rd_fw' is used before its declaration [C:/Users/THUAN/Downloads/wrapper/encrypt.v:180]
WARNING: [VRFC 10-3380] identifier 'fw_addr' is used before its declaration [C:/Users/THUAN/Downloads/wrapper/encrypt.v:182]
WARNING: [VRFC 10-3380] identifier 'sel_e' is used before its declaration [C:/Users/THUAN/Downloads/wrapper/encrypt.v:183]
WARNING: [VRFC 10-3380] identifier 'pm_out' is used before its declaration [C:/Users/THUAN/Downloads/wrapper/encrypt.v:298]
WARNING: [VRFC 10-3380] identifier 'r2_done' is used before its declaration [C:/Users/THUAN/Downloads/wrapper/encrypt.v:543]
WARNING: [VRFC 10-3380] identifier 'start_fw_transfer' is used before its declaration [C:/Users/THUAN/Downloads/wrapper/encrypt.v:549]
WARNING: [VRFC 10-3380] identifier 'r2_done' is used before its declaration [C:/Users/THUAN/Downloads/wrapper/encrypt.v:560]
WARNING: [VRFC 10-3380] identifier 'start_fw_transfer' is used before its declaration [C:/Users/THUAN/Downloads/wrapper/encrypt.v:565]
WARNING: [VRFC 10-3380] identifier 'r2_done' is used before its declaration [C:/Users/THUAN/Downloads/wrapper/encrypt.v:579]
WARNING: [VRFC 10-3380] identifier 'start_fw_transfer' is used before its declaration [C:/Users/THUAN/Downloads/wrapper/encrypt.v:584]
WARNING: [VRFC 10-3380] identifier 'start_fw_transfer' is used before its declaration [C:/Users/THUAN/Downloads/wrapper/encrypt.v:597]
WARNING: [VRFC 10-3380] identifier 'start_fw_transfer' is used before its declaration [C:/Users/THUAN/Downloads/wrapper/encrypt.v:605]
WARNING: [VRFC 10-3380] identifier 'done_fw_transfer' is used before its declaration [C:/Users/THUAN/Downloads/wrapper/encrypt.v:606]
WARNING: [VRFC 10-3380] identifier 'r2_done' is used before its declaration [C:/Users/THUAN/Downloads/wrapper/encrypt.v:614]
WARNING: [VRFC 10-3380] identifier 'done_fw_transfer' is used before its declaration [C:/Users/THUAN/Downloads/wrapper/encrypt.v:616]
WARNING: [VRFC 10-3380] identifier 'start_fw_transfer' is used before its declaration [C:/Users/THUAN/Downloads/wrapper/encrypt.v:622]
WARNING: [VRFC 10-3380] identifier 'start_fw_transfer' is used before its declaration [C:/Users/THUAN/Downloads/wrapper/encrypt.v:635]
WARNING: [VRFC 10-3380] identifier 'start_fw_transfer' is used before its declaration [C:/Users/THUAN/Downloads/wrapper/encrypt.v:643]
WARNING: [VRFC 10-3380] identifier 'done_fw_transfer' is used before its declaration [C:/Users/THUAN/Downloads/wrapper/encrypt.v:644]
WARNING: [VRFC 10-3380] identifier 'r2_done' is used before its declaration [C:/Users/THUAN/Downloads/wrapper/encrypt.v:648]
WARNING: [VRFC 10-3380] identifier 'done_fw_transfer' is used before its declaration [C:/Users/THUAN/Downloads/wrapper/encrypt.v:655]
WARNING: [VRFC 10-3380] identifier 'r2_done' is used before its declaration [C:/Users/THUAN/Downloads/wrapper/encrypt.v:657]
WARNING: [VRFC 10-3380] identifier 'r2_done' is used before its declaration [C:/Users/THUAN/Downloads/wrapper/encrypt.v:660]
WARNING: [VRFC 10-3380] identifier 'r2_done' is used before its declaration [C:/Users/THUAN/Downloads/wrapper/encrypt.v:678]
INFO: [VRFC 10-2263] Analyzing Verilog file "C:/Users/THUAN/Downloads/wrapper/encrypt_parallel.v" into library xil_defaultlib
INFO: [VRFC 10-311] analyzing module encrypt_parallel
WARNING: [VRFC 10-2938] 'r1_internal' is already implicitly declared on line 362 [C:/Users/THUAN/Downloads/wrapper/encrypt_parallel.v:406]
WARNING: [VRFC 10-2938] 'r2_internal_hr2' is already implicitly declared on line 384 [C:/Users/THUAN/Downloads/wrapper/encrypt_parallel.v:408]
WARNING: [VRFC 10-2938] 'r2_internal_sr2' is already implicitly declared on line 385 [C:/Users/THUAN/Downloads/wrapper/encrypt_parallel.v:409]
WARNING: [VRFC 10-2938] 'loc_addr_hr2' is already implicitly declared on line 380 [C:/Users/THUAN/Downloads/wrapper/encrypt_parallel.v:411]
WARNING: [VRFC 10-2938] 'loc_addr_sr2' is already implicitly declared on line 381 [C:/Users/THUAN/Downloads/wrapper/encrypt_parallel.v:412]
WARNING: [VRFC 10-3248] data object 'pm_out' is already declared [C:/Users/THUAN/Downloads/wrapper/encrypt_parallel.v:549]
WARNING: [VRFC 10-9364] second declaration of 'pm_out' is ignored [C:/Users/THUAN/Downloads/wrapper/encrypt_parallel.v:549]
WARNING: [VRFC 10-2938] 'pm_rd_addr' is already implicitly declared on line 500 [C:/Users/THUAN/Downloads/wrapper/encrypt_parallel.v:550]
WARNING: [VRFC 10-2938] 'pm_rd_en' is already implicitly declared on line 501 [C:/Users/THUAN/Downloads/wrapper/encrypt_parallel.v:551]
WARNING: [VRFC 10-2938] 'add_out' is already implicitly declared on line 504 [C:/Users/THUAN/Downloads/wrapper/encrypt_parallel.v:553]
WARNING: [VRFC 10-2938] 'add_out_addr' is already implicitly declared on line 505 [C:/Users/THUAN/Downloads/wrapper/encrypt_parallel.v:554]
WARNING: [VRFC 10-2938] 'add_out_valid' is already implicitly declared on line 506 [C:/Users/THUAN/Downloads/wrapper/encrypt_parallel.v:555]
WARNING: [VRFC 10-2938] 'xor_add_en' is already implicitly declared on line 350 [C:/Users/THUAN/Downloads/wrapper/encrypt_parallel.v:613]
WARNING: [VRFC 10-2938] 'xor_add_addr' is already implicitly declared on line 539 [C:/Users/THUAN/Downloads/wrapper/encrypt_parallel.v:614]
WARNING: [VRFC 10-2938] 'xor_add_out' is already implicitly declared on line 543 [C:/Users/THUAN/Downloads/wrapper/encrypt_parallel.v:616]
WARNING: [VRFC 10-2938] 'xor_add_out_addr' is already implicitly declared on line 544 [C:/Users/THUAN/Downloads/wrapper/encrypt_parallel.v:617]
WARNING: [VRFC 10-2938] 'xor_add_out_valid' is already implicitly declared on line 545 [C:/Users/THUAN/Downloads/wrapper/encrypt_parallel.v:618]
WARNING: [VRFC 10-2938] 'en_r1' is already implicitly declared on line 361 [C:/Users/THUAN/Downloads/wrapper/encrypt_parallel.v:654]
WARNING: [VRFC 10-2938] 'en_r2' is already implicitly declared on line 382 [C:/Users/THUAN/Downloads/wrapper/encrypt_parallel.v:655]
WARNING: [VRFC 10-2096] empty statement in sequential block [C:/Users/THUAN/Downloads/wrapper/encrypt_parallel.v:673]
WARNING: [VRFC 10-2938] 'wen_fw' is already implicitly declared on line 361 [C:/Users/THUAN/Downloads/wrapper/encrypt_parallel.v:856]
WARNING: [VRFC 10-3248] data object 'sel_fw' is already declared [C:/Users/THUAN/Downloads/wrapper/encrypt_parallel.v:856]
WARNING: [VRFC 10-9364] second declaration of 'sel_fw' is ignored [C:/Users/THUAN/Downloads/wrapper/encrypt_parallel.v:856]
WARNING: [VRFC 10-2938] 'fw_addr_reg' is already implicitly declared on line 360 [C:/Users/THUAN/Downloads/wrapper/encrypt_parallel.v:863]
WARNING: [VRFC 10-3380] identifier 'rd_fw' is used before its declaration [C:/Users/THUAN/Downloads/wrapper/encrypt_parallel.v:209]
WARNING: [VRFC 10-3380] identifier 'fw_addr' is used before its declaration [C:/Users/THUAN/Downloads/wrapper/encrypt_parallel.v:211]
WARNING: [VRFC 10-3380] identifier 'sel_e' is used before its declaration [C:/Users/THUAN/Downloads/wrapper/encrypt_parallel.v:212]
WARNING: [VRFC 10-3380] identifier 'pm_out_sr2' is used before its declaration [C:/Users/THUAN/Downloads/wrapper/encrypt_parallel.v:335]
WARNING: [VRFC 10-3380] identifier 'r2_done' is used before its declaration [C:/Users/THUAN/Downloads/wrapper/encrypt_parallel.v:668]
WARNING: [VRFC 10-3380] identifier 'r2_done' is used before its declaration [C:/Users/THUAN/Downloads/wrapper/encrypt_parallel.v:676]
WARNING: [VRFC 10-3380] identifier 'r2_done' is used before its declaration [C:/Users/THUAN/Downloads/wrapper/encrypt_parallel.v:688]
WARNING: [VRFC 10-3380] identifier 'done_fw_transfer' is used before its declaration [C:/Users/THUAN/Downloads/wrapper/encrypt_parallel.v:710]
WARNING: [VRFC 10-3380] identifier 'r2_done' is used before its declaration [C:/Users/THUAN/Downloads/wrapper/encrypt_parallel.v:718]
WARNING: [VRFC 10-3380] identifier 'done_fw_transfer' is used before its declaration [C:/Users/THUAN/Downloads/wrapper/encrypt_parallel.v:720]
WARNING: [VRFC 10-3380] identifier 'done_fw_transfer' is used before its declaration [C:/Users/THUAN/Downloads/wrapper/encrypt_parallel.v:744]
WARNING: [VRFC 10-3380] identifier 'r2_done' is used before its declaration [C:/Users/THUAN/Downloads/wrapper/encrypt_parallel.v:748]
WARNING: [VRFC 10-3380] identifier 'done_fw_transfer' is used before its declaration [C:/Users/THUAN/Downloads/wrapper/encrypt_parallel.v:755]
WARNING: [VRFC 10-3380] identifier 'r2_done' is used before its declaration [C:/Users/THUAN/Downloads/wrapper/encrypt_parallel.v:757]
WARNING: [VRFC 10-3380] identifier 'r2_done' is used before its declaration [C:/Users/THUAN/Downloads/wrapper/encrypt_parallel.v:760]
WARNING: [VRFC 10-3380] identifier 'r2_done' is used before its declaration [C:/Users/THUAN/Downloads/wrapper/encrypt_parallel.v:777]
WARNING: [VRFC 10-3380] identifier 'start_fw_transfer' is used before its declaration [C:/Users/THUAN/Downloads/wrapper/encrypt_parallel.v:789]
WARNING: [VRFC 10-3380] identifier 'start_fw_transfer' is used before its declaration [C:/Users/THUAN/Downloads/wrapper/encrypt_parallel.v:805]
WARNING: [VRFC 10-3380] identifier 'start_fw_transfer' is used before its declaration [C:/Users/THUAN/Downloads/wrapper/encrypt_parallel.v:808]
WARNING: [VRFC 10-3380] identifier 'start_fw_transfer' is used before its declaration [C:/Users/THUAN/Downloads/wrapper/encrypt_parallel.v:814]
WARNING: [VRFC 10-3380] identifier 'start_fw_transfer' is used before its declaration [C:/Users/THUAN/Downloads/wrapper/encrypt_parallel.v:822]
WARNING: [VRFC 10-3380] identifier 'start_fw_transfer' is used before its declaration [C:/Users/THUAN/Downloads/wrapper/encrypt_parallel.v:825]
WARNING: [VRFC 10-3380] identifier 'start_fw_transfer' is used before its declaration [C:/Users/THUAN/Downloads/wrapper/encrypt_parallel.v:831]
WARNING: [VRFC 10-3380] identifier 'start_fw_transfer' is used before its declaration [C:/Users/THUAN/Downloads/wrapper/encrypt_parallel.v:838]
WARNING: [VRFC 10-3380] identifier 'start_fw_transfer' is used before its declaration [C:/Users/THUAN/Downloads/wrapper/encrypt_parallel.v:848]
INFO: [VRFC 10-2263] Analyzing Verilog file "C:/Users/THUAN/Downloads/wrapper/fft_leaves_butterfly.v" into library xil_defaultlib
INFO: [VRFC 10-311] analyzing module fft_leaves_butterfly
INFO: [VRFC 10-2263] Analyzing Verilog file "C:/Users/THUAN/Downloads/wrapper/fft_part1.v" into library xil_defaultlib
INFO: [VRFC 10-311] analyzing module fft_part1
WARNING: [VRFC 10-3380] identifier 'gf_out_d3' is used before its declaration [C:/Users/THUAN/Downloads/wrapper/fft_part1.v:61]
INFO: [VRFC 10-2263] Analyzing Verilog file "C:/Users/THUAN/Downloads/wrapper/fft_part2.v" into library xil_defaultlib
INFO: [VRFC 10-311] analyzing module fft_part2
INFO: [VRFC 10-311] analyzing module fft_part2_round
INFO: [VRFC 10-2263] Analyzing Verilog file "C:/Users/THUAN/Downloads/wrapper/fft_retrieve_error_poly.v" into library xil_defaultlib
INFO: [VRFC 10-311] analyzing module fft_retrieve_error_poly
INFO: [VRFC 10-2263] Analyzing Verilog file "C:/Users/THUAN/Downloads/wrapper/fixed_weight.v" into library xil_defaultlib
INFO: [VRFC 10-311] analyzing module fixed_weight
WARNING: [VRFC 10-9336] redeclaration of ANSI port 'din_shake' is not allowed [C:/Users/THUAN/Downloads/wrapper/fixed_weight.v:161]
WARNING: [VRFC 10-3380] identifier 'sel_ctx' is used before its declaration [C:/Users/THUAN/Downloads/wrapper/fixed_weight.v:233]
WARNING: [VRFC 10-3380] identifier 'sel_ctx' is used before its declaration [C:/Users/THUAN/Downloads/wrapper/fixed_weight.v:234]
WARNING: [VRFC 10-3380] identifier 'sel_ctx' is used before its declaration [C:/Users/THUAN/Downloads/wrapper/fixed_weight.v:235]
WARNING: [VRFC 10-3380] identifier 'start_red' is used before its declaration [C:/Users/THUAN/Downloads/wrapper/fixed_weight.v:506]
WARNING: [VRFC 10-3380] identifier 'start_red' is used before its declaration [C:/Users/THUAN/Downloads/wrapper/fixed_weight.v:518]
WARNING: [VRFC 10-3380] identifier 'start_red' is used before its declaration [C:/Users/THUAN/Downloads/wrapper/fixed_weight.v:529]
WARNING: [VRFC 10-3380] identifier 'start_red' is used before its declaration [C:/Users/THUAN/Downloads/wrapper/fixed_weight.v:540]
WARNING: [VRFC 10-3380] identifier 'start_red' is used before its declaration [C:/Users/THUAN/Downloads/wrapper/fixed_weight.v:546]
WARNING: [VRFC 10-3380] identifier 'start_red' is used before its declaration [C:/Users/THUAN/Downloads/wrapper/fixed_weight.v:552]
INFO: [VRFC 10-2263] Analyzing Verilog file "C:/Users/THUAN/Downloads/wrapper/fixed_weight_ct.v" into library xil_defaultlib
INFO: [VRFC 10-311] analyzing module fixed_weight_ct
WARNING: [VRFC 10-9336] redeclaration of ANSI port 'din_shake' is not allowed [C:/Users/THUAN/Downloads/wrapper/fixed_weight_ct.v:153]
WARNING: [VRFC 10-3380] identifier 'sel_ctx' is used before its declaration [C:/Users/THUAN/Downloads/wrapper/fixed_weight_ct.v:222]
WARNING: [VRFC 10-3380] identifier 'sel_ctx' is used before its declaration [C:/Users/THUAN/Downloads/wrapper/fixed_weight_ct.v:223]
WARNING: [VRFC 10-3380] identifier 'sel_ctx' is used before its declaration [C:/Users/THUAN/Downloads/wrapper/fixed_weight_ct.v:224]
WARNING: [VRFC 10-3380] identifier 'start_red' is used before its declaration [C:/Users/THUAN/Downloads/wrapper/fixed_weight_ct.v:462]
WARNING: [VRFC 10-3380] identifier 'start_red' is used before its declaration [C:/Users/THUAN/Downloads/wrapper/fixed_weight_ct.v:475]
WARNING: [VRFC 10-3380] identifier 'start_red' is used before its declaration [C:/Users/THUAN/Downloads/wrapper/fixed_weight_ct.v:493]
WARNING: [VRFC 10-3380] identifier 'start_red' is used before its declaration [C:/Users/THUAN/Downloads/wrapper/fixed_weight_ct.v:512]
WARNING: [VRFC 10-3380] identifier 'start_red' is used before its declaration [C:/Users/THUAN/Downloads/wrapper/fixed_weight_ct.v:519]
WARNING: [VRFC 10-3380] identifier 'start_red' is used before its declaration [C:/Users/THUAN/Downloads/wrapper/fixed_weight_ct.v:526]
WARNING: [VRFC 10-3380] identifier 'start_red' is used before its declaration [C:/Users/THUAN/Downloads/wrapper/fixed_weight_ct.v:533]
INFO: [VRFC 10-2263] Analyzing Verilog file "C:/Users/THUAN/Downloads/wrapper/fixed_weight_cww.v" into library xil_defaultlib
INFO: [VRFC 10-311] analyzing module fixed_weight_cww
WARNING: [VRFC 10-9336] redeclaration of ANSI port 'din_shake' is not allowed [C:/Users/THUAN/Downloads/wrapper/fixed_weight_cww.v:141]
WARNING: [VRFC 10-2938] 'dout_shake_reduced' is already implicitly declared on line 245 [C:/Users/THUAN/Downloads/wrapper/fixed_weight_cww.v:270]
WARNING: [VRFC 10-2938] 'n_minus_i' is already implicitly declared on line 244 [C:/Users/THUAN/Downloads/wrapper/fixed_weight_cww.v:309]
WARNING: [VRFC 10-2938] 'dout_reduced_valid' is already implicitly declared on line 241 [C:/Users/THUAN/Downloads/wrapper/fixed_weight_cww.v:322]
WARNING: [VRFC 10-3380] identifier 'n_minus_i' is used before its declaration [C:/Users/THUAN/Downloads/wrapper/fixed_weight_cww.v:229]
WARNING: [VRFC 10-3380] identifier 'n_minus_i' is used before its declaration [C:/Users/THUAN/Downloads/wrapper/fixed_weight_cww.v:232]
WARNING: [VRFC 10-3380] identifier 'count' is used before its declaration [C:/Users/THUAN/Downloads/wrapper/fixed_weight_cww.v:272]
INFO: [VRFC 10-2263] Analyzing Verilog file "C:/Users/THUAN/Downloads/wrapper/gf_mul.v" into library xil_defaultlib
INFO: [VRFC 10-311] analyzing module gf_mul
INFO: [VRFC 10-2263] Analyzing Verilog file "C:/Users/THUAN/Downloads/wrapper/gfmul.v" into library xil_defaultlib
INFO: [VRFC 10-311] analyzing module gfmul
INFO: [VRFC 10-2263] Analyzing Verilog file "C:/Users/THUAN/Downloads/wrapper/hqc_barrett_red.v" into library xil_defaultlib
INFO: [VRFC 10-311] analyzing module hqc_barrett_red
INFO: [VRFC 10-2263] Analyzing Verilog file "C:/Users/THUAN/Downloads/wrapper/hqc_decod_top.v" into library xil_defaultlib
INFO: [VRFC 10-311] analyzing module hqc_decod_top
INFO: [VRFC 10-2263] Analyzing Verilog file "C:/Users/THUAN/Downloads/wrapper/hqc_kem_joint_design.v" into library xil_defaultlib
INFO: [VRFC 10-311] analyzing module hqc_kem_joint_design
INFO: [VRFC 10-2263] Analyzing Verilog file "C:/Users/THUAN/Downloads/wrapper/hqc_rmdecod_ctrl.v" into library xil_defaultlib
INFO: [VRFC 10-311] analyzing module hqc_rmdecod_ctrl
INFO: [VRFC 10-2263] Analyzing Verilog file "C:/Users/THUAN/Downloads/wrapper/hqc_rmdecod_expnsum.v" into library xil_defaultlib
INFO: [VRFC 10-311] analyzing module hqc_rmdecod_expnsum
INFO: [VRFC 10-2263] Analyzing Verilog file "C:/Users/THUAN/Downloads/wrapper/hqc_rmdecod_findpeaks.v" into library xil_defaultlib
INFO: [VRFC 10-311] analyzing module hqc_rmdecod_findpeaks
INFO: [VRFC 10-311] analyzing module findpeaks_core
INFO: [VRFC 10-2263] Analyzing Verilog file "C:/Users/THUAN/Downloads/wrapper/hqc_rmdecod_hadamard.v" into library xil_defaultlib
INFO: [VRFC 10-311] analyzing module hqc_rmdecod_hadamard
INFO: [VRFC 10-311] analyzing module hadamard_layer
INFO: [VRFC 10-2263] Analyzing Verilog file "C:/Users/THUAN/Downloads/wrapper/hqc_rmdecod_top.v" into library xil_defaultlib
INFO: [VRFC 10-311] analyzing module hqc_rmdecod_top
INFO: [VRFC 10-2263] Analyzing Verilog file "C:/Users/THUAN/Downloads/wrapper/hqc_rsdecod_elp.v" into library xil_defaultlib
INFO: [VRFC 10-311] analyzing module hqc_rsdecod_elp
INFO: [VRFC 10-2263] Analyzing Verilog file "C:/Users/THUAN/Downloads/wrapper/hqc_rsdecod_err_val.v" into library xil_defaultlib
INFO: [VRFC 10-311] analyzing module hqc_rsdecod_err_val
INFO: [VRFC 10-2263] Analyzing Verilog file "C:/Users/THUAN/Downloads/wrapper/hqc_rsdecod_roots.v" into library xil_defaultlib
INFO: [VRFC 10-311] analyzing module hqc_rsdecod_roots
WARNING: [VRFC 10-3248] data object 'fft_done' is already declared [C:/Users/THUAN/Downloads/wrapper/hqc_rsdecod_roots.v:47]
WARNING: [VRFC 10-9364] second declaration of 'fft_done' is ignored [C:/Users/THUAN/Downloads/wrapper/hqc_rsdecod_roots.v:47]
INFO: [VRFC 10-2263] Analyzing Verilog file "C:/Users/THUAN/Downloads/wrapper/hqc_rsdecod_syndromes.v" into library xil_defaultlib
INFO: [VRFC 10-311] analyzing module hqc_rsdecod_syndromes
INFO: [VRFC 10-2263] Analyzing Verilog file "C:/Users/THUAN/Downloads/wrapper/hqc_rsdecod_top.v" into library xil_defaultlib
INFO: [VRFC 10-311] analyzing module hqc_rsdecod_top
INFO: [VRFC 10-2263] Analyzing Verilog file "C:/Users/THUAN/Downloads/wrapper/hqc_rsdecod_zpoly.v" into library xil_defaultlib
INFO: [VRFC 10-311] analyzing module hqc_rsdecod_zpoly
INFO: [VRFC 10-2263] Analyzing Verilog file "C:/Users/THUAN/Downloads/wrapper/karatsuba_small.v" into library xil_defaultlib
INFO: [VRFC 10-311] analyzing module karatsuba_small
INFO: [VRFC 10-2263] Analyzing Verilog file "C:/Users/THUAN/Downloads/wrapper/keccak_top.v" into library xil_defaultlib
INFO: [VRFC 10-311] analyzing module keccak_top
INFO: [VRFC 10-2263] Analyzing Verilog file "C:/Users/THUAN/Downloads/wrapper/keygen.v" into library xil_defaultlib
INFO: [VRFC 10-311] analyzing module keygen
WARNING: [VRFC 10-2938] 'pm_out' is already implicitly declared on line 390 [C:/Users/THUAN/Downloads/wrapper/keygen.v:398]
WARNING: [VRFC 10-2938] 'pm_rd_addr' is already implicitly declared on line 387 [C:/Users/THUAN/Downloads/wrapper/keygen.v:399]
WARNING: [VRFC 10-2938] 'pm_rd_en' is already implicitly declared on line 388 [C:/Users/THUAN/Downloads/wrapper/keygen.v:400]
WARNING: [VRFC 10-2938] 'add_out' is already implicitly declared on line 392 [C:/Users/THUAN/Downloads/wrapper/keygen.v:402]
WARNING: [VRFC 10-2938] 'add_out_addr' is already implicitly declared on line 393 [C:/Users/THUAN/Downloads/wrapper/keygen.v:403]
WARNING: [VRFC 10-2938] 'add_out_valid' is already implicitly declared on line 394 [C:/Users/THUAN/Downloads/wrapper/keygen.v:404]
WARNING: [VRFC 10-2938] 'x_addr_reg' is already implicitly declared on line 317 [C:/Users/THUAN/Downloads/wrapper/keygen.v:702]
WARNING: [VRFC 10-3380] identifier 'pm_out' is used before its declaration [C:/Users/THUAN/Downloads/wrapper/keygen.v:193]
WARNING: [VRFC 10-3380] identifier 'x_addr' is used before its declaration [C:/Users/THUAN/Downloads/wrapper/keygen.v:221]
WARNING: [VRFC 10-3380] identifier 'x_transfer_done' is used before its declaration [C:/Users/THUAN/Downloads/wrapper/keygen.v:490]
INFO: [VRFC 10-2263] Analyzing Verilog file "C:/Users/THUAN/Downloads/wrapper/loc_based_adder.v" into library xil_defaultlib
INFO: [VRFC 10-311] analyzing module loc_based_adder
INFO: [VRFC 10-2263] Analyzing Verilog file "C:/Users/THUAN/Downloads/wrapper/mem_dual.v" into library xil_defaultlib
INFO: [VRFC 10-311] analyzing module mem_dual
INFO: [VRFC 10-2263] Analyzing Verilog file "C:/Users/THUAN/Downloads/wrapper/mem_single.v" into library xil_defaultlib
INFO: [VRFC 10-311] analyzing module mem_single
INFO: [VRFC 10-2263] Analyzing Verilog file "C:/Users/THUAN/Downloads/wrapper/mod34.v" into library xil_defaultlib
INFO: [VRFC 10-311] analyzing module mod34
INFO: [VRFC 10-2263] Analyzing Verilog file "C:/Users/THUAN/Downloads/wrapper/onegen.v" into library xil_defaultlib
INFO: [VRFC 10-311] analyzing module onegen
INFO: [VRFC 10-2263] Analyzing Verilog file "C:/Users/THUAN/Downloads/wrapper/onegen_ct.v" into library xil_defaultlib
INFO: [VRFC 10-311] analyzing module onegen_ct
INFO: [VRFC 10-2263] Analyzing Verilog file "C:/Users/THUAN/Downloads/wrapper/poly_mult.v" into library xil_defaultlib
INFO: [VRFC 10-311] analyzing module poly_mult
WARNING: [VRFC 10-9336] redeclaration of ANSI port 'mux_word_0' is not allowed [C:/Users/THUAN/Downloads/wrapper/poly_mult.v:103]
WARNING: [VRFC 10-9336] redeclaration of ANSI port 'mux_word_1' is not allowed [C:/Users/THUAN/Downloads/wrapper/poly_mult.v:104]
WARNING: [VRFC 10-3380] identifier 'addr_0_intermediate' is used before its declaration [C:/Users/THUAN/Downloads/wrapper/poly_mult.v:218]
WARNING: [VRFC 10-3380] identifier 'addr_0_intermediate' is used before its declaration [C:/Users/THUAN/Downloads/wrapper/poly_mult.v:229]
WARNING: [VRFC 10-3380] identifier 'addr_0_intermediate' is used before its declaration [C:/Users/THUAN/Downloads/wrapper/poly_mult.v:230]
WARNING: [VRFC 10-3380] identifier 'state' is used before its declaration [C:/Users/THUAN/Downloads/wrapper/poly_mult.v:233]
INFO: [VRFC 10-2263] Analyzing Verilog file "C:/Users/THUAN/Downloads/wrapper/rc.v" into library xil_defaultlib
INFO: [VRFC 10-311] analyzing module rc
INFO: [VRFC 10-2263] Analyzing Verilog file "C:/Users/THUAN/Downloads/wrapper/reed_muller_encode.v" into library xil_defaultlib
INFO: [VRFC 10-311] analyzing module reed_muller_encode
WARNING: [VRFC 10-2938] 'wr_en' is already implicitly declared on line 93 [C:/Users/THUAN/Downloads/wrapper/reed_muller_encode.v:101]
WARNING: [VRFC 10-3380] identifier 'init' is used before its declaration [C:/Users/THUAN/Downloads/wrapper/reed_muller_encode.v:67]
WARNING: [VRFC 10-3380] identifier 'shift_cdw' is used before its declaration [C:/Users/THUAN/Downloads/wrapper/reed_muller_encode.v:70]
WARNING: [VRFC 10-3380] identifier 'count_cdw_bytes' is used before its declaration [C:/Users/THUAN/Downloads/wrapper/reed_muller_encode.v:86]
INFO: [VRFC 10-2263] Analyzing Verilog file "C:/Users/THUAN/Downloads/wrapper/reed_solomon_encode.v" into library xil_defaultlib
INFO: [VRFC 10-311] analyzing module reed_solomon_encode
WARNING: [VRFC 10-3380] identifier 'init_msg' is used before its declaration [C:/Users/THUAN/Downloads/wrapper/reed_solomon_encode.v:75]
WARNING: [VRFC 10-3380] identifier 'shift_msg' is used before its declaration [C:/Users/THUAN/Downloads/wrapper/reed_solomon_encode.v:78]
WARNING: [VRFC 10-3380] identifier 'init_msg' is used before its declaration [C:/Users/THUAN/Downloads/wrapper/reed_solomon_encode.v:88]
INFO: [VRFC 10-2263] Analyzing Verilog file "C:/Users/THUAN/Downloads/wrapper/rm_encoder.v" into library xil_defaultlib
INFO: [VRFC 10-311] analyzing module rm_encoder
INFO: [VRFC 10-2263] Analyzing Verilog file "C:/Users/THUAN/Downloads/wrapper/state_ram.v" into library xil_defaultlib
INFO: [VRFC 10-311] analyzing module state_ram
WARNING: [VRFC 10-634] event expressions must result in a singular type [C:/Users/THUAN/Downloads/wrapper/state_ram.v:122]
WARNING: [VRFC 10-634] event expressions must result in a singular type [C:/Users/THUAN/Downloads/wrapper/state_ram.v:228]
WARNING: [VRFC 10-634] event expressions must result in a singular type [C:/Users/THUAN/Downloads/wrapper/state_ram.v:278]
WARNING: [VRFC 10-634] event expressions must result in a singular type [C:/Users/THUAN/Downloads/wrapper/state_ram.v:379]
INFO: [VRFC 10-2263] Analyzing Verilog file "C:/Users/THUAN/Downloads/wrapper/stateram_inference.v" into library xil_defaultlib
INFO: [VRFC 10-311] analyzing module stateram_inference
INFO: [VRFC 10-2263] Analyzing Verilog file "C:/Users/THUAN/Downloads/wrapper/syncfifo.v" into library xil_defaultlib
INFO: [VRFC 10-311] analyzing module syncfifo
INFO: [VRFC 10-2263] Analyzing Verilog file "C:/Users/THUAN/Downloads/wrapper/transform.v" into library xil_defaultlib
INFO: [VRFC 10-311] analyzing module transform
INFO: [VRFC 10-2263] Analyzing Verilog file "C:/Users/THUAN/Downloads/wrapper/v_minus_uy.v" into library xil_defaultlib
INFO: [VRFC 10-311] analyzing module v_minus_uy
WARNING: [VRFC 10-3248] data object 'pm_out' is already declared [C:/Users/THUAN/Downloads/wrapper/v_minus_uy.v:219]
WARNING: [VRFC 10-9364] second declaration of 'pm_out' is ignored [C:/Users/THUAN/Downloads/wrapper/v_minus_uy.v:219]
WARNING: [VRFC 10-3380] identifier 'xor_add_addr' is used before its declaration [C:/Users/THUAN/Downloads/wrapper/v_minus_uy.v:145]
WARNING: [VRFC 10-3380] identifier 'xor_add_en' is used before its declaration [C:/Users/THUAN/Downloads/wrapper/v_minus_uy.v:168]
WARNING: [VRFC 10-3380] identifier 'xor_add_addr' is used before its declaration [C:/Users/THUAN/Downloads/wrapper/v_minus_uy.v:169]
WARNING: [VRFC 10-3380] identifier 'xor_add_out_valid' is used before its declaration [C:/Users/THUAN/Downloads/wrapper/v_minus_uy.v:170]
WARNING: [VRFC 10-3380] identifier 'xor_add_out_addr' is used before its declaration [C:/Users/THUAN/Downloads/wrapper/v_minus_uy.v:171]
WARNING: [VRFC 10-3380] identifier 'xor_add_out' is used before its declaration [C:/Users/THUAN/Downloads/wrapper/v_minus_uy.v:172]
INFO: [VRFC 10-2263] Analyzing Verilog file "C:/Users/THUAN/Downloads/wrapper/vect_set_random.v" into library xil_defaultlib
INFO: [VRFC 10-311] analyzing module vect_set_random
WARNING: [VRFC 10-9336] redeclaration of ANSI port 'shake_din' is not allowed [C:/Users/THUAN/Downloads/wrapper/vect_set_random.v:104]
WARNING: [VRFC 10-2938] 'rand_mem_in' is already implicitly declared on line 151 [C:/Users/THUAN/Downloads/wrapper/vect_set_random.v:167]
WARNING: [VRFC 10-2938] 'wr_en_rand' is already implicitly declared on line 155 [C:/Users/THUAN/Downloads/wrapper/vect_set_random.v:168]
WARNING: [VRFC 10-3380] identifier 'pk_rand_addr' is used before its declaration [C:/Users/THUAN/Downloads/wrapper/vect_set_random.v:146]
WARNING: [VRFC 10-3380] identifier 'pk_rand_addr' is used before its declaration [C:/Users/THUAN/Downloads/wrapper/vect_set_random.v:174]
WARNING: [VRFC 10-3380] identifier 'pk_rand_addr_reg' is used before its declaration [C:/Users/THUAN/Downloads/wrapper/vect_set_random.v:200]
WARNING: [VRFC 10-3380] identifier 'pk_rand_addr' is used before its declaration [C:/Users/THUAN/Downloads/wrapper/vect_set_random.v:201]
WARNING: [VRFC 10-3380] identifier 'pk_rand_addr' is used before its declaration [C:/Users/THUAN/Downloads/wrapper/vect_set_random.v:208]
WARNING: [VRFC 10-3380] identifier 'pk_rand_addr_reg' is used before its declaration [C:/Users/THUAN/Downloads/wrapper/vect_set_random.v:219]
INFO: [VRFC 10-2263] Analyzing Verilog file "C:/Users/THUAN/Downloads/wrapper/xor_based_adder.v" into library xil_defaultlib
INFO: [VRFC 10-311] analyzing module xor_based_adder
INFO: [VRFC 10-2263] Analyzing Verilog file "C:/Users/THUAN/Downloads/wrapper/keygen_tb.v" into library xil_defaultlib
INFO: [VRFC 10-311] analyzing module keygen_tb
run_program: Time (s): cpu = 00:00:03 ; elapsed = 00:00:20 . Memory (MB): peak = 1417.137 ; gain = 0.000
INFO: [USF-XSim-69] 'compile' step finished in '20' seconds
INFO: [USF-XSim-3] XSim::Elaborate design
INFO: [USF-XSim-61] Executing 'ELABORATE' step in 'D:/University/251/DA/wrapper/wrapper.sim/sim_1/behav/xsim'
"xelab --incr --debug typical --relax --mt 2 -L xil_defaultlib -L unisims_ver -L unimacro_ver -L secureip --snapshot keygen_tb_behav xil_defaultlib.keygen_tb xil_defaultlib.glbl -log elaborate.log"
Vivado Simulator v2022.2
Copyright 1986-1999, 2001-2022 Xilinx, Inc. All Rights Reserved.
Running: D:/Apps/Xilinx/Vivado/2022.2/bin/unwrapped/win64.o/xelab.exe --incr --debug typical --relax --mt 2 -L xil_defaultlib -L unisims_ver -L unimacro_ver -L secureip --snapshot keygen_tb_behav xil_defaultlib.keygen_tb xil_defaultlib.glbl -log elaborate.log 
Using 2 slave threads.
Starting static elaboration
Pass Through NonSizing Optimizer
WARNING: [VRFC 10-3091] actual bit length 13 differs from formal bit length 8 for port 'address_0' [C:/Users/THUAN/Downloads/wrapper/HQC_wrapper.v:77]
WARNING: [VRFC 10-3091] actual bit length 13 differs from formal bit length 8 for port 'address_1' [C:/Users/THUAN/Downloads/wrapper/HQC_wrapper.v:78]
WARNING: [VRFC 10-3091] actual bit length 13 differs from formal bit length 8 for port 'address_0' [C:/Users/THUAN/Downloads/wrapper/HQC_wrapper.v:83]
WARNING: [VRFC 10-3091] actual bit length 13 differs from formal bit length 8 for port 'address_1' [C:/Users/THUAN/Downloads/wrapper/HQC_wrapper.v:84]
WARNING: [VRFC 10-3091] actual bit length 13 differs from formal bit length 8 for port 'address_0' [C:/Users/THUAN/Downloads/wrapper/HQC_wrapper.v:89]
WARNING: [VRFC 10-3091] actual bit length 13 differs from formal bit length 8 for port 'address_1' [C:/Users/THUAN/Downloads/wrapper/HQC_wrapper.v:90]
WARNING: [VRFC 10-3091] actual bit length 13 differs from formal bit length 8 for port 'address_0' [C:/Users/THUAN/Downloads/wrapper/HQC_wrapper.v:95]
WARNING: [VRFC 10-3091] actual bit length 13 differs from formal bit length 8 for port 'address_1' [C:/Users/THUAN/Downloads/wrapper/HQC_wrapper.v:96]
WARNING: [VRFC 10-3091] actual bit length 13 differs from formal bit length 8 for port 'keygen_out_addr' [C:/Users/THUAN/Downloads/wrapper/HQC_wrapper.v:124]
WARNING: [VRFC 10-3091] actual bit length 13 differs from formal bit length 9 for port 'd_h_addr_0' [C:/Users/THUAN/Downloads/wrapper/HQC_wrapper.v:136]
WARNING: [VRFC 10-3091] actual bit length 13 differs from formal bit length 9 for port 'u_addr_0' [C:/Users/THUAN/Downloads/wrapper/HQC_wrapper.v:137]
WARNING: [VRFC 10-3091] actual bit length 32 differs from formal bit length 128 for port 'decap_out' [C:/Users/THUAN/Downloads/wrapper/HQC_wrapper.v:140]
WARNING: [VRFC 10-3091] actual bit length 13 differs from formal bit length 8 for port 'decap_out_addr' [C:/Users/THUAN/Downloads/wrapper/HQC_wrapper.v:142]
WARNING: [VRFC 10-3091] actual bit length 32 differs from formal bit length 2 for port 'm_addr' [C:/Users/THUAN/Downloads/wrapper/HQC_wrapper.v:145]
WARNING: [VRFC 10-3091] actual bit length 32 differs from formal bit length 128 for port 'decap_in' [C:/Users/THUAN/Downloads/wrapper/HQC_wrapper.v:146]
WARNING: [VRFC 10-3091] actual bit length 32 differs from formal bit length 1 for port 'start' [C:/Users/THUAN/Downloads/wrapper/hqc_kem_joint_design.v:376]
WARNING: [VRFC 10-3091] actual bit length 32 differs from formal bit length 1 for port 'wren_1' [C:/Users/THUAN/Downloads/wrapper/vect_set_random.v:156]
WARNING: [VRFC 10-3091] actual bit length 7 differs from formal bit length 16 for port 'loc_addr' [C:/Users/THUAN/Downloads/wrapper/keygen.v:376]
WARNING: [VRFC 10-3091] actual bit length 32 differs from formal bit length 8 for port 'weight' [C:/Users/THUAN/Downloads/wrapper/keygen.v:378]
WARNING: [VRFC 10-3091] actual bit length 9 differs from formal bit length 8 for port 'address_0' [C:/Users/THUAN/Downloads/wrapper/poly_mult.v:247]
WARNING: [VRFC 10-3091] actual bit length 9 differs from formal bit length 8 for port 'address_1' [C:/Users/THUAN/Downloads/wrapper/poly_mult.v:248]
WARNING: [VRFC 10-3091] actual bit length 32 differs from formal bit length 24 for port 'data_1' [C:/Users/THUAN/Downloads/wrapper/fixed_weight_ct.v:242]
WARNING: [VRFC 10-3091] actual bit length 32 differs from formal bit length 1 for port 'wren_1' [C:/Users/THUAN/Downloads/wrapper/fixed_weight_ct.v:246]
WARNING: [VRFC 10-3091] actual bit length 32 differs from formal bit length 1 for port 'start' [C:/Users/THUAN/Downloads/wrapper/hqc_kem_joint_design.v:419]
WARNING: [VRFC 10-3091] actual bit length 32 differs from formal bit length 1 for port 'u_v_in_wen' [C:/Users/THUAN/Downloads/wrapper/hqc_kem_joint_design.v:443]
WARNING: [VRFC 10-3091] actual bit length 32 differs from formal bit length 8 for port 'u_v_in_addr' [C:/Users/THUAN/Downloads/wrapper/hqc_kem_joint_design.v:444]
WARNING: [VRFC 10-3091] actual bit length 32 differs from formal bit length 1 for port 'resume_encap' [C:/Users/THUAN/Downloads/wrapper/hqc_kem_joint_design.v:446]
WARNING: [VRFC 10-3091] actual bit length 368 differs from formal bit length 240 for port 'cdw_in' [C:/Users/THUAN/Downloads/wrapper/reed_solomon_encode.v:121]
WARNING: [VRFC 10-3091] actual bit length 32 differs from formal bit length 1 for port 'start' [C:/Users/THUAN/Downloads/wrapper/reed_solomon_encode.v:108]
WARNING: [VRFC 10-3091] actual bit length 32 differs from formal bit length 1 for port 'start' [C:/Users/THUAN/Downloads/wrapper/reed_muller_encode.v:80]
WARNING: [VRFC 10-3091] actual bit length 32 differs from formal bit length 1 for port 'wr_en' [C:/Users/THUAN/Downloads/wrapper/encrypt.v:343]
WARNING: [VRFC 10-3091] actual bit length 7 differs from formal bit length 16 for port 'loc_addr' [C:/Users/THUAN/Downloads/wrapper/encrypt.v:426]
WARNING: [VRFC 10-3091] actual bit length 32 differs from formal bit length 8 for port 'weight' [C:/Users/THUAN/Downloads/wrapper/encrypt.v:428]
WARNING: [VRFC 10-3091] actual bit length 32 differs from formal bit length 1 for port 'add_wr_en' [C:/Users/THUAN/Downloads/wrapper/encrypt.v:443]
WARNING: [VRFC 10-3091] actual bit length 32 differs from formal bit length 1 for port 'start' [C:/Users/THUAN/Downloads/wrapper/hqc_kem_joint_design.v:487]
WARNING: [VRFC 10-3091] actual bit length 32 differs from formal bit length 1 for port 'dout_ready_i' [C:/Users/THUAN/Downloads/wrapper/hqc_rmdecod_top.v:81]
WARNING: [VRFC 10-3091] actual bit length 32 differs from formal bit length 1 for port 'start' [C:/Users/THUAN/Downloads/wrapper/hqc_rsdecod_elp.v:92]
WARNING: [VRFC 10-3091] actual bit length 32 differs from formal bit length 1 for port 'start' [C:/Users/THUAN/Downloads/wrapper/hqc_rsdecod_elp.v:156]
WARNING: [VRFC 10-3091] actual bit length 32 differs from formal bit length 1 for port 'start' [C:/Users/THUAN/Downloads/wrapper/hqc_rsdecod_zpoly.v:101]
WARNING: [VRFC 10-3091] actual bit length 8 differs from formal bit length 32 for port 'dout_o' [C:/Users/THUAN/Downloads/wrapper/add_fft.v:81]
WARNING: [VRFC 10-3091] actual bit length 32 differs from formal bit length 1 for port 'start' [C:/Users/THUAN/Downloads/wrapper/fft_part1.v:143]
WARNING: [VRFC 10-3091] actual bit length 32 differs from formal bit length 1 for port 'start' [C:/Users/THUAN/Downloads/wrapper/fft_leaves_butterfly.v:70]
WARNING: [VRFC 10-3091] actual bit length 32 differs from formal bit length 1 for port 'start' [C:/Users/THUAN/Downloads/wrapper/fft_part2.v:147]
WARNING: [VRFC 10-3091] actual bit length 32 differs from formal bit length 1 for port 'start' [C:/Users/THUAN/Downloads/wrapper/hqc_rsdecod_err_val.v:176]
WARNING: [VRFC 10-3091] actual bit length 32 differs from formal bit length 1 for port 'start' [C:/Users/THUAN/Downloads/wrapper/hqc_rsdecod_err_val.v:187]
WARNING: [VRFC 10-3091] actual bit length 32 differs from formal bit length 2 for port 'encap_out_type' [C:/Users/THUAN/Downloads/wrapper/decap.v:528]
WARNING: [VRFC 10-3091] actual bit length 32 differs from formal bit length 1 for port 'encap_out_en' [C:/Users/THUAN/Downloads/wrapper/decap.v:530]
WARNING: [VRFC 10-3091] actual bit length 40 differs from formal bit length 8 for port 'encap_out_addr' [C:/Users/THUAN/Downloads/wrapper/decap.v:531]
WARNING: [VRFC 10-5021] port 'encap_out_type' is not connected on this instance [C:/Users/THUAN/Downloads/wrapper/HQC_wrapper.v:105]
WARNING: [VRFC 10-5021] port 'shake_force_done_ack' is not connected on this instance [C:/Users/THUAN/Downloads/wrapper/hqc_kem_joint_design.v:414]
WARNING: [VRFC 10-8864] concatenation with an unsized literal will be treated as 32 bits [C:/Users/THUAN/Downloads/wrapper/encap.v:249]
WARNING: [VRFC 10-8864] concatenation with an unsized literal will be treated as 32 bits [C:/Users/THUAN/Downloads/wrapper/encap.v:250]
WARNING: [VRFC 10-8864] concatenation with an unsized literal will be treated as 32 bits [C:/Users/THUAN/Downloads/wrapper/encap.v:546]
WARNING: [VRFC 10-5021] port 'rst' is not connected on this instance [C:/Users/THUAN/Downloads/wrapper/reed_muller_encode.v:77]
WARNING: [VRFC 10-8864] concatenation with an unsized literal will be treated as 32 bits [C:/Users/THUAN/Downloads/wrapper/decap.v:531]
WARNING: [VRFC 10-5021] port 'shake_force_done_ack' is not connected on this instance [C:/Users/THUAN/Downloads/wrapper/decap.v:502]
Completed static elaboration
Starting simulation data flow analysis
Completed simulation data flow analysis
Time Resolution for simulation is 1ps
Compiling module xil_defaultlib.mem_dual(WIDTH=128,DEPTH=139)
Compiling module xil_defaultlib.mem_single(WIDTH=32,DEPTH=10)
Compiling module xil_defaultlib.mem_dual(WIDTH=24,DEPTH=264)
Compiling module xil_defaultlib.hqc_barrett_red_default
Compiling module xil_defaultlib.mem_single(WIDTH=15,DEPTH=66)
Compiling module xil_defaultlib.mem_dual(WIDTH=32,DEPTH=553)
Compiling module xil_defaultlib.onegen_ct(E0_DEPTH=553,DEPTH=553...
Compiling module xil_defaultlib.fixed_weight_ct(N=17669,M=15,WEI...
Compiling module xil_defaultlib.vect_set_random(N=17669)
Compiling module xil_defaultlib.poly_mult(MAX_WEIGHT=75,N=17669,...
Compiling module xil_defaultlib.loc_based_adder(WIDTH=128)
Compiling module xil_defaultlib.keygen(N=17669,CT_DESIGN=2'b01)
Compiling module xil_defaultlib.mem_single(WIDTH=32,DEPTH=4)
Compiling module xil_defaultlib.mem_single(WIDTH=32,DEPTH=16)
Compiling module xil_defaultlib.mem_dual(WIDTH=24,DEPTH=450)
Compiling module xil_defaultlib.mem_single(WIDTH=15,DEPTH=75)
Compiling module xil_defaultlib.onegen_ct(E0_DEPTH=553,DEPTH=553...
Compiling module xil_defaultlib.fixed_weight_ct(N=17669,M=15,WEI...
Compiling module xil_defaultlib.gf_mul_default
Compiling module xil_defaultlib.cdw_xor_tmp_default
Compiling module xil_defaultlib.reed_solomon_encode_default
Compiling module xil_defaultlib.rm_encoder
Compiling module xil_defaultlib.mem_single(WIDTH=128,DEPTH=46)
Compiling module xil_defaultlib.reed_muller_encode_default
Compiling module xil_defaultlib.concat_code(parameter_set="hqc12...
Compiling module xil_defaultlib.mem_single(WIDTH=128,DEPTH=139)
Compiling module xil_defaultlib.loc_based_adder(N=17669,WEIGHT=7...
Compiling module xil_defaultlib.xor_based_adder(parameter_set="h...
Compiling module xil_defaultlib.encrypt(parameter_set="hqc128",C...
Compiling module xil_defaultlib.mod34
Compiling module xil_defaultlib.mem_single(WIDTH=32,DEPTH=1143)
Compiling module xil_defaultlib.encap_default
Compiling module xil_defaultlib.v_minus_uy(parameter_set="hqc128...
Compiling module xil_defaultlib.hqc_rmdecod_expnsum_default
Compiling module xil_defaultlib.syncfifo(DW=4,AW=5)
Compiling module xil_defaultlib.hadamard_layer_default
Compiling module xil_defaultlib.syncfifo(DW=5,AW=5)
Compiling module xil_defaultlib.hadamard_layer(NN=4)
Compiling module xil_defaultlib.syncfifo(DW=6,AW=5)
Compiling module xil_defaultlib.hadamard_layer(NN=5)
Compiling module xil_defaultlib.syncfifo(DW=7,AW=5)
Compiling module xil_defaultlib.hadamard_layer(NN=6)
Compiling module xil_defaultlib.syncfifo(DW=8,AW=5)
Compiling module xil_defaultlib.hadamard_layer(NN=7)
Compiling module xil_defaultlib.syncfifo(DW=9,AW=5)
Compiling module xil_defaultlib.hadamard_layer(NN=8)
Compiling module xil_defaultlib.syncfifo(DW=10,AW=5)
Compiling module xil_defaultlib.hadamard_layer(NN=9)
Compiling module xil_defaultlib.hqc_rmdecod_hadamard_default
Compiling module xil_defaultlib.findpeaks_core(DOUT_W=7)
Compiling module xil_defaultlib.hqc_rmdecod_findpeaks_default
Compiling module xil_defaultlib.hqc_rmdecod_ctrl_default
Compiling module xil_defaultlib.hqc_rmdecod_top_default
Compiling module xil_defaultlib.gfmul(REG_IN=0)
Compiling module xil_defaultlib.hqc_rsdecod_syndromes_default
Compiling module xil_defaultlib.gfmul(REG_IN=0,REG_OUT=0)
Compiling module xil_defaultlib.hqc_rsdecod_elp_default
Compiling module xil_defaultlib.hqc_rsdecod_zpoly_default
Compiling module xil_defaultlib.fft_part1(DIN_W=256)
Compiling module xil_defaultlib.fft_leaves_butterfly
Compiling module xil_defaultlib.syncfifo(DW=8,AW=4)
Compiling module xil_defaultlib.fft_part2_round_default
Compiling module xil_defaultlib.fft_part2_round(ROUND=1)
Compiling module xil_defaultlib.syncfifo(DW=8,AW=6)
Compiling module xil_defaultlib.fft_part2_round(ROUND=2)
Compiling module xil_defaultlib.syncfifo(DW=8)
Compiling module xil_defaultlib.fft_part2_round(ROUND=3)
Compiling module xil_defaultlib.fft_part2_default
Compiling module xil_defaultlib.add_fft
Compiling module xil_defaultlib.fft_retrieve_error_poly_default
Compiling module xil_defaultlib.hqc_rsdecod_roots_default
Compiling module xil_defaultlib.hqc_rsdecod_err_val_default
Compiling module xil_defaultlib.hqc_rsdecod_top_default
Compiling module xil_defaultlib.hqc_decod_top_default
Compiling module xil_defaultlib.decrypt_default
Compiling module xil_defaultlib.decap_default
Compiling module xil_defaultlib.control_path
Compiling module xil_defaultlib.rc
Compiling module xil_defaultlib.transform
Compiling module xil_defaultlib.stateram_inference_default
Compiling module xil_defaultlib.stateram_inference(i=1)
Compiling module xil_defaultlib.stateram_inference(i=2)
Compiling module xil_defaultlib.stateram_inference(i=3)
Compiling module xil_defaultlib.stateram_inference(i=4)
Compiling module xil_defaultlib.stateram_inference(i=5)
Compiling module xil_defaultlib.stateram_inference(i=6)
Compiling module xil_defaultlib.stateram_inference(i=7)
Compiling module xil_defaultlib.stateram_inference(i=8)
Compiling module xil_defaultlib.stateram_inference(i=9)
Compiling module xil_defaultlib.stateram_inference(i=10)
Compiling module xil_defaultlib.stateram_inference(i=11)
Compiling module xil_defaultlib.stateram_inference(i=12)
Compiling module xil_defaultlib.stateram_inference(i=13)
Compiling module xil_defaultlib.stateram_inference(i=14)
Compiling module xil_defaultlib.stateram_inference(i=15)
Compiling module xil_defaultlib.stateram_inference(i=16)
Compiling module xil_defaultlib.stateram_inference(i=17)
Compiling module xil_defaultlib.stateram_inference(i=18)
Compiling module xil_defaultlib.stateram_inference(i=19)
Compiling module xil_defaultlib.stateram_inference(i=20)
Compiling module xil_defaultlib.stateram_inference(i=21)
Compiling module xil_defaultlib.stateram_inference(i=22)
Compiling module xil_defaultlib.stateram_inference(i=23)
Compiling module xil_defaultlib.stateram_inference(i=24)
Compiling module xil_defaultlib.state_ram_default
Compiling module xil_defaultlib.data_path_default
Compiling module xil_defaultlib.keccak_top
Compiling module xil_defaultlib.hqc_kem_joint_design_default
Compiling module xil_defaultlib.HQC_wrapper
Compiling module xil_defaultlib.keygen_tb
Compiling module xil_defaultlib.glbl
Built simulation snapshot keygen_tb_behav
run_program: Time (s): cpu = 00:00:02 ; elapsed = 00:00:12 . Memory (MB): peak = 1417.137 ; gain = 0.000
INFO: [USF-XSim-69] 'elaborate' step finished in '12' seconds
INFO: [USF-XSim-4] XSim::Simulate design
INFO: [USF-XSim-61] Executing 'SIMULATE' step in 'D:/University/251/DA/wrapper/wrapper.sim/sim_1/behav/xsim'
INFO: [USF-XSim-98] *** Running xsim
   with args "keygen_tb_behav -key {Behavioral:sim_1:Functional:keygen_tb} -tclbatch {keygen_tb.tcl} -log {simulate.log}"
INFO: [USF-XSim-8] Loading simulator feature
Time resolution is 1 ps
source keygen_tb.tcl
# set curr_wave [current_wave_config]
# if { [string length $curr_wave] == 0 } {
#   if { [llength [get_objects]] > 0} {
#     add_wave /
#     set_property needs_save false [current_wave_config]
#   } else {
#      send_msg_id Add_Wave-1 WARNING "No top level signals found. Simulator will start without a wave window. If you want to open a wave window go to 'File->New Waveform Configuration' or type 'create_wave_config' in the TCL console."
#   }
# }
# run 1000ns
=== STARTING TESTBENCH (SEQUENTIAL MODE) ===
DEBUG: First Line of Seed = 10101101110101010000000011011111
--- [TB] Step 1: Resetting Core ---
--- [TB] Step 2: Loading Seeds ---
--- [TB] Loading SK & PK Seeds ---
--- [TB] SK Seed Loaded. Loading PK Seed... ---
INFO: [USF-XSim-96] XSim completed. Design snapshot 'keygen_tb_behav' loaded.
INFO: [USF-XSim-97] XSim simulation ran for 1000ns
launch_simulation: Time (s): cpu = 00:00:06 ; elapsed = 00:00:34 . Memory (MB): peak = 1421.938 ; gain = 4.801
run all
--- [TB] Step 3: Triggering Start ---
--- [TB] Step 4: Polling for Done Status ---
--- [TB] Waiting... Current Status = 0 (Time:            101040000)
--- [TB] Waiting... Current Status = 0 (Time:            201040000)
--- [TB] Waiting... Current Status = 0 (Time:            301040000)
--- [TB] Waiting... Current Status = 0 (Time:            401040000)
--- [TB] Waiting... Current Status = 0 (Time:            501040000)
--- [TB] Waiting... Current Status = 0 (Time:            601040000)
--- [TB] Waiting... Current Status = 0 (Time:            701040000)
--- [TB] Waiting... Current Status = 0 (Time:            801040000)
--- [TB] Waiting... Current Status = 0 (Time:            901040000)
--- [TB] Waiting... Current Status = 0 (Time:           1001040000)
--- [TB] Waiting... Current Status = 0 (Time:           1101040000)
--- [TB] Waiting... Current Status = 0 (Time:           1201040000)
--- [TB] Waiting... Current Status = 0 (Time:           1301040000)
--- [TB] Waiting... Current Status = 0 (Time:           1401040000)
--- [TB] Waiting... Current Status = 0 (Time:           1501040000)
--- [TB] Waiting... Current Status = 0 (Time:           1601040000)
--- [TB] Waiting... Current Status = 0 (Time:           1701040000)
--- [TB] Waiting... Current Status = 0 (Time:           1801040000)
--- [TB] Waiting... Current Status = 0 (Time:           1901040000)
--- [TB] Waiting... Current Status = 0 (Time:           2001040000)
--- [TB] Waiting... Current Status = 0 (Time:           2101040000)
--- [TB] Waiting... Current Status = 0 (Time:           2201040000)
--- [TB] Waiting... Current Status = 0 (Time:           2301040000)
--- [TB] Waiting... Current Status = 0 (Time:           2401040000)
--- [TB] Waiting... Current Status = 0 (Time:           2501040000)
--- [TB] Waiting... Current Status = 0 (Time:           2601040000)
--- [TB] Waiting... Current Status = 0 (Time:           2701040000)
--- [TB] Waiting... Current Status = 0 (Time:           2801040000)
--- [TB] Waiting... Current Status = 0 (Time:           2901040000)
--- [TB] Waiting... Current Status = 0 (Time:           3001040000)
--- [TB] Waiting... Current Status = 0 (Time:           3101040000)
--- [TB] Waiting... Current Status = 0 (Time:           3201040000)
--- [TB] Waiting... Current Status = 0 (Time:           3301040000)
--- [TB] Waiting... Current Status = 0 (Time:           3401040000)
--- [TB] Waiting... Current Status = 0 (Time:           3501040000)
--- [TB] Waiting... Current Status = 0 (Time:           3601040000)
--- [TB] Waiting... Current Status = 0 (Time:           3701040000)
--- [TB] Waiting... Current Status = 0 (Time:           3801040000)
--- [TB] Waiting... Current Status = 0 (Time:           3901040000)
--- [TB] Waiting... Current Status = 0 (Time:           4001040000)
--- [TB] Waiting... Current Status = 0 (Time:           4101040000)
--- [TB] Waiting... Current Status = 0 (Time:           4201040000)
--- [TB] Waiting... Current Status = 0 (Time:           4301040000)
--- [TB] Waiting... Current Status = 0 (Time:           4401040000)
--- [TB] Waiting... Current Status = 0 (Time:           4501040000)
--- [TB] Waiting... Current Status = 0 (Time:           4601040000)
--- [TB] Waiting... Current Status = 0 (Time:           4701040000)
--- [TB] Waiting... Current Status = 0 (Time:           4801040000)
--- [TB] Waiting... Current Status = 0 (Time:           4901040000)
--- [TB] Waiting... Current Status = 0 (Time:           5001040000)
--- [TB] ERROR: TIMEOUT! Core hung or signals are X. ---
$finish called at time : 5001140 ns : File "C:/Users/THUAN/Downloads/wrapper/keygen_tb.v" Line 173
run: Time (s): cpu = 00:00:05 ; elapsed = 00:00:29 . Memory (MB): peak = 1421.938 ; gain = 0.000
close_sim
INFO: xsimkernel Simulation Memory Usage: 25060 KB (Peak: 25060 KB), Simulation CPU Usage: 28624 ms
INFO: [Simtcl 6-16] Simulation closed
update_compile_order -fileset sources_1
update_compile_order -fileset sources_1
update_compile_order -fileset sources_1
update_compile_order -fileset sources_1
launch_simulation
Command: launch_simulation 
INFO: [Vivado 12-12493] Simulation top is 'keygen_tb'
WARNING: [Vivado 12-13340] Unable to auto find GCC executables from simulator install path! (path not set)
WARNING: [Vivado 12-13277] Compiled library path does not exist: ''
INFO: [Vivado 12-5682] Launching behavioral simulation in 'D:/University/251/DA/wrapper/wrapper.sim/sim_1/behav/xsim'
INFO: [SIM-utils-51] Simulation object is 'sim_1'
INFO: [SIM-utils-72] Using boost library from 'D:/Apps/Xilinx/Vivado/2022.2/tps/boost_1_72_0'
INFO: [SIM-utils-54] Inspecting design source files for 'keygen_tb' in fileset 'sim_1'...
INFO: [SIM-utils-43] Exported 'D:/University/251/DA/wrapper/wrapper.sim/sim_1/behav/xsim/barrett_hqc_128.mem'
INFO: [SIM-utils-43] Exported 'D:/University/251/DA/wrapper/wrapper.sim/sim_1/behav/xsim/barrett_hqc_192.mem'
INFO: [SIM-utils-43] Exported 'D:/University/251/DA/wrapper/wrapper.sim/sim_1/behav/xsim/barrett_hqc_256.mem'
INFO: [USF-XSim-97] Finding global include files...
INFO: [USF-XSim-98] Fetching design files from 'sim_1'...
INFO: [USF-XSim-2] XSim::Compile design
INFO: [USF-XSim-61] Executing 'COMPILE and ANALYZE' step in 'D:/University/251/DA/wrapper/wrapper.sim/sim_1/behav/xsim'
"xvlog --incr --relax -prj keygen_tb_vlog.prj"
INFO: [VRFC 10-2263] Analyzing Verilog file "C:/Users/THUAN/Downloads/wrapper/HQC_wrapper.v" into library xil_defaultlib
INFO: [VRFC 10-311] analyzing module HQC_wrapper
INFO: [VRFC 10-2263] Analyzing Verilog file "C:/Users/THUAN/Downloads/wrapper/add_fft.v" into library xil_defaultlib
INFO: [VRFC 10-311] analyzing module add_fft
INFO: [VRFC 10-2263] Analyzing Verilog file "C:/Users/THUAN/Downloads/wrapper/barrett_red_gen.v" into library xil_defaultlib
INFO: [VRFC 10-311] analyzing module barrett_red_gen
INFO: [VRFC 10-2263] Analyzing Verilog file "C:/Users/THUAN/Downloads/wrapper/cdw_xor_tmp.v" into library xil_defaultlib
INFO: [VRFC 10-311] analyzing module cdw_xor_tmp
INFO: [VRFC 10-2263] Analyzing Verilog file "C:/Users/THUAN/Downloads/wrapper/concat_code.v" into library xil_defaultlib
INFO: [VRFC 10-311] analyzing module concat_code
INFO: [VRFC 10-2263] Analyzing Verilog file "C:/Users/THUAN/Downloads/wrapper/control_path.v" into library xil_defaultlib
INFO: [VRFC 10-311] analyzing module control_path
INFO: [VRFC 10-2263] Analyzing Verilog file "C:/Users/THUAN/Downloads/wrapper/data_path.v" into library xil_defaultlib
INFO: [VRFC 10-311] analyzing module data_path
INFO: [VRFC 10-2263] Analyzing Verilog file "C:/Users/THUAN/Downloads/wrapper/decap.v" into library xil_defaultlib
INFO: [VRFC 10-311] analyzing module decap
WARNING: [VRFC 10-2938] 'start_decrypt' is already implicitly declared on line 358 [C:/Users/THUAN/Downloads/wrapper/decap.v:864]
WARNING: [VRFC 10-2938] 'done_decrypt' is already implicitly declared on line 360 [C:/Users/THUAN/Downloads/wrapper/decap.v:865]
WARNING: [VRFC 10-2938] 'start_encap' is already implicitly declared on line 507 [C:/Users/THUAN/Downloads/wrapper/decap.v:866]
WARNING: [VRFC 10-2938] 'done_encrypt' is already implicitly declared on line 538 [C:/Users/THUAN/Downloads/wrapper/decap.v:867]
WARNING: [VRFC 10-3380] identifier 'dec_uv' is used before its declaration [C:/Users/THUAN/Downloads/wrapper/decap.v:334]
WARNING: [VRFC 10-3380] identifier 'uv_addr_1_dec' is used before its declaration [C:/Users/THUAN/Downloads/wrapper/decap.v:335]
WARNING: [VRFC 10-3380] identifier 'dec_uv' is used before its declaration [C:/Users/THUAN/Downloads/wrapper/decap.v:337]
WARNING: [VRFC 10-3380] identifier 'uv_addr_1_dec' is used before its declaration [C:/Users/THUAN/Downloads/wrapper/decap.v:338]
WARNING: [VRFC 10-3380] identifier 'verify_u_reg' is used before its declaration [C:/Users/THUAN/Downloads/wrapper/decap.v:397]
WARNING: [VRFC 10-3380] identifier 'verify_v' is used before its declaration [C:/Users/THUAN/Downloads/wrapper/decap.v:411]
WARNING: [VRFC 10-3380] identifier 'verify_d' is used before its declaration [C:/Users/THUAN/Downloads/wrapper/decap.v:424]
INFO: [VRFC 10-2263] Analyzing Verilog file "C:/Users/THUAN/Downloads/wrapper/decrypt.v" into library xil_defaultlib
INFO: [VRFC 10-311] analyzing module decrypt
WARNING: [VRFC 10-2938] 'ram_din_rd_o' is already implicitly declared on line 168 [C:/Users/THUAN/Downloads/wrapper/decrypt.v:191]
WARNING: [VRFC 10-2938] 'ram_din_i' is already implicitly declared on line 170 [C:/Users/THUAN/Downloads/wrapper/decrypt.v:192]
WARNING: [VRFC 10-2938] 'ram_din_addr_o' is already implicitly declared on line 169 [C:/Users/THUAN/Downloads/wrapper/decrypt.v:193]
WARNING: [VRFC 10-2938] 'done_u_minus_vy' is already implicitly declared on line 157 [C:/Users/THUAN/Downloads/wrapper/decrypt.v:194]
INFO: [VRFC 10-2263] Analyzing Verilog file "C:/Users/THUAN/Downloads/wrapper/encap.v" into library xil_defaultlib
INFO: [VRFC 10-311] analyzing module encap
WARNING: [VRFC 10-2938] 'count_hash_inputs' is already implicitly declared on line 539 [C:/Users/THUAN/Downloads/wrapper/encap.v:557]
WARNING: [VRFC 10-3380] identifier 'd_out' is used before its declaration [C:/Users/THUAN/Downloads/wrapper/encap.v:250]
WARNING: [VRFC 10-8864] concatenation with an unsized literal will be treated as 32 bits [C:/Users/THUAN/Downloads/wrapper/encap.v:249]
WARNING: [VRFC 10-8864] concatenation with an unsized literal will be treated as 32 bits [C:/Users/THUAN/Downloads/wrapper/encap.v:250]
WARNING: [VRFC 10-3380] identifier 'sel_uv' is used before its declaration [C:/Users/THUAN/Downloads/wrapper/encap.v:328]
WARNING: [VRFC 10-3380] identifier 'u_v_reg' is used before its declaration [C:/Users/THUAN/Downloads/wrapper/encap.v:506]
WARNING: [VRFC 10-3380] identifier 'u_v_reg' is used before its declaration [C:/Users/THUAN/Downloads/wrapper/encap.v:507]
WARNING: [VRFC 10-3380] identifier 'last_block_capture' is used before its declaration [C:/Users/THUAN/Downloads/wrapper/encap.v:515]
WARNING: [VRFC 10-3380] identifier 'block_capture' is used before its declaration [C:/Users/THUAN/Downloads/wrapper/encap.v:518]
WARNING: [VRFC 10-3380] identifier 'count_hash_inputs_test' is used before its declaration [C:/Users/THUAN/Downloads/wrapper/encap.v:527]
WARNING: [VRFC 10-3380] identifier 'count_hash_inputs_test' is used before its declaration [C:/Users/THUAN/Downloads/wrapper/encap.v:530]
WARNING: [VRFC 10-8864] concatenation with an unsized literal will be treated as 32 bits [C:/Users/THUAN/Downloads/wrapper/encap.v:546]
WARNING: [VRFC 10-3380] identifier 'total_shake_input_count' is used before its declaration [C:/Users/THUAN/Downloads/wrapper/encap.v:597]
WARNING: [VRFC 10-3380] identifier 'total_shake_input_count' is used before its declaration [C:/Users/THUAN/Downloads/wrapper/encap.v:626]
WARNING: [VRFC 10-3380] identifier 'total_shake_input_count' is used before its declaration [C:/Users/THUAN/Downloads/wrapper/encap.v:847]
WARNING: [VRFC 10-3380] identifier 'start_hash' is used before its declaration [C:/Users/THUAN/Downloads/wrapper/encap.v:1102]
WARNING: [VRFC 10-3380] identifier 'start_hash' is used before its declaration [C:/Users/THUAN/Downloads/wrapper/encap.v:1118]
WARNING: [VRFC 10-3380] identifier 'start_hash' is used before its declaration [C:/Users/THUAN/Downloads/wrapper/encap.v:1133]
WARNING: [VRFC 10-3380] identifier 'start_hash' is used before its declaration [C:/Users/THUAN/Downloads/wrapper/encap.v:1173]
WARNING: [VRFC 10-3380] identifier 'start_hash' is used before its declaration [C:/Users/THUAN/Downloads/wrapper/encap.v:1186]
WARNING: [VRFC 10-3380] identifier 'start_hash' is used before its declaration [C:/Users/THUAN/Downloads/wrapper/encap.v:1213]
WARNING: [VRFC 10-3380] identifier 'start_hash' is used before its declaration [C:/Users/THUAN/Downloads/wrapper/encap.v:1223]
WARNING: [VRFC 10-3380] identifier 'start_hash' is used before its declaration [C:/Users/THUAN/Downloads/wrapper/encap.v:1240]
WARNING: [VRFC 10-3380] identifier 'start_hash' is used before its declaration [C:/Users/THUAN/Downloads/wrapper/encap.v:1252]
WARNING: [VRFC 10-3380] identifier 'start_hash' is used before its declaration [C:/Users/THUAN/Downloads/wrapper/encap.v:1264]
WARNING: [VRFC 10-3380] identifier 'start_hash' is used before its declaration [C:/Users/THUAN/Downloads/wrapper/encap.v:1281]
WARNING: [VRFC 10-3380] identifier 'start_hash' is used before its declaration [C:/Users/THUAN/Downloads/wrapper/encap.v:1310]
WARNING: [VRFC 10-3380] identifier 'start_hash' is used before its declaration [C:/Users/THUAN/Downloads/wrapper/encap.v:1333]
WARNING: [VRFC 10-3380] identifier 'start_hash' is used before its declaration [C:/Users/THUAN/Downloads/wrapper/encap.v:1353]
WARNING: [VRFC 10-3380] identifier 'start_hash' is used before its declaration [C:/Users/THUAN/Downloads/wrapper/encap.v:1400]
WARNING: [VRFC 10-3380] identifier 'start_hash' is used before its declaration [C:/Users/THUAN/Downloads/wrapper/encap.v:1422]
WARNING: [VRFC 10-3380] identifier 'start_hash' is used before its declaration [C:/Users/THUAN/Downloads/wrapper/encap.v:1444]
WARNING: [VRFC 10-3380] identifier 'start_hash' is used before its declaration [C:/Users/THUAN/Downloads/wrapper/encap.v:1471]
WARNING: [VRFC 10-3380] identifier 'start_hash' is used before its declaration [C:/Users/THUAN/Downloads/wrapper/encap.v:1476]
WARNING: [VRFC 10-3380] identifier 'start_hash' is used before its declaration [C:/Users/THUAN/Downloads/wrapper/encap.v:1487]
WARNING: [VRFC 10-3380] identifier 'start_hash' is used before its declaration [C:/Users/THUAN/Downloads/wrapper/encap.v:1503]
WARNING: [VRFC 10-3380] identifier 'start_hash' is used before its declaration [C:/Users/THUAN/Downloads/wrapper/encap.v:1513]
INFO: [VRFC 10-2263] Analyzing Verilog file "C:/Users/THUAN/Downloads/wrapper/encrypt.v" into library xil_defaultlib
INFO: [VRFC 10-311] analyzing module encrypt
WARNING: [VRFC 10-2938] 'r1_internal' is already implicitly declared on line 325 [C:/Users/THUAN/Downloads/wrapper/encrypt.v:352]
WARNING: [VRFC 10-2938] 'r2_internal' is already implicitly declared on line 334 [C:/Users/THUAN/Downloads/wrapper/encrypt.v:353]
WARNING: [VRFC 10-2938] 'loc_addr' is already implicitly declared on line 332 [C:/Users/THUAN/Downloads/wrapper/encrypt.v:355]
WARNING: [VRFC 10-2938] 'pm_out' is already implicitly declared on line 341 [C:/Users/THUAN/Downloads/wrapper/encrypt.v:356]
WARNING: [VRFC 10-3248] data object 'pm_out' is already declared [C:/Users/THUAN/Downloads/wrapper/encrypt.v:447]
WARNING: [VRFC 10-9364] second declaration of 'pm_out' is ignored [C:/Users/THUAN/Downloads/wrapper/encrypt.v:447]
WARNING: [VRFC 10-2938] 'pm_rd_addr' is already implicitly declared on line 437 [C:/Users/THUAN/Downloads/wrapper/encrypt.v:448]
WARNING: [VRFC 10-2938] 'pm_rd_en' is already implicitly declared on line 438 [C:/Users/THUAN/Downloads/wrapper/encrypt.v:449]
WARNING: [VRFC 10-2938] 'add_out' is already implicitly declared on line 441 [C:/Users/THUAN/Downloads/wrapper/encrypt.v:451]
WARNING: [VRFC 10-2938] 'add_out_addr' is already implicitly declared on line 442 [C:/Users/THUAN/Downloads/wrapper/encrypt.v:452]
WARNING: [VRFC 10-2938] 'add_out_valid' is already implicitly declared on line 443 [C:/Users/THUAN/Downloads/wrapper/encrypt.v:453]
WARNING: [VRFC 10-2938] 'xor_add_en' is already implicitly declared on line 313 [C:/Users/THUAN/Downloads/wrapper/encrypt.v:487]
WARNING: [VRFC 10-2938] 'xor_add_addr' is already implicitly declared on line 437 [C:/Users/THUAN/Downloads/wrapper/encrypt.v:488]
WARNING: [VRFC 10-2938] 'xor_add_out' is already implicitly declared on line 441 [C:/Users/THUAN/Downloads/wrapper/encrypt.v:490]
WARNING: [VRFC 10-2938] 'xor_add_out_addr' is already implicitly declared on line 442 [C:/Users/THUAN/Downloads/wrapper/encrypt.v:491]
WARNING: [VRFC 10-2938] 'xor_add_out_valid' is already implicitly declared on line 443 [C:/Users/THUAN/Downloads/wrapper/encrypt.v:492]
WARNING: [VRFC 10-2938] 'en_r1' is already implicitly declared on line 324 [C:/Users/THUAN/Downloads/wrapper/encrypt.v:528]
WARNING: [VRFC 10-2938] 'en_r2' is already implicitly declared on line 333 [C:/Users/THUAN/Downloads/wrapper/encrypt.v:529]
WARNING: [VRFC 10-2096] empty statement in sequential block [C:/Users/THUAN/Downloads/wrapper/encrypt.v:557]
WARNING: [VRFC 10-2938] 'wen_fw' is already implicitly declared on line 324 [C:/Users/THUAN/Downloads/wrapper/encrypt.v:687]
WARNING: [VRFC 10-3248] data object 'sel_fw' is already declared [C:/Users/THUAN/Downloads/wrapper/encrypt.v:687]
WARNING: [VRFC 10-9364] second declaration of 'sel_fw' is ignored [C:/Users/THUAN/Downloads/wrapper/encrypt.v:687]
WARNING: [VRFC 10-2938] 'fw_addr_reg' is already implicitly declared on line 323 [C:/Users/THUAN/Downloads/wrapper/encrypt.v:694]
WARNING: [VRFC 10-2938] 'u_cpy_addr' is already implicitly declared on line 437 [C:/Users/THUAN/Downloads/wrapper/encrypt.v:793]
WARNING: [VRFC 10-2938] 'wen_u' is already implicitly declared on line 343 [C:/Users/THUAN/Downloads/wrapper/encrypt.v:794]
WARNING: [VRFC 10-2938] 'copy_u' is already implicitly declared on line 437 [C:/Users/THUAN/Downloads/wrapper/encrypt.v:795]
WARNING: [VRFC 10-2938] 'sel_r1_hr2' is already implicitly declared on line 470 [C:/Users/THUAN/Downloads/wrapper/encrypt.v:796]
WARNING: [VRFC 10-3380] identifier 'rd_fw' is used before its declaration [C:/Users/THUAN/Downloads/wrapper/encrypt.v:180]
WARNING: [VRFC 10-3380] identifier 'fw_addr' is used before its declaration [C:/Users/THUAN/Downloads/wrapper/encrypt.v:182]
WARNING: [VRFC 10-3380] identifier 'sel_e' is used before its declaration [C:/Users/THUAN/Downloads/wrapper/encrypt.v:183]
WARNING: [VRFC 10-3380] identifier 'pm_out' is used before its declaration [C:/Users/THUAN/Downloads/wrapper/encrypt.v:298]
WARNING: [VRFC 10-3380] identifier 'r2_done' is used before its declaration [C:/Users/THUAN/Downloads/wrapper/encrypt.v:543]
WARNING: [VRFC 10-3380] identifier 'start_fw_transfer' is used before its declaration [C:/Users/THUAN/Downloads/wrapper/encrypt.v:549]
WARNING: [VRFC 10-3380] identifier 'r2_done' is used before its declaration [C:/Users/THUAN/Downloads/wrapper/encrypt.v:560]
WARNING: [VRFC 10-3380] identifier 'start_fw_transfer' is used before its declaration [C:/Users/THUAN/Downloads/wrapper/encrypt.v:565]
WARNING: [VRFC 10-3380] identifier 'r2_done' is used before its declaration [C:/Users/THUAN/Downloads/wrapper/encrypt.v:579]
WARNING: [VRFC 10-3380] identifier 'start_fw_transfer' is used before its declaration [C:/Users/THUAN/Downloads/wrapper/encrypt.v:584]
WARNING: [VRFC 10-3380] identifier 'start_fw_transfer' is used before its declaration [C:/Users/THUAN/Downloads/wrapper/encrypt.v:597]
WARNING: [VRFC 10-3380] identifier 'start_fw_transfer' is used before its declaration [C:/Users/THUAN/Downloads/wrapper/encrypt.v:605]
WARNING: [VRFC 10-3380] identifier 'done_fw_transfer' is used before its declaration [C:/Users/THUAN/Downloads/wrapper/encrypt.v:606]
WARNING: [VRFC 10-3380] identifier 'r2_done' is used before its declaration [C:/Users/THUAN/Downloads/wrapper/encrypt.v:614]
WARNING: [VRFC 10-3380] identifier 'done_fw_transfer' is used before its declaration [C:/Users/THUAN/Downloads/wrapper/encrypt.v:616]
WARNING: [VRFC 10-3380] identifier 'start_fw_transfer' is used before its declaration [C:/Users/THUAN/Downloads/wrapper/encrypt.v:622]
WARNING: [VRFC 10-3380] identifier 'start_fw_transfer' is used before its declaration [C:/Users/THUAN/Downloads/wrapper/encrypt.v:635]
WARNING: [VRFC 10-3380] identifier 'start_fw_transfer' is used before its declaration [C:/Users/THUAN/Downloads/wrapper/encrypt.v:643]
WARNING: [VRFC 10-3380] identifier 'done_fw_transfer' is used before its declaration [C:/Users/THUAN/Downloads/wrapper/encrypt.v:644]
WARNING: [VRFC 10-3380] identifier 'r2_done' is used before its declaration [C:/Users/THUAN/Downloads/wrapper/encrypt.v:648]
WARNING: [VRFC 10-3380] identifier 'done_fw_transfer' is used before its declaration [C:/Users/THUAN/Downloads/wrapper/encrypt.v:655]
WARNING: [VRFC 10-3380] identifier 'r2_done' is used before its declaration [C:/Users/THUAN/Downloads/wrapper/encrypt.v:657]
WARNING: [VRFC 10-3380] identifier 'r2_done' is used before its declaration [C:/Users/THUAN/Downloads/wrapper/encrypt.v:660]
WARNING: [VRFC 10-3380] identifier 'r2_done' is used before its declaration [C:/Users/THUAN/Downloads/wrapper/encrypt.v:678]
INFO: [VRFC 10-2263] Analyzing Verilog file "C:/Users/THUAN/Downloads/wrapper/encrypt_parallel.v" into library xil_defaultlib
INFO: [VRFC 10-311] analyzing module encrypt_parallel
WARNING: [VRFC 10-2938] 'r1_internal' is already implicitly declared on line 362 [C:/Users/THUAN/Downloads/wrapper/encrypt_parallel.v:406]
WARNING: [VRFC 10-2938] 'r2_internal_hr2' is already implicitly declared on line 384 [C:/Users/THUAN/Downloads/wrapper/encrypt_parallel.v:408]
WARNING: [VRFC 10-2938] 'r2_internal_sr2' is already implicitly declared on line 385 [C:/Users/THUAN/Downloads/wrapper/encrypt_parallel.v:409]
WARNING: [VRFC 10-2938] 'loc_addr_hr2' is already implicitly declared on line 380 [C:/Users/THUAN/Downloads/wrapper/encrypt_parallel.v:411]
WARNING: [VRFC 10-2938] 'loc_addr_sr2' is already implicitly declared on line 381 [C:/Users/THUAN/Downloads/wrapper/encrypt_parallel.v:412]
WARNING: [VRFC 10-3248] data object 'pm_out' is already declared [C:/Users/THUAN/Downloads/wrapper/encrypt_parallel.v:549]
WARNING: [VRFC 10-9364] second declaration of 'pm_out' is ignored [C:/Users/THUAN/Downloads/wrapper/encrypt_parallel.v:549]
WARNING: [VRFC 10-2938] 'pm_rd_addr' is already implicitly declared on line 500 [C:/Users/THUAN/Downloads/wrapper/encrypt_parallel.v:550]
WARNING: [VRFC 10-2938] 'pm_rd_en' is already implicitly declared on line 501 [C:/Users/THUAN/Downloads/wrapper/encrypt_parallel.v:551]
WARNING: [VRFC 10-2938] 'add_out' is already implicitly declared on line 504 [C:/Users/THUAN/Downloads/wrapper/encrypt_parallel.v:553]
WARNING: [VRFC 10-2938] 'add_out_addr' is already implicitly declared on line 505 [C:/Users/THUAN/Downloads/wrapper/encrypt_parallel.v:554]
WARNING: [VRFC 10-2938] 'add_out_valid' is already implicitly declared on line 506 [C:/Users/THUAN/Downloads/wrapper/encrypt_parallel.v:555]
WARNING: [VRFC 10-2938] 'xor_add_en' is already implicitly declared on line 350 [C:/Users/THUAN/Downloads/wrapper/encrypt_parallel.v:613]
WARNING: [VRFC 10-2938] 'xor_add_addr' is already implicitly declared on line 539 [C:/Users/THUAN/Downloads/wrapper/encrypt_parallel.v:614]
WARNING: [VRFC 10-2938] 'xor_add_out' is already implicitly declared on line 543 [C:/Users/THUAN/Downloads/wrapper/encrypt_parallel.v:616]
WARNING: [VRFC 10-2938] 'xor_add_out_addr' is already implicitly declared on line 544 [C:/Users/THUAN/Downloads/wrapper/encrypt_parallel.v:617]
WARNING: [VRFC 10-2938] 'xor_add_out_valid' is already implicitly declared on line 545 [C:/Users/THUAN/Downloads/wrapper/encrypt_parallel.v:618]
WARNING: [VRFC 10-2938] 'en_r1' is already implicitly declared on line 361 [C:/Users/THUAN/Downloads/wrapper/encrypt_parallel.v:654]
WARNING: [VRFC 10-2938] 'en_r2' is already implicitly declared on line 382 [C:/Users/THUAN/Downloads/wrapper/encrypt_parallel.v:655]
WARNING: [VRFC 10-2096] empty statement in sequential block [C:/Users/THUAN/Downloads/wrapper/encrypt_parallel.v:673]
WARNING: [VRFC 10-2938] 'wen_fw' is already implicitly declared on line 361 [C:/Users/THUAN/Downloads/wrapper/encrypt_parallel.v:856]
WARNING: [VRFC 10-3248] data object 'sel_fw' is already declared [C:/Users/THUAN/Downloads/wrapper/encrypt_parallel.v:856]
WARNING: [VRFC 10-9364] second declaration of 'sel_fw' is ignored [C:/Users/THUAN/Downloads/wrapper/encrypt_parallel.v:856]
WARNING: [VRFC 10-2938] 'fw_addr_reg' is already implicitly declared on line 360 [C:/Users/THUAN/Downloads/wrapper/encrypt_parallel.v:863]
WARNING: [VRFC 10-3380] identifier 'rd_fw' is used before its declaration [C:/Users/THUAN/Downloads/wrapper/encrypt_parallel.v:209]
WARNING: [VRFC 10-3380] identifier 'fw_addr' is used before its declaration [C:/Users/THUAN/Downloads/wrapper/encrypt_parallel.v:211]
WARNING: [VRFC 10-3380] identifier 'sel_e' is used before its declaration [C:/Users/THUAN/Downloads/wrapper/encrypt_parallel.v:212]
WARNING: [VRFC 10-3380] identifier 'pm_out_sr2' is used before its declaration [C:/Users/THUAN/Downloads/wrapper/encrypt_parallel.v:335]
WARNING: [VRFC 10-3380] identifier 'r2_done' is used before its declaration [C:/Users/THUAN/Downloads/wrapper/encrypt_parallel.v:668]
WARNING: [VRFC 10-3380] identifier 'r2_done' is used before its declaration [C:/Users/THUAN/Downloads/wrapper/encrypt_parallel.v:676]
WARNING: [VRFC 10-3380] identifier 'r2_done' is used before its declaration [C:/Users/THUAN/Downloads/wrapper/encrypt_parallel.v:688]
WARNING: [VRFC 10-3380] identifier 'done_fw_transfer' is used before its declaration [C:/Users/THUAN/Downloads/wrapper/encrypt_parallel.v:710]
WARNING: [VRFC 10-3380] identifier 'r2_done' is used before its declaration [C:/Users/THUAN/Downloads/wrapper/encrypt_parallel.v:718]
WARNING: [VRFC 10-3380] identifier 'done_fw_transfer' is used before its declaration [C:/Users/THUAN/Downloads/wrapper/encrypt_parallel.v:720]
WARNING: [VRFC 10-3380] identifier 'done_fw_transfer' is used before its declaration [C:/Users/THUAN/Downloads/wrapper/encrypt_parallel.v:744]
WARNING: [VRFC 10-3380] identifier 'r2_done' is used before its declaration [C:/Users/THUAN/Downloads/wrapper/encrypt_parallel.v:748]
WARNING: [VRFC 10-3380] identifier 'done_fw_transfer' is used before its declaration [C:/Users/THUAN/Downloads/wrapper/encrypt_parallel.v:755]
WARNING: [VRFC 10-3380] identifier 'r2_done' is used before its declaration [C:/Users/THUAN/Downloads/wrapper/encrypt_parallel.v:757]
WARNING: [VRFC 10-3380] identifier 'r2_done' is used before its declaration [C:/Users/THUAN/Downloads/wrapper/encrypt_parallel.v:760]
WARNING: [VRFC 10-3380] identifier 'r2_done' is used before its declaration [C:/Users/THUAN/Downloads/wrapper/encrypt_parallel.v:777]
WARNING: [VRFC 10-3380] identifier 'start_fw_transfer' is used before its declaration [C:/Users/THUAN/Downloads/wrapper/encrypt_parallel.v:789]
WARNING: [VRFC 10-3380] identifier 'start_fw_transfer' is used before its declaration [C:/Users/THUAN/Downloads/wrapper/encrypt_parallel.v:805]
WARNING: [VRFC 10-3380] identifier 'start_fw_transfer' is used before its declaration [C:/Users/THUAN/Downloads/wrapper/encrypt_parallel.v:808]
WARNING: [VRFC 10-3380] identifier 'start_fw_transfer' is used before its declaration [C:/Users/THUAN/Downloads/wrapper/encrypt_parallel.v:814]
WARNING: [VRFC 10-3380] identifier 'start_fw_transfer' is used before its declaration [C:/Users/THUAN/Downloads/wrapper/encrypt_parallel.v:822]
WARNING: [VRFC 10-3380] identifier 'start_fw_transfer' is used before its declaration [C:/Users/THUAN/Downloads/wrapper/encrypt_parallel.v:825]
WARNING: [VRFC 10-3380] identifier 'start_fw_transfer' is used before its declaration [C:/Users/THUAN/Downloads/wrapper/encrypt_parallel.v:831]
WARNING: [VRFC 10-3380] identifier 'start_fw_transfer' is used before its declaration [C:/Users/THUAN/Downloads/wrapper/encrypt_parallel.v:838]
WARNING: [VRFC 10-3380] identifier 'start_fw_transfer' is used before its declaration [C:/Users/THUAN/Downloads/wrapper/encrypt_parallel.v:848]
INFO: [VRFC 10-2263] Analyzing Verilog file "C:/Users/THUAN/Downloads/wrapper/fft_leaves_butterfly.v" into library xil_defaultlib
INFO: [VRFC 10-311] analyzing module fft_leaves_butterfly
INFO: [VRFC 10-2263] Analyzing Verilog file "C:/Users/THUAN/Downloads/wrapper/fft_part1.v" into library xil_defaultlib
INFO: [VRFC 10-311] analyzing module fft_part1
WARNING: [VRFC 10-3380] identifier 'gf_out_d3' is used before its declaration [C:/Users/THUAN/Downloads/wrapper/fft_part1.v:61]
INFO: [VRFC 10-2263] Analyzing Verilog file "C:/Users/THUAN/Downloads/wrapper/fft_part2.v" into library xil_defaultlib
INFO: [VRFC 10-311] analyzing module fft_part2
INFO: [VRFC 10-311] analyzing module fft_part2_round
INFO: [VRFC 10-2263] Analyzing Verilog file "C:/Users/THUAN/Downloads/wrapper/fft_retrieve_error_poly.v" into library xil_defaultlib
INFO: [VRFC 10-311] analyzing module fft_retrieve_error_poly
INFO: [VRFC 10-2263] Analyzing Verilog file "C:/Users/THUAN/Downloads/wrapper/fixed_weight.v" into library xil_defaultlib
INFO: [VRFC 10-311] analyzing module fixed_weight
WARNING: [VRFC 10-9336] redeclaration of ANSI port 'din_shake' is not allowed [C:/Users/THUAN/Downloads/wrapper/fixed_weight.v:161]
WARNING: [VRFC 10-3380] identifier 'sel_ctx' is used before its declaration [C:/Users/THUAN/Downloads/wrapper/fixed_weight.v:233]
WARNING: [VRFC 10-3380] identifier 'sel_ctx' is used before its declaration [C:/Users/THUAN/Downloads/wrapper/fixed_weight.v:234]
WARNING: [VRFC 10-3380] identifier 'sel_ctx' is used before its declaration [C:/Users/THUAN/Downloads/wrapper/fixed_weight.v:235]
WARNING: [VRFC 10-3380] identifier 'start_red' is used before its declaration [C:/Users/THUAN/Downloads/wrapper/fixed_weight.v:506]
WARNING: [VRFC 10-3380] identifier 'start_red' is used before its declaration [C:/Users/THUAN/Downloads/wrapper/fixed_weight.v:518]
WARNING: [VRFC 10-3380] identifier 'start_red' is used before its declaration [C:/Users/THUAN/Downloads/wrapper/fixed_weight.v:529]
WARNING: [VRFC 10-3380] identifier 'start_red' is used before its declaration [C:/Users/THUAN/Downloads/wrapper/fixed_weight.v:540]
WARNING: [VRFC 10-3380] identifier 'start_red' is used before its declaration [C:/Users/THUAN/Downloads/wrapper/fixed_weight.v:546]
WARNING: [VRFC 10-3380] identifier 'start_red' is used before its declaration [C:/Users/THUAN/Downloads/wrapper/fixed_weight.v:552]
INFO: [VRFC 10-2263] Analyzing Verilog file "C:/Users/THUAN/Downloads/wrapper/fixed_weight_ct.v" into library xil_defaultlib
INFO: [VRFC 10-311] analyzing module fixed_weight_ct
WARNING: [VRFC 10-9336] redeclaration of ANSI port 'din_shake' is not allowed [C:/Users/THUAN/Downloads/wrapper/fixed_weight_ct.v:153]
WARNING: [VRFC 10-3380] identifier 'sel_ctx' is used before its declaration [C:/Users/THUAN/Downloads/wrapper/fixed_weight_ct.v:222]
WARNING: [VRFC 10-3380] identifier 'sel_ctx' is used before its declaration [C:/Users/THUAN/Downloads/wrapper/fixed_weight_ct.v:223]
WARNING: [VRFC 10-3380] identifier 'sel_ctx' is used before its declaration [C:/Users/THUAN/Downloads/wrapper/fixed_weight_ct.v:224]
WARNING: [VRFC 10-3380] identifier 'start_red' is used before its declaration [C:/Users/THUAN/Downloads/wrapper/fixed_weight_ct.v:462]
WARNING: [VRFC 10-3380] identifier 'start_red' is used before its declaration [C:/Users/THUAN/Downloads/wrapper/fixed_weight_ct.v:475]
WARNING: [VRFC 10-3380] identifier 'start_red' is used before its declaration [C:/Users/THUAN/Downloads/wrapper/fixed_weight_ct.v:493]
WARNING: [VRFC 10-3380] identifier 'start_red' is used before its declaration [C:/Users/THUAN/Downloads/wrapper/fixed_weight_ct.v:512]
WARNING: [VRFC 10-3380] identifier 'start_red' is used before its declaration [C:/Users/THUAN/Downloads/wrapper/fixed_weight_ct.v:519]
WARNING: [VRFC 10-3380] identifier 'start_red' is used before its declaration [C:/Users/THUAN/Downloads/wrapper/fixed_weight_ct.v:526]
WARNING: [VRFC 10-3380] identifier 'start_red' is used before its declaration [C:/Users/THUAN/Downloads/wrapper/fixed_weight_ct.v:533]
INFO: [VRFC 10-2263] Analyzing Verilog file "C:/Users/THUAN/Downloads/wrapper/fixed_weight_cww.v" into library xil_defaultlib
INFO: [VRFC 10-311] analyzing module fixed_weight_cww
WARNING: [VRFC 10-9336] redeclaration of ANSI port 'din_shake' is not allowed [C:/Users/THUAN/Downloads/wrapper/fixed_weight_cww.v:141]
WARNING: [VRFC 10-2938] 'dout_shake_reduced' is already implicitly declared on line 245 [C:/Users/THUAN/Downloads/wrapper/fixed_weight_cww.v:270]
WARNING: [VRFC 10-2938] 'n_minus_i' is already implicitly declared on line 244 [C:/Users/THUAN/Downloads/wrapper/fixed_weight_cww.v:309]
WARNING: [VRFC 10-2938] 'dout_reduced_valid' is already implicitly declared on line 241 [C:/Users/THUAN/Downloads/wrapper/fixed_weight_cww.v:322]
WARNING: [VRFC 10-3380] identifier 'n_minus_i' is used before its declaration [C:/Users/THUAN/Downloads/wrapper/fixed_weight_cww.v:229]
WARNING: [VRFC 10-3380] identifier 'n_minus_i' is used before its declaration [C:/Users/THUAN/Downloads/wrapper/fixed_weight_cww.v:232]
WARNING: [VRFC 10-3380] identifier 'count' is used before its declaration [C:/Users/THUAN/Downloads/wrapper/fixed_weight_cww.v:272]
INFO: [VRFC 10-2263] Analyzing Verilog file "C:/Users/THUAN/Downloads/wrapper/gf_mul.v" into library xil_defaultlib
INFO: [VRFC 10-311] analyzing module gf_mul
INFO: [VRFC 10-2263] Analyzing Verilog file "C:/Users/THUAN/Downloads/wrapper/gfmul.v" into library xil_defaultlib
INFO: [VRFC 10-311] analyzing module gfmul
INFO: [VRFC 10-2263] Analyzing Verilog file "C:/Users/THUAN/Downloads/wrapper/hqc_barrett_red.v" into library xil_defaultlib
INFO: [VRFC 10-311] analyzing module hqc_barrett_red
INFO: [VRFC 10-2263] Analyzing Verilog file "C:/Users/THUAN/Downloads/wrapper/hqc_decod_top.v" into library xil_defaultlib
INFO: [VRFC 10-311] analyzing module hqc_decod_top
INFO: [VRFC 10-2263] Analyzing Verilog file "C:/Users/THUAN/Downloads/wrapper/hqc_kem_joint_design.v" into library xil_defaultlib
INFO: [VRFC 10-311] analyzing module hqc_kem_joint_design
INFO: [VRFC 10-2263] Analyzing Verilog file "C:/Users/THUAN/Downloads/wrapper/hqc_rmdecod_ctrl.v" into library xil_defaultlib
INFO: [VRFC 10-311] analyzing module hqc_rmdecod_ctrl
INFO: [VRFC 10-2263] Analyzing Verilog file "C:/Users/THUAN/Downloads/wrapper/hqc_rmdecod_expnsum.v" into library xil_defaultlib
INFO: [VRFC 10-311] analyzing module hqc_rmdecod_expnsum
INFO: [VRFC 10-2263] Analyzing Verilog file "C:/Users/THUAN/Downloads/wrapper/hqc_rmdecod_findpeaks.v" into library xil_defaultlib
INFO: [VRFC 10-311] analyzing module hqc_rmdecod_findpeaks
INFO: [VRFC 10-311] analyzing module findpeaks_core
INFO: [VRFC 10-2263] Analyzing Verilog file "C:/Users/THUAN/Downloads/wrapper/hqc_rmdecod_hadamard.v" into library xil_defaultlib
INFO: [VRFC 10-311] analyzing module hqc_rmdecod_hadamard
INFO: [VRFC 10-311] analyzing module hadamard_layer
INFO: [VRFC 10-2263] Analyzing Verilog file "C:/Users/THUAN/Downloads/wrapper/hqc_rmdecod_top.v" into library xil_defaultlib
INFO: [VRFC 10-311] analyzing module hqc_rmdecod_top
INFO: [VRFC 10-2263] Analyzing Verilog file "C:/Users/THUAN/Downloads/wrapper/hqc_rsdecod_elp.v" into library xil_defaultlib
INFO: [VRFC 10-311] analyzing module hqc_rsdecod_elp
INFO: [VRFC 10-2263] Analyzing Verilog file "C:/Users/THUAN/Downloads/wrapper/hqc_rsdecod_err_val.v" into library xil_defaultlib
INFO: [VRFC 10-311] analyzing module hqc_rsdecod_err_val
INFO: [VRFC 10-2263] Analyzing Verilog file "C:/Users/THUAN/Downloads/wrapper/hqc_rsdecod_roots.v" into library xil_defaultlib
INFO: [VRFC 10-311] analyzing module hqc_rsdecod_roots
WARNING: [VRFC 10-3248] data object 'fft_done' is already declared [C:/Users/THUAN/Downloads/wrapper/hqc_rsdecod_roots.v:47]
WARNING: [VRFC 10-9364] second declaration of 'fft_done' is ignored [C:/Users/THUAN/Downloads/wrapper/hqc_rsdecod_roots.v:47]
INFO: [VRFC 10-2263] Analyzing Verilog file "C:/Users/THUAN/Downloads/wrapper/hqc_rsdecod_syndromes.v" into library xil_defaultlib
INFO: [VRFC 10-311] analyzing module hqc_rsdecod_syndromes
INFO: [VRFC 10-2263] Analyzing Verilog file "C:/Users/THUAN/Downloads/wrapper/hqc_rsdecod_top.v" into library xil_defaultlib
INFO: [VRFC 10-311] analyzing module hqc_rsdecod_top
INFO: [VRFC 10-2263] Analyzing Verilog file "C:/Users/THUAN/Downloads/wrapper/hqc_rsdecod_zpoly.v" into library xil_defaultlib
INFO: [VRFC 10-311] analyzing module hqc_rsdecod_zpoly
INFO: [VRFC 10-2263] Analyzing Verilog file "C:/Users/THUAN/Downloads/wrapper/karatsuba_small.v" into library xil_defaultlib
INFO: [VRFC 10-311] analyzing module karatsuba_small
INFO: [VRFC 10-2263] Analyzing Verilog file "C:/Users/THUAN/Downloads/wrapper/keccak_top.v" into library xil_defaultlib
INFO: [VRFC 10-311] analyzing module keccak_top
INFO: [VRFC 10-2263] Analyzing Verilog file "C:/Users/THUAN/Downloads/wrapper/keygen.v" into library xil_defaultlib
INFO: [VRFC 10-311] analyzing module keygen
WARNING: [VRFC 10-2938] 'pm_out' is already implicitly declared on line 390 [C:/Users/THUAN/Downloads/wrapper/keygen.v:398]
WARNING: [VRFC 10-2938] 'pm_rd_addr' is already implicitly declared on line 387 [C:/Users/THUAN/Downloads/wrapper/keygen.v:399]
WARNING: [VRFC 10-2938] 'pm_rd_en' is already implicitly declared on line 388 [C:/Users/THUAN/Downloads/wrapper/keygen.v:400]
WARNING: [VRFC 10-2938] 'add_out' is already implicitly declared on line 392 [C:/Users/THUAN/Downloads/wrapper/keygen.v:402]
WARNING: [VRFC 10-2938] 'add_out_addr' is already implicitly declared on line 393 [C:/Users/THUAN/Downloads/wrapper/keygen.v:403]
WARNING: [VRFC 10-2938] 'add_out_valid' is already implicitly declared on line 394 [C:/Users/THUAN/Downloads/wrapper/keygen.v:404]
WARNING: [VRFC 10-2938] 'x_addr_reg' is already implicitly declared on line 317 [C:/Users/THUAN/Downloads/wrapper/keygen.v:702]
WARNING: [VRFC 10-3380] identifier 'pm_out' is used before its declaration [C:/Users/THUAN/Downloads/wrapper/keygen.v:193]
WARNING: [VRFC 10-3380] identifier 'x_addr' is used before its declaration [C:/Users/THUAN/Downloads/wrapper/keygen.v:221]
WARNING: [VRFC 10-3380] identifier 'x_transfer_done' is used before its declaration [C:/Users/THUAN/Downloads/wrapper/keygen.v:490]
INFO: [VRFC 10-2263] Analyzing Verilog file "C:/Users/THUAN/Downloads/wrapper/loc_based_adder.v" into library xil_defaultlib
INFO: [VRFC 10-311] analyzing module loc_based_adder
INFO: [VRFC 10-2263] Analyzing Verilog file "C:/Users/THUAN/Downloads/wrapper/mem_dual.v" into library xil_defaultlib
INFO: [VRFC 10-311] analyzing module mem_dual
INFO: [VRFC 10-2263] Analyzing Verilog file "C:/Users/THUAN/Downloads/wrapper/mem_single.v" into library xil_defaultlib
INFO: [VRFC 10-311] analyzing module mem_single
INFO: [VRFC 10-2263] Analyzing Verilog file "C:/Users/THUAN/Downloads/wrapper/mod34.v" into library xil_defaultlib
INFO: [VRFC 10-311] analyzing module mod34
INFO: [VRFC 10-2263] Analyzing Verilog file "C:/Users/THUAN/Downloads/wrapper/onegen.v" into library xil_defaultlib
INFO: [VRFC 10-311] analyzing module onegen
INFO: [VRFC 10-2263] Analyzing Verilog file "C:/Users/THUAN/Downloads/wrapper/onegen_ct.v" into library xil_defaultlib
INFO: [VRFC 10-311] analyzing module onegen_ct
INFO: [VRFC 10-2263] Analyzing Verilog file "C:/Users/THUAN/Downloads/wrapper/poly_mult.v" into library xil_defaultlib
INFO: [VRFC 10-311] analyzing module poly_mult
WARNING: [VRFC 10-9336] redeclaration of ANSI port 'mux_word_0' is not allowed [C:/Users/THUAN/Downloads/wrapper/poly_mult.v:103]
WARNING: [VRFC 10-9336] redeclaration of ANSI port 'mux_word_1' is not allowed [C:/Users/THUAN/Downloads/wrapper/poly_mult.v:104]
WARNING: [VRFC 10-3380] identifier 'addr_0_intermediate' is used before its declaration [C:/Users/THUAN/Downloads/wrapper/poly_mult.v:218]
WARNING: [VRFC 10-3380] identifier 'addr_0_intermediate' is used before its declaration [C:/Users/THUAN/Downloads/wrapper/poly_mult.v:229]
WARNING: [VRFC 10-3380] identifier 'addr_0_intermediate' is used before its declaration [C:/Users/THUAN/Downloads/wrapper/poly_mult.v:230]
WARNING: [VRFC 10-3380] identifier 'state' is used before its declaration [C:/Users/THUAN/Downloads/wrapper/poly_mult.v:233]
INFO: [VRFC 10-2263] Analyzing Verilog file "C:/Users/THUAN/Downloads/wrapper/rc.v" into library xil_defaultlib
INFO: [VRFC 10-311] analyzing module rc
INFO: [VRFC 10-2263] Analyzing Verilog file "C:/Users/THUAN/Downloads/wrapper/reed_muller_encode.v" into library xil_defaultlib
INFO: [VRFC 10-311] analyzing module reed_muller_encode
WARNING: [VRFC 10-2938] 'wr_en' is already implicitly declared on line 93 [C:/Users/THUAN/Downloads/wrapper/reed_muller_encode.v:101]
WARNING: [VRFC 10-3380] identifier 'init' is used before its declaration [C:/Users/THUAN/Downloads/wrapper/reed_muller_encode.v:67]
WARNING: [VRFC 10-3380] identifier 'shift_cdw' is used before its declaration [C:/Users/THUAN/Downloads/wrapper/reed_muller_encode.v:70]
WARNING: [VRFC 10-3380] identifier 'count_cdw_bytes' is used before its declaration [C:/Users/THUAN/Downloads/wrapper/reed_muller_encode.v:86]
INFO: [VRFC 10-2263] Analyzing Verilog file "C:/Users/THUAN/Downloads/wrapper/reed_solomon_encode.v" into library xil_defaultlib
INFO: [VRFC 10-311] analyzing module reed_solomon_encode
WARNING: [VRFC 10-3380] identifier 'init_msg' is used before its declaration [C:/Users/THUAN/Downloads/wrapper/reed_solomon_encode.v:75]
WARNING: [VRFC 10-3380] identifier 'shift_msg' is used before its declaration [C:/Users/THUAN/Downloads/wrapper/reed_solomon_encode.v:78]
WARNING: [VRFC 10-3380] identifier 'init_msg' is used before its declaration [C:/Users/THUAN/Downloads/wrapper/reed_solomon_encode.v:88]
INFO: [VRFC 10-2263] Analyzing Verilog file "C:/Users/THUAN/Downloads/wrapper/rm_encoder.v" into library xil_defaultlib
INFO: [VRFC 10-311] analyzing module rm_encoder
INFO: [VRFC 10-2263] Analyzing Verilog file "C:/Users/THUAN/Downloads/wrapper/state_ram.v" into library xil_defaultlib
INFO: [VRFC 10-311] analyzing module state_ram
WARNING: [VRFC 10-634] event expressions must result in a singular type [C:/Users/THUAN/Downloads/wrapper/state_ram.v:122]
WARNING: [VRFC 10-634] event expressions must result in a singular type [C:/Users/THUAN/Downloads/wrapper/state_ram.v:228]
WARNING: [VRFC 10-634] event expressions must result in a singular type [C:/Users/THUAN/Downloads/wrapper/state_ram.v:278]
WARNING: [VRFC 10-634] event expressions must result in a singular type [C:/Users/THUAN/Downloads/wrapper/state_ram.v:379]
INFO: [VRFC 10-2263] Analyzing Verilog file "C:/Users/THUAN/Downloads/wrapper/stateram_inference.v" into library xil_defaultlib
INFO: [VRFC 10-311] analyzing module stateram_inference
INFO: [VRFC 10-2263] Analyzing Verilog file "C:/Users/THUAN/Downloads/wrapper/syncfifo.v" into library xil_defaultlib
INFO: [VRFC 10-311] analyzing module syncfifo
INFO: [VRFC 10-2263] Analyzing Verilog file "C:/Users/THUAN/Downloads/wrapper/transform.v" into library xil_defaultlib
INFO: [VRFC 10-311] analyzing module transform
INFO: [VRFC 10-2263] Analyzing Verilog file "C:/Users/THUAN/Downloads/wrapper/v_minus_uy.v" into library xil_defaultlib
INFO: [VRFC 10-311] analyzing module v_minus_uy
WARNING: [VRFC 10-3248] data object 'pm_out' is already declared [C:/Users/THUAN/Downloads/wrapper/v_minus_uy.v:219]
WARNING: [VRFC 10-9364] second declaration of 'pm_out' is ignored [C:/Users/THUAN/Downloads/wrapper/v_minus_uy.v:219]
WARNING: [VRFC 10-3380] identifier 'xor_add_addr' is used before its declaration [C:/Users/THUAN/Downloads/wrapper/v_minus_uy.v:145]
WARNING: [VRFC 10-3380] identifier 'xor_add_en' is used before its declaration [C:/Users/THUAN/Downloads/wrapper/v_minus_uy.v:168]
WARNING: [VRFC 10-3380] identifier 'xor_add_addr' is used before its declaration [C:/Users/THUAN/Downloads/wrapper/v_minus_uy.v:169]
WARNING: [VRFC 10-3380] identifier 'xor_add_out_valid' is used before its declaration [C:/Users/THUAN/Downloads/wrapper/v_minus_uy.v:170]
WARNING: [VRFC 10-3380] identifier 'xor_add_out_addr' is used before its declaration [C:/Users/THUAN/Downloads/wrapper/v_minus_uy.v:171]
WARNING: [VRFC 10-3380] identifier 'xor_add_out' is used before its declaration [C:/Users/THUAN/Downloads/wrapper/v_minus_uy.v:172]
INFO: [VRFC 10-2263] Analyzing Verilog file "C:/Users/THUAN/Downloads/wrapper/vect_set_random.v" into library xil_defaultlib
INFO: [VRFC 10-311] analyzing module vect_set_random
WARNING: [VRFC 10-9336] redeclaration of ANSI port 'shake_din' is not allowed [C:/Users/THUAN/Downloads/wrapper/vect_set_random.v:104]
WARNING: [VRFC 10-2938] 'rand_mem_in' is already implicitly declared on line 151 [C:/Users/THUAN/Downloads/wrapper/vect_set_random.v:167]
WARNING: [VRFC 10-2938] 'wr_en_rand' is already implicitly declared on line 155 [C:/Users/THUAN/Downloads/wrapper/vect_set_random.v:168]
WARNING: [VRFC 10-3380] identifier 'pk_rand_addr' is used before its declaration [C:/Users/THUAN/Downloads/wrapper/vect_set_random.v:146]
WARNING: [VRFC 10-3380] identifier 'pk_rand_addr' is used before its declaration [C:/Users/THUAN/Downloads/wrapper/vect_set_random.v:174]
WARNING: [VRFC 10-3380] identifier 'pk_rand_addr_reg' is used before its declaration [C:/Users/THUAN/Downloads/wrapper/vect_set_random.v:200]
WARNING: [VRFC 10-3380] identifier 'pk_rand_addr' is used before its declaration [C:/Users/THUAN/Downloads/wrapper/vect_set_random.v:201]
WARNING: [VRFC 10-3380] identifier 'pk_rand_addr' is used before its declaration [C:/Users/THUAN/Downloads/wrapper/vect_set_random.v:208]
WARNING: [VRFC 10-3380] identifier 'pk_rand_addr_reg' is used before its declaration [C:/Users/THUAN/Downloads/wrapper/vect_set_random.v:219]
INFO: [VRFC 10-2263] Analyzing Verilog file "C:/Users/THUAN/Downloads/wrapper/xor_based_adder.v" into library xil_defaultlib
INFO: [VRFC 10-311] analyzing module xor_based_adder
INFO: [VRFC 10-2263] Analyzing Verilog file "C:/Users/THUAN/Downloads/wrapper/keygen_tb.v" into library xil_defaultlib
INFO: [VRFC 10-311] analyzing module keygen_tb
run_program: Time (s): cpu = 00:00:03 ; elapsed = 00:00:20 . Memory (MB): peak = 1421.938 ; gain = 0.000
INFO: [USF-XSim-69] 'compile' step finished in '19' seconds
INFO: [USF-XSim-3] XSim::Elaborate design
INFO: [USF-XSim-61] Executing 'ELABORATE' step in 'D:/University/251/DA/wrapper/wrapper.sim/sim_1/behav/xsim'
"xelab --incr --debug typical --relax --mt 2 -L xil_defaultlib -L unisims_ver -L unimacro_ver -L secureip --snapshot keygen_tb_behav xil_defaultlib.keygen_tb xil_defaultlib.glbl -log elaborate.log"
Vivado Simulator v2022.2
Copyright 1986-1999, 2001-2022 Xilinx, Inc. All Rights Reserved.
Running: D:/Apps/Xilinx/Vivado/2022.2/bin/unwrapped/win64.o/xelab.exe --incr --debug typical --relax --mt 2 -L xil_defaultlib -L unisims_ver -L unimacro_ver -L secureip --snapshot keygen_tb_behav xil_defaultlib.keygen_tb xil_defaultlib.glbl -log elaborate.log 
Using 2 slave threads.
Starting static elaboration
Pass Through NonSizing Optimizer
WARNING: [VRFC 10-3091] actual bit length 13 differs from formal bit length 8 for port 'address_0' [C:/Users/THUAN/Downloads/wrapper/HQC_wrapper.v:55]
WARNING: [VRFC 10-3091] actual bit length 13 differs from formal bit length 8 for port 'address_1' [C:/Users/THUAN/Downloads/wrapper/HQC_wrapper.v:56]
WARNING: [VRFC 10-3091] actual bit length 13 differs from formal bit length 8 for port 'address_0' [C:/Users/THUAN/Downloads/wrapper/HQC_wrapper.v:60]
WARNING: [VRFC 10-3091] actual bit length 13 differs from formal bit length 8 for port 'address_1' [C:/Users/THUAN/Downloads/wrapper/HQC_wrapper.v:61]
WARNING: [VRFC 10-3091] actual bit length 13 differs from formal bit length 8 for port 'address_0' [C:/Users/THUAN/Downloads/wrapper/HQC_wrapper.v:65]
WARNING: [VRFC 10-3091] actual bit length 13 differs from formal bit length 8 for port 'address_1' [C:/Users/THUAN/Downloads/wrapper/HQC_wrapper.v:66]
WARNING: [VRFC 10-3091] actual bit length 13 differs from formal bit length 8 for port 'address_0' [C:/Users/THUAN/Downloads/wrapper/HQC_wrapper.v:70]
WARNING: [VRFC 10-3091] actual bit length 13 differs from formal bit length 8 for port 'address_1' [C:/Users/THUAN/Downloads/wrapper/HQC_wrapper.v:71]
WARNING: [VRFC 10-3091] actual bit length 13 differs from formal bit length 8 for port 'keygen_out_addr' [C:/Users/THUAN/Downloads/wrapper/HQC_wrapper.v:92]
WARNING: [VRFC 10-3091] actual bit length 13 differs from formal bit length 9 for port 'd_h_addr_0' [C:/Users/THUAN/Downloads/wrapper/HQC_wrapper.v:98]
WARNING: [VRFC 10-3091] actual bit length 13 differs from formal bit length 9 for port 'u_addr_0' [C:/Users/THUAN/Downloads/wrapper/HQC_wrapper.v:99]
WARNING: [VRFC 10-3091] actual bit length 32 differs from formal bit length 128 for port 'decap_out' [C:/Users/THUAN/Downloads/wrapper/HQC_wrapper.v:101]
WARNING: [VRFC 10-3091] actual bit length 13 differs from formal bit length 8 for port 'decap_out_addr' [C:/Users/THUAN/Downloads/wrapper/HQC_wrapper.v:102]
WARNING: [VRFC 10-3091] actual bit length 32 differs from formal bit length 2 for port 'm_addr' [C:/Users/THUAN/Downloads/wrapper/HQC_wrapper.v:104]
WARNING: [VRFC 10-3091] actual bit length 32 differs from formal bit length 128 for port 'decap_in' [C:/Users/THUAN/Downloads/wrapper/HQC_wrapper.v:105]
WARNING: [VRFC 10-3091] actual bit length 32 differs from formal bit length 1 for port 'start' [C:/Users/THUAN/Downloads/wrapper/hqc_kem_joint_design.v:376]
WARNING: [VRFC 10-3091] actual bit length 32 differs from formal bit length 1 for port 'wren_1' [C:/Users/THUAN/Downloads/wrapper/vect_set_random.v:156]
WARNING: [VRFC 10-3091] actual bit length 7 differs from formal bit length 16 for port 'loc_addr' [C:/Users/THUAN/Downloads/wrapper/keygen.v:376]
WARNING: [VRFC 10-3091] actual bit length 32 differs from formal bit length 8 for port 'weight' [C:/Users/THUAN/Downloads/wrapper/keygen.v:378]
WARNING: [VRFC 10-3091] actual bit length 9 differs from formal bit length 8 for port 'address_0' [C:/Users/THUAN/Downloads/wrapper/poly_mult.v:247]
WARNING: [VRFC 10-3091] actual bit length 9 differs from formal bit length 8 for port 'address_1' [C:/Users/THUAN/Downloads/wrapper/poly_mult.v:248]
WARNING: [VRFC 10-3091] actual bit length 32 differs from formal bit length 24 for port 'data_1' [C:/Users/THUAN/Downloads/wrapper/fixed_weight_ct.v:242]
WARNING: [VRFC 10-3091] actual bit length 32 differs from formal bit length 1 for port 'wren_1' [C:/Users/THUAN/Downloads/wrapper/fixed_weight_ct.v:246]
WARNING: [VRFC 10-3091] actual bit length 32 differs from formal bit length 1 for port 'start' [C:/Users/THUAN/Downloads/wrapper/hqc_kem_joint_design.v:419]
WARNING: [VRFC 10-3091] actual bit length 32 differs from formal bit length 1 for port 'u_v_in_wen' [C:/Users/THUAN/Downloads/wrapper/hqc_kem_joint_design.v:443]
WARNING: [VRFC 10-3091] actual bit length 32 differs from formal bit length 8 for port 'u_v_in_addr' [C:/Users/THUAN/Downloads/wrapper/hqc_kem_joint_design.v:444]
WARNING: [VRFC 10-3091] actual bit length 32 differs from formal bit length 1 for port 'resume_encap' [C:/Users/THUAN/Downloads/wrapper/hqc_kem_joint_design.v:446]
WARNING: [VRFC 10-3091] actual bit length 368 differs from formal bit length 240 for port 'cdw_in' [C:/Users/THUAN/Downloads/wrapper/reed_solomon_encode.v:121]
WARNING: [VRFC 10-3091] actual bit length 32 differs from formal bit length 1 for port 'start' [C:/Users/THUAN/Downloads/wrapper/reed_solomon_encode.v:108]
WARNING: [VRFC 10-3091] actual bit length 32 differs from formal bit length 1 for port 'start' [C:/Users/THUAN/Downloads/wrapper/reed_muller_encode.v:80]
WARNING: [VRFC 10-3091] actual bit length 32 differs from formal bit length 1 for port 'wr_en' [C:/Users/THUAN/Downloads/wrapper/encrypt.v:343]
WARNING: [VRFC 10-3091] actual bit length 7 differs from formal bit length 16 for port 'loc_addr' [C:/Users/THUAN/Downloads/wrapper/encrypt.v:426]
WARNING: [VRFC 10-3091] actual bit length 32 differs from formal bit length 8 for port 'weight' [C:/Users/THUAN/Downloads/wrapper/encrypt.v:428]
WARNING: [VRFC 10-3091] actual bit length 32 differs from formal bit length 1 for port 'add_wr_en' [C:/Users/THUAN/Downloads/wrapper/encrypt.v:443]
WARNING: [VRFC 10-3091] actual bit length 32 differs from formal bit length 1 for port 'start' [C:/Users/THUAN/Downloads/wrapper/hqc_kem_joint_design.v:487]
WARNING: [VRFC 10-3091] actual bit length 32 differs from formal bit length 1 for port 'dout_ready_i' [C:/Users/THUAN/Downloads/wrapper/hqc_rmdecod_top.v:81]
WARNING: [VRFC 10-3091] actual bit length 32 differs from formal bit length 1 for port 'start' [C:/Users/THUAN/Downloads/wrapper/hqc_rsdecod_elp.v:92]
WARNING: [VRFC 10-3091] actual bit length 32 differs from formal bit length 1 for port 'start' [C:/Users/THUAN/Downloads/wrapper/hqc_rsdecod_elp.v:156]
WARNING: [VRFC 10-3091] actual bit length 32 differs from formal bit length 1 for port 'start' [C:/Users/THUAN/Downloads/wrapper/hqc_rsdecod_zpoly.v:101]
WARNING: [VRFC 10-3091] actual bit length 8 differs from formal bit length 32 for port 'dout_o' [C:/Users/THUAN/Downloads/wrapper/add_fft.v:81]
WARNING: [VRFC 10-3091] actual bit length 32 differs from formal bit length 1 for port 'start' [C:/Users/THUAN/Downloads/wrapper/fft_part1.v:143]
WARNING: [VRFC 10-3091] actual bit length 32 differs from formal bit length 1 for port 'start' [C:/Users/THUAN/Downloads/wrapper/fft_leaves_butterfly.v:70]
WARNING: [VRFC 10-3091] actual bit length 32 differs from formal bit length 1 for port 'start' [C:/Users/THUAN/Downloads/wrapper/fft_part2.v:147]
WARNING: [VRFC 10-3091] actual bit length 32 differs from formal bit length 1 for port 'start' [C:/Users/THUAN/Downloads/wrapper/hqc_rsdecod_err_val.v:176]
WARNING: [VRFC 10-3091] actual bit length 32 differs from formal bit length 1 for port 'start' [C:/Users/THUAN/Downloads/wrapper/hqc_rsdecod_err_val.v:187]
WARNING: [VRFC 10-3091] actual bit length 32 differs from formal bit length 2 for port 'encap_out_type' [C:/Users/THUAN/Downloads/wrapper/decap.v:528]
WARNING: [VRFC 10-3091] actual bit length 32 differs from formal bit length 1 for port 'encap_out_en' [C:/Users/THUAN/Downloads/wrapper/decap.v:530]
WARNING: [VRFC 10-3091] actual bit length 40 differs from formal bit length 8 for port 'encap_out_addr' [C:/Users/THUAN/Downloads/wrapper/decap.v:531]
WARNING: [VRFC 10-5021] port 'encap_out_type' is not connected on this instance [C:/Users/THUAN/Downloads/wrapper/HQC_wrapper.v:80]
WARNING: [VRFC 10-5021] port 'shake_force_done_ack' is not connected on this instance [C:/Users/THUAN/Downloads/wrapper/hqc_kem_joint_design.v:414]
WARNING: [VRFC 10-8864] concatenation with an unsized literal will be treated as 32 bits [C:/Users/THUAN/Downloads/wrapper/encap.v:249]
WARNING: [VRFC 10-8864] concatenation with an unsized literal will be treated as 32 bits [C:/Users/THUAN/Downloads/wrapper/encap.v:250]
WARNING: [VRFC 10-8864] concatenation with an unsized literal will be treated as 32 bits [C:/Users/THUAN/Downloads/wrapper/encap.v:546]
WARNING: [VRFC 10-5021] port 'rst' is not connected on this instance [C:/Users/THUAN/Downloads/wrapper/reed_muller_encode.v:77]
WARNING: [VRFC 10-8864] concatenation with an unsized literal will be treated as 32 bits [C:/Users/THUAN/Downloads/wrapper/decap.v:531]
WARNING: [VRFC 10-5021] port 'shake_force_done_ack' is not connected on this instance [C:/Users/THUAN/Downloads/wrapper/decap.v:502]
Completed static elaboration
Starting simulation data flow analysis
Completed simulation data flow analysis
Time Resolution for simulation is 1ps
Compiling module xil_defaultlib.mem_dual(WIDTH=128,DEPTH=139)
Compiling module xil_defaultlib.mem_single(WIDTH=32,DEPTH=10)
Compiling module xil_defaultlib.mem_dual(WIDTH=24,DEPTH=264)
Compiling module xil_defaultlib.hqc_barrett_red_default
Compiling module xil_defaultlib.mem_single(WIDTH=15,DEPTH=66)
Compiling module xil_defaultlib.mem_dual(WIDTH=32,DEPTH=553)
Compiling module xil_defaultlib.onegen_ct(E0_DEPTH=553,DEPTH=553...
Compiling module xil_defaultlib.fixed_weight_ct(N=17669,M=15,WEI...
Compiling module xil_defaultlib.vect_set_random(N=17669)
Compiling module xil_defaultlib.poly_mult(MAX_WEIGHT=75,N=17669,...
Compiling module xil_defaultlib.loc_based_adder(WIDTH=128)
Compiling module xil_defaultlib.keygen(N=17669,CT_DESIGN=2'b01)
Compiling module xil_defaultlib.mem_single(WIDTH=32,DEPTH=4)
Compiling module xil_defaultlib.mem_single(WIDTH=32,DEPTH=16)
Compiling module xil_defaultlib.mem_dual(WIDTH=24,DEPTH=450)
Compiling module xil_defaultlib.mem_single(WIDTH=15,DEPTH=75)
Compiling module xil_defaultlib.onegen_ct(E0_DEPTH=553,DEPTH=553...
Compiling module xil_defaultlib.fixed_weight_ct(N=17669,M=15,WEI...
Compiling module xil_defaultlib.gf_mul_default
Compiling module xil_defaultlib.cdw_xor_tmp_default
Compiling module xil_defaultlib.reed_solomon_encode_default
Compiling module xil_defaultlib.rm_encoder
Compiling module xil_defaultlib.mem_single(WIDTH=128,DEPTH=46)
Compiling module xil_defaultlib.reed_muller_encode_default
Compiling module xil_defaultlib.concat_code(parameter_set="hqc12...
Compiling module xil_defaultlib.mem_single(WIDTH=128,DEPTH=139)
Compiling module xil_defaultlib.loc_based_adder(N=17669,WEIGHT=7...
Compiling module xil_defaultlib.xor_based_adder(parameter_set="h...
Compiling module xil_defaultlib.encrypt(parameter_set="hqc128",C...
Compiling module xil_defaultlib.mod34
Compiling module xil_defaultlib.mem_single(WIDTH=32,DEPTH=1143)
Compiling module xil_defaultlib.encap_default
Compiling module xil_defaultlib.v_minus_uy(parameter_set="hqc128...
Compiling module xil_defaultlib.hqc_rmdecod_expnsum_default
Compiling module xil_defaultlib.syncfifo(DW=4,AW=5)
Compiling module xil_defaultlib.hadamard_layer_default
Compiling module xil_defaultlib.syncfifo(DW=5,AW=5)
Compiling module xil_defaultlib.hadamard_layer(NN=4)
Compiling module xil_defaultlib.syncfifo(DW=6,AW=5)
Compiling module xil_defaultlib.hadamard_layer(NN=5)
Compiling module xil_defaultlib.syncfifo(DW=7,AW=5)
Compiling module xil_defaultlib.hadamard_layer(NN=6)
Compiling module xil_defaultlib.syncfifo(DW=8,AW=5)
Compiling module xil_defaultlib.hadamard_layer(NN=7)
Compiling module xil_defaultlib.syncfifo(DW=9,AW=5)
Compiling module xil_defaultlib.hadamard_layer(NN=8)
Compiling module xil_defaultlib.syncfifo(DW=10,AW=5)
Compiling module xil_defaultlib.hadamard_layer(NN=9)
Compiling module xil_defaultlib.hqc_rmdecod_hadamard_default
Compiling module xil_defaultlib.findpeaks_core(DOUT_W=7)
Compiling module xil_defaultlib.hqc_rmdecod_findpeaks_default
Compiling module xil_defaultlib.hqc_rmdecod_ctrl_default
Compiling module xil_defaultlib.hqc_rmdecod_top_default
Compiling module xil_defaultlib.gfmul(REG_IN=0)
Compiling module xil_defaultlib.hqc_rsdecod_syndromes_default
Compiling module xil_defaultlib.gfmul(REG_IN=0,REG_OUT=0)
Compiling module xil_defaultlib.hqc_rsdecod_elp_default
Compiling module xil_defaultlib.hqc_rsdecod_zpoly_default
Compiling module xil_defaultlib.fft_part1(DIN_W=256)
Compiling module xil_defaultlib.fft_leaves_butterfly
Compiling module xil_defaultlib.syncfifo(DW=8,AW=4)
Compiling module xil_defaultlib.fft_part2_round_default
Compiling module xil_defaultlib.fft_part2_round(ROUND=1)
Compiling module xil_defaultlib.syncfifo(DW=8,AW=6)
Compiling module xil_defaultlib.fft_part2_round(ROUND=2)
Compiling module xil_defaultlib.syncfifo(DW=8)
Compiling module xil_defaultlib.fft_part2_round(ROUND=3)
Compiling module xil_defaultlib.fft_part2_default
Compiling module xil_defaultlib.add_fft
Compiling module xil_defaultlib.fft_retrieve_error_poly_default
Compiling module xil_defaultlib.hqc_rsdecod_roots_default
Compiling module xil_defaultlib.hqc_rsdecod_err_val_default
Compiling module xil_defaultlib.hqc_rsdecod_top_default
Compiling module xil_defaultlib.hqc_decod_top_default
Compiling module xil_defaultlib.decrypt_default
Compiling module xil_defaultlib.decap_default
Compiling module xil_defaultlib.control_path
Compiling module xil_defaultlib.rc
Compiling module xil_defaultlib.transform
Compiling module xil_defaultlib.stateram_inference_default
Compiling module xil_defaultlib.stateram_inference(i=1)
Compiling module xil_defaultlib.stateram_inference(i=2)
Compiling module xil_defaultlib.stateram_inference(i=3)
Compiling module xil_defaultlib.stateram_inference(i=4)
Compiling module xil_defaultlib.stateram_inference(i=5)
Compiling module xil_defaultlib.stateram_inference(i=6)
Compiling module xil_defaultlib.stateram_inference(i=7)
Compiling module xil_defaultlib.stateram_inference(i=8)
Compiling module xil_defaultlib.stateram_inference(i=9)
Compiling module xil_defaultlib.stateram_inference(i=10)
Compiling module xil_defaultlib.stateram_inference(i=11)
Compiling module xil_defaultlib.stateram_inference(i=12)
Compiling module xil_defaultlib.stateram_inference(i=13)
Compiling module xil_defaultlib.stateram_inference(i=14)
Compiling module xil_defaultlib.stateram_inference(i=15)
Compiling module xil_defaultlib.stateram_inference(i=16)
Compiling module xil_defaultlib.stateram_inference(i=17)
Compiling module xil_defaultlib.stateram_inference(i=18)
Compiling module xil_defaultlib.stateram_inference(i=19)
Compiling module xil_defaultlib.stateram_inference(i=20)
Compiling module xil_defaultlib.stateram_inference(i=21)
Compiling module xil_defaultlib.stateram_inference(i=22)
Compiling module xil_defaultlib.stateram_inference(i=23)
Compiling module xil_defaultlib.stateram_inference(i=24)
Compiling module xil_defaultlib.state_ram_default
Compiling module xil_defaultlib.data_path_default
Compiling module xil_defaultlib.keccak_top
Compiling module xil_defaultlib.hqc_kem_joint_design_default
Compiling module xil_defaultlib.HQC_wrapper
Compiling module xil_defaultlib.keygen_tb
Compiling module xil_defaultlib.glbl
Built simulation snapshot keygen_tb_behav
run_program: Time (s): cpu = 00:00:02 ; elapsed = 00:00:12 . Memory (MB): peak = 1421.938 ; gain = 0.000
INFO: [USF-XSim-69] 'elaborate' step finished in '13' seconds
INFO: [USF-XSim-4] XSim::Simulate design
INFO: [USF-XSim-61] Executing 'SIMULATE' step in 'D:/University/251/DA/wrapper/wrapper.sim/sim_1/behav/xsim'
INFO: [USF-XSim-98] *** Running xsim
   with args "keygen_tb_behav -key {Behavioral:sim_1:Functional:keygen_tb} -tclbatch {keygen_tb.tcl} -log {simulate.log}"
INFO: [USF-XSim-8] Loading simulator feature
Time resolution is 1 ps
source keygen_tb.tcl
# set curr_wave [current_wave_config]
# if { [string length $curr_wave] == 0 } {
#   if { [llength [get_objects]] > 0} {
#     add_wave /
#     set_property needs_save false [current_wave_config]
#   } else {
#      send_msg_id Add_Wave-1 WARNING "No top level signals found. Simulator will start without a wave window. If you want to open a wave window go to 'File->New Waveform Configuration' or type 'create_wave_config' in the TCL console."
#   }
# }
# run 1000ns
=== STARTING TESTBENCH (SEQUENTIAL MODE) ===
DEBUG: First Line of Seed = 10101101110101010000000011011111
--- [TB] Step 1: Resetting Core ---
--- [TB] Step 2: Loading Seeds ---
--- [TB] Loading SK & PK Seeds ---
--- [TB] SK Seed Loaded. Loading PK Seed... ---
INFO: [USF-XSim-96] XSim completed. Design snapshot 'keygen_tb_behav' loaded.
INFO: [USF-XSim-97] XSim simulation ran for 1000ns
launch_simulation: Time (s): cpu = 00:00:06 ; elapsed = 00:00:34 . Memory (MB): peak = 1427.977 ; gain = 6.039
run all
--- [TB] Step 3: Triggering Start ---
--- [TB] Step 4: Polling for Done Status ---
--- [TB] Waiting... Current Status = 0 (Time:            101040000)
--- [TB] CORE DONE DETECTED! (After 1387 checks) ---
--- [TB] Step 5: Reading Public Key (S) ---
Addr 0: 8cec4000019d5dfa9e5ac3bfxxxxxxxx
Addr 1: a76337c7f831f8d4f0792083xxxxxxxx
Addr 2: 4006a200c73d330a6f216b76xxxxxxxx
Addr 3: 290193eb7073779011213877xxxxxxxx
Addr 4: 874f053b64da1ac07cbd2213xxxxxxxx
--- [TB] Step 6: Reading Random Vector (Check H) ---
Addr 0: b65f6a111595a2e8bd07a1c5xxxxxxxx
Addr 1: a66c0dd4562c715d0fbf3494xxxxxxxx
Addr 2: fe792387f8747b443f5450e6xxxxxxxx
=== TEST FINISHED SUCCESSFULY ===
$finish called at time : 142340 ns : File "C:/Users/THUAN/Downloads/wrapper/keygen_tb.v" Line 197
close_sim
INFO: [Simtcl 6-16] Simulation closed
launch_simulation
Command: launch_simulation 
INFO: [Vivado 12-12493] Simulation top is 'keygen_tb'
WARNING: [Vivado 12-13340] Unable to auto find GCC executables from simulator install path! (path not set)
WARNING: [Vivado 12-13277] Compiled library path does not exist: ''
INFO: [Vivado 12-5682] Launching behavioral simulation in 'D:/University/251/DA/wrapper/wrapper.sim/sim_1/behav/xsim'
INFO: [SIM-utils-51] Simulation object is 'sim_1'
INFO: [SIM-utils-72] Using boost library from 'D:/Apps/Xilinx/Vivado/2022.2/tps/boost_1_72_0'
INFO: [SIM-utils-54] Inspecting design source files for 'keygen_tb' in fileset 'sim_1'...
INFO: [SIM-utils-43] Exported 'D:/University/251/DA/wrapper/wrapper.sim/sim_1/behav/xsim/barrett_hqc_128.mem'
INFO: [SIM-utils-43] Exported 'D:/University/251/DA/wrapper/wrapper.sim/sim_1/behav/xsim/barrett_hqc_192.mem'
INFO: [SIM-utils-43] Exported 'D:/University/251/DA/wrapper/wrapper.sim/sim_1/behav/xsim/barrett_hqc_256.mem'
INFO: [USF-XSim-97] Finding global include files...
INFO: [USF-XSim-98] Fetching design files from 'sim_1'...
INFO: [USF-XSim-2] XSim::Compile design
INFO: [USF-XSim-61] Executing 'COMPILE and ANALYZE' step in 'D:/University/251/DA/wrapper/wrapper.sim/sim_1/behav/xsim'
"xvlog --incr --relax -prj keygen_tb_vlog.prj"
INFO: [VRFC 10-2263] Analyzing Verilog file "C:/Users/THUAN/Downloads/wrapper/HQC_wrapper.v" into library xil_defaultlib
INFO: [VRFC 10-311] analyzing module HQC_wrapper
INFO: [VRFC 10-2263] Analyzing Verilog file "C:/Users/THUAN/Downloads/wrapper/add_fft.v" into library xil_defaultlib
INFO: [VRFC 10-311] analyzing module add_fft
INFO: [VRFC 10-2263] Analyzing Verilog file "C:/Users/THUAN/Downloads/wrapper/barrett_red_gen.v" into library xil_defaultlib
INFO: [VRFC 10-311] analyzing module barrett_red_gen
INFO: [VRFC 10-2263] Analyzing Verilog file "C:/Users/THUAN/Downloads/wrapper/cdw_xor_tmp.v" into library xil_defaultlib
INFO: [VRFC 10-311] analyzing module cdw_xor_tmp
INFO: [VRFC 10-2263] Analyzing Verilog file "C:/Users/THUAN/Downloads/wrapper/concat_code.v" into library xil_defaultlib
INFO: [VRFC 10-311] analyzing module concat_code
INFO: [VRFC 10-2263] Analyzing Verilog file "C:/Users/THUAN/Downloads/wrapper/control_path.v" into library xil_defaultlib
INFO: [VRFC 10-311] analyzing module control_path
INFO: [VRFC 10-2263] Analyzing Verilog file "C:/Users/THUAN/Downloads/wrapper/data_path.v" into library xil_defaultlib
INFO: [VRFC 10-311] analyzing module data_path
INFO: [VRFC 10-2263] Analyzing Verilog file "C:/Users/THUAN/Downloads/wrapper/decap.v" into library xil_defaultlib
INFO: [VRFC 10-311] analyzing module decap
WARNING: [VRFC 10-2938] 'start_decrypt' is already implicitly declared on line 358 [C:/Users/THUAN/Downloads/wrapper/decap.v:864]
WARNING: [VRFC 10-2938] 'done_decrypt' is already implicitly declared on line 360 [C:/Users/THUAN/Downloads/wrapper/decap.v:865]
WARNING: [VRFC 10-2938] 'start_encap' is already implicitly declared on line 507 [C:/Users/THUAN/Downloads/wrapper/decap.v:866]
WARNING: [VRFC 10-2938] 'done_encrypt' is already implicitly declared on line 538 [C:/Users/THUAN/Downloads/wrapper/decap.v:867]
WARNING: [VRFC 10-3380] identifier 'dec_uv' is used before its declaration [C:/Users/THUAN/Downloads/wrapper/decap.v:334]
WARNING: [VRFC 10-3380] identifier 'uv_addr_1_dec' is used before its declaration [C:/Users/THUAN/Downloads/wrapper/decap.v:335]
WARNING: [VRFC 10-3380] identifier 'dec_uv' is used before its declaration [C:/Users/THUAN/Downloads/wrapper/decap.v:337]
WARNING: [VRFC 10-3380] identifier 'uv_addr_1_dec' is used before its declaration [C:/Users/THUAN/Downloads/wrapper/decap.v:338]
WARNING: [VRFC 10-3380] identifier 'verify_u_reg' is used before its declaration [C:/Users/THUAN/Downloads/wrapper/decap.v:397]
WARNING: [VRFC 10-3380] identifier 'verify_v' is used before its declaration [C:/Users/THUAN/Downloads/wrapper/decap.v:411]
WARNING: [VRFC 10-3380] identifier 'verify_d' is used before its declaration [C:/Users/THUAN/Downloads/wrapper/decap.v:424]
INFO: [VRFC 10-2263] Analyzing Verilog file "C:/Users/THUAN/Downloads/wrapper/decrypt.v" into library xil_defaultlib
INFO: [VRFC 10-311] analyzing module decrypt
WARNING: [VRFC 10-2938] 'ram_din_rd_o' is already implicitly declared on line 168 [C:/Users/THUAN/Downloads/wrapper/decrypt.v:191]
WARNING: [VRFC 10-2938] 'ram_din_i' is already implicitly declared on line 170 [C:/Users/THUAN/Downloads/wrapper/decrypt.v:192]
WARNING: [VRFC 10-2938] 'ram_din_addr_o' is already implicitly declared on line 169 [C:/Users/THUAN/Downloads/wrapper/decrypt.v:193]
WARNING: [VRFC 10-2938] 'done_u_minus_vy' is already implicitly declared on line 157 [C:/Users/THUAN/Downloads/wrapper/decrypt.v:194]
INFO: [VRFC 10-2263] Analyzing Verilog file "C:/Users/THUAN/Downloads/wrapper/encap.v" into library xil_defaultlib
INFO: [VRFC 10-311] analyzing module encap
WARNING: [VRFC 10-2938] 'count_hash_inputs' is already implicitly declared on line 539 [C:/Users/THUAN/Downloads/wrapper/encap.v:557]
WARNING: [VRFC 10-3380] identifier 'd_out' is used before its declaration [C:/Users/THUAN/Downloads/wrapper/encap.v:250]
WARNING: [VRFC 10-8864] concatenation with an unsized literal will be treated as 32 bits [C:/Users/THUAN/Downloads/wrapper/encap.v:249]
WARNING: [VRFC 10-8864] concatenation with an unsized literal will be treated as 32 bits [C:/Users/THUAN/Downloads/wrapper/encap.v:250]
WARNING: [VRFC 10-3380] identifier 'sel_uv' is used before its declaration [C:/Users/THUAN/Downloads/wrapper/encap.v:328]
WARNING: [VRFC 10-3380] identifier 'u_v_reg' is used before its declaration [C:/Users/THUAN/Downloads/wrapper/encap.v:506]
WARNING: [VRFC 10-3380] identifier 'u_v_reg' is used before its declaration [C:/Users/THUAN/Downloads/wrapper/encap.v:507]
WARNING: [VRFC 10-3380] identifier 'last_block_capture' is used before its declaration [C:/Users/THUAN/Downloads/wrapper/encap.v:515]
WARNING: [VRFC 10-3380] identifier 'block_capture' is used before its declaration [C:/Users/THUAN/Downloads/wrapper/encap.v:518]
WARNING: [VRFC 10-3380] identifier 'count_hash_inputs_test' is used before its declaration [C:/Users/THUAN/Downloads/wrapper/encap.v:527]
WARNING: [VRFC 10-3380] identifier 'count_hash_inputs_test' is used before its declaration [C:/Users/THUAN/Downloads/wrapper/encap.v:530]
WARNING: [VRFC 10-8864] concatenation with an unsized literal will be treated as 32 bits [C:/Users/THUAN/Downloads/wrapper/encap.v:546]
WARNING: [VRFC 10-3380] identifier 'total_shake_input_count' is used before its declaration [C:/Users/THUAN/Downloads/wrapper/encap.v:597]
WARNING: [VRFC 10-3380] identifier 'total_shake_input_count' is used before its declaration [C:/Users/THUAN/Downloads/wrapper/encap.v:626]
WARNING: [VRFC 10-3380] identifier 'total_shake_input_count' is used before its declaration [C:/Users/THUAN/Downloads/wrapper/encap.v:847]
WARNING: [VRFC 10-3380] identifier 'start_hash' is used before its declaration [C:/Users/THUAN/Downloads/wrapper/encap.v:1102]
WARNING: [VRFC 10-3380] identifier 'start_hash' is used before its declaration [C:/Users/THUAN/Downloads/wrapper/encap.v:1118]
WARNING: [VRFC 10-3380] identifier 'start_hash' is used before its declaration [C:/Users/THUAN/Downloads/wrapper/encap.v:1133]
WARNING: [VRFC 10-3380] identifier 'start_hash' is used before its declaration [C:/Users/THUAN/Downloads/wrapper/encap.v:1173]
WARNING: [VRFC 10-3380] identifier 'start_hash' is used before its declaration [C:/Users/THUAN/Downloads/wrapper/encap.v:1186]
WARNING: [VRFC 10-3380] identifier 'start_hash' is used before its declaration [C:/Users/THUAN/Downloads/wrapper/encap.v:1213]
WARNING: [VRFC 10-3380] identifier 'start_hash' is used before its declaration [C:/Users/THUAN/Downloads/wrapper/encap.v:1223]
WARNING: [VRFC 10-3380] identifier 'start_hash' is used before its declaration [C:/Users/THUAN/Downloads/wrapper/encap.v:1240]
WARNING: [VRFC 10-3380] identifier 'start_hash' is used before its declaration [C:/Users/THUAN/Downloads/wrapper/encap.v:1252]
WARNING: [VRFC 10-3380] identifier 'start_hash' is used before its declaration [C:/Users/THUAN/Downloads/wrapper/encap.v:1264]
WARNING: [VRFC 10-3380] identifier 'start_hash' is used before its declaration [C:/Users/THUAN/Downloads/wrapper/encap.v:1281]
WARNING: [VRFC 10-3380] identifier 'start_hash' is used before its declaration [C:/Users/THUAN/Downloads/wrapper/encap.v:1310]
WARNING: [VRFC 10-3380] identifier 'start_hash' is used before its declaration [C:/Users/THUAN/Downloads/wrapper/encap.v:1333]
WARNING: [VRFC 10-3380] identifier 'start_hash' is used before its declaration [C:/Users/THUAN/Downloads/wrapper/encap.v:1353]
WARNING: [VRFC 10-3380] identifier 'start_hash' is used before its declaration [C:/Users/THUAN/Downloads/wrapper/encap.v:1400]
WARNING: [VRFC 10-3380] identifier 'start_hash' is used before its declaration [C:/Users/THUAN/Downloads/wrapper/encap.v:1422]
WARNING: [VRFC 10-3380] identifier 'start_hash' is used before its declaration [C:/Users/THUAN/Downloads/wrapper/encap.v:1444]
WARNING: [VRFC 10-3380] identifier 'start_hash' is used before its declaration [C:/Users/THUAN/Downloads/wrapper/encap.v:1471]
WARNING: [VRFC 10-3380] identifier 'start_hash' is used before its declaration [C:/Users/THUAN/Downloads/wrapper/encap.v:1476]
WARNING: [VRFC 10-3380] identifier 'start_hash' is used before its declaration [C:/Users/THUAN/Downloads/wrapper/encap.v:1487]
WARNING: [VRFC 10-3380] identifier 'start_hash' is used before its declaration [C:/Users/THUAN/Downloads/wrapper/encap.v:1503]
WARNING: [VRFC 10-3380] identifier 'start_hash' is used before its declaration [C:/Users/THUAN/Downloads/wrapper/encap.v:1513]
INFO: [VRFC 10-2263] Analyzing Verilog file "C:/Users/THUAN/Downloads/wrapper/encrypt.v" into library xil_defaultlib
INFO: [VRFC 10-311] analyzing module encrypt
WARNING: [VRFC 10-2938] 'r1_internal' is already implicitly declared on line 325 [C:/Users/THUAN/Downloads/wrapper/encrypt.v:352]
WARNING: [VRFC 10-2938] 'r2_internal' is already implicitly declared on line 334 [C:/Users/THUAN/Downloads/wrapper/encrypt.v:353]
WARNING: [VRFC 10-2938] 'loc_addr' is already implicitly declared on line 332 [C:/Users/THUAN/Downloads/wrapper/encrypt.v:355]
WARNING: [VRFC 10-2938] 'pm_out' is already implicitly declared on line 341 [C:/Users/THUAN/Downloads/wrapper/encrypt.v:356]
WARNING: [VRFC 10-3248] data object 'pm_out' is already declared [C:/Users/THUAN/Downloads/wrapper/encrypt.v:447]
WARNING: [VRFC 10-9364] second declaration of 'pm_out' is ignored [C:/Users/THUAN/Downloads/wrapper/encrypt.v:447]
WARNING: [VRFC 10-2938] 'pm_rd_addr' is already implicitly declared on line 437 [C:/Users/THUAN/Downloads/wrapper/encrypt.v:448]
WARNING: [VRFC 10-2938] 'pm_rd_en' is already implicitly declared on line 438 [C:/Users/THUAN/Downloads/wrapper/encrypt.v:449]
WARNING: [VRFC 10-2938] 'add_out' is already implicitly declared on line 441 [C:/Users/THUAN/Downloads/wrapper/encrypt.v:451]
WARNING: [VRFC 10-2938] 'add_out_addr' is already implicitly declared on line 442 [C:/Users/THUAN/Downloads/wrapper/encrypt.v:452]
WARNING: [VRFC 10-2938] 'add_out_valid' is already implicitly declared on line 443 [C:/Users/THUAN/Downloads/wrapper/encrypt.v:453]
WARNING: [VRFC 10-2938] 'xor_add_en' is already implicitly declared on line 313 [C:/Users/THUAN/Downloads/wrapper/encrypt.v:487]
WARNING: [VRFC 10-2938] 'xor_add_addr' is already implicitly declared on line 437 [C:/Users/THUAN/Downloads/wrapper/encrypt.v:488]
WARNING: [VRFC 10-2938] 'xor_add_out' is already implicitly declared on line 441 [C:/Users/THUAN/Downloads/wrapper/encrypt.v:490]
WARNING: [VRFC 10-2938] 'xor_add_out_addr' is already implicitly declared on line 442 [C:/Users/THUAN/Downloads/wrapper/encrypt.v:491]
WARNING: [VRFC 10-2938] 'xor_add_out_valid' is already implicitly declared on line 443 [C:/Users/THUAN/Downloads/wrapper/encrypt.v:492]
WARNING: [VRFC 10-2938] 'en_r1' is already implicitly declared on line 324 [C:/Users/THUAN/Downloads/wrapper/encrypt.v:528]
WARNING: [VRFC 10-2938] 'en_r2' is already implicitly declared on line 333 [C:/Users/THUAN/Downloads/wrapper/encrypt.v:529]
WARNING: [VRFC 10-2096] empty statement in sequential block [C:/Users/THUAN/Downloads/wrapper/encrypt.v:557]
WARNING: [VRFC 10-2938] 'wen_fw' is already implicitly declared on line 324 [C:/Users/THUAN/Downloads/wrapper/encrypt.v:687]
WARNING: [VRFC 10-3248] data object 'sel_fw' is already declared [C:/Users/THUAN/Downloads/wrapper/encrypt.v:687]
WARNING: [VRFC 10-9364] second declaration of 'sel_fw' is ignored [C:/Users/THUAN/Downloads/wrapper/encrypt.v:687]
WARNING: [VRFC 10-2938] 'fw_addr_reg' is already implicitly declared on line 323 [C:/Users/THUAN/Downloads/wrapper/encrypt.v:694]
WARNING: [VRFC 10-2938] 'u_cpy_addr' is already implicitly declared on line 437 [C:/Users/THUAN/Downloads/wrapper/encrypt.v:793]
WARNING: [VRFC 10-2938] 'wen_u' is already implicitly declared on line 343 [C:/Users/THUAN/Downloads/wrapper/encrypt.v:794]
WARNING: [VRFC 10-2938] 'copy_u' is already implicitly declared on line 437 [C:/Users/THUAN/Downloads/wrapper/encrypt.v:795]
WARNING: [VRFC 10-2938] 'sel_r1_hr2' is already implicitly declared on line 470 [C:/Users/THUAN/Downloads/wrapper/encrypt.v:796]
WARNING: [VRFC 10-3380] identifier 'rd_fw' is used before its declaration [C:/Users/THUAN/Downloads/wrapper/encrypt.v:180]
WARNING: [VRFC 10-3380] identifier 'fw_addr' is used before its declaration [C:/Users/THUAN/Downloads/wrapper/encrypt.v:182]
WARNING: [VRFC 10-3380] identifier 'sel_e' is used before its declaration [C:/Users/THUAN/Downloads/wrapper/encrypt.v:183]
WARNING: [VRFC 10-3380] identifier 'pm_out' is used before its declaration [C:/Users/THUAN/Downloads/wrapper/encrypt.v:298]
WARNING: [VRFC 10-3380] identifier 'r2_done' is used before its declaration [C:/Users/THUAN/Downloads/wrapper/encrypt.v:543]
WARNING: [VRFC 10-3380] identifier 'start_fw_transfer' is used before its declaration [C:/Users/THUAN/Downloads/wrapper/encrypt.v:549]
WARNING: [VRFC 10-3380] identifier 'r2_done' is used before its declaration [C:/Users/THUAN/Downloads/wrapper/encrypt.v:560]
WARNING: [VRFC 10-3380] identifier 'start_fw_transfer' is used before its declaration [C:/Users/THUAN/Downloads/wrapper/encrypt.v:565]
WARNING: [VRFC 10-3380] identifier 'r2_done' is used before its declaration [C:/Users/THUAN/Downloads/wrapper/encrypt.v:579]
WARNING: [VRFC 10-3380] identifier 'start_fw_transfer' is used before its declaration [C:/Users/THUAN/Downloads/wrapper/encrypt.v:584]
WARNING: [VRFC 10-3380] identifier 'start_fw_transfer' is used before its declaration [C:/Users/THUAN/Downloads/wrapper/encrypt.v:597]
WARNING: [VRFC 10-3380] identifier 'start_fw_transfer' is used before its declaration [C:/Users/THUAN/Downloads/wrapper/encrypt.v:605]
WARNING: [VRFC 10-3380] identifier 'done_fw_transfer' is used before its declaration [C:/Users/THUAN/Downloads/wrapper/encrypt.v:606]
WARNING: [VRFC 10-3380] identifier 'r2_done' is used before its declaration [C:/Users/THUAN/Downloads/wrapper/encrypt.v:614]
WARNING: [VRFC 10-3380] identifier 'done_fw_transfer' is used before its declaration [C:/Users/THUAN/Downloads/wrapper/encrypt.v:616]
WARNING: [VRFC 10-3380] identifier 'start_fw_transfer' is used before its declaration [C:/Users/THUAN/Downloads/wrapper/encrypt.v:622]
WARNING: [VRFC 10-3380] identifier 'start_fw_transfer' is used before its declaration [C:/Users/THUAN/Downloads/wrapper/encrypt.v:635]
WARNING: [VRFC 10-3380] identifier 'start_fw_transfer' is used before its declaration [C:/Users/THUAN/Downloads/wrapper/encrypt.v:643]
WARNING: [VRFC 10-3380] identifier 'done_fw_transfer' is used before its declaration [C:/Users/THUAN/Downloads/wrapper/encrypt.v:644]
WARNING: [VRFC 10-3380] identifier 'r2_done' is used before its declaration [C:/Users/THUAN/Downloads/wrapper/encrypt.v:648]
WARNING: [VRFC 10-3380] identifier 'done_fw_transfer' is used before its declaration [C:/Users/THUAN/Downloads/wrapper/encrypt.v:655]
WARNING: [VRFC 10-3380] identifier 'r2_done' is used before its declaration [C:/Users/THUAN/Downloads/wrapper/encrypt.v:657]
WARNING: [VRFC 10-3380] identifier 'r2_done' is used before its declaration [C:/Users/THUAN/Downloads/wrapper/encrypt.v:660]
WARNING: [VRFC 10-3380] identifier 'r2_done' is used before its declaration [C:/Users/THUAN/Downloads/wrapper/encrypt.v:678]
INFO: [VRFC 10-2263] Analyzing Verilog file "C:/Users/THUAN/Downloads/wrapper/encrypt_parallel.v" into library xil_defaultlib
INFO: [VRFC 10-311] analyzing module encrypt_parallel
WARNING: [VRFC 10-2938] 'r1_internal' is already implicitly declared on line 362 [C:/Users/THUAN/Downloads/wrapper/encrypt_parallel.v:406]
WARNING: [VRFC 10-2938] 'r2_internal_hr2' is already implicitly declared on line 384 [C:/Users/THUAN/Downloads/wrapper/encrypt_parallel.v:408]
WARNING: [VRFC 10-2938] 'r2_internal_sr2' is already implicitly declared on line 385 [C:/Users/THUAN/Downloads/wrapper/encrypt_parallel.v:409]
WARNING: [VRFC 10-2938] 'loc_addr_hr2' is already implicitly declared on line 380 [C:/Users/THUAN/Downloads/wrapper/encrypt_parallel.v:411]
WARNING: [VRFC 10-2938] 'loc_addr_sr2' is already implicitly declared on line 381 [C:/Users/THUAN/Downloads/wrapper/encrypt_parallel.v:412]
WARNING: [VRFC 10-3248] data object 'pm_out' is already declared [C:/Users/THUAN/Downloads/wrapper/encrypt_parallel.v:549]
WARNING: [VRFC 10-9364] second declaration of 'pm_out' is ignored [C:/Users/THUAN/Downloads/wrapper/encrypt_parallel.v:549]
WARNING: [VRFC 10-2938] 'pm_rd_addr' is already implicitly declared on line 500 [C:/Users/THUAN/Downloads/wrapper/encrypt_parallel.v:550]
WARNING: [VRFC 10-2938] 'pm_rd_en' is already implicitly declared on line 501 [C:/Users/THUAN/Downloads/wrapper/encrypt_parallel.v:551]
WARNING: [VRFC 10-2938] 'add_out' is already implicitly declared on line 504 [C:/Users/THUAN/Downloads/wrapper/encrypt_parallel.v:553]
WARNING: [VRFC 10-2938] 'add_out_addr' is already implicitly declared on line 505 [C:/Users/THUAN/Downloads/wrapper/encrypt_parallel.v:554]
WARNING: [VRFC 10-2938] 'add_out_valid' is already implicitly declared on line 506 [C:/Users/THUAN/Downloads/wrapper/encrypt_parallel.v:555]
WARNING: [VRFC 10-2938] 'xor_add_en' is already implicitly declared on line 350 [C:/Users/THUAN/Downloads/wrapper/encrypt_parallel.v:613]
WARNING: [VRFC 10-2938] 'xor_add_addr' is already implicitly declared on line 539 [C:/Users/THUAN/Downloads/wrapper/encrypt_parallel.v:614]
WARNING: [VRFC 10-2938] 'xor_add_out' is already implicitly declared on line 543 [C:/Users/THUAN/Downloads/wrapper/encrypt_parallel.v:616]
WARNING: [VRFC 10-2938] 'xor_add_out_addr' is already implicitly declared on line 544 [C:/Users/THUAN/Downloads/wrapper/encrypt_parallel.v:617]
WARNING: [VRFC 10-2938] 'xor_add_out_valid' is already implicitly declared on line 545 [C:/Users/THUAN/Downloads/wrapper/encrypt_parallel.v:618]
WARNING: [VRFC 10-2938] 'en_r1' is already implicitly declared on line 361 [C:/Users/THUAN/Downloads/wrapper/encrypt_parallel.v:654]
WARNING: [VRFC 10-2938] 'en_r2' is already implicitly declared on line 382 [C:/Users/THUAN/Downloads/wrapper/encrypt_parallel.v:655]
WARNING: [VRFC 10-2096] empty statement in sequential block [C:/Users/THUAN/Downloads/wrapper/encrypt_parallel.v:673]
WARNING: [VRFC 10-2938] 'wen_fw' is already implicitly declared on line 361 [C:/Users/THUAN/Downloads/wrapper/encrypt_parallel.v:856]
WARNING: [VRFC 10-3248] data object 'sel_fw' is already declared [C:/Users/THUAN/Downloads/wrapper/encrypt_parallel.v:856]
WARNING: [VRFC 10-9364] second declaration of 'sel_fw' is ignored [C:/Users/THUAN/Downloads/wrapper/encrypt_parallel.v:856]
WARNING: [VRFC 10-2938] 'fw_addr_reg' is already implicitly declared on line 360 [C:/Users/THUAN/Downloads/wrapper/encrypt_parallel.v:863]
WARNING: [VRFC 10-3380] identifier 'rd_fw' is used before its declaration [C:/Users/THUAN/Downloads/wrapper/encrypt_parallel.v:209]
WARNING: [VRFC 10-3380] identifier 'fw_addr' is used before its declaration [C:/Users/THUAN/Downloads/wrapper/encrypt_parallel.v:211]
WARNING: [VRFC 10-3380] identifier 'sel_e' is used before its declaration [C:/Users/THUAN/Downloads/wrapper/encrypt_parallel.v:212]
WARNING: [VRFC 10-3380] identifier 'pm_out_sr2' is used before its declaration [C:/Users/THUAN/Downloads/wrapper/encrypt_parallel.v:335]
WARNING: [VRFC 10-3380] identifier 'r2_done' is used before its declaration [C:/Users/THUAN/Downloads/wrapper/encrypt_parallel.v:668]
WARNING: [VRFC 10-3380] identifier 'r2_done' is used before its declaration [C:/Users/THUAN/Downloads/wrapper/encrypt_parallel.v:676]
WARNING: [VRFC 10-3380] identifier 'r2_done' is used before its declaration [C:/Users/THUAN/Downloads/wrapper/encrypt_parallel.v:688]
WARNING: [VRFC 10-3380] identifier 'done_fw_transfer' is used before its declaration [C:/Users/THUAN/Downloads/wrapper/encrypt_parallel.v:710]
WARNING: [VRFC 10-3380] identifier 'r2_done' is used before its declaration [C:/Users/THUAN/Downloads/wrapper/encrypt_parallel.v:718]
WARNING: [VRFC 10-3380] identifier 'done_fw_transfer' is used before its declaration [C:/Users/THUAN/Downloads/wrapper/encrypt_parallel.v:720]
WARNING: [VRFC 10-3380] identifier 'done_fw_transfer' is used before its declaration [C:/Users/THUAN/Downloads/wrapper/encrypt_parallel.v:744]
WARNING: [VRFC 10-3380] identifier 'r2_done' is used before its declaration [C:/Users/THUAN/Downloads/wrapper/encrypt_parallel.v:748]
WARNING: [VRFC 10-3380] identifier 'done_fw_transfer' is used before its declaration [C:/Users/THUAN/Downloads/wrapper/encrypt_parallel.v:755]
WARNING: [VRFC 10-3380] identifier 'r2_done' is used before its declaration [C:/Users/THUAN/Downloads/wrapper/encrypt_parallel.v:757]
WARNING: [VRFC 10-3380] identifier 'r2_done' is used before its declaration [C:/Users/THUAN/Downloads/wrapper/encrypt_parallel.v:760]
WARNING: [VRFC 10-3380] identifier 'r2_done' is used before its declaration [C:/Users/THUAN/Downloads/wrapper/encrypt_parallel.v:777]
WARNING: [VRFC 10-3380] identifier 'start_fw_transfer' is used before its declaration [C:/Users/THUAN/Downloads/wrapper/encrypt_parallel.v:789]
WARNING: [VRFC 10-3380] identifier 'start_fw_transfer' is used before its declaration [C:/Users/THUAN/Downloads/wrapper/encrypt_parallel.v:805]
WARNING: [VRFC 10-3380] identifier 'start_fw_transfer' is used before its declaration [C:/Users/THUAN/Downloads/wrapper/encrypt_parallel.v:808]
WARNING: [VRFC 10-3380] identifier 'start_fw_transfer' is used before its declaration [C:/Users/THUAN/Downloads/wrapper/encrypt_parallel.v:814]
WARNING: [VRFC 10-3380] identifier 'start_fw_transfer' is used before its declaration [C:/Users/THUAN/Downloads/wrapper/encrypt_parallel.v:822]
WARNING: [VRFC 10-3380] identifier 'start_fw_transfer' is used before its declaration [C:/Users/THUAN/Downloads/wrapper/encrypt_parallel.v:825]
WARNING: [VRFC 10-3380] identifier 'start_fw_transfer' is used before its declaration [C:/Users/THUAN/Downloads/wrapper/encrypt_parallel.v:831]
WARNING: [VRFC 10-3380] identifier 'start_fw_transfer' is used before its declaration [C:/Users/THUAN/Downloads/wrapper/encrypt_parallel.v:838]
WARNING: [VRFC 10-3380] identifier 'start_fw_transfer' is used before its declaration [C:/Users/THUAN/Downloads/wrapper/encrypt_parallel.v:848]
INFO: [VRFC 10-2263] Analyzing Verilog file "C:/Users/THUAN/Downloads/wrapper/fft_leaves_butterfly.v" into library xil_defaultlib
INFO: [VRFC 10-311] analyzing module fft_leaves_butterfly
INFO: [VRFC 10-2263] Analyzing Verilog file "C:/Users/THUAN/Downloads/wrapper/fft_part1.v" into library xil_defaultlib
INFO: [VRFC 10-311] analyzing module fft_part1
WARNING: [VRFC 10-3380] identifier 'gf_out_d3' is used before its declaration [C:/Users/THUAN/Downloads/wrapper/fft_part1.v:61]
INFO: [VRFC 10-2263] Analyzing Verilog file "C:/Users/THUAN/Downloads/wrapper/fft_part2.v" into library xil_defaultlib
INFO: [VRFC 10-311] analyzing module fft_part2
INFO: [VRFC 10-311] analyzing module fft_part2_round
INFO: [VRFC 10-2263] Analyzing Verilog file "C:/Users/THUAN/Downloads/wrapper/fft_retrieve_error_poly.v" into library xil_defaultlib
INFO: [VRFC 10-311] analyzing module fft_retrieve_error_poly
INFO: [VRFC 10-2263] Analyzing Verilog file "C:/Users/THUAN/Downloads/wrapper/fixed_weight.v" into library xil_defaultlib
INFO: [VRFC 10-311] analyzing module fixed_weight
WARNING: [VRFC 10-9336] redeclaration of ANSI port 'din_shake' is not allowed [C:/Users/THUAN/Downloads/wrapper/fixed_weight.v:161]
WARNING: [VRFC 10-3380] identifier 'sel_ctx' is used before its declaration [C:/Users/THUAN/Downloads/wrapper/fixed_weight.v:233]
WARNING: [VRFC 10-3380] identifier 'sel_ctx' is used before its declaration [C:/Users/THUAN/Downloads/wrapper/fixed_weight.v:234]
WARNING: [VRFC 10-3380] identifier 'sel_ctx' is used before its declaration [C:/Users/THUAN/Downloads/wrapper/fixed_weight.v:235]
WARNING: [VRFC 10-3380] identifier 'start_red' is used before its declaration [C:/Users/THUAN/Downloads/wrapper/fixed_weight.v:506]
WARNING: [VRFC 10-3380] identifier 'start_red' is used before its declaration [C:/Users/THUAN/Downloads/wrapper/fixed_weight.v:518]
WARNING: [VRFC 10-3380] identifier 'start_red' is used before its declaration [C:/Users/THUAN/Downloads/wrapper/fixed_weight.v:529]
WARNING: [VRFC 10-3380] identifier 'start_red' is used before its declaration [C:/Users/THUAN/Downloads/wrapper/fixed_weight.v:540]
WARNING: [VRFC 10-3380] identifier 'start_red' is used before its declaration [C:/Users/THUAN/Downloads/wrapper/fixed_weight.v:546]
WARNING: [VRFC 10-3380] identifier 'start_red' is used before its declaration [C:/Users/THUAN/Downloads/wrapper/fixed_weight.v:552]
INFO: [VRFC 10-2263] Analyzing Verilog file "C:/Users/THUAN/Downloads/wrapper/fixed_weight_ct.v" into library xil_defaultlib
INFO: [VRFC 10-311] analyzing module fixed_weight_ct
WARNING: [VRFC 10-9336] redeclaration of ANSI port 'din_shake' is not allowed [C:/Users/THUAN/Downloads/wrapper/fixed_weight_ct.v:153]
WARNING: [VRFC 10-3380] identifier 'sel_ctx' is used before its declaration [C:/Users/THUAN/Downloads/wrapper/fixed_weight_ct.v:222]
WARNING: [VRFC 10-3380] identifier 'sel_ctx' is used before its declaration [C:/Users/THUAN/Downloads/wrapper/fixed_weight_ct.v:223]
WARNING: [VRFC 10-3380] identifier 'sel_ctx' is used before its declaration [C:/Users/THUAN/Downloads/wrapper/fixed_weight_ct.v:224]
WARNING: [VRFC 10-3380] identifier 'start_red' is used before its declaration [C:/Users/THUAN/Downloads/wrapper/fixed_weight_ct.v:462]
WARNING: [VRFC 10-3380] identifier 'start_red' is used before its declaration [C:/Users/THUAN/Downloads/wrapper/fixed_weight_ct.v:475]
WARNING: [VRFC 10-3380] identifier 'start_red' is used before its declaration [C:/Users/THUAN/Downloads/wrapper/fixed_weight_ct.v:493]
WARNING: [VRFC 10-3380] identifier 'start_red' is used before its declaration [C:/Users/THUAN/Downloads/wrapper/fixed_weight_ct.v:512]
WARNING: [VRFC 10-3380] identifier 'start_red' is used before its declaration [C:/Users/THUAN/Downloads/wrapper/fixed_weight_ct.v:519]
WARNING: [VRFC 10-3380] identifier 'start_red' is used before its declaration [C:/Users/THUAN/Downloads/wrapper/fixed_weight_ct.v:526]
WARNING: [VRFC 10-3380] identifier 'start_red' is used before its declaration [C:/Users/THUAN/Downloads/wrapper/fixed_weight_ct.v:533]
INFO: [VRFC 10-2263] Analyzing Verilog file "C:/Users/THUAN/Downloads/wrapper/fixed_weight_cww.v" into library xil_defaultlib
INFO: [VRFC 10-311] analyzing module fixed_weight_cww
WARNING: [VRFC 10-9336] redeclaration of ANSI port 'din_shake' is not allowed [C:/Users/THUAN/Downloads/wrapper/fixed_weight_cww.v:141]
WARNING: [VRFC 10-2938] 'dout_shake_reduced' is already implicitly declared on line 245 [C:/Users/THUAN/Downloads/wrapper/fixed_weight_cww.v:270]
WARNING: [VRFC 10-2938] 'n_minus_i' is already implicitly declared on line 244 [C:/Users/THUAN/Downloads/wrapper/fixed_weight_cww.v:309]
WARNING: [VRFC 10-2938] 'dout_reduced_valid' is already implicitly declared on line 241 [C:/Users/THUAN/Downloads/wrapper/fixed_weight_cww.v:322]
WARNING: [VRFC 10-3380] identifier 'n_minus_i' is used before its declaration [C:/Users/THUAN/Downloads/wrapper/fixed_weight_cww.v:229]
WARNING: [VRFC 10-3380] identifier 'n_minus_i' is used before its declaration [C:/Users/THUAN/Downloads/wrapper/fixed_weight_cww.v:232]
WARNING: [VRFC 10-3380] identifier 'count' is used before its declaration [C:/Users/THUAN/Downloads/wrapper/fixed_weight_cww.v:272]
INFO: [VRFC 10-2263] Analyzing Verilog file "C:/Users/THUAN/Downloads/wrapper/gf_mul.v" into library xil_defaultlib
INFO: [VRFC 10-311] analyzing module gf_mul
INFO: [VRFC 10-2263] Analyzing Verilog file "C:/Users/THUAN/Downloads/wrapper/gfmul.v" into library xil_defaultlib
INFO: [VRFC 10-311] analyzing module gfmul
INFO: [VRFC 10-2263] Analyzing Verilog file "C:/Users/THUAN/Downloads/wrapper/hqc_barrett_red.v" into library xil_defaultlib
INFO: [VRFC 10-311] analyzing module hqc_barrett_red
INFO: [VRFC 10-2263] Analyzing Verilog file "C:/Users/THUAN/Downloads/wrapper/hqc_decod_top.v" into library xil_defaultlib
INFO: [VRFC 10-311] analyzing module hqc_decod_top
INFO: [VRFC 10-2263] Analyzing Verilog file "C:/Users/THUAN/Downloads/wrapper/hqc_kem_joint_design.v" into library xil_defaultlib
INFO: [VRFC 10-311] analyzing module hqc_kem_joint_design
INFO: [VRFC 10-2263] Analyzing Verilog file "C:/Users/THUAN/Downloads/wrapper/hqc_rmdecod_ctrl.v" into library xil_defaultlib
INFO: [VRFC 10-311] analyzing module hqc_rmdecod_ctrl
INFO: [VRFC 10-2263] Analyzing Verilog file "C:/Users/THUAN/Downloads/wrapper/hqc_rmdecod_expnsum.v" into library xil_defaultlib
INFO: [VRFC 10-311] analyzing module hqc_rmdecod_expnsum
INFO: [VRFC 10-2263] Analyzing Verilog file "C:/Users/THUAN/Downloads/wrapper/hqc_rmdecod_findpeaks.v" into library xil_defaultlib
INFO: [VRFC 10-311] analyzing module hqc_rmdecod_findpeaks
INFO: [VRFC 10-311] analyzing module findpeaks_core
INFO: [VRFC 10-2263] Analyzing Verilog file "C:/Users/THUAN/Downloads/wrapper/hqc_rmdecod_hadamard.v" into library xil_defaultlib
INFO: [VRFC 10-311] analyzing module hqc_rmdecod_hadamard
INFO: [VRFC 10-311] analyzing module hadamard_layer
INFO: [VRFC 10-2263] Analyzing Verilog file "C:/Users/THUAN/Downloads/wrapper/hqc_rmdecod_top.v" into library xil_defaultlib
INFO: [VRFC 10-311] analyzing module hqc_rmdecod_top
INFO: [VRFC 10-2263] Analyzing Verilog file "C:/Users/THUAN/Downloads/wrapper/hqc_rsdecod_elp.v" into library xil_defaultlib
INFO: [VRFC 10-311] analyzing module hqc_rsdecod_elp
INFO: [VRFC 10-2263] Analyzing Verilog file "C:/Users/THUAN/Downloads/wrapper/hqc_rsdecod_err_val.v" into library xil_defaultlib
INFO: [VRFC 10-311] analyzing module hqc_rsdecod_err_val
INFO: [VRFC 10-2263] Analyzing Verilog file "C:/Users/THUAN/Downloads/wrapper/hqc_rsdecod_roots.v" into library xil_defaultlib
INFO: [VRFC 10-311] analyzing module hqc_rsdecod_roots
WARNING: [VRFC 10-3248] data object 'fft_done' is already declared [C:/Users/THUAN/Downloads/wrapper/hqc_rsdecod_roots.v:47]
WARNING: [VRFC 10-9364] second declaration of 'fft_done' is ignored [C:/Users/THUAN/Downloads/wrapper/hqc_rsdecod_roots.v:47]
INFO: [VRFC 10-2263] Analyzing Verilog file "C:/Users/THUAN/Downloads/wrapper/hqc_rsdecod_syndromes.v" into library xil_defaultlib
INFO: [VRFC 10-311] analyzing module hqc_rsdecod_syndromes
INFO: [VRFC 10-2263] Analyzing Verilog file "C:/Users/THUAN/Downloads/wrapper/hqc_rsdecod_top.v" into library xil_defaultlib
INFO: [VRFC 10-311] analyzing module hqc_rsdecod_top
INFO: [VRFC 10-2263] Analyzing Verilog file "C:/Users/THUAN/Downloads/wrapper/hqc_rsdecod_zpoly.v" into library xil_defaultlib
INFO: [VRFC 10-311] analyzing module hqc_rsdecod_zpoly
INFO: [VRFC 10-2263] Analyzing Verilog file "C:/Users/THUAN/Downloads/wrapper/karatsuba_small.v" into library xil_defaultlib
INFO: [VRFC 10-311] analyzing module karatsuba_small
INFO: [VRFC 10-2263] Analyzing Verilog file "C:/Users/THUAN/Downloads/wrapper/keccak_top.v" into library xil_defaultlib
INFO: [VRFC 10-311] analyzing module keccak_top
INFO: [VRFC 10-2263] Analyzing Verilog file "C:/Users/THUAN/Downloads/wrapper/keygen.v" into library xil_defaultlib
INFO: [VRFC 10-311] analyzing module keygen
WARNING: [VRFC 10-2938] 'pm_out' is already implicitly declared on line 390 [C:/Users/THUAN/Downloads/wrapper/keygen.v:398]
WARNING: [VRFC 10-2938] 'pm_rd_addr' is already implicitly declared on line 387 [C:/Users/THUAN/Downloads/wrapper/keygen.v:399]
WARNING: [VRFC 10-2938] 'pm_rd_en' is already implicitly declared on line 388 [C:/Users/THUAN/Downloads/wrapper/keygen.v:400]
WARNING: [VRFC 10-2938] 'add_out' is already implicitly declared on line 392 [C:/Users/THUAN/Downloads/wrapper/keygen.v:402]
WARNING: [VRFC 10-2938] 'add_out_addr' is already implicitly declared on line 393 [C:/Users/THUAN/Downloads/wrapper/keygen.v:403]
WARNING: [VRFC 10-2938] 'add_out_valid' is already implicitly declared on line 394 [C:/Users/THUAN/Downloads/wrapper/keygen.v:404]
WARNING: [VRFC 10-2938] 'x_addr_reg' is already implicitly declared on line 317 [C:/Users/THUAN/Downloads/wrapper/keygen.v:702]
WARNING: [VRFC 10-3380] identifier 'pm_out' is used before its declaration [C:/Users/THUAN/Downloads/wrapper/keygen.v:193]
WARNING: [VRFC 10-3380] identifier 'x_addr' is used before its declaration [C:/Users/THUAN/Downloads/wrapper/keygen.v:221]
WARNING: [VRFC 10-3380] identifier 'x_transfer_done' is used before its declaration [C:/Users/THUAN/Downloads/wrapper/keygen.v:490]
INFO: [VRFC 10-2263] Analyzing Verilog file "C:/Users/THUAN/Downloads/wrapper/loc_based_adder.v" into library xil_defaultlib
INFO: [VRFC 10-311] analyzing module loc_based_adder
INFO: [VRFC 10-2263] Analyzing Verilog file "C:/Users/THUAN/Downloads/wrapper/mem_dual.v" into library xil_defaultlib
INFO: [VRFC 10-311] analyzing module mem_dual
INFO: [VRFC 10-2263] Analyzing Verilog file "C:/Users/THUAN/Downloads/wrapper/mem_single.v" into library xil_defaultlib
INFO: [VRFC 10-311] analyzing module mem_single
INFO: [VRFC 10-2263] Analyzing Verilog file "C:/Users/THUAN/Downloads/wrapper/mod34.v" into library xil_defaultlib
INFO: [VRFC 10-311] analyzing module mod34
INFO: [VRFC 10-2263] Analyzing Verilog file "C:/Users/THUAN/Downloads/wrapper/onegen.v" into library xil_defaultlib
INFO: [VRFC 10-311] analyzing module onegen
INFO: [VRFC 10-2263] Analyzing Verilog file "C:/Users/THUAN/Downloads/wrapper/onegen_ct.v" into library xil_defaultlib
INFO: [VRFC 10-311] analyzing module onegen_ct
INFO: [VRFC 10-2263] Analyzing Verilog file "C:/Users/THUAN/Downloads/wrapper/poly_mult.v" into library xil_defaultlib
INFO: [VRFC 10-311] analyzing module poly_mult
WARNING: [VRFC 10-9336] redeclaration of ANSI port 'mux_word_0' is not allowed [C:/Users/THUAN/Downloads/wrapper/poly_mult.v:103]
WARNING: [VRFC 10-9336] redeclaration of ANSI port 'mux_word_1' is not allowed [C:/Users/THUAN/Downloads/wrapper/poly_mult.v:104]
WARNING: [VRFC 10-3380] identifier 'addr_0_intermediate' is used before its declaration [C:/Users/THUAN/Downloads/wrapper/poly_mult.v:218]
WARNING: [VRFC 10-3380] identifier 'addr_0_intermediate' is used before its declaration [C:/Users/THUAN/Downloads/wrapper/poly_mult.v:229]
WARNING: [VRFC 10-3380] identifier 'addr_0_intermediate' is used before its declaration [C:/Users/THUAN/Downloads/wrapper/poly_mult.v:230]
WARNING: [VRFC 10-3380] identifier 'state' is used before its declaration [C:/Users/THUAN/Downloads/wrapper/poly_mult.v:233]
INFO: [VRFC 10-2263] Analyzing Verilog file "C:/Users/THUAN/Downloads/wrapper/rc.v" into library xil_defaultlib
INFO: [VRFC 10-311] analyzing module rc
INFO: [VRFC 10-2263] Analyzing Verilog file "C:/Users/THUAN/Downloads/wrapper/reed_muller_encode.v" into library xil_defaultlib
INFO: [VRFC 10-311] analyzing module reed_muller_encode
WARNING: [VRFC 10-2938] 'wr_en' is already implicitly declared on line 93 [C:/Users/THUAN/Downloads/wrapper/reed_muller_encode.v:101]
WARNING: [VRFC 10-3380] identifier 'init' is used before its declaration [C:/Users/THUAN/Downloads/wrapper/reed_muller_encode.v:67]
WARNING: [VRFC 10-3380] identifier 'shift_cdw' is used before its declaration [C:/Users/THUAN/Downloads/wrapper/reed_muller_encode.v:70]
WARNING: [VRFC 10-3380] identifier 'count_cdw_bytes' is used before its declaration [C:/Users/THUAN/Downloads/wrapper/reed_muller_encode.v:86]
INFO: [VRFC 10-2263] Analyzing Verilog file "C:/Users/THUAN/Downloads/wrapper/reed_solomon_encode.v" into library xil_defaultlib
INFO: [VRFC 10-311] analyzing module reed_solomon_encode
WARNING: [VRFC 10-3380] identifier 'init_msg' is used before its declaration [C:/Users/THUAN/Downloads/wrapper/reed_solomon_encode.v:75]
WARNING: [VRFC 10-3380] identifier 'shift_msg' is used before its declaration [C:/Users/THUAN/Downloads/wrapper/reed_solomon_encode.v:78]
WARNING: [VRFC 10-3380] identifier 'init_msg' is used before its declaration [C:/Users/THUAN/Downloads/wrapper/reed_solomon_encode.v:88]
INFO: [VRFC 10-2263] Analyzing Verilog file "C:/Users/THUAN/Downloads/wrapper/rm_encoder.v" into library xil_defaultlib
INFO: [VRFC 10-311] analyzing module rm_encoder
INFO: [VRFC 10-2263] Analyzing Verilog file "C:/Users/THUAN/Downloads/wrapper/state_ram.v" into library xil_defaultlib
INFO: [VRFC 10-311] analyzing module state_ram
WARNING: [VRFC 10-634] event expressions must result in a singular type [C:/Users/THUAN/Downloads/wrapper/state_ram.v:122]
WARNING: [VRFC 10-634] event expressions must result in a singular type [C:/Users/THUAN/Downloads/wrapper/state_ram.v:228]
WARNING: [VRFC 10-634] event expressions must result in a singular type [C:/Users/THUAN/Downloads/wrapper/state_ram.v:278]
WARNING: [VRFC 10-634] event expressions must result in a singular type [C:/Users/THUAN/Downloads/wrapper/state_ram.v:379]
INFO: [VRFC 10-2263] Analyzing Verilog file "C:/Users/THUAN/Downloads/wrapper/stateram_inference.v" into library xil_defaultlib
INFO: [VRFC 10-311] analyzing module stateram_inference
INFO: [VRFC 10-2263] Analyzing Verilog file "C:/Users/THUAN/Downloads/wrapper/syncfifo.v" into library xil_defaultlib
INFO: [VRFC 10-311] analyzing module syncfifo
INFO: [VRFC 10-2263] Analyzing Verilog file "C:/Users/THUAN/Downloads/wrapper/transform.v" into library xil_defaultlib
INFO: [VRFC 10-311] analyzing module transform
INFO: [VRFC 10-2263] Analyzing Verilog file "C:/Users/THUAN/Downloads/wrapper/v_minus_uy.v" into library xil_defaultlib
INFO: [VRFC 10-311] analyzing module v_minus_uy
WARNING: [VRFC 10-3248] data object 'pm_out' is already declared [C:/Users/THUAN/Downloads/wrapper/v_minus_uy.v:219]
WARNING: [VRFC 10-9364] second declaration of 'pm_out' is ignored [C:/Users/THUAN/Downloads/wrapper/v_minus_uy.v:219]
WARNING: [VRFC 10-3380] identifier 'xor_add_addr' is used before its declaration [C:/Users/THUAN/Downloads/wrapper/v_minus_uy.v:145]
WARNING: [VRFC 10-3380] identifier 'xor_add_en' is used before its declaration [C:/Users/THUAN/Downloads/wrapper/v_minus_uy.v:168]
WARNING: [VRFC 10-3380] identifier 'xor_add_addr' is used before its declaration [C:/Users/THUAN/Downloads/wrapper/v_minus_uy.v:169]
WARNING: [VRFC 10-3380] identifier 'xor_add_out_valid' is used before its declaration [C:/Users/THUAN/Downloads/wrapper/v_minus_uy.v:170]
WARNING: [VRFC 10-3380] identifier 'xor_add_out_addr' is used before its declaration [C:/Users/THUAN/Downloads/wrapper/v_minus_uy.v:171]
WARNING: [VRFC 10-3380] identifier 'xor_add_out' is used before its declaration [C:/Users/THUAN/Downloads/wrapper/v_minus_uy.v:172]
INFO: [VRFC 10-2263] Analyzing Verilog file "C:/Users/THUAN/Downloads/wrapper/vect_set_random.v" into library xil_defaultlib
INFO: [VRFC 10-311] analyzing module vect_set_random
WARNING: [VRFC 10-9336] redeclaration of ANSI port 'shake_din' is not allowed [C:/Users/THUAN/Downloads/wrapper/vect_set_random.v:104]
WARNING: [VRFC 10-2938] 'rand_mem_in' is already implicitly declared on line 151 [C:/Users/THUAN/Downloads/wrapper/vect_set_random.v:167]
WARNING: [VRFC 10-2938] 'wr_en_rand' is already implicitly declared on line 155 [C:/Users/THUAN/Downloads/wrapper/vect_set_random.v:168]
WARNING: [VRFC 10-3380] identifier 'pk_rand_addr' is used before its declaration [C:/Users/THUAN/Downloads/wrapper/vect_set_random.v:146]
WARNING: [VRFC 10-3380] identifier 'pk_rand_addr' is used before its declaration [C:/Users/THUAN/Downloads/wrapper/vect_set_random.v:174]
WARNING: [VRFC 10-3380] identifier 'pk_rand_addr_reg' is used before its declaration [C:/Users/THUAN/Downloads/wrapper/vect_set_random.v:200]
WARNING: [VRFC 10-3380] identifier 'pk_rand_addr' is used before its declaration [C:/Users/THUAN/Downloads/wrapper/vect_set_random.v:201]
WARNING: [VRFC 10-3380] identifier 'pk_rand_addr' is used before its declaration [C:/Users/THUAN/Downloads/wrapper/vect_set_random.v:208]
WARNING: [VRFC 10-3380] identifier 'pk_rand_addr_reg' is used before its declaration [C:/Users/THUAN/Downloads/wrapper/vect_set_random.v:219]
INFO: [VRFC 10-2263] Analyzing Verilog file "C:/Users/THUAN/Downloads/wrapper/xor_based_adder.v" into library xil_defaultlib
INFO: [VRFC 10-311] analyzing module xor_based_adder
INFO: [VRFC 10-2263] Analyzing Verilog file "C:/Users/THUAN/Downloads/wrapper/keygen_tb.v" into library xil_defaultlib
INFO: [VRFC 10-311] analyzing module keygen_tb
run_program: Time (s): cpu = 00:00:03 ; elapsed = 00:00:19 . Memory (MB): peak = 1427.977 ; gain = 0.000
INFO: [USF-XSim-69] 'compile' step finished in '19' seconds
INFO: [USF-XSim-3] XSim::Elaborate design
INFO: [USF-XSim-61] Executing 'ELABORATE' step in 'D:/University/251/DA/wrapper/wrapper.sim/sim_1/behav/xsim'
"xelab --incr --debug typical --relax --mt 2 -L xil_defaultlib -L unisims_ver -L unimacro_ver -L secureip --snapshot keygen_tb_behav xil_defaultlib.keygen_tb xil_defaultlib.glbl -log elaborate.log"
Vivado Simulator v2022.2
Copyright 1986-1999, 2001-2022 Xilinx, Inc. All Rights Reserved.
Running: D:/Apps/Xilinx/Vivado/2022.2/bin/unwrapped/win64.o/xelab.exe --incr --debug typical --relax --mt 2 -L xil_defaultlib -L unisims_ver -L unimacro_ver -L secureip --snapshot keygen_tb_behav xil_defaultlib.keygen_tb xil_defaultlib.glbl -log elaborate.log 
Using 2 slave threads.
Starting static elaboration
Pass Through NonSizing Optimizer
WARNING: [VRFC 10-3091] actual bit length 13 differs from formal bit length 8 for port 'address_0' [C:/Users/THUAN/Downloads/wrapper/HQC_wrapper.v:58]
WARNING: [VRFC 10-3091] actual bit length 13 differs from formal bit length 8 for port 'address_1' [C:/Users/THUAN/Downloads/wrapper/HQC_wrapper.v:59]
WARNING: [VRFC 10-3091] actual bit length 13 differs from formal bit length 8 for port 'address_0' [C:/Users/THUAN/Downloads/wrapper/HQC_wrapper.v:63]
WARNING: [VRFC 10-3091] actual bit length 13 differs from formal bit length 8 for port 'address_1' [C:/Users/THUAN/Downloads/wrapper/HQC_wrapper.v:64]
WARNING: [VRFC 10-3091] actual bit length 13 differs from formal bit length 8 for port 'address_0' [C:/Users/THUAN/Downloads/wrapper/HQC_wrapper.v:68]
WARNING: [VRFC 10-3091] actual bit length 13 differs from formal bit length 8 for port 'address_1' [C:/Users/THUAN/Downloads/wrapper/HQC_wrapper.v:69]
WARNING: [VRFC 10-3091] actual bit length 13 differs from formal bit length 8 for port 'address_0' [C:/Users/THUAN/Downloads/wrapper/HQC_wrapper.v:73]
WARNING: [VRFC 10-3091] actual bit length 13 differs from formal bit length 8 for port 'address_1' [C:/Users/THUAN/Downloads/wrapper/HQC_wrapper.v:74]
WARNING: [VRFC 10-3091] actual bit length 13 differs from formal bit length 8 for port 'keygen_out_addr' [C:/Users/THUAN/Downloads/wrapper/HQC_wrapper.v:98]
WARNING: [VRFC 10-3091] actual bit length 13 differs from formal bit length 9 for port 'd_h_addr_0' [C:/Users/THUAN/Downloads/wrapper/HQC_wrapper.v:104]
WARNING: [VRFC 10-3091] actual bit length 13 differs from formal bit length 9 for port 'u_addr_0' [C:/Users/THUAN/Downloads/wrapper/HQC_wrapper.v:105]
WARNING: [VRFC 10-3091] actual bit length 32 differs from formal bit length 128 for port 'decap_out' [C:/Users/THUAN/Downloads/wrapper/HQC_wrapper.v:108]
WARNING: [VRFC 10-3091] actual bit length 13 differs from formal bit length 8 for port 'decap_out_addr' [C:/Users/THUAN/Downloads/wrapper/HQC_wrapper.v:110]
WARNING: [VRFC 10-3091] actual bit length 32 differs from formal bit length 2 for port 'm_addr' [C:/Users/THUAN/Downloads/wrapper/HQC_wrapper.v:113]
WARNING: [VRFC 10-3091] actual bit length 32 differs from formal bit length 128 for port 'decap_in' [C:/Users/THUAN/Downloads/wrapper/HQC_wrapper.v:114]
WARNING: [VRFC 10-3091] actual bit length 32 differs from formal bit length 1 for port 'start' [C:/Users/THUAN/Downloads/wrapper/hqc_kem_joint_design.v:376]
WARNING: [VRFC 10-3091] actual bit length 32 differs from formal bit length 1 for port 'wren_1' [C:/Users/THUAN/Downloads/wrapper/vect_set_random.v:156]
WARNING: [VRFC 10-3091] actual bit length 7 differs from formal bit length 16 for port 'loc_addr' [C:/Users/THUAN/Downloads/wrapper/keygen.v:376]
WARNING: [VRFC 10-3091] actual bit length 32 differs from formal bit length 8 for port 'weight' [C:/Users/THUAN/Downloads/wrapper/keygen.v:378]
WARNING: [VRFC 10-3091] actual bit length 9 differs from formal bit length 8 for port 'address_0' [C:/Users/THUAN/Downloads/wrapper/poly_mult.v:247]
WARNING: [VRFC 10-3091] actual bit length 9 differs from formal bit length 8 for port 'address_1' [C:/Users/THUAN/Downloads/wrapper/poly_mult.v:248]
WARNING: [VRFC 10-3091] actual bit length 32 differs from formal bit length 24 for port 'data_1' [C:/Users/THUAN/Downloads/wrapper/fixed_weight_ct.v:242]
WARNING: [VRFC 10-3091] actual bit length 32 differs from formal bit length 1 for port 'wren_1' [C:/Users/THUAN/Downloads/wrapper/fixed_weight_ct.v:246]
WARNING: [VRFC 10-3091] actual bit length 32 differs from formal bit length 1 for port 'start' [C:/Users/THUAN/Downloads/wrapper/hqc_kem_joint_design.v:419]
WARNING: [VRFC 10-3091] actual bit length 32 differs from formal bit length 1 for port 'u_v_in_wen' [C:/Users/THUAN/Downloads/wrapper/hqc_kem_joint_design.v:443]
WARNING: [VRFC 10-3091] actual bit length 32 differs from formal bit length 8 for port 'u_v_in_addr' [C:/Users/THUAN/Downloads/wrapper/hqc_kem_joint_design.v:444]
WARNING: [VRFC 10-3091] actual bit length 32 differs from formal bit length 1 for port 'resume_encap' [C:/Users/THUAN/Downloads/wrapper/hqc_kem_joint_design.v:446]
WARNING: [VRFC 10-3091] actual bit length 368 differs from formal bit length 240 for port 'cdw_in' [C:/Users/THUAN/Downloads/wrapper/reed_solomon_encode.v:121]
WARNING: [VRFC 10-3091] actual bit length 32 differs from formal bit length 1 for port 'start' [C:/Users/THUAN/Downloads/wrapper/reed_solomon_encode.v:108]
WARNING: [VRFC 10-3091] actual bit length 32 differs from formal bit length 1 for port 'start' [C:/Users/THUAN/Downloads/wrapper/reed_muller_encode.v:80]
WARNING: [VRFC 10-3091] actual bit length 32 differs from formal bit length 1 for port 'wr_en' [C:/Users/THUAN/Downloads/wrapper/encrypt.v:343]
WARNING: [VRFC 10-3091] actual bit length 7 differs from formal bit length 16 for port 'loc_addr' [C:/Users/THUAN/Downloads/wrapper/encrypt.v:426]
WARNING: [VRFC 10-3091] actual bit length 32 differs from formal bit length 8 for port 'weight' [C:/Users/THUAN/Downloads/wrapper/encrypt.v:428]
WARNING: [VRFC 10-3091] actual bit length 32 differs from formal bit length 1 for port 'add_wr_en' [C:/Users/THUAN/Downloads/wrapper/encrypt.v:443]
WARNING: [VRFC 10-3091] actual bit length 32 differs from formal bit length 1 for port 'start' [C:/Users/THUAN/Downloads/wrapper/hqc_kem_joint_design.v:487]
WARNING: [VRFC 10-3091] actual bit length 32 differs from formal bit length 1 for port 'dout_ready_i' [C:/Users/THUAN/Downloads/wrapper/hqc_rmdecod_top.v:81]
WARNING: [VRFC 10-3091] actual bit length 32 differs from formal bit length 1 for port 'start' [C:/Users/THUAN/Downloads/wrapper/hqc_rsdecod_elp.v:92]
WARNING: [VRFC 10-3091] actual bit length 32 differs from formal bit length 1 for port 'start' [C:/Users/THUAN/Downloads/wrapper/hqc_rsdecod_elp.v:156]
WARNING: [VRFC 10-3091] actual bit length 32 differs from formal bit length 1 for port 'start' [C:/Users/THUAN/Downloads/wrapper/hqc_rsdecod_zpoly.v:101]
WARNING: [VRFC 10-3091] actual bit length 8 differs from formal bit length 32 for port 'dout_o' [C:/Users/THUAN/Downloads/wrapper/add_fft.v:81]
WARNING: [VRFC 10-3091] actual bit length 32 differs from formal bit length 1 for port 'start' [C:/Users/THUAN/Downloads/wrapper/fft_part1.v:143]
WARNING: [VRFC 10-3091] actual bit length 32 differs from formal bit length 1 for port 'start' [C:/Users/THUAN/Downloads/wrapper/fft_leaves_butterfly.v:70]
WARNING: [VRFC 10-3091] actual bit length 32 differs from formal bit length 1 for port 'start' [C:/Users/THUAN/Downloads/wrapper/fft_part2.v:147]
WARNING: [VRFC 10-3091] actual bit length 32 differs from formal bit length 1 for port 'start' [C:/Users/THUAN/Downloads/wrapper/hqc_rsdecod_err_val.v:176]
WARNING: [VRFC 10-3091] actual bit length 32 differs from formal bit length 1 for port 'start' [C:/Users/THUAN/Downloads/wrapper/hqc_rsdecod_err_val.v:187]
WARNING: [VRFC 10-3091] actual bit length 32 differs from formal bit length 2 for port 'encap_out_type' [C:/Users/THUAN/Downloads/wrapper/decap.v:528]
WARNING: [VRFC 10-3091] actual bit length 32 differs from formal bit length 1 for port 'encap_out_en' [C:/Users/THUAN/Downloads/wrapper/decap.v:530]
WARNING: [VRFC 10-3091] actual bit length 40 differs from formal bit length 8 for port 'encap_out_addr' [C:/Users/THUAN/Downloads/wrapper/decap.v:531]
WARNING: [VRFC 10-5021] port 'encap_out_type' is not connected on this instance [C:/Users/THUAN/Downloads/wrapper/HQC_wrapper.v:84]
WARNING: [VRFC 10-5021] port 'shake_force_done_ack' is not connected on this instance [C:/Users/THUAN/Downloads/wrapper/hqc_kem_joint_design.v:414]
WARNING: [VRFC 10-8864] concatenation with an unsized literal will be treated as 32 bits [C:/Users/THUAN/Downloads/wrapper/encap.v:249]
WARNING: [VRFC 10-8864] concatenation with an unsized literal will be treated as 32 bits [C:/Users/THUAN/Downloads/wrapper/encap.v:250]
WARNING: [VRFC 10-8864] concatenation with an unsized literal will be treated as 32 bits [C:/Users/THUAN/Downloads/wrapper/encap.v:546]
WARNING: [VRFC 10-5021] port 'rst' is not connected on this instance [C:/Users/THUAN/Downloads/wrapper/reed_muller_encode.v:77]
WARNING: [VRFC 10-8864] concatenation with an unsized literal will be treated as 32 bits [C:/Users/THUAN/Downloads/wrapper/decap.v:531]
WARNING: [VRFC 10-5021] port 'shake_force_done_ack' is not connected on this instance [C:/Users/THUAN/Downloads/wrapper/decap.v:502]
Completed static elaboration
Starting simulation data flow analysis
Completed simulation data flow analysis
Time Resolution for simulation is 1ps
Compiling module xil_defaultlib.mem_dual(WIDTH=128,DEPTH=139)
Compiling module xil_defaultlib.mem_single(WIDTH=32,DEPTH=10)
Compiling module xil_defaultlib.mem_dual(WIDTH=24,DEPTH=264)
Compiling module xil_defaultlib.hqc_barrett_red_default
Compiling module xil_defaultlib.mem_single(WIDTH=15,DEPTH=66)
Compiling module xil_defaultlib.mem_dual(WIDTH=32,DEPTH=553)
Compiling module xil_defaultlib.onegen_ct(E0_DEPTH=553,DEPTH=553...
Compiling module xil_defaultlib.fixed_weight_ct(N=17669,M=15,WEI...
Compiling module xil_defaultlib.vect_set_random(N=17669)
Compiling module xil_defaultlib.poly_mult(MAX_WEIGHT=75,N=17669,...
Compiling module xil_defaultlib.loc_based_adder(WIDTH=128)
Compiling module xil_defaultlib.keygen(N=17669,CT_DESIGN=2'b01)
Compiling module xil_defaultlib.mem_single(WIDTH=32,DEPTH=4)
Compiling module xil_defaultlib.mem_single(WIDTH=32,DEPTH=16)
Compiling module xil_defaultlib.mem_dual(WIDTH=24,DEPTH=450)
Compiling module xil_defaultlib.mem_single(WIDTH=15,DEPTH=75)
Compiling module xil_defaultlib.onegen_ct(E0_DEPTH=553,DEPTH=553...
Compiling module xil_defaultlib.fixed_weight_ct(N=17669,M=15,WEI...
Compiling module xil_defaultlib.gf_mul_default
Compiling module xil_defaultlib.cdw_xor_tmp_default
Compiling module xil_defaultlib.reed_solomon_encode_default
Compiling module xil_defaultlib.rm_encoder
Compiling module xil_defaultlib.mem_single(WIDTH=128,DEPTH=46)
Compiling module xil_defaultlib.reed_muller_encode_default
Compiling module xil_defaultlib.concat_code(parameter_set="hqc12...
Compiling module xil_defaultlib.mem_single(WIDTH=128,DEPTH=139)
Compiling module xil_defaultlib.loc_based_adder(N=17669,WEIGHT=7...
Compiling module xil_defaultlib.xor_based_adder(parameter_set="h...
Compiling module xil_defaultlib.encrypt(parameter_set="hqc128",C...
Compiling module xil_defaultlib.mod34
Compiling module xil_defaultlib.mem_single(WIDTH=32,DEPTH=1143)
Compiling module xil_defaultlib.encap_default
Compiling module xil_defaultlib.v_minus_uy(parameter_set="hqc128...
Compiling module xil_defaultlib.hqc_rmdecod_expnsum_default
Compiling module xil_defaultlib.syncfifo(DW=4,AW=5)
Compiling module xil_defaultlib.hadamard_layer_default
Compiling module xil_defaultlib.syncfifo(DW=5,AW=5)
Compiling module xil_defaultlib.hadamard_layer(NN=4)
Compiling module xil_defaultlib.syncfifo(DW=6,AW=5)
Compiling module xil_defaultlib.hadamard_layer(NN=5)
Compiling module xil_defaultlib.syncfifo(DW=7,AW=5)
Compiling module xil_defaultlib.hadamard_layer(NN=6)
Compiling module xil_defaultlib.syncfifo(DW=8,AW=5)
Compiling module xil_defaultlib.hadamard_layer(NN=7)
Compiling module xil_defaultlib.syncfifo(DW=9,AW=5)
Compiling module xil_defaultlib.hadamard_layer(NN=8)
Compiling module xil_defaultlib.syncfifo(DW=10,AW=5)
Compiling module xil_defaultlib.hadamard_layer(NN=9)
Compiling module xil_defaultlib.hqc_rmdecod_hadamard_default
Compiling module xil_defaultlib.findpeaks_core(DOUT_W=7)
Compiling module xil_defaultlib.hqc_rmdecod_findpeaks_default
Compiling module xil_defaultlib.hqc_rmdecod_ctrl_default
Compiling module xil_defaultlib.hqc_rmdecod_top_default
Compiling module xil_defaultlib.gfmul(REG_IN=0)
Compiling module xil_defaultlib.hqc_rsdecod_syndromes_default
Compiling module xil_defaultlib.gfmul(REG_IN=0,REG_OUT=0)
Compiling module xil_defaultlib.hqc_rsdecod_elp_default
Compiling module xil_defaultlib.hqc_rsdecod_zpoly_default
Compiling module xil_defaultlib.fft_part1(DIN_W=256)
Compiling module xil_defaultlib.fft_leaves_butterfly
Compiling module xil_defaultlib.syncfifo(DW=8,AW=4)
Compiling module xil_defaultlib.fft_part2_round_default
Compiling module xil_defaultlib.fft_part2_round(ROUND=1)
Compiling module xil_defaultlib.syncfifo(DW=8,AW=6)
Compiling module xil_defaultlib.fft_part2_round(ROUND=2)
Compiling module xil_defaultlib.syncfifo(DW=8)
Compiling module xil_defaultlib.fft_part2_round(ROUND=3)
Compiling module xil_defaultlib.fft_part2_default
Compiling module xil_defaultlib.add_fft
Compiling module xil_defaultlib.fft_retrieve_error_poly_default
Compiling module xil_defaultlib.hqc_rsdecod_roots_default
Compiling module xil_defaultlib.hqc_rsdecod_err_val_default
Compiling module xil_defaultlib.hqc_rsdecod_top_default
Compiling module xil_defaultlib.hqc_decod_top_default
Compiling module xil_defaultlib.decrypt_default
Compiling module xil_defaultlib.decap_default
Compiling module xil_defaultlib.control_path
Compiling module xil_defaultlib.rc
Compiling module xil_defaultlib.transform
Compiling module xil_defaultlib.stateram_inference_default
Compiling module xil_defaultlib.stateram_inference(i=1)
Compiling module xil_defaultlib.stateram_inference(i=2)
Compiling module xil_defaultlib.stateram_inference(i=3)
Compiling module xil_defaultlib.stateram_inference(i=4)
Compiling module xil_defaultlib.stateram_inference(i=5)
Compiling module xil_defaultlib.stateram_inference(i=6)
Compiling module xil_defaultlib.stateram_inference(i=7)
Compiling module xil_defaultlib.stateram_inference(i=8)
Compiling module xil_defaultlib.stateram_inference(i=9)
Compiling module xil_defaultlib.stateram_inference(i=10)
Compiling module xil_defaultlib.stateram_inference(i=11)
Compiling module xil_defaultlib.stateram_inference(i=12)
Compiling module xil_defaultlib.stateram_inference(i=13)
Compiling module xil_defaultlib.stateram_inference(i=14)
Compiling module xil_defaultlib.stateram_inference(i=15)
Compiling module xil_defaultlib.stateram_inference(i=16)
Compiling module xil_defaultlib.stateram_inference(i=17)
Compiling module xil_defaultlib.stateram_inference(i=18)
Compiling module xil_defaultlib.stateram_inference(i=19)
Compiling module xil_defaultlib.stateram_inference(i=20)
Compiling module xil_defaultlib.stateram_inference(i=21)
Compiling module xil_defaultlib.stateram_inference(i=22)
Compiling module xil_defaultlib.stateram_inference(i=23)
Compiling module xil_defaultlib.stateram_inference(i=24)
Compiling module xil_defaultlib.state_ram_default
Compiling module xil_defaultlib.data_path_default
Compiling module xil_defaultlib.keccak_top
Compiling module xil_defaultlib.hqc_kem_joint_design_default
Compiling module xil_defaultlib.HQC_wrapper
Compiling module xil_defaultlib.keygen_tb
Compiling module xil_defaultlib.glbl
Built simulation snapshot keygen_tb_behav
run_program: Time (s): cpu = 00:00:02 ; elapsed = 00:00:12 . Memory (MB): peak = 1427.977 ; gain = 0.000
INFO: [USF-XSim-69] 'elaborate' step finished in '12' seconds
INFO: [USF-XSim-4] XSim::Simulate design
INFO: [USF-XSim-61] Executing 'SIMULATE' step in 'D:/University/251/DA/wrapper/wrapper.sim/sim_1/behav/xsim'
INFO: [USF-XSim-98] *** Running xsim
   with args "keygen_tb_behav -key {Behavioral:sim_1:Functional:keygen_tb} -tclbatch {keygen_tb.tcl} -log {simulate.log}"
INFO: [USF-XSim-8] Loading simulator feature
Time resolution is 1 ps
source keygen_tb.tcl
# set curr_wave [current_wave_config]
# if { [string length $curr_wave] == 0 } {
#   if { [llength [get_objects]] > 0} {
#     add_wave /
#     set_property needs_save false [current_wave_config]
#   } else {
#      send_msg_id Add_Wave-1 WARNING "No top level signals found. Simulator will start without a wave window. If you want to open a wave window go to 'File->New Waveform Configuration' or type 'create_wave_config' in the TCL console."
#   }
# }
# run 1000ns
=== STARTING TESTBENCH (SEQUENTIAL MODE) ===
DEBUG: First Line of Seed = 10101101110101010000000011011111
--- [TB] Step 1: Resetting Core ---
--- [TB] Step 2: Loading Seeds ---
--- [TB] Loading SK & PK Seeds ---
--- [TB] SK Seed Loaded. Loading PK Seed... ---
INFO: [USF-XSim-96] XSim completed. Design snapshot 'keygen_tb_behav' loaded.
INFO: [USF-XSim-97] XSim simulation ran for 1000ns
launch_simulation: Time (s): cpu = 00:00:07 ; elapsed = 00:00:34 . Memory (MB): peak = 1429.949 ; gain = 1.973
run all
--- [TB] Step 3: Triggering Start ---
--- [TB] Step 4: Polling for Done Status ---
--- [TB] Waiting... Current Status = 0 (Time:            101040000)
--- [TB] CORE DONE DETECTED! (After 1387 checks) ---
--- [TB] Step 5: Reading Public Key (S) ---
Addr 0: 8cec4000019d5dfa9e5ac3bfd626e10c
Addr 1: a76337c7f831f8d4f0792083b077ce6b
Addr 2: 4006a200c73d330a6f216b76ebd401c7
Addr 3: 290193eb707377901121387746c2d26c
Addr 4: 874f053b64da1ac07cbd22136cab5aca
--- [TB] Step 6: Reading Random Vector (Check H) ---
Addr 0: b65f6a111595a2e8bd07a1c5edd3f277
Addr 1: a66c0dd4562c715d0fbf34942532085e
Addr 2: fe792387f8747b443f5450e6f25d9dff
=== TEST FINISHED SUCCESSFULY ===
$finish called at time : 142340 ns : File "C:/Users/THUAN/Downloads/wrapper/keygen_tb.v" Line 197
close_sim
INFO: [Simtcl 6-16] Simulation closed
launch_simulation
Command: launch_simulation 
INFO: [Vivado 12-12493] Simulation top is 'keygen_tb'
WARNING: [Vivado 12-13340] Unable to auto find GCC executables from simulator install path! (path not set)
WARNING: [Vivado 12-13277] Compiled library path does not exist: ''
INFO: [Vivado 12-5682] Launching behavioral simulation in 'D:/University/251/DA/wrapper/wrapper.sim/sim_1/behav/xsim'
INFO: [SIM-utils-51] Simulation object is 'sim_1'
INFO: [SIM-utils-72] Using boost library from 'D:/Apps/Xilinx/Vivado/2022.2/tps/boost_1_72_0'
INFO: [SIM-utils-54] Inspecting design source files for 'keygen_tb' in fileset 'sim_1'...
INFO: [SIM-utils-43] Exported 'D:/University/251/DA/wrapper/wrapper.sim/sim_1/behav/xsim/barrett_hqc_128.mem'
INFO: [SIM-utils-43] Exported 'D:/University/251/DA/wrapper/wrapper.sim/sim_1/behav/xsim/barrett_hqc_192.mem'
INFO: [SIM-utils-43] Exported 'D:/University/251/DA/wrapper/wrapper.sim/sim_1/behav/xsim/barrett_hqc_256.mem'
INFO: [USF-XSim-97] Finding global include files...
INFO: [USF-XSim-98] Fetching design files from 'sim_1'...
INFO: [USF-XSim-2] XSim::Compile design
INFO: [USF-XSim-61] Executing 'COMPILE and ANALYZE' step in 'D:/University/251/DA/wrapper/wrapper.sim/sim_1/behav/xsim'
"xvlog --incr --relax -prj keygen_tb_vlog.prj"
INFO: [USF-XSim-69] 'compile' step finished in '1' seconds
INFO: [USF-XSim-3] XSim::Elaborate design
INFO: [USF-XSim-61] Executing 'ELABORATE' step in 'D:/University/251/DA/wrapper/wrapper.sim/sim_1/behav/xsim'
"xelab --incr --debug typical --relax --mt 2 -L xil_defaultlib -L unisims_ver -L unimacro_ver -L secureip --snapshot keygen_tb_behav xil_defaultlib.keygen_tb xil_defaultlib.glbl -log elaborate.log"
Vivado Simulator v2022.2
Copyright 1986-1999, 2001-2022 Xilinx, Inc. All Rights Reserved.
Running: D:/Apps/Xilinx/Vivado/2022.2/bin/unwrapped/win64.o/xelab.exe --incr --debug typical --relax --mt 2 -L xil_defaultlib -L unisims_ver -L unimacro_ver -L secureip --snapshot keygen_tb_behav xil_defaultlib.keygen_tb xil_defaultlib.glbl -log elaborate.log 
Using 2 slave threads.
Starting static elaboration
Pass Through NonSizing Optimizer
WARNING: [VRFC 10-3091] actual bit length 13 differs from formal bit length 8 for port 'address_0' [C:/Users/THUAN/Downloads/wrapper/HQC_wrapper.v:58]
WARNING: [VRFC 10-3091] actual bit length 13 differs from formal bit length 8 for port 'address_1' [C:/Users/THUAN/Downloads/wrapper/HQC_wrapper.v:59]
WARNING: [VRFC 10-3091] actual bit length 13 differs from formal bit length 8 for port 'address_0' [C:/Users/THUAN/Downloads/wrapper/HQC_wrapper.v:63]
WARNING: [VRFC 10-3091] actual bit length 13 differs from formal bit length 8 for port 'address_1' [C:/Users/THUAN/Downloads/wrapper/HQC_wrapper.v:64]
WARNING: [VRFC 10-3091] actual bit length 13 differs from formal bit length 8 for port 'address_0' [C:/Users/THUAN/Downloads/wrapper/HQC_wrapper.v:68]
WARNING: [VRFC 10-3091] actual bit length 13 differs from formal bit length 8 for port 'address_1' [C:/Users/THUAN/Downloads/wrapper/HQC_wrapper.v:69]
WARNING: [VRFC 10-3091] actual bit length 13 differs from formal bit length 8 for port 'address_0' [C:/Users/THUAN/Downloads/wrapper/HQC_wrapper.v:73]
WARNING: [VRFC 10-3091] actual bit length 13 differs from formal bit length 8 for port 'address_1' [C:/Users/THUAN/Downloads/wrapper/HQC_wrapper.v:74]
WARNING: [VRFC 10-3091] actual bit length 13 differs from formal bit length 8 for port 'keygen_out_addr' [C:/Users/THUAN/Downloads/wrapper/HQC_wrapper.v:98]
WARNING: [VRFC 10-3091] actual bit length 13 differs from formal bit length 9 for port 'd_h_addr_0' [C:/Users/THUAN/Downloads/wrapper/HQC_wrapper.v:104]
WARNING: [VRFC 10-3091] actual bit length 13 differs from formal bit length 9 for port 'u_addr_0' [C:/Users/THUAN/Downloads/wrapper/HQC_wrapper.v:105]
WARNING: [VRFC 10-3091] actual bit length 32 differs from formal bit length 128 for port 'decap_out' [C:/Users/THUAN/Downloads/wrapper/HQC_wrapper.v:108]
WARNING: [VRFC 10-3091] actual bit length 13 differs from formal bit length 8 for port 'decap_out_addr' [C:/Users/THUAN/Downloads/wrapper/HQC_wrapper.v:110]
WARNING: [VRFC 10-3091] actual bit length 32 differs from formal bit length 2 for port 'm_addr' [C:/Users/THUAN/Downloads/wrapper/HQC_wrapper.v:113]
WARNING: [VRFC 10-3091] actual bit length 32 differs from formal bit length 128 for port 'decap_in' [C:/Users/THUAN/Downloads/wrapper/HQC_wrapper.v:114]
WARNING: [VRFC 10-3091] actual bit length 32 differs from formal bit length 1 for port 'start' [C:/Users/THUAN/Downloads/wrapper/hqc_kem_joint_design.v:376]
WARNING: [VRFC 10-3091] actual bit length 32 differs from formal bit length 1 for port 'wren_1' [C:/Users/THUAN/Downloads/wrapper/vect_set_random.v:156]
WARNING: [VRFC 10-3091] actual bit length 7 differs from formal bit length 16 for port 'loc_addr' [C:/Users/THUAN/Downloads/wrapper/keygen.v:376]
WARNING: [VRFC 10-3091] actual bit length 32 differs from formal bit length 8 for port 'weight' [C:/Users/THUAN/Downloads/wrapper/keygen.v:378]
WARNING: [VRFC 10-3091] actual bit length 9 differs from formal bit length 8 for port 'address_0' [C:/Users/THUAN/Downloads/wrapper/poly_mult.v:247]
WARNING: [VRFC 10-3091] actual bit length 9 differs from formal bit length 8 for port 'address_1' [C:/Users/THUAN/Downloads/wrapper/poly_mult.v:248]
WARNING: [VRFC 10-3091] actual bit length 32 differs from formal bit length 24 for port 'data_1' [C:/Users/THUAN/Downloads/wrapper/fixed_weight_ct.v:242]
WARNING: [VRFC 10-3091] actual bit length 32 differs from formal bit length 1 for port 'wren_1' [C:/Users/THUAN/Downloads/wrapper/fixed_weight_ct.v:246]
WARNING: [VRFC 10-3091] actual bit length 32 differs from formal bit length 1 for port 'start' [C:/Users/THUAN/Downloads/wrapper/hqc_kem_joint_design.v:419]
WARNING: [VRFC 10-3091] actual bit length 32 differs from formal bit length 1 for port 'u_v_in_wen' [C:/Users/THUAN/Downloads/wrapper/hqc_kem_joint_design.v:443]
WARNING: [VRFC 10-3091] actual bit length 32 differs from formal bit length 8 for port 'u_v_in_addr' [C:/Users/THUAN/Downloads/wrapper/hqc_kem_joint_design.v:444]
WARNING: [VRFC 10-3091] actual bit length 32 differs from formal bit length 1 for port 'resume_encap' [C:/Users/THUAN/Downloads/wrapper/hqc_kem_joint_design.v:446]
WARNING: [VRFC 10-3091] actual bit length 368 differs from formal bit length 240 for port 'cdw_in' [C:/Users/THUAN/Downloads/wrapper/reed_solomon_encode.v:121]
WARNING: [VRFC 10-3091] actual bit length 32 differs from formal bit length 1 for port 'start' [C:/Users/THUAN/Downloads/wrapper/reed_solomon_encode.v:108]
WARNING: [VRFC 10-3091] actual bit length 32 differs from formal bit length 1 for port 'start' [C:/Users/THUAN/Downloads/wrapper/reed_muller_encode.v:80]
WARNING: [VRFC 10-3091] actual bit length 32 differs from formal bit length 1 for port 'wr_en' [C:/Users/THUAN/Downloads/wrapper/encrypt.v:343]
WARNING: [VRFC 10-3091] actual bit length 7 differs from formal bit length 16 for port 'loc_addr' [C:/Users/THUAN/Downloads/wrapper/encrypt.v:426]
WARNING: [VRFC 10-3091] actual bit length 32 differs from formal bit length 8 for port 'weight' [C:/Users/THUAN/Downloads/wrapper/encrypt.v:428]
WARNING: [VRFC 10-3091] actual bit length 32 differs from formal bit length 1 for port 'add_wr_en' [C:/Users/THUAN/Downloads/wrapper/encrypt.v:443]
WARNING: [VRFC 10-3091] actual bit length 32 differs from formal bit length 1 for port 'start' [C:/Users/THUAN/Downloads/wrapper/hqc_kem_joint_design.v:487]
WARNING: [VRFC 10-3091] actual bit length 32 differs from formal bit length 1 for port 'dout_ready_i' [C:/Users/THUAN/Downloads/wrapper/hqc_rmdecod_top.v:81]
WARNING: [VRFC 10-3091] actual bit length 32 differs from formal bit length 1 for port 'start' [C:/Users/THUAN/Downloads/wrapper/hqc_rsdecod_elp.v:92]
WARNING: [VRFC 10-3091] actual bit length 32 differs from formal bit length 1 for port 'start' [C:/Users/THUAN/Downloads/wrapper/hqc_rsdecod_elp.v:156]
WARNING: [VRFC 10-3091] actual bit length 32 differs from formal bit length 1 for port 'start' [C:/Users/THUAN/Downloads/wrapper/hqc_rsdecod_zpoly.v:101]
WARNING: [VRFC 10-3091] actual bit length 8 differs from formal bit length 32 for port 'dout_o' [C:/Users/THUAN/Downloads/wrapper/add_fft.v:81]
WARNING: [VRFC 10-3091] actual bit length 32 differs from formal bit length 1 for port 'start' [C:/Users/THUAN/Downloads/wrapper/fft_part1.v:143]
WARNING: [VRFC 10-3091] actual bit length 32 differs from formal bit length 1 for port 'start' [C:/Users/THUAN/Downloads/wrapper/fft_leaves_butterfly.v:70]
WARNING: [VRFC 10-3091] actual bit length 32 differs from formal bit length 1 for port 'start' [C:/Users/THUAN/Downloads/wrapper/fft_part2.v:147]
WARNING: [VRFC 10-3091] actual bit length 32 differs from formal bit length 1 for port 'start' [C:/Users/THUAN/Downloads/wrapper/hqc_rsdecod_err_val.v:176]
WARNING: [VRFC 10-3091] actual bit length 32 differs from formal bit length 1 for port 'start' [C:/Users/THUAN/Downloads/wrapper/hqc_rsdecod_err_val.v:187]
WARNING: [VRFC 10-3091] actual bit length 32 differs from formal bit length 2 for port 'encap_out_type' [C:/Users/THUAN/Downloads/wrapper/decap.v:528]
WARNING: [VRFC 10-3091] actual bit length 32 differs from formal bit length 1 for port 'encap_out_en' [C:/Users/THUAN/Downloads/wrapper/decap.v:530]
WARNING: [VRFC 10-3091] actual bit length 40 differs from formal bit length 8 for port 'encap_out_addr' [C:/Users/THUAN/Downloads/wrapper/decap.v:531]
WARNING: [VRFC 10-5021] port 'encap_out_type' is not connected on this instance [C:/Users/THUAN/Downloads/wrapper/HQC_wrapper.v:84]
WARNING: [VRFC 10-5021] port 'shake_force_done_ack' is not connected on this instance [C:/Users/THUAN/Downloads/wrapper/hqc_kem_joint_design.v:414]
WARNING: [VRFC 10-8864] concatenation with an unsized literal will be treated as 32 bits [C:/Users/THUAN/Downloads/wrapper/encap.v:249]
WARNING: [VRFC 10-8864] concatenation with an unsized literal will be treated as 32 bits [C:/Users/THUAN/Downloads/wrapper/encap.v:250]
WARNING: [VRFC 10-8864] concatenation with an unsized literal will be treated as 32 bits [C:/Users/THUAN/Downloads/wrapper/encap.v:546]
WARNING: [VRFC 10-5021] port 'rst' is not connected on this instance [C:/Users/THUAN/Downloads/wrapper/reed_muller_encode.v:77]
WARNING: [VRFC 10-8864] concatenation with an unsized literal will be treated as 32 bits [C:/Users/THUAN/Downloads/wrapper/decap.v:531]
WARNING: [VRFC 10-5021] port 'shake_force_done_ack' is not connected on this instance [C:/Users/THUAN/Downloads/wrapper/decap.v:502]
Completed static elaboration
INFO: [XSIM 43-4323] No Change in HDL. Linking previously generated obj files to create kernel
INFO: [USF-XSim-69] 'elaborate' step finished in '3' seconds
INFO: [USF-XSim-4] XSim::Simulate design
INFO: [USF-XSim-61] Executing 'SIMULATE' step in 'D:/University/251/DA/wrapper/wrapper.sim/sim_1/behav/xsim'
INFO: [USF-XSim-98] *** Running xsim
   with args "keygen_tb_behav -key {Behavioral:sim_1:Functional:keygen_tb} -tclbatch {keygen_tb.tcl} -log {simulate.log}"
INFO: [USF-XSim-8] Loading simulator feature
Time resolution is 1 ps
source keygen_tb.tcl
# set curr_wave [current_wave_config]
# if { [string length $curr_wave] == 0 } {
#   if { [llength [get_objects]] > 0} {
#     add_wave /
#     set_property needs_save false [current_wave_config]
#   } else {
#      send_msg_id Add_Wave-1 WARNING "No top level signals found. Simulator will start without a wave window. If you want to open a wave window go to 'File->New Waveform Configuration' or type 'create_wave_config' in the TCL console."
#   }
# }
# run 1000ns
=== STARTING TESTBENCH (SEQUENTIAL MODE) ===
DEBUG: First Line of Seed = 10101101110101010000000011011111
--- [TB] Step 1: Resetting Core ---
--- [TB] Step 2: Loading Seeds ---
--- [TB] Loading SK & PK Seeds ---
--- [TB] SK Seed Loaded. Loading PK Seed... ---
INFO: [USF-XSim-96] XSim completed. Design snapshot 'keygen_tb_behav' loaded.
INFO: [USF-XSim-97] XSim simulation ran for 1000ns
launch_simulation: Time (s): cpu = 00:00:04 ; elapsed = 00:00:09 . Memory (MB): peak = 1432.266 ; gain = 2.316
run all
--- [TB] Step 3: Triggering Start ---
--- [TB] Step 4: Polling for Done Status ---
--- [TB] Waiting... Current Status = 0 (Time:            101040000)
--- [TB] CORE DONE DETECTED! (After 1387 checks) ---
--- [TB] Step 5: Reading Public Key (S) ---
Addr 0: 8cec4000019d5dfa9e5ac3bfd626e10c
Addr 1: a76337c7f831f8d4f0792083b077ce6b
Addr 2: 4006a200c73d330a6f216b76ebd401c7
Addr 3: 290193eb707377901121387746c2d26c
Addr 4: 874f053b64da1ac07cbd22136cab5aca
--- [TB] Step 6: Reading Random Vector (Check H) ---
Addr 0: b65f6a111595a2e8bd07a1c5edd3f277
Addr 1: a66c0dd4562c715d0fbf34942532085e
Addr 2: fe792387f8747b443f5450e6f25d9dff
=== TEST FINISHED SUCCESSFULY ===
$finish called at time : 142340 ns : File "C:/Users/THUAN/Downloads/wrapper/keygen_tb.v" Line 197
close_sim
INFO: [Simtcl 6-16] Simulation closed
launch_simulation
Command: launch_simulation 
INFO: [Vivado 12-12493] Simulation top is 'keygen_tb'
WARNING: [Vivado 12-13340] Unable to auto find GCC executables from simulator install path! (path not set)
WARNING: [Vivado 12-13277] Compiled library path does not exist: ''
INFO: [Vivado 12-5682] Launching behavioral simulation in 'D:/University/251/DA/wrapper/wrapper.sim/sim_1/behav/xsim'
INFO: [SIM-utils-51] Simulation object is 'sim_1'
INFO: [SIM-utils-72] Using boost library from 'D:/Apps/Xilinx/Vivado/2022.2/tps/boost_1_72_0'
INFO: [SIM-utils-54] Inspecting design source files for 'keygen_tb' in fileset 'sim_1'...
INFO: [SIM-utils-43] Exported 'D:/University/251/DA/wrapper/wrapper.sim/sim_1/behav/xsim/barrett_hqc_128.mem'
INFO: [SIM-utils-43] Exported 'D:/University/251/DA/wrapper/wrapper.sim/sim_1/behav/xsim/barrett_hqc_192.mem'
INFO: [SIM-utils-43] Exported 'D:/University/251/DA/wrapper/wrapper.sim/sim_1/behav/xsim/barrett_hqc_256.mem'
INFO: [USF-XSim-97] Finding global include files...
INFO: [USF-XSim-98] Fetching design files from 'sim_1'...
INFO: [USF-XSim-2] XSim::Compile design
INFO: [USF-XSim-61] Executing 'COMPILE and ANALYZE' step in 'D:/University/251/DA/wrapper/wrapper.sim/sim_1/behav/xsim'
"xvlog --incr --relax -prj keygen_tb_vlog.prj"
INFO: [VRFC 10-2263] Analyzing Verilog file "C:/Users/THUAN/Downloads/wrapper/keygen_tb.v" into library xil_defaultlib
INFO: [VRFC 10-311] analyzing module keygen_tb
INFO: [USF-XSim-69] 'compile' step finished in '1' seconds
INFO: [USF-XSim-3] XSim::Elaborate design
INFO: [USF-XSim-61] Executing 'ELABORATE' step in 'D:/University/251/DA/wrapper/wrapper.sim/sim_1/behav/xsim'
"xelab --incr --debug typical --relax --mt 2 -L xil_defaultlib -L unisims_ver -L unimacro_ver -L secureip --snapshot keygen_tb_behav xil_defaultlib.keygen_tb xil_defaultlib.glbl -log elaborate.log"
Vivado Simulator v2022.2
Copyright 1986-1999, 2001-2022 Xilinx, Inc. All Rights Reserved.
Running: D:/Apps/Xilinx/Vivado/2022.2/bin/unwrapped/win64.o/xelab.exe --incr --debug typical --relax --mt 2 -L xil_defaultlib -L unisims_ver -L unimacro_ver -L secureip --snapshot keygen_tb_behav xil_defaultlib.keygen_tb xil_defaultlib.glbl -log elaborate.log 
Using 2 slave threads.
Starting static elaboration
Pass Through NonSizing Optimizer
ERROR: [VRFC 10-2063] Module <kria_hqc_universal_wrapper> not found while processing module instance <DUT> [C:/Users/THUAN/Downloads/wrapper/keygen_tb.v:26]
ERROR: [XSIM 43-3322] Static elaboration of top level Verilog design unit(s) in library work failed.
INFO: [USF-XSim-69] 'elaborate' step finished in '1' seconds
INFO: [USF-XSim-99] Step results log file:'D:/University/251/DA/wrapper/wrapper.sim/sim_1/behav/xsim/elaborate.log'
ERROR: [USF-XSim-62] 'elaborate' step failed with error(s). Please check the Tcl console output or 'D:/University/251/DA/wrapper/wrapper.sim/sim_1/behav/xsim/elaborate.log' file for more information.
ERROR: [Vivado 12-4473] Detected error while running simulation. Please correct the issue and retry this operation.
ERROR: [Common 17-39] 'launch_simulation' failed due to earlier errors.
launch_simulation
Command: launch_simulation 
INFO: [Vivado 12-12493] Simulation top is 'keygen_tb'
WARNING: [Vivado 12-13340] Unable to auto find GCC executables from simulator install path! (path not set)
WARNING: [Vivado 12-13277] Compiled library path does not exist: ''
INFO: [Vivado 12-5682] Launching behavioral simulation in 'D:/University/251/DA/wrapper/wrapper.sim/sim_1/behav/xsim'
INFO: [SIM-utils-51] Simulation object is 'sim_1'
INFO: [SIM-utils-72] Using boost library from 'D:/Apps/Xilinx/Vivado/2022.2/tps/boost_1_72_0'
INFO: [SIM-utils-54] Inspecting design source files for 'keygen_tb' in fileset 'sim_1'...
INFO: [SIM-utils-43] Exported 'D:/University/251/DA/wrapper/wrapper.sim/sim_1/behav/xsim/barrett_hqc_128.mem'
INFO: [SIM-utils-43] Exported 'D:/University/251/DA/wrapper/wrapper.sim/sim_1/behav/xsim/barrett_hqc_192.mem'
INFO: [SIM-utils-43] Exported 'D:/University/251/DA/wrapper/wrapper.sim/sim_1/behav/xsim/barrett_hqc_256.mem'
INFO: [USF-XSim-97] Finding global include files...
INFO: [USF-XSim-98] Fetching design files from 'sim_1'...
INFO: [USF-XSim-2] XSim::Compile design
INFO: [USF-XSim-61] Executing 'COMPILE and ANALYZE' step in 'D:/University/251/DA/wrapper/wrapper.sim/sim_1/behav/xsim'
"xvlog --incr --relax -prj keygen_tb_vlog.prj"
INFO: [VRFC 10-2263] Analyzing Verilog file "C:/Users/THUAN/Downloads/wrapper/HQC_wrapper.v" into library xil_defaultlib
INFO: [VRFC 10-311] analyzing module HQC_wrapper
INFO: [VRFC 10-2263] Analyzing Verilog file "C:/Users/THUAN/Downloads/wrapper/add_fft.v" into library xil_defaultlib
INFO: [VRFC 10-311] analyzing module add_fft
INFO: [VRFC 10-2263] Analyzing Verilog file "C:/Users/THUAN/Downloads/wrapper/barrett_red_gen.v" into library xil_defaultlib
INFO: [VRFC 10-311] analyzing module barrett_red_gen
INFO: [VRFC 10-2263] Analyzing Verilog file "C:/Users/THUAN/Downloads/wrapper/cdw_xor_tmp.v" into library xil_defaultlib
INFO: [VRFC 10-311] analyzing module cdw_xor_tmp
INFO: [VRFC 10-2263] Analyzing Verilog file "C:/Users/THUAN/Downloads/wrapper/concat_code.v" into library xil_defaultlib
INFO: [VRFC 10-311] analyzing module concat_code
INFO: [VRFC 10-2263] Analyzing Verilog file "C:/Users/THUAN/Downloads/wrapper/control_path.v" into library xil_defaultlib
INFO: [VRFC 10-311] analyzing module control_path
INFO: [VRFC 10-2263] Analyzing Verilog file "C:/Users/THUAN/Downloads/wrapper/data_path.v" into library xil_defaultlib
INFO: [VRFC 10-311] analyzing module data_path
INFO: [VRFC 10-2263] Analyzing Verilog file "C:/Users/THUAN/Downloads/wrapper/decap.v" into library xil_defaultlib
INFO: [VRFC 10-311] analyzing module decap
WARNING: [VRFC 10-2938] 'start_decrypt' is already implicitly declared on line 358 [C:/Users/THUAN/Downloads/wrapper/decap.v:864]
WARNING: [VRFC 10-2938] 'done_decrypt' is already implicitly declared on line 360 [C:/Users/THUAN/Downloads/wrapper/decap.v:865]
WARNING: [VRFC 10-2938] 'start_encap' is already implicitly declared on line 507 [C:/Users/THUAN/Downloads/wrapper/decap.v:866]
WARNING: [VRFC 10-2938] 'done_encrypt' is already implicitly declared on line 538 [C:/Users/THUAN/Downloads/wrapper/decap.v:867]
WARNING: [VRFC 10-3380] identifier 'dec_uv' is used before its declaration [C:/Users/THUAN/Downloads/wrapper/decap.v:334]
WARNING: [VRFC 10-3380] identifier 'uv_addr_1_dec' is used before its declaration [C:/Users/THUAN/Downloads/wrapper/decap.v:335]
WARNING: [VRFC 10-3380] identifier 'dec_uv' is used before its declaration [C:/Users/THUAN/Downloads/wrapper/decap.v:337]
WARNING: [VRFC 10-3380] identifier 'uv_addr_1_dec' is used before its declaration [C:/Users/THUAN/Downloads/wrapper/decap.v:338]
WARNING: [VRFC 10-3380] identifier 'verify_u_reg' is used before its declaration [C:/Users/THUAN/Downloads/wrapper/decap.v:397]
WARNING: [VRFC 10-3380] identifier 'verify_v' is used before its declaration [C:/Users/THUAN/Downloads/wrapper/decap.v:411]
WARNING: [VRFC 10-3380] identifier 'verify_d' is used before its declaration [C:/Users/THUAN/Downloads/wrapper/decap.v:424]
INFO: [VRFC 10-2263] Analyzing Verilog file "C:/Users/THUAN/Downloads/wrapper/decrypt.v" into library xil_defaultlib
INFO: [VRFC 10-311] analyzing module decrypt
WARNING: [VRFC 10-2938] 'ram_din_rd_o' is already implicitly declared on line 168 [C:/Users/THUAN/Downloads/wrapper/decrypt.v:191]
WARNING: [VRFC 10-2938] 'ram_din_i' is already implicitly declared on line 170 [C:/Users/THUAN/Downloads/wrapper/decrypt.v:192]
WARNING: [VRFC 10-2938] 'ram_din_addr_o' is already implicitly declared on line 169 [C:/Users/THUAN/Downloads/wrapper/decrypt.v:193]
WARNING: [VRFC 10-2938] 'done_u_minus_vy' is already implicitly declared on line 157 [C:/Users/THUAN/Downloads/wrapper/decrypt.v:194]
INFO: [VRFC 10-2263] Analyzing Verilog file "C:/Users/THUAN/Downloads/wrapper/encap.v" into library xil_defaultlib
INFO: [VRFC 10-311] analyzing module encap
WARNING: [VRFC 10-2938] 'count_hash_inputs' is already implicitly declared on line 539 [C:/Users/THUAN/Downloads/wrapper/encap.v:557]
WARNING: [VRFC 10-3380] identifier 'd_out' is used before its declaration [C:/Users/THUAN/Downloads/wrapper/encap.v:250]
WARNING: [VRFC 10-8864] concatenation with an unsized literal will be treated as 32 bits [C:/Users/THUAN/Downloads/wrapper/encap.v:249]
WARNING: [VRFC 10-8864] concatenation with an unsized literal will be treated as 32 bits [C:/Users/THUAN/Downloads/wrapper/encap.v:250]
WARNING: [VRFC 10-3380] identifier 'sel_uv' is used before its declaration [C:/Users/THUAN/Downloads/wrapper/encap.v:328]
WARNING: [VRFC 10-3380] identifier 'u_v_reg' is used before its declaration [C:/Users/THUAN/Downloads/wrapper/encap.v:506]
WARNING: [VRFC 10-3380] identifier 'u_v_reg' is used before its declaration [C:/Users/THUAN/Downloads/wrapper/encap.v:507]
WARNING: [VRFC 10-3380] identifier 'last_block_capture' is used before its declaration [C:/Users/THUAN/Downloads/wrapper/encap.v:515]
WARNING: [VRFC 10-3380] identifier 'block_capture' is used before its declaration [C:/Users/THUAN/Downloads/wrapper/encap.v:518]
WARNING: [VRFC 10-3380] identifier 'count_hash_inputs_test' is used before its declaration [C:/Users/THUAN/Downloads/wrapper/encap.v:527]
WARNING: [VRFC 10-3380] identifier 'count_hash_inputs_test' is used before its declaration [C:/Users/THUAN/Downloads/wrapper/encap.v:530]
WARNING: [VRFC 10-8864] concatenation with an unsized literal will be treated as 32 bits [C:/Users/THUAN/Downloads/wrapper/encap.v:546]
WARNING: [VRFC 10-3380] identifier 'total_shake_input_count' is used before its declaration [C:/Users/THUAN/Downloads/wrapper/encap.v:597]
WARNING: [VRFC 10-3380] identifier 'total_shake_input_count' is used before its declaration [C:/Users/THUAN/Downloads/wrapper/encap.v:626]
WARNING: [VRFC 10-3380] identifier 'total_shake_input_count' is used before its declaration [C:/Users/THUAN/Downloads/wrapper/encap.v:847]
WARNING: [VRFC 10-3380] identifier 'start_hash' is used before its declaration [C:/Users/THUAN/Downloads/wrapper/encap.v:1102]
WARNING: [VRFC 10-3380] identifier 'start_hash' is used before its declaration [C:/Users/THUAN/Downloads/wrapper/encap.v:1118]
WARNING: [VRFC 10-3380] identifier 'start_hash' is used before its declaration [C:/Users/THUAN/Downloads/wrapper/encap.v:1133]
WARNING: [VRFC 10-3380] identifier 'start_hash' is used before its declaration [C:/Users/THUAN/Downloads/wrapper/encap.v:1173]
WARNING: [VRFC 10-3380] identifier 'start_hash' is used before its declaration [C:/Users/THUAN/Downloads/wrapper/encap.v:1186]
WARNING: [VRFC 10-3380] identifier 'start_hash' is used before its declaration [C:/Users/THUAN/Downloads/wrapper/encap.v:1213]
WARNING: [VRFC 10-3380] identifier 'start_hash' is used before its declaration [C:/Users/THUAN/Downloads/wrapper/encap.v:1223]
WARNING: [VRFC 10-3380] identifier 'start_hash' is used before its declaration [C:/Users/THUAN/Downloads/wrapper/encap.v:1240]
WARNING: [VRFC 10-3380] identifier 'start_hash' is used before its declaration [C:/Users/THUAN/Downloads/wrapper/encap.v:1252]
WARNING: [VRFC 10-3380] identifier 'start_hash' is used before its declaration [C:/Users/THUAN/Downloads/wrapper/encap.v:1264]
WARNING: [VRFC 10-3380] identifier 'start_hash' is used before its declaration [C:/Users/THUAN/Downloads/wrapper/encap.v:1281]
WARNING: [VRFC 10-3380] identifier 'start_hash' is used before its declaration [C:/Users/THUAN/Downloads/wrapper/encap.v:1310]
WARNING: [VRFC 10-3380] identifier 'start_hash' is used before its declaration [C:/Users/THUAN/Downloads/wrapper/encap.v:1333]
WARNING: [VRFC 10-3380] identifier 'start_hash' is used before its declaration [C:/Users/THUAN/Downloads/wrapper/encap.v:1353]
WARNING: [VRFC 10-3380] identifier 'start_hash' is used before its declaration [C:/Users/THUAN/Downloads/wrapper/encap.v:1400]
WARNING: [VRFC 10-3380] identifier 'start_hash' is used before its declaration [C:/Users/THUAN/Downloads/wrapper/encap.v:1422]
WARNING: [VRFC 10-3380] identifier 'start_hash' is used before its declaration [C:/Users/THUAN/Downloads/wrapper/encap.v:1444]
WARNING: [VRFC 10-3380] identifier 'start_hash' is used before its declaration [C:/Users/THUAN/Downloads/wrapper/encap.v:1471]
WARNING: [VRFC 10-3380] identifier 'start_hash' is used before its declaration [C:/Users/THUAN/Downloads/wrapper/encap.v:1476]
WARNING: [VRFC 10-3380] identifier 'start_hash' is used before its declaration [C:/Users/THUAN/Downloads/wrapper/encap.v:1487]
WARNING: [VRFC 10-3380] identifier 'start_hash' is used before its declaration [C:/Users/THUAN/Downloads/wrapper/encap.v:1503]
WARNING: [VRFC 10-3380] identifier 'start_hash' is used before its declaration [C:/Users/THUAN/Downloads/wrapper/encap.v:1513]
INFO: [VRFC 10-2263] Analyzing Verilog file "C:/Users/THUAN/Downloads/wrapper/encrypt.v" into library xil_defaultlib
INFO: [VRFC 10-311] analyzing module encrypt
WARNING: [VRFC 10-2938] 'r1_internal' is already implicitly declared on line 325 [C:/Users/THUAN/Downloads/wrapper/encrypt.v:352]
WARNING: [VRFC 10-2938] 'r2_internal' is already implicitly declared on line 334 [C:/Users/THUAN/Downloads/wrapper/encrypt.v:353]
WARNING: [VRFC 10-2938] 'loc_addr' is already implicitly declared on line 332 [C:/Users/THUAN/Downloads/wrapper/encrypt.v:355]
WARNING: [VRFC 10-2938] 'pm_out' is already implicitly declared on line 341 [C:/Users/THUAN/Downloads/wrapper/encrypt.v:356]
WARNING: [VRFC 10-3248] data object 'pm_out' is already declared [C:/Users/THUAN/Downloads/wrapper/encrypt.v:447]
WARNING: [VRFC 10-9364] second declaration of 'pm_out' is ignored [C:/Users/THUAN/Downloads/wrapper/encrypt.v:447]
WARNING: [VRFC 10-2938] 'pm_rd_addr' is already implicitly declared on line 437 [C:/Users/THUAN/Downloads/wrapper/encrypt.v:448]
WARNING: [VRFC 10-2938] 'pm_rd_en' is already implicitly declared on line 438 [C:/Users/THUAN/Downloads/wrapper/encrypt.v:449]
WARNING: [VRFC 10-2938] 'add_out' is already implicitly declared on line 441 [C:/Users/THUAN/Downloads/wrapper/encrypt.v:451]
WARNING: [VRFC 10-2938] 'add_out_addr' is already implicitly declared on line 442 [C:/Users/THUAN/Downloads/wrapper/encrypt.v:452]
WARNING: [VRFC 10-2938] 'add_out_valid' is already implicitly declared on line 443 [C:/Users/THUAN/Downloads/wrapper/encrypt.v:453]
WARNING: [VRFC 10-2938] 'xor_add_en' is already implicitly declared on line 313 [C:/Users/THUAN/Downloads/wrapper/encrypt.v:487]
WARNING: [VRFC 10-2938] 'xor_add_addr' is already implicitly declared on line 437 [C:/Users/THUAN/Downloads/wrapper/encrypt.v:488]
WARNING: [VRFC 10-2938] 'xor_add_out' is already implicitly declared on line 441 [C:/Users/THUAN/Downloads/wrapper/encrypt.v:490]
WARNING: [VRFC 10-2938] 'xor_add_out_addr' is already implicitly declared on line 442 [C:/Users/THUAN/Downloads/wrapper/encrypt.v:491]
WARNING: [VRFC 10-2938] 'xor_add_out_valid' is already implicitly declared on line 443 [C:/Users/THUAN/Downloads/wrapper/encrypt.v:492]
WARNING: [VRFC 10-2938] 'en_r1' is already implicitly declared on line 324 [C:/Users/THUAN/Downloads/wrapper/encrypt.v:528]
WARNING: [VRFC 10-2938] 'en_r2' is already implicitly declared on line 333 [C:/Users/THUAN/Downloads/wrapper/encrypt.v:529]
WARNING: [VRFC 10-2096] empty statement in sequential block [C:/Users/THUAN/Downloads/wrapper/encrypt.v:557]
WARNING: [VRFC 10-2938] 'wen_fw' is already implicitly declared on line 324 [C:/Users/THUAN/Downloads/wrapper/encrypt.v:687]
WARNING: [VRFC 10-3248] data object 'sel_fw' is already declared [C:/Users/THUAN/Downloads/wrapper/encrypt.v:687]
WARNING: [VRFC 10-9364] second declaration of 'sel_fw' is ignored [C:/Users/THUAN/Downloads/wrapper/encrypt.v:687]
WARNING: [VRFC 10-2938] 'fw_addr_reg' is already implicitly declared on line 323 [C:/Users/THUAN/Downloads/wrapper/encrypt.v:694]
WARNING: [VRFC 10-2938] 'u_cpy_addr' is already implicitly declared on line 437 [C:/Users/THUAN/Downloads/wrapper/encrypt.v:793]
WARNING: [VRFC 10-2938] 'wen_u' is already implicitly declared on line 343 [C:/Users/THUAN/Downloads/wrapper/encrypt.v:794]
WARNING: [VRFC 10-2938] 'copy_u' is already implicitly declared on line 437 [C:/Users/THUAN/Downloads/wrapper/encrypt.v:795]
WARNING: [VRFC 10-2938] 'sel_r1_hr2' is already implicitly declared on line 470 [C:/Users/THUAN/Downloads/wrapper/encrypt.v:796]
WARNING: [VRFC 10-3380] identifier 'rd_fw' is used before its declaration [C:/Users/THUAN/Downloads/wrapper/encrypt.v:180]
WARNING: [VRFC 10-3380] identifier 'fw_addr' is used before its declaration [C:/Users/THUAN/Downloads/wrapper/encrypt.v:182]
WARNING: [VRFC 10-3380] identifier 'sel_e' is used before its declaration [C:/Users/THUAN/Downloads/wrapper/encrypt.v:183]
WARNING: [VRFC 10-3380] identifier 'pm_out' is used before its declaration [C:/Users/THUAN/Downloads/wrapper/encrypt.v:298]
WARNING: [VRFC 10-3380] identifier 'r2_done' is used before its declaration [C:/Users/THUAN/Downloads/wrapper/encrypt.v:543]
WARNING: [VRFC 10-3380] identifier 'start_fw_transfer' is used before its declaration [C:/Users/THUAN/Downloads/wrapper/encrypt.v:549]
WARNING: [VRFC 10-3380] identifier 'r2_done' is used before its declaration [C:/Users/THUAN/Downloads/wrapper/encrypt.v:560]
WARNING: [VRFC 10-3380] identifier 'start_fw_transfer' is used before its declaration [C:/Users/THUAN/Downloads/wrapper/encrypt.v:565]
WARNING: [VRFC 10-3380] identifier 'r2_done' is used before its declaration [C:/Users/THUAN/Downloads/wrapper/encrypt.v:579]
WARNING: [VRFC 10-3380] identifier 'start_fw_transfer' is used before its declaration [C:/Users/THUAN/Downloads/wrapper/encrypt.v:584]
WARNING: [VRFC 10-3380] identifier 'start_fw_transfer' is used before its declaration [C:/Users/THUAN/Downloads/wrapper/encrypt.v:597]
WARNING: [VRFC 10-3380] identifier 'start_fw_transfer' is used before its declaration [C:/Users/THUAN/Downloads/wrapper/encrypt.v:605]
WARNING: [VRFC 10-3380] identifier 'done_fw_transfer' is used before its declaration [C:/Users/THUAN/Downloads/wrapper/encrypt.v:606]
WARNING: [VRFC 10-3380] identifier 'r2_done' is used before its declaration [C:/Users/THUAN/Downloads/wrapper/encrypt.v:614]
WARNING: [VRFC 10-3380] identifier 'done_fw_transfer' is used before its declaration [C:/Users/THUAN/Downloads/wrapper/encrypt.v:616]
WARNING: [VRFC 10-3380] identifier 'start_fw_transfer' is used before its declaration [C:/Users/THUAN/Downloads/wrapper/encrypt.v:622]
WARNING: [VRFC 10-3380] identifier 'start_fw_transfer' is used before its declaration [C:/Users/THUAN/Downloads/wrapper/encrypt.v:635]
WARNING: [VRFC 10-3380] identifier 'start_fw_transfer' is used before its declaration [C:/Users/THUAN/Downloads/wrapper/encrypt.v:643]
WARNING: [VRFC 10-3380] identifier 'done_fw_transfer' is used before its declaration [C:/Users/THUAN/Downloads/wrapper/encrypt.v:644]
WARNING: [VRFC 10-3380] identifier 'r2_done' is used before its declaration [C:/Users/THUAN/Downloads/wrapper/encrypt.v:648]
WARNING: [VRFC 10-3380] identifier 'done_fw_transfer' is used before its declaration [C:/Users/THUAN/Downloads/wrapper/encrypt.v:655]
WARNING: [VRFC 10-3380] identifier 'r2_done' is used before its declaration [C:/Users/THUAN/Downloads/wrapper/encrypt.v:657]
WARNING: [VRFC 10-3380] identifier 'r2_done' is used before its declaration [C:/Users/THUAN/Downloads/wrapper/encrypt.v:660]
WARNING: [VRFC 10-3380] identifier 'r2_done' is used before its declaration [C:/Users/THUAN/Downloads/wrapper/encrypt.v:678]
INFO: [VRFC 10-2263] Analyzing Verilog file "C:/Users/THUAN/Downloads/wrapper/encrypt_parallel.v" into library xil_defaultlib
INFO: [VRFC 10-311] analyzing module encrypt_parallel
WARNING: [VRFC 10-2938] 'r1_internal' is already implicitly declared on line 362 [C:/Users/THUAN/Downloads/wrapper/encrypt_parallel.v:406]
WARNING: [VRFC 10-2938] 'r2_internal_hr2' is already implicitly declared on line 384 [C:/Users/THUAN/Downloads/wrapper/encrypt_parallel.v:408]
WARNING: [VRFC 10-2938] 'r2_internal_sr2' is already implicitly declared on line 385 [C:/Users/THUAN/Downloads/wrapper/encrypt_parallel.v:409]
WARNING: [VRFC 10-2938] 'loc_addr_hr2' is already implicitly declared on line 380 [C:/Users/THUAN/Downloads/wrapper/encrypt_parallel.v:411]
WARNING: [VRFC 10-2938] 'loc_addr_sr2' is already implicitly declared on line 381 [C:/Users/THUAN/Downloads/wrapper/encrypt_parallel.v:412]
WARNING: [VRFC 10-3248] data object 'pm_out' is already declared [C:/Users/THUAN/Downloads/wrapper/encrypt_parallel.v:549]
WARNING: [VRFC 10-9364] second declaration of 'pm_out' is ignored [C:/Users/THUAN/Downloads/wrapper/encrypt_parallel.v:549]
WARNING: [VRFC 10-2938] 'pm_rd_addr' is already implicitly declared on line 500 [C:/Users/THUAN/Downloads/wrapper/encrypt_parallel.v:550]
WARNING: [VRFC 10-2938] 'pm_rd_en' is already implicitly declared on line 501 [C:/Users/THUAN/Downloads/wrapper/encrypt_parallel.v:551]
WARNING: [VRFC 10-2938] 'add_out' is already implicitly declared on line 504 [C:/Users/THUAN/Downloads/wrapper/encrypt_parallel.v:553]
WARNING: [VRFC 10-2938] 'add_out_addr' is already implicitly declared on line 505 [C:/Users/THUAN/Downloads/wrapper/encrypt_parallel.v:554]
WARNING: [VRFC 10-2938] 'add_out_valid' is already implicitly declared on line 506 [C:/Users/THUAN/Downloads/wrapper/encrypt_parallel.v:555]
WARNING: [VRFC 10-2938] 'xor_add_en' is already implicitly declared on line 350 [C:/Users/THUAN/Downloads/wrapper/encrypt_parallel.v:613]
WARNING: [VRFC 10-2938] 'xor_add_addr' is already implicitly declared on line 539 [C:/Users/THUAN/Downloads/wrapper/encrypt_parallel.v:614]
WARNING: [VRFC 10-2938] 'xor_add_out' is already implicitly declared on line 543 [C:/Users/THUAN/Downloads/wrapper/encrypt_parallel.v:616]
WARNING: [VRFC 10-2938] 'xor_add_out_addr' is already implicitly declared on line 544 [C:/Users/THUAN/Downloads/wrapper/encrypt_parallel.v:617]
WARNING: [VRFC 10-2938] 'xor_add_out_valid' is already implicitly declared on line 545 [C:/Users/THUAN/Downloads/wrapper/encrypt_parallel.v:618]
WARNING: [VRFC 10-2938] 'en_r1' is already implicitly declared on line 361 [C:/Users/THUAN/Downloads/wrapper/encrypt_parallel.v:654]
WARNING: [VRFC 10-2938] 'en_r2' is already implicitly declared on line 382 [C:/Users/THUAN/Downloads/wrapper/encrypt_parallel.v:655]
WARNING: [VRFC 10-2096] empty statement in sequential block [C:/Users/THUAN/Downloads/wrapper/encrypt_parallel.v:673]
WARNING: [VRFC 10-2938] 'wen_fw' is already implicitly declared on line 361 [C:/Users/THUAN/Downloads/wrapper/encrypt_parallel.v:856]
WARNING: [VRFC 10-3248] data object 'sel_fw' is already declared [C:/Users/THUAN/Downloads/wrapper/encrypt_parallel.v:856]
WARNING: [VRFC 10-9364] second declaration of 'sel_fw' is ignored [C:/Users/THUAN/Downloads/wrapper/encrypt_parallel.v:856]
WARNING: [VRFC 10-2938] 'fw_addr_reg' is already implicitly declared on line 360 [C:/Users/THUAN/Downloads/wrapper/encrypt_parallel.v:863]
WARNING: [VRFC 10-3380] identifier 'rd_fw' is used before its declaration [C:/Users/THUAN/Downloads/wrapper/encrypt_parallel.v:209]
WARNING: [VRFC 10-3380] identifier 'fw_addr' is used before its declaration [C:/Users/THUAN/Downloads/wrapper/encrypt_parallel.v:211]
WARNING: [VRFC 10-3380] identifier 'sel_e' is used before its declaration [C:/Users/THUAN/Downloads/wrapper/encrypt_parallel.v:212]
WARNING: [VRFC 10-3380] identifier 'pm_out_sr2' is used before its declaration [C:/Users/THUAN/Downloads/wrapper/encrypt_parallel.v:335]
WARNING: [VRFC 10-3380] identifier 'r2_done' is used before its declaration [C:/Users/THUAN/Downloads/wrapper/encrypt_parallel.v:668]
WARNING: [VRFC 10-3380] identifier 'r2_done' is used before its declaration [C:/Users/THUAN/Downloads/wrapper/encrypt_parallel.v:676]
WARNING: [VRFC 10-3380] identifier 'r2_done' is used before its declaration [C:/Users/THUAN/Downloads/wrapper/encrypt_parallel.v:688]
WARNING: [VRFC 10-3380] identifier 'done_fw_transfer' is used before its declaration [C:/Users/THUAN/Downloads/wrapper/encrypt_parallel.v:710]
WARNING: [VRFC 10-3380] identifier 'r2_done' is used before its declaration [C:/Users/THUAN/Downloads/wrapper/encrypt_parallel.v:718]
WARNING: [VRFC 10-3380] identifier 'done_fw_transfer' is used before its declaration [C:/Users/THUAN/Downloads/wrapper/encrypt_parallel.v:720]
WARNING: [VRFC 10-3380] identifier 'done_fw_transfer' is used before its declaration [C:/Users/THUAN/Downloads/wrapper/encrypt_parallel.v:744]
WARNING: [VRFC 10-3380] identifier 'r2_done' is used before its declaration [C:/Users/THUAN/Downloads/wrapper/encrypt_parallel.v:748]
WARNING: [VRFC 10-3380] identifier 'done_fw_transfer' is used before its declaration [C:/Users/THUAN/Downloads/wrapper/encrypt_parallel.v:755]
WARNING: [VRFC 10-3380] identifier 'r2_done' is used before its declaration [C:/Users/THUAN/Downloads/wrapper/encrypt_parallel.v:757]
WARNING: [VRFC 10-3380] identifier 'r2_done' is used before its declaration [C:/Users/THUAN/Downloads/wrapper/encrypt_parallel.v:760]
WARNING: [VRFC 10-3380] identifier 'r2_done' is used before its declaration [C:/Users/THUAN/Downloads/wrapper/encrypt_parallel.v:777]
WARNING: [VRFC 10-3380] identifier 'start_fw_transfer' is used before its declaration [C:/Users/THUAN/Downloads/wrapper/encrypt_parallel.v:789]
WARNING: [VRFC 10-3380] identifier 'start_fw_transfer' is used before its declaration [C:/Users/THUAN/Downloads/wrapper/encrypt_parallel.v:805]
WARNING: [VRFC 10-3380] identifier 'start_fw_transfer' is used before its declaration [C:/Users/THUAN/Downloads/wrapper/encrypt_parallel.v:808]
WARNING: [VRFC 10-3380] identifier 'start_fw_transfer' is used before its declaration [C:/Users/THUAN/Downloads/wrapper/encrypt_parallel.v:814]
WARNING: [VRFC 10-3380] identifier 'start_fw_transfer' is used before its declaration [C:/Users/THUAN/Downloads/wrapper/encrypt_parallel.v:822]
WARNING: [VRFC 10-3380] identifier 'start_fw_transfer' is used before its declaration [C:/Users/THUAN/Downloads/wrapper/encrypt_parallel.v:825]
WARNING: [VRFC 10-3380] identifier 'start_fw_transfer' is used before its declaration [C:/Users/THUAN/Downloads/wrapper/encrypt_parallel.v:831]
WARNING: [VRFC 10-3380] identifier 'start_fw_transfer' is used before its declaration [C:/Users/THUAN/Downloads/wrapper/encrypt_parallel.v:838]
WARNING: [VRFC 10-3380] identifier 'start_fw_transfer' is used before its declaration [C:/Users/THUAN/Downloads/wrapper/encrypt_parallel.v:848]
INFO: [VRFC 10-2263] Analyzing Verilog file "C:/Users/THUAN/Downloads/wrapper/fft_leaves_butterfly.v" into library xil_defaultlib
INFO: [VRFC 10-311] analyzing module fft_leaves_butterfly
INFO: [VRFC 10-2263] Analyzing Verilog file "C:/Users/THUAN/Downloads/wrapper/fft_part1.v" into library xil_defaultlib
INFO: [VRFC 10-311] analyzing module fft_part1
WARNING: [VRFC 10-3380] identifier 'gf_out_d3' is used before its declaration [C:/Users/THUAN/Downloads/wrapper/fft_part1.v:61]
INFO: [VRFC 10-2263] Analyzing Verilog file "C:/Users/THUAN/Downloads/wrapper/fft_part2.v" into library xil_defaultlib
INFO: [VRFC 10-311] analyzing module fft_part2
INFO: [VRFC 10-311] analyzing module fft_part2_round
INFO: [VRFC 10-2263] Analyzing Verilog file "C:/Users/THUAN/Downloads/wrapper/fft_retrieve_error_poly.v" into library xil_defaultlib
INFO: [VRFC 10-311] analyzing module fft_retrieve_error_poly
INFO: [VRFC 10-2263] Analyzing Verilog file "C:/Users/THUAN/Downloads/wrapper/fixed_weight.v" into library xil_defaultlib
INFO: [VRFC 10-311] analyzing module fixed_weight
WARNING: [VRFC 10-9336] redeclaration of ANSI port 'din_shake' is not allowed [C:/Users/THUAN/Downloads/wrapper/fixed_weight.v:161]
WARNING: [VRFC 10-3380] identifier 'sel_ctx' is used before its declaration [C:/Users/THUAN/Downloads/wrapper/fixed_weight.v:233]
WARNING: [VRFC 10-3380] identifier 'sel_ctx' is used before its declaration [C:/Users/THUAN/Downloads/wrapper/fixed_weight.v:234]
WARNING: [VRFC 10-3380] identifier 'sel_ctx' is used before its declaration [C:/Users/THUAN/Downloads/wrapper/fixed_weight.v:235]
WARNING: [VRFC 10-3380] identifier 'start_red' is used before its declaration [C:/Users/THUAN/Downloads/wrapper/fixed_weight.v:506]
WARNING: [VRFC 10-3380] identifier 'start_red' is used before its declaration [C:/Users/THUAN/Downloads/wrapper/fixed_weight.v:518]
WARNING: [VRFC 10-3380] identifier 'start_red' is used before its declaration [C:/Users/THUAN/Downloads/wrapper/fixed_weight.v:529]
WARNING: [VRFC 10-3380] identifier 'start_red' is used before its declaration [C:/Users/THUAN/Downloads/wrapper/fixed_weight.v:540]
WARNING: [VRFC 10-3380] identifier 'start_red' is used before its declaration [C:/Users/THUAN/Downloads/wrapper/fixed_weight.v:546]
WARNING: [VRFC 10-3380] identifier 'start_red' is used before its declaration [C:/Users/THUAN/Downloads/wrapper/fixed_weight.v:552]
INFO: [VRFC 10-2263] Analyzing Verilog file "C:/Users/THUAN/Downloads/wrapper/fixed_weight_ct.v" into library xil_defaultlib
INFO: [VRFC 10-311] analyzing module fixed_weight_ct
WARNING: [VRFC 10-9336] redeclaration of ANSI port 'din_shake' is not allowed [C:/Users/THUAN/Downloads/wrapper/fixed_weight_ct.v:153]
WARNING: [VRFC 10-3380] identifier 'sel_ctx' is used before its declaration [C:/Users/THUAN/Downloads/wrapper/fixed_weight_ct.v:222]
WARNING: [VRFC 10-3380] identifier 'sel_ctx' is used before its declaration [C:/Users/THUAN/Downloads/wrapper/fixed_weight_ct.v:223]
WARNING: [VRFC 10-3380] identifier 'sel_ctx' is used before its declaration [C:/Users/THUAN/Downloads/wrapper/fixed_weight_ct.v:224]
WARNING: [VRFC 10-3380] identifier 'start_red' is used before its declaration [C:/Users/THUAN/Downloads/wrapper/fixed_weight_ct.v:462]
WARNING: [VRFC 10-3380] identifier 'start_red' is used before its declaration [C:/Users/THUAN/Downloads/wrapper/fixed_weight_ct.v:475]
WARNING: [VRFC 10-3380] identifier 'start_red' is used before its declaration [C:/Users/THUAN/Downloads/wrapper/fixed_weight_ct.v:493]
WARNING: [VRFC 10-3380] identifier 'start_red' is used before its declaration [C:/Users/THUAN/Downloads/wrapper/fixed_weight_ct.v:512]
WARNING: [VRFC 10-3380] identifier 'start_red' is used before its declaration [C:/Users/THUAN/Downloads/wrapper/fixed_weight_ct.v:519]
WARNING: [VRFC 10-3380] identifier 'start_red' is used before its declaration [C:/Users/THUAN/Downloads/wrapper/fixed_weight_ct.v:526]
WARNING: [VRFC 10-3380] identifier 'start_red' is used before its declaration [C:/Users/THUAN/Downloads/wrapper/fixed_weight_ct.v:533]
INFO: [VRFC 10-2263] Analyzing Verilog file "C:/Users/THUAN/Downloads/wrapper/fixed_weight_cww.v" into library xil_defaultlib
INFO: [VRFC 10-311] analyzing module fixed_weight_cww
WARNING: [VRFC 10-9336] redeclaration of ANSI port 'din_shake' is not allowed [C:/Users/THUAN/Downloads/wrapper/fixed_weight_cww.v:141]
WARNING: [VRFC 10-2938] 'dout_shake_reduced' is already implicitly declared on line 245 [C:/Users/THUAN/Downloads/wrapper/fixed_weight_cww.v:270]
WARNING: [VRFC 10-2938] 'n_minus_i' is already implicitly declared on line 244 [C:/Users/THUAN/Downloads/wrapper/fixed_weight_cww.v:309]
WARNING: [VRFC 10-2938] 'dout_reduced_valid' is already implicitly declared on line 241 [C:/Users/THUAN/Downloads/wrapper/fixed_weight_cww.v:322]
WARNING: [VRFC 10-3380] identifier 'n_minus_i' is used before its declaration [C:/Users/THUAN/Downloads/wrapper/fixed_weight_cww.v:229]
WARNING: [VRFC 10-3380] identifier 'n_minus_i' is used before its declaration [C:/Users/THUAN/Downloads/wrapper/fixed_weight_cww.v:232]
WARNING: [VRFC 10-3380] identifier 'count' is used before its declaration [C:/Users/THUAN/Downloads/wrapper/fixed_weight_cww.v:272]
INFO: [VRFC 10-2263] Analyzing Verilog file "C:/Users/THUAN/Downloads/wrapper/gf_mul.v" into library xil_defaultlib
INFO: [VRFC 10-311] analyzing module gf_mul
INFO: [VRFC 10-2263] Analyzing Verilog file "C:/Users/THUAN/Downloads/wrapper/gfmul.v" into library xil_defaultlib
INFO: [VRFC 10-311] analyzing module gfmul
INFO: [VRFC 10-2263] Analyzing Verilog file "C:/Users/THUAN/Downloads/wrapper/hqc_barrett_red.v" into library xil_defaultlib
INFO: [VRFC 10-311] analyzing module hqc_barrett_red
INFO: [VRFC 10-2263] Analyzing Verilog file "C:/Users/THUAN/Downloads/wrapper/hqc_decod_top.v" into library xil_defaultlib
INFO: [VRFC 10-311] analyzing module hqc_decod_top
INFO: [VRFC 10-2263] Analyzing Verilog file "C:/Users/THUAN/Downloads/wrapper/hqc_kem_joint_design.v" into library xil_defaultlib
INFO: [VRFC 10-311] analyzing module hqc_kem_joint_design
INFO: [VRFC 10-2263] Analyzing Verilog file "C:/Users/THUAN/Downloads/wrapper/hqc_rmdecod_ctrl.v" into library xil_defaultlib
INFO: [VRFC 10-311] analyzing module hqc_rmdecod_ctrl
INFO: [VRFC 10-2263] Analyzing Verilog file "C:/Users/THUAN/Downloads/wrapper/hqc_rmdecod_expnsum.v" into library xil_defaultlib
INFO: [VRFC 10-311] analyzing module hqc_rmdecod_expnsum
INFO: [VRFC 10-2263] Analyzing Verilog file "C:/Users/THUAN/Downloads/wrapper/hqc_rmdecod_findpeaks.v" into library xil_defaultlib
INFO: [VRFC 10-311] analyzing module hqc_rmdecod_findpeaks
INFO: [VRFC 10-311] analyzing module findpeaks_core
INFO: [VRFC 10-2263] Analyzing Verilog file "C:/Users/THUAN/Downloads/wrapper/hqc_rmdecod_hadamard.v" into library xil_defaultlib
INFO: [VRFC 10-311] analyzing module hqc_rmdecod_hadamard
INFO: [VRFC 10-311] analyzing module hadamard_layer
INFO: [VRFC 10-2263] Analyzing Verilog file "C:/Users/THUAN/Downloads/wrapper/hqc_rmdecod_top.v" into library xil_defaultlib
INFO: [VRFC 10-311] analyzing module hqc_rmdecod_top
INFO: [VRFC 10-2263] Analyzing Verilog file "C:/Users/THUAN/Downloads/wrapper/hqc_rsdecod_elp.v" into library xil_defaultlib
INFO: [VRFC 10-311] analyzing module hqc_rsdecod_elp
INFO: [VRFC 10-2263] Analyzing Verilog file "C:/Users/THUAN/Downloads/wrapper/hqc_rsdecod_err_val.v" into library xil_defaultlib
INFO: [VRFC 10-311] analyzing module hqc_rsdecod_err_val
INFO: [VRFC 10-2263] Analyzing Verilog file "C:/Users/THUAN/Downloads/wrapper/hqc_rsdecod_roots.v" into library xil_defaultlib
INFO: [VRFC 10-311] analyzing module hqc_rsdecod_roots
WARNING: [VRFC 10-3248] data object 'fft_done' is already declared [C:/Users/THUAN/Downloads/wrapper/hqc_rsdecod_roots.v:47]
WARNING: [VRFC 10-9364] second declaration of 'fft_done' is ignored [C:/Users/THUAN/Downloads/wrapper/hqc_rsdecod_roots.v:47]
INFO: [VRFC 10-2263] Analyzing Verilog file "C:/Users/THUAN/Downloads/wrapper/hqc_rsdecod_syndromes.v" into library xil_defaultlib
INFO: [VRFC 10-311] analyzing module hqc_rsdecod_syndromes
INFO: [VRFC 10-2263] Analyzing Verilog file "C:/Users/THUAN/Downloads/wrapper/hqc_rsdecod_top.v" into library xil_defaultlib
INFO: [VRFC 10-311] analyzing module hqc_rsdecod_top
INFO: [VRFC 10-2263] Analyzing Verilog file "C:/Users/THUAN/Downloads/wrapper/hqc_rsdecod_zpoly.v" into library xil_defaultlib
INFO: [VRFC 10-311] analyzing module hqc_rsdecod_zpoly
INFO: [VRFC 10-2263] Analyzing Verilog file "C:/Users/THUAN/Downloads/wrapper/karatsuba_small.v" into library xil_defaultlib
INFO: [VRFC 10-311] analyzing module karatsuba_small
INFO: [VRFC 10-2263] Analyzing Verilog file "C:/Users/THUAN/Downloads/wrapper/keccak_top.v" into library xil_defaultlib
INFO: [VRFC 10-311] analyzing module keccak_top
INFO: [VRFC 10-2263] Analyzing Verilog file "C:/Users/THUAN/Downloads/wrapper/keygen.v" into library xil_defaultlib
INFO: [VRFC 10-311] analyzing module keygen
WARNING: [VRFC 10-2938] 'pm_out' is already implicitly declared on line 390 [C:/Users/THUAN/Downloads/wrapper/keygen.v:398]
WARNING: [VRFC 10-2938] 'pm_rd_addr' is already implicitly declared on line 387 [C:/Users/THUAN/Downloads/wrapper/keygen.v:399]
WARNING: [VRFC 10-2938] 'pm_rd_en' is already implicitly declared on line 388 [C:/Users/THUAN/Downloads/wrapper/keygen.v:400]
WARNING: [VRFC 10-2938] 'add_out' is already implicitly declared on line 392 [C:/Users/THUAN/Downloads/wrapper/keygen.v:402]
WARNING: [VRFC 10-2938] 'add_out_addr' is already implicitly declared on line 393 [C:/Users/THUAN/Downloads/wrapper/keygen.v:403]
WARNING: [VRFC 10-2938] 'add_out_valid' is already implicitly declared on line 394 [C:/Users/THUAN/Downloads/wrapper/keygen.v:404]
WARNING: [VRFC 10-2938] 'x_addr_reg' is already implicitly declared on line 317 [C:/Users/THUAN/Downloads/wrapper/keygen.v:702]
WARNING: [VRFC 10-3380] identifier 'pm_out' is used before its declaration [C:/Users/THUAN/Downloads/wrapper/keygen.v:193]
WARNING: [VRFC 10-3380] identifier 'x_addr' is used before its declaration [C:/Users/THUAN/Downloads/wrapper/keygen.v:221]
WARNING: [VRFC 10-3380] identifier 'x_transfer_done' is used before its declaration [C:/Users/THUAN/Downloads/wrapper/keygen.v:490]
INFO: [VRFC 10-2263] Analyzing Verilog file "C:/Users/THUAN/Downloads/wrapper/loc_based_adder.v" into library xil_defaultlib
INFO: [VRFC 10-311] analyzing module loc_based_adder
INFO: [VRFC 10-2263] Analyzing Verilog file "C:/Users/THUAN/Downloads/wrapper/mem_dual.v" into library xil_defaultlib
INFO: [VRFC 10-311] analyzing module mem_dual
INFO: [VRFC 10-2263] Analyzing Verilog file "C:/Users/THUAN/Downloads/wrapper/mem_single.v" into library xil_defaultlib
INFO: [VRFC 10-311] analyzing module mem_single
INFO: [VRFC 10-2263] Analyzing Verilog file "C:/Users/THUAN/Downloads/wrapper/mod34.v" into library xil_defaultlib
INFO: [VRFC 10-311] analyzing module mod34
INFO: [VRFC 10-2263] Analyzing Verilog file "C:/Users/THUAN/Downloads/wrapper/onegen.v" into library xil_defaultlib
INFO: [VRFC 10-311] analyzing module onegen
INFO: [VRFC 10-2263] Analyzing Verilog file "C:/Users/THUAN/Downloads/wrapper/onegen_ct.v" into library xil_defaultlib
INFO: [VRFC 10-311] analyzing module onegen_ct
INFO: [VRFC 10-2263] Analyzing Verilog file "C:/Users/THUAN/Downloads/wrapper/poly_mult.v" into library xil_defaultlib
INFO: [VRFC 10-311] analyzing module poly_mult
WARNING: [VRFC 10-9336] redeclaration of ANSI port 'mux_word_0' is not allowed [C:/Users/THUAN/Downloads/wrapper/poly_mult.v:103]
WARNING: [VRFC 10-9336] redeclaration of ANSI port 'mux_word_1' is not allowed [C:/Users/THUAN/Downloads/wrapper/poly_mult.v:104]
WARNING: [VRFC 10-3380] identifier 'addr_0_intermediate' is used before its declaration [C:/Users/THUAN/Downloads/wrapper/poly_mult.v:218]
WARNING: [VRFC 10-3380] identifier 'addr_0_intermediate' is used before its declaration [C:/Users/THUAN/Downloads/wrapper/poly_mult.v:229]
WARNING: [VRFC 10-3380] identifier 'addr_0_intermediate' is used before its declaration [C:/Users/THUAN/Downloads/wrapper/poly_mult.v:230]
WARNING: [VRFC 10-3380] identifier 'state' is used before its declaration [C:/Users/THUAN/Downloads/wrapper/poly_mult.v:233]
INFO: [VRFC 10-2263] Analyzing Verilog file "C:/Users/THUAN/Downloads/wrapper/rc.v" into library xil_defaultlib
INFO: [VRFC 10-311] analyzing module rc
INFO: [VRFC 10-2263] Analyzing Verilog file "C:/Users/THUAN/Downloads/wrapper/reed_muller_encode.v" into library xil_defaultlib
INFO: [VRFC 10-311] analyzing module reed_muller_encode
WARNING: [VRFC 10-2938] 'wr_en' is already implicitly declared on line 93 [C:/Users/THUAN/Downloads/wrapper/reed_muller_encode.v:101]
WARNING: [VRFC 10-3380] identifier 'init' is used before its declaration [C:/Users/THUAN/Downloads/wrapper/reed_muller_encode.v:67]
WARNING: [VRFC 10-3380] identifier 'shift_cdw' is used before its declaration [C:/Users/THUAN/Downloads/wrapper/reed_muller_encode.v:70]
WARNING: [VRFC 10-3380] identifier 'count_cdw_bytes' is used before its declaration [C:/Users/THUAN/Downloads/wrapper/reed_muller_encode.v:86]
INFO: [VRFC 10-2263] Analyzing Verilog file "C:/Users/THUAN/Downloads/wrapper/reed_solomon_encode.v" into library xil_defaultlib
INFO: [VRFC 10-311] analyzing module reed_solomon_encode
WARNING: [VRFC 10-3380] identifier 'init_msg' is used before its declaration [C:/Users/THUAN/Downloads/wrapper/reed_solomon_encode.v:75]
WARNING: [VRFC 10-3380] identifier 'shift_msg' is used before its declaration [C:/Users/THUAN/Downloads/wrapper/reed_solomon_encode.v:78]
WARNING: [VRFC 10-3380] identifier 'init_msg' is used before its declaration [C:/Users/THUAN/Downloads/wrapper/reed_solomon_encode.v:88]
INFO: [VRFC 10-2263] Analyzing Verilog file "C:/Users/THUAN/Downloads/wrapper/rm_encoder.v" into library xil_defaultlib
INFO: [VRFC 10-311] analyzing module rm_encoder
INFO: [VRFC 10-2263] Analyzing Verilog file "C:/Users/THUAN/Downloads/wrapper/state_ram.v" into library xil_defaultlib
INFO: [VRFC 10-311] analyzing module state_ram
WARNING: [VRFC 10-634] event expressions must result in a singular type [C:/Users/THUAN/Downloads/wrapper/state_ram.v:122]
WARNING: [VRFC 10-634] event expressions must result in a singular type [C:/Users/THUAN/Downloads/wrapper/state_ram.v:228]
WARNING: [VRFC 10-634] event expressions must result in a singular type [C:/Users/THUAN/Downloads/wrapper/state_ram.v:278]
WARNING: [VRFC 10-634] event expressions must result in a singular type [C:/Users/THUAN/Downloads/wrapper/state_ram.v:379]
INFO: [VRFC 10-2263] Analyzing Verilog file "C:/Users/THUAN/Downloads/wrapper/stateram_inference.v" into library xil_defaultlib
INFO: [VRFC 10-311] analyzing module stateram_inference
INFO: [VRFC 10-2263] Analyzing Verilog file "C:/Users/THUAN/Downloads/wrapper/syncfifo.v" into library xil_defaultlib
INFO: [VRFC 10-311] analyzing module syncfifo
INFO: [VRFC 10-2263] Analyzing Verilog file "C:/Users/THUAN/Downloads/wrapper/transform.v" into library xil_defaultlib
INFO: [VRFC 10-311] analyzing module transform
INFO: [VRFC 10-2263] Analyzing Verilog file "C:/Users/THUAN/Downloads/wrapper/v_minus_uy.v" into library xil_defaultlib
INFO: [VRFC 10-311] analyzing module v_minus_uy
WARNING: [VRFC 10-3248] data object 'pm_out' is already declared [C:/Users/THUAN/Downloads/wrapper/v_minus_uy.v:219]
WARNING: [VRFC 10-9364] second declaration of 'pm_out' is ignored [C:/Users/THUAN/Downloads/wrapper/v_minus_uy.v:219]
WARNING: [VRFC 10-3380] identifier 'xor_add_addr' is used before its declaration [C:/Users/THUAN/Downloads/wrapper/v_minus_uy.v:145]
WARNING: [VRFC 10-3380] identifier 'xor_add_en' is used before its declaration [C:/Users/THUAN/Downloads/wrapper/v_minus_uy.v:168]
WARNING: [VRFC 10-3380] identifier 'xor_add_addr' is used before its declaration [C:/Users/THUAN/Downloads/wrapper/v_minus_uy.v:169]
WARNING: [VRFC 10-3380] identifier 'xor_add_out_valid' is used before its declaration [C:/Users/THUAN/Downloads/wrapper/v_minus_uy.v:170]
WARNING: [VRFC 10-3380] identifier 'xor_add_out_addr' is used before its declaration [C:/Users/THUAN/Downloads/wrapper/v_minus_uy.v:171]
WARNING: [VRFC 10-3380] identifier 'xor_add_out' is used before its declaration [C:/Users/THUAN/Downloads/wrapper/v_minus_uy.v:172]
INFO: [VRFC 10-2263] Analyzing Verilog file "C:/Users/THUAN/Downloads/wrapper/vect_set_random.v" into library xil_defaultlib
INFO: [VRFC 10-311] analyzing module vect_set_random
WARNING: [VRFC 10-9336] redeclaration of ANSI port 'shake_din' is not allowed [C:/Users/THUAN/Downloads/wrapper/vect_set_random.v:104]
WARNING: [VRFC 10-2938] 'rand_mem_in' is already implicitly declared on line 151 [C:/Users/THUAN/Downloads/wrapper/vect_set_random.v:167]
WARNING: [VRFC 10-2938] 'wr_en_rand' is already implicitly declared on line 155 [C:/Users/THUAN/Downloads/wrapper/vect_set_random.v:168]
WARNING: [VRFC 10-3380] identifier 'pk_rand_addr' is used before its declaration [C:/Users/THUAN/Downloads/wrapper/vect_set_random.v:146]
WARNING: [VRFC 10-3380] identifier 'pk_rand_addr' is used before its declaration [C:/Users/THUAN/Downloads/wrapper/vect_set_random.v:174]
WARNING: [VRFC 10-3380] identifier 'pk_rand_addr_reg' is used before its declaration [C:/Users/THUAN/Downloads/wrapper/vect_set_random.v:200]
WARNING: [VRFC 10-3380] identifier 'pk_rand_addr' is used before its declaration [C:/Users/THUAN/Downloads/wrapper/vect_set_random.v:201]
WARNING: [VRFC 10-3380] identifier 'pk_rand_addr' is used before its declaration [C:/Users/THUAN/Downloads/wrapper/vect_set_random.v:208]
WARNING: [VRFC 10-3380] identifier 'pk_rand_addr_reg' is used before its declaration [C:/Users/THUAN/Downloads/wrapper/vect_set_random.v:219]
INFO: [VRFC 10-2263] Analyzing Verilog file "C:/Users/THUAN/Downloads/wrapper/xor_based_adder.v" into library xil_defaultlib
INFO: [VRFC 10-311] analyzing module xor_based_adder
INFO: [VRFC 10-2263] Analyzing Verilog file "C:/Users/THUAN/Downloads/wrapper/keygen_tb.v" into library xil_defaultlib
INFO: [VRFC 10-311] analyzing module keygen_tb
run_program: Time (s): cpu = 00:00:04 ; elapsed = 00:00:17 . Memory (MB): peak = 1432.266 ; gain = 0.000
INFO: [USF-XSim-69] 'compile' step finished in '18' seconds
INFO: [USF-XSim-3] XSim::Elaborate design
INFO: [USF-XSim-61] Executing 'ELABORATE' step in 'D:/University/251/DA/wrapper/wrapper.sim/sim_1/behav/xsim'
"xelab --incr --debug typical --relax --mt 2 -L xil_defaultlib -L unisims_ver -L unimacro_ver -L secureip --snapshot keygen_tb_behav xil_defaultlib.keygen_tb xil_defaultlib.glbl -log elaborate.log"
Vivado Simulator v2022.2
Copyright 1986-1999, 2001-2022 Xilinx, Inc. All Rights Reserved.
Running: D:/Apps/Xilinx/Vivado/2022.2/bin/unwrapped/win64.o/xelab.exe --incr --debug typical --relax --mt 2 -L xil_defaultlib -L unisims_ver -L unimacro_ver -L secureip --snapshot keygen_tb_behav xil_defaultlib.keygen_tb xil_defaultlib.glbl -log elaborate.log 
Using 2 slave threads.
Starting static elaboration
Pass Through NonSizing Optimizer
WARNING: [VRFC 10-3091] actual bit length 13 differs from formal bit length 8 for port 'address_0' [C:/Users/THUAN/Downloads/wrapper/HQC_wrapper.v:58]
WARNING: [VRFC 10-3091] actual bit length 13 differs from formal bit length 8 for port 'address_1' [C:/Users/THUAN/Downloads/wrapper/HQC_wrapper.v:59]
WARNING: [VRFC 10-3091] actual bit length 13 differs from formal bit length 8 for port 'address_0' [C:/Users/THUAN/Downloads/wrapper/HQC_wrapper.v:63]
WARNING: [VRFC 10-3091] actual bit length 13 differs from formal bit length 8 for port 'address_1' [C:/Users/THUAN/Downloads/wrapper/HQC_wrapper.v:64]
WARNING: [VRFC 10-3091] actual bit length 13 differs from formal bit length 8 for port 'address_0' [C:/Users/THUAN/Downloads/wrapper/HQC_wrapper.v:68]
WARNING: [VRFC 10-3091] actual bit length 13 differs from formal bit length 8 for port 'address_1' [C:/Users/THUAN/Downloads/wrapper/HQC_wrapper.v:69]
WARNING: [VRFC 10-3091] actual bit length 13 differs from formal bit length 8 for port 'address_0' [C:/Users/THUAN/Downloads/wrapper/HQC_wrapper.v:73]
WARNING: [VRFC 10-3091] actual bit length 13 differs from formal bit length 8 for port 'address_1' [C:/Users/THUAN/Downloads/wrapper/HQC_wrapper.v:74]
WARNING: [VRFC 10-3091] actual bit length 13 differs from formal bit length 8 for port 'keygen_out_addr' [C:/Users/THUAN/Downloads/wrapper/HQC_wrapper.v:98]
WARNING: [VRFC 10-3091] actual bit length 13 differs from formal bit length 9 for port 'd_h_addr_0' [C:/Users/THUAN/Downloads/wrapper/HQC_wrapper.v:104]
WARNING: [VRFC 10-3091] actual bit length 13 differs from formal bit length 9 for port 'u_addr_0' [C:/Users/THUAN/Downloads/wrapper/HQC_wrapper.v:105]
WARNING: [VRFC 10-3091] actual bit length 32 differs from formal bit length 128 for port 'decap_out' [C:/Users/THUAN/Downloads/wrapper/HQC_wrapper.v:108]
WARNING: [VRFC 10-3091] actual bit length 13 differs from formal bit length 8 for port 'decap_out_addr' [C:/Users/THUAN/Downloads/wrapper/HQC_wrapper.v:110]
WARNING: [VRFC 10-3091] actual bit length 32 differs from formal bit length 2 for port 'm_addr' [C:/Users/THUAN/Downloads/wrapper/HQC_wrapper.v:113]
WARNING: [VRFC 10-3091] actual bit length 32 differs from formal bit length 128 for port 'decap_in' [C:/Users/THUAN/Downloads/wrapper/HQC_wrapper.v:114]
WARNING: [VRFC 10-3091] actual bit length 32 differs from formal bit length 1 for port 'start' [C:/Users/THUAN/Downloads/wrapper/hqc_kem_joint_design.v:376]
WARNING: [VRFC 10-3091] actual bit length 32 differs from formal bit length 1 for port 'wren_1' [C:/Users/THUAN/Downloads/wrapper/vect_set_random.v:156]
WARNING: [VRFC 10-3091] actual bit length 7 differs from formal bit length 16 for port 'loc_addr' [C:/Users/THUAN/Downloads/wrapper/keygen.v:376]
WARNING: [VRFC 10-3091] actual bit length 32 differs from formal bit length 8 for port 'weight' [C:/Users/THUAN/Downloads/wrapper/keygen.v:378]
WARNING: [VRFC 10-3091] actual bit length 9 differs from formal bit length 8 for port 'address_0' [C:/Users/THUAN/Downloads/wrapper/poly_mult.v:247]
WARNING: [VRFC 10-3091] actual bit length 9 differs from formal bit length 8 for port 'address_1' [C:/Users/THUAN/Downloads/wrapper/poly_mult.v:248]
WARNING: [VRFC 10-3091] actual bit length 32 differs from formal bit length 24 for port 'data_1' [C:/Users/THUAN/Downloads/wrapper/fixed_weight_ct.v:242]
WARNING: [VRFC 10-3091] actual bit length 32 differs from formal bit length 1 for port 'wren_1' [C:/Users/THUAN/Downloads/wrapper/fixed_weight_ct.v:246]
WARNING: [VRFC 10-3091] actual bit length 32 differs from formal bit length 1 for port 'start' [C:/Users/THUAN/Downloads/wrapper/hqc_kem_joint_design.v:419]
WARNING: [VRFC 10-3091] actual bit length 32 differs from formal bit length 1 for port 'u_v_in_wen' [C:/Users/THUAN/Downloads/wrapper/hqc_kem_joint_design.v:443]
WARNING: [VRFC 10-3091] actual bit length 32 differs from formal bit length 8 for port 'u_v_in_addr' [C:/Users/THUAN/Downloads/wrapper/hqc_kem_joint_design.v:444]
WARNING: [VRFC 10-3091] actual bit length 32 differs from formal bit length 1 for port 'resume_encap' [C:/Users/THUAN/Downloads/wrapper/hqc_kem_joint_design.v:446]
WARNING: [VRFC 10-3091] actual bit length 368 differs from formal bit length 240 for port 'cdw_in' [C:/Users/THUAN/Downloads/wrapper/reed_solomon_encode.v:121]
WARNING: [VRFC 10-3091] actual bit length 32 differs from formal bit length 1 for port 'start' [C:/Users/THUAN/Downloads/wrapper/reed_solomon_encode.v:108]
WARNING: [VRFC 10-3091] actual bit length 32 differs from formal bit length 1 for port 'start' [C:/Users/THUAN/Downloads/wrapper/reed_muller_encode.v:80]
WARNING: [VRFC 10-3091] actual bit length 32 differs from formal bit length 1 for port 'wr_en' [C:/Users/THUAN/Downloads/wrapper/encrypt.v:343]
WARNING: [VRFC 10-3091] actual bit length 7 differs from formal bit length 16 for port 'loc_addr' [C:/Users/THUAN/Downloads/wrapper/encrypt.v:426]
WARNING: [VRFC 10-3091] actual bit length 32 differs from formal bit length 8 for port 'weight' [C:/Users/THUAN/Downloads/wrapper/encrypt.v:428]
WARNING: [VRFC 10-3091] actual bit length 32 differs from formal bit length 1 for port 'add_wr_en' [C:/Users/THUAN/Downloads/wrapper/encrypt.v:443]
WARNING: [VRFC 10-3091] actual bit length 32 differs from formal bit length 1 for port 'start' [C:/Users/THUAN/Downloads/wrapper/hqc_kem_joint_design.v:487]
WARNING: [VRFC 10-3091] actual bit length 32 differs from formal bit length 1 for port 'dout_ready_i' [C:/Users/THUAN/Downloads/wrapper/hqc_rmdecod_top.v:81]
WARNING: [VRFC 10-3091] actual bit length 32 differs from formal bit length 1 for port 'start' [C:/Users/THUAN/Downloads/wrapper/hqc_rsdecod_elp.v:92]
WARNING: [VRFC 10-3091] actual bit length 32 differs from formal bit length 1 for port 'start' [C:/Users/THUAN/Downloads/wrapper/hqc_rsdecod_elp.v:156]
WARNING: [VRFC 10-3091] actual bit length 32 differs from formal bit length 1 for port 'start' [C:/Users/THUAN/Downloads/wrapper/hqc_rsdecod_zpoly.v:101]
WARNING: [VRFC 10-3091] actual bit length 8 differs from formal bit length 32 for port 'dout_o' [C:/Users/THUAN/Downloads/wrapper/add_fft.v:81]
WARNING: [VRFC 10-3091] actual bit length 32 differs from formal bit length 1 for port 'start' [C:/Users/THUAN/Downloads/wrapper/fft_part1.v:143]
WARNING: [VRFC 10-3091] actual bit length 32 differs from formal bit length 1 for port 'start' [C:/Users/THUAN/Downloads/wrapper/fft_leaves_butterfly.v:70]
WARNING: [VRFC 10-3091] actual bit length 32 differs from formal bit length 1 for port 'start' [C:/Users/THUAN/Downloads/wrapper/fft_part2.v:147]
WARNING: [VRFC 10-3091] actual bit length 32 differs from formal bit length 1 for port 'start' [C:/Users/THUAN/Downloads/wrapper/hqc_rsdecod_err_val.v:176]
WARNING: [VRFC 10-3091] actual bit length 32 differs from formal bit length 1 for port 'start' [C:/Users/THUAN/Downloads/wrapper/hqc_rsdecod_err_val.v:187]
WARNING: [VRFC 10-3091] actual bit length 32 differs from formal bit length 2 for port 'encap_out_type' [C:/Users/THUAN/Downloads/wrapper/decap.v:528]
WARNING: [VRFC 10-3091] actual bit length 32 differs from formal bit length 1 for port 'encap_out_en' [C:/Users/THUAN/Downloads/wrapper/decap.v:530]
WARNING: [VRFC 10-3091] actual bit length 40 differs from formal bit length 8 for port 'encap_out_addr' [C:/Users/THUAN/Downloads/wrapper/decap.v:531]
WARNING: [VRFC 10-5021] port 'encap_out_type' is not connected on this instance [C:/Users/THUAN/Downloads/wrapper/HQC_wrapper.v:84]
WARNING: [VRFC 10-5021] port 'shake_force_done_ack' is not connected on this instance [C:/Users/THUAN/Downloads/wrapper/hqc_kem_joint_design.v:414]
WARNING: [VRFC 10-8864] concatenation with an unsized literal will be treated as 32 bits [C:/Users/THUAN/Downloads/wrapper/encap.v:249]
WARNING: [VRFC 10-8864] concatenation with an unsized literal will be treated as 32 bits [C:/Users/THUAN/Downloads/wrapper/encap.v:250]
WARNING: [VRFC 10-8864] concatenation with an unsized literal will be treated as 32 bits [C:/Users/THUAN/Downloads/wrapper/encap.v:546]
WARNING: [VRFC 10-5021] port 'rst' is not connected on this instance [C:/Users/THUAN/Downloads/wrapper/reed_muller_encode.v:77]
WARNING: [VRFC 10-8864] concatenation with an unsized literal will be treated as 32 bits [C:/Users/THUAN/Downloads/wrapper/decap.v:531]
WARNING: [VRFC 10-5021] port 'shake_force_done_ack' is not connected on this instance [C:/Users/THUAN/Downloads/wrapper/decap.v:502]
Completed static elaboration
Starting simulation data flow analysis
Completed simulation data flow analysis
Time Resolution for simulation is 1ps
Compiling module xil_defaultlib.mem_dual(WIDTH=128,DEPTH=139)
Compiling module xil_defaultlib.mem_single(WIDTH=32,DEPTH=10)
Compiling module xil_defaultlib.mem_dual(WIDTH=24,DEPTH=264)
Compiling module xil_defaultlib.hqc_barrett_red_default
Compiling module xil_defaultlib.mem_single(WIDTH=15,DEPTH=66)
Compiling module xil_defaultlib.mem_dual(WIDTH=32,DEPTH=553)
Compiling module xil_defaultlib.onegen_ct(E0_DEPTH=553,DEPTH=553...
Compiling module xil_defaultlib.fixed_weight_ct(N=17669,M=15,WEI...
Compiling module xil_defaultlib.vect_set_random(N=17669)
Compiling module xil_defaultlib.poly_mult(MAX_WEIGHT=75,N=17669,...
Compiling module xil_defaultlib.loc_based_adder(WIDTH=128)
Compiling module xil_defaultlib.keygen(N=17669,CT_DESIGN=2'b01)
Compiling module xil_defaultlib.mem_single(WIDTH=32,DEPTH=4)
Compiling module xil_defaultlib.mem_single(WIDTH=32,DEPTH=16)
Compiling module xil_defaultlib.mem_dual(WIDTH=24,DEPTH=450)
Compiling module xil_defaultlib.mem_single(WIDTH=15,DEPTH=75)
Compiling module xil_defaultlib.onegen_ct(E0_DEPTH=553,DEPTH=553...
Compiling module xil_defaultlib.fixed_weight_ct(N=17669,M=15,WEI...
Compiling module xil_defaultlib.gf_mul_default
Compiling module xil_defaultlib.cdw_xor_tmp_default
Compiling module xil_defaultlib.reed_solomon_encode_default
Compiling module xil_defaultlib.rm_encoder
Compiling module xil_defaultlib.mem_single(WIDTH=128,DEPTH=46)
Compiling module xil_defaultlib.reed_muller_encode_default
Compiling module xil_defaultlib.concat_code(parameter_set="hqc12...
Compiling module xil_defaultlib.mem_single(WIDTH=128,DEPTH=139)
Compiling module xil_defaultlib.loc_based_adder(N=17669,WEIGHT=7...
Compiling module xil_defaultlib.xor_based_adder(parameter_set="h...
Compiling module xil_defaultlib.encrypt(parameter_set="hqc128",C...
Compiling module xil_defaultlib.mod34
Compiling module xil_defaultlib.mem_single(WIDTH=32,DEPTH=1143)
Compiling module xil_defaultlib.encap_default
Compiling module xil_defaultlib.v_minus_uy(parameter_set="hqc128...
Compiling module xil_defaultlib.hqc_rmdecod_expnsum_default
Compiling module xil_defaultlib.syncfifo(DW=4,AW=5)
Compiling module xil_defaultlib.hadamard_layer_default
Compiling module xil_defaultlib.syncfifo(DW=5,AW=5)
Compiling module xil_defaultlib.hadamard_layer(NN=4)
Compiling module xil_defaultlib.syncfifo(DW=6,AW=5)
Compiling module xil_defaultlib.hadamard_layer(NN=5)
Compiling module xil_defaultlib.syncfifo(DW=7,AW=5)
Compiling module xil_defaultlib.hadamard_layer(NN=6)
Compiling module xil_defaultlib.syncfifo(DW=8,AW=5)
Compiling module xil_defaultlib.hadamard_layer(NN=7)
Compiling module xil_defaultlib.syncfifo(DW=9,AW=5)
Compiling module xil_defaultlib.hadamard_layer(NN=8)
Compiling module xil_defaultlib.syncfifo(DW=10,AW=5)
Compiling module xil_defaultlib.hadamard_layer(NN=9)
Compiling module xil_defaultlib.hqc_rmdecod_hadamard_default
Compiling module xil_defaultlib.findpeaks_core(DOUT_W=7)
Compiling module xil_defaultlib.hqc_rmdecod_findpeaks_default
Compiling module xil_defaultlib.hqc_rmdecod_ctrl_default
Compiling module xil_defaultlib.hqc_rmdecod_top_default
Compiling module xil_defaultlib.gfmul(REG_IN=0)
Compiling module xil_defaultlib.hqc_rsdecod_syndromes_default
Compiling module xil_defaultlib.gfmul(REG_IN=0,REG_OUT=0)
Compiling module xil_defaultlib.hqc_rsdecod_elp_default
Compiling module xil_defaultlib.hqc_rsdecod_zpoly_default
Compiling module xil_defaultlib.fft_part1(DIN_W=256)
Compiling module xil_defaultlib.fft_leaves_butterfly
Compiling module xil_defaultlib.syncfifo(DW=8,AW=4)
Compiling module xil_defaultlib.fft_part2_round_default
Compiling module xil_defaultlib.fft_part2_round(ROUND=1)
Compiling module xil_defaultlib.syncfifo(DW=8,AW=6)
Compiling module xil_defaultlib.fft_part2_round(ROUND=2)
Compiling module xil_defaultlib.syncfifo(DW=8)
Compiling module xil_defaultlib.fft_part2_round(ROUND=3)
Compiling module xil_defaultlib.fft_part2_default
Compiling module xil_defaultlib.add_fft
Compiling module xil_defaultlib.fft_retrieve_error_poly_default
Compiling module xil_defaultlib.hqc_rsdecod_roots_default
Compiling module xil_defaultlib.hqc_rsdecod_err_val_default
Compiling module xil_defaultlib.hqc_rsdecod_top_default
Compiling module xil_defaultlib.hqc_decod_top_default
Compiling module xil_defaultlib.decrypt_default
Compiling module xil_defaultlib.decap_default
Compiling module xil_defaultlib.control_path
Compiling module xil_defaultlib.rc
Compiling module xil_defaultlib.transform
Compiling module xil_defaultlib.stateram_inference_default
Compiling module xil_defaultlib.stateram_inference(i=1)
Compiling module xil_defaultlib.stateram_inference(i=2)
Compiling module xil_defaultlib.stateram_inference(i=3)
Compiling module xil_defaultlib.stateram_inference(i=4)
Compiling module xil_defaultlib.stateram_inference(i=5)
Compiling module xil_defaultlib.stateram_inference(i=6)
Compiling module xil_defaultlib.stateram_inference(i=7)
Compiling module xil_defaultlib.stateram_inference(i=8)
Compiling module xil_defaultlib.stateram_inference(i=9)
Compiling module xil_defaultlib.stateram_inference(i=10)
Compiling module xil_defaultlib.stateram_inference(i=11)
Compiling module xil_defaultlib.stateram_inference(i=12)
Compiling module xil_defaultlib.stateram_inference(i=13)
Compiling module xil_defaultlib.stateram_inference(i=14)
Compiling module xil_defaultlib.stateram_inference(i=15)
Compiling module xil_defaultlib.stateram_inference(i=16)
Compiling module xil_defaultlib.stateram_inference(i=17)
Compiling module xil_defaultlib.stateram_inference(i=18)
Compiling module xil_defaultlib.stateram_inference(i=19)
Compiling module xil_defaultlib.stateram_inference(i=20)
Compiling module xil_defaultlib.stateram_inference(i=21)
Compiling module xil_defaultlib.stateram_inference(i=22)
Compiling module xil_defaultlib.stateram_inference(i=23)
Compiling module xil_defaultlib.stateram_inference(i=24)
Compiling module xil_defaultlib.state_ram_default
Compiling module xil_defaultlib.data_path_default
Compiling module xil_defaultlib.keccak_top
Compiling module xil_defaultlib.hqc_kem_joint_design_default
Compiling module xil_defaultlib.HQC_wrapper
Compiling module xil_defaultlib.keygen_tb
Compiling module xil_defaultlib.glbl
Built simulation snapshot keygen_tb_behav
run_program: Time (s): cpu = 00:00:02 ; elapsed = 00:00:19 . Memory (MB): peak = 1432.266 ; gain = 0.000
INFO: [USF-XSim-69] 'elaborate' step finished in '19' seconds
INFO: [USF-XSim-4] XSim::Simulate design
INFO: [USF-XSim-61] Executing 'SIMULATE' step in 'D:/University/251/DA/wrapper/wrapper.sim/sim_1/behav/xsim'
INFO: [USF-XSim-98] *** Running xsim
   with args "keygen_tb_behav -key {Behavioral:sim_1:Functional:keygen_tb} -tclbatch {keygen_tb.tcl} -log {simulate.log}"
INFO: [USF-XSim-8] Loading simulator feature
Time resolution is 1 ps
source keygen_tb.tcl
# set curr_wave [current_wave_config]
# if { [string length $curr_wave] == 0 } {
#   if { [llength [get_objects]] > 0} {
#     add_wave /
#     set_property needs_save false [current_wave_config]
#   } else {
#      send_msg_id Add_Wave-1 WARNING "No top level signals found. Simulator will start without a wave window. If you want to open a wave window go to 'File->New Waveform Configuration' or type 'create_wave_config' in the TCL console."
#   }
# }
# run 1000ns
=== STARTING TESTBENCH (SEQUENTIAL MODE) ===
DEBUG: First Line of Seed = 10101101110101010000000011011111
--- [TB] Step 1: Resetting Core ---
--- [TB] Step 2: Loading Seeds ---
--- [TB] Loading SK & PK Seeds ---
--- [TB] SK Seed Loaded. Loading PK Seed... ---
INFO: [USF-XSim-96] XSim completed. Design snapshot 'keygen_tb_behav' loaded.
INFO: [USF-XSim-97] XSim simulation ran for 1000ns
launch_simulation: Time (s): cpu = 00:00:10 ; elapsed = 00:00:40 . Memory (MB): peak = 1439.168 ; gain = 6.902
run all
--- [TB] Step 3: Triggering Start ---
--- [TB] Step 4: Polling for Done Status ---
--- [TB] Waiting... Current Status = 0 (Time:            101040000)
--- [TB] CORE DONE DETECTED! (After 1387 checks) ---
--- [TB] Step 5: Reading Public Key S (Type 11) ---
Addr 0: 8cec4000019d5dfa9e5ac3bfd626e10c
Addr 1: a76337c7f831f8d4f0792083b077ce6b
Addr 2: 4006a200c73d330a6f216b76ebd401c7
Addr 3: 290193eb707377901121387746c2d26c
Addr 4: 874f053b64da1ac07cbd22136cab5aca
--- [TB] Step 6: Reading Random Vector H (Type 10) ---
Addr 0: b65f6a111595a2e8bd07a1c5edd3f277
Addr 1: a66c0dd4562c715d0fbf34942532085e
Addr 2: fe792387f8747b443f5450e6f25d9dff
--- [TB] Step 7: Reading Secret Key X (Type 00) ---
Addr 0: 00000000000000000000000000001cd5
Addr 1: 00000000000000000000000000000470
Addr 2: 000000000000000000000000000016e6
Addr 3: 000000000000000000000000000037b3
Addr 4: 00000000000000000000000000002904
--- [TB] Step 8: Reading Secret Key Y (Type 01) ---
Addr 0: 00000000000000000000000000001a43
Addr 1: 000000000000000000000000000036ad
Addr 2: 000000000000000000000000000006c6
Addr 3: 00000000000000000000000000000590
Addr 4: 00000000000000000000000000003d84
=== TEST FINISHED SUCCESSFULY ===
$finish called at time : 144340 ns : File "C:/Users/THUAN/Downloads/wrapper/keygen_tb.v" Line 190
close_sim
INFO: [Simtcl 6-16] Simulation closed
exit
INFO: [Common 17-206] Exiting Vivado at Tue Feb  3 19:12:30 2026...
