Time resolution is 1 ps

[DEBUG] Time: 175000 | EVENT: ENCAP START
[DEBUG] m_in (at start): 00000001
[DEBUG] Time: 265000 | SHAKE DIN : 40000140
[DEBUG] Time: 275000 | SHAKE DIN : 80000088
[DEBUG] Time: 295000 | SHAKE DIN : 01000000
[DEBUG] Time: 315000 | SHAKE DIN : 02000000
[DEBUG] Time: 335000 | SHAKE DIN : 03000000
[DEBUG] Time: 355000 | SHAKE DIN : 07000000
[DEBUG] Time: 375000 | SHAKE DIN : 00000003
[DEBUG] Time: 1175000 | SHAKE DOUT: 505c1f39
[DEBUG] Time: 1185000 | SHAKE DOUT: 488680be
[DEBUG] Time: 1195000 | SHAKE DOUT: fe143d50
[DEBUG] Time: 1205000 | SHAKE DOUT: 66697974
[DEBUG] Time: 1215000 | SHAKE DOUT: 9b327b52
[DEBUG] Time: 1225000 | SHAKE DOUT: bef6d845
[DEBUG] Time: 1235000 | SHAKE DOUT: e3e0eeb8
[DEBUG] Time: 1245000 | SHAKE DOUT: 7db088db
[DEBUG] Time: 1255000 | SHAKE DOUT: 61508b55
[DEBUG] Time: 1265000 | SHAKE DOUT: 016e8f05
[DEBUG] Time: 1315000 | SHAKE DIN : 40002b80
[DEBUG] Time: 1335000 | SHAKE DIN : 80000148
[DEBUG] Time: 1355000 | SHAKE DIN : 505c1f39
[DEBUG] Time: 1375000 | SHAKE DIN : 488680be
[DEBUG] Time: 1395000 | SHAKE DIN : fe143d50
[DEBUG] Time: 1415000 | SHAKE DIN : 66697974
[DEBUG] Time: 1435000 | SHAKE DIN : 9b327b52
[DEBUG] Time: 1455000 | SHAKE DIN : bef6d845
[DEBUG] Time: 1475000 | SHAKE DIN : e3e0eeb8
[DEBUG] Time: 1495000 | SHAKE DIN : 7db088db
[DEBUG] Time: 1515000 | SHAKE DIN : 61508b55
[DEBUG] Time: 1535000 | SHAKE DIN : 016e8f05
[DEBUG] Time: 1555000 | SHAKE DIN : 00000002
[DEBUG] Time: 2295000 | SHAKE DOUT: 80e63b38
[DEBUG] Time: 2305000 | SHAKE DOUT: 67669555
[DEBUG] Time: 2325000 | SHAKE DOUT: dd1111c1
[DEBUG] Time: 2335000 | SHAKE DOUT: 392f169f
[DEBUG] Time: 2345000 | SHAKE DOUT: 27cfcc1d
[DEBUG] Time: 2365000 | SHAKE DOUT: 91561e61
[DEBUG] Time: 2375000 | SHAKE DOUT: 332e2524
[DEBUG] Time: 2385000 | SHAKE DOUT: bec3c66d
[DEBUG] Time: 2405000 | SHAKE DOUT: abe111f5
[DEBUG] Time: 2415000 | SHAKE DOUT: 854c9ea9
[DEBUG] Time: 2425000 | SHAKE DOUT: daa593dc
[DEBUG] Time: 2445000 | SHAKE DOUT: 05d51b81
[DEBUG] Time: 2455000 | SHAKE DOUT: 1094612d
[DEBUG] Time: 2465000 | SHAKE DOUT: c90c95eb
[DEBUG] Time: 2485000 | SHAKE DOUT: 868e0070
[DEBUG] Time: 2495000 | SHAKE DOUT: 9ac9232e
[DEBUG] Time: 2505000 | SHAKE DOUT: f1b792a2
[DEBUG] Time: 2525000 | SHAKE DOUT: 88f6a339
[DEBUG] Time: 2535000 | SHAKE DOUT: 467c2164
[DEBUG] Time: 2545000 | SHAKE DOUT: 1a48224b
[DEBUG] Time: 2565000 | SHAKE DOUT: 3702f085
[DEBUG] Time: 2575000 | SHAKE DOUT: 3bc525bc
[DEBUG] Time: 2585000 | SHAKE DOUT: 72167a8e
[DEBUG] Time: 2605000 | SHAKE DOUT: 53ecd617
[DEBUG] Time: 2615000 | SHAKE DOUT: af1b2a4a
[DEBUG] Time: 2625000 | SHAKE DOUT: 8a0b8ab1
[DEBUG] Time: 2645000 | SHAKE DOUT: c66eeecf
[DEBUG] Time: 2655000 | SHAKE DOUT: 0bd9d4a7
[DEBUG] Time: 2665000 | SHAKE DOUT: 28c0bd10
[DEBUG] Time: 2685000 | SHAKE DOUT: 3ee6f067
[DEBUG] Time: 2695000 | SHAKE DOUT: a5b5df1a
[DEBUG] Time: 2705000 | SHAKE DOUT: b5e99227
[DEBUG] Time: 2725000 | SHAKE DOUT: 8bf9b557
[DEBUG] Time: 2735000 | SHAKE DOUT: ced23884
[DEBUG] Time: 3245000 | SHAKE DOUT: a533ef6e
[DEBUG] Time: 3265000 | SHAKE DOUT: 0f2df350
[DEBUG] Time: 3275000 | SHAKE DOUT: 946d71e3
[DEBUG] Time: 3285000 | SHAKE DOUT: 91ce0a92
[DEBUG] Time: 3305000 | SHAKE DOUT: b65f4737
[DEBUG] Time: 3315000 | SHAKE DOUT: 09070ba1
[DEBUG] Time: 3325000 | SHAKE DOUT: 5bed2c70
[DEBUG] Time: 3345000 | SHAKE DOUT: de7637a4
[DEBUG] Time: 3355000 | SHAKE DOUT: bad7bac8
[DEBUG] Time: 3365000 | SHAKE DOUT: 508ec1f1
[DEBUG] Time: 3385000 | SHAKE DOUT: 78bdf374
[DEBUG] Time: 3395000 | SHAKE DOUT: 6bc4ded1
[DEBUG] Time: 3405000 | SHAKE DOUT: 8c14c927
[DEBUG] Time: 3425000 | SHAKE DOUT: 41701b7b
[DEBUG] Time: 3435000 | SHAKE DOUT: 1f6452ad
[DEBUG] Time: 3445000 | SHAKE DOUT: a2f57213
[DEBUG] Time: 3465000 | SHAKE DOUT: 817744ed
[DEBUG] Time: 3475000 | SHAKE DOUT: cfe0259d
[DEBUG] Time: 3485000 | SHAKE DOUT: 8b0d0306
[DEBUG] Time: 3505000 | SHAKE DOUT: 559a104d
[DEBUG] Time: 3515000 | SHAKE DOUT: fb7a5d15
[DEBUG] Time: 3525000 | SHAKE DOUT: 0a8e6bd8
[DEBUG] Time: 3535000 | SHAKE DOUT: 2a9ee1cc
[DEBUG] Time: 3545000 | SHAKE DOUT: 637c0f3f
[DEBUG] Time: 3555000 | SHAKE DOUT: 241ad645
[DEBUG] Time: 3565000 | SHAKE DOUT: 6e592b18
[DEBUG] Time: 3585000 | SHAKE DOUT: 49154971
[DEBUG] Time: 3595000 | SHAKE DOUT: efb31664
[DEBUG] Time: 3605000 | SHAKE DOUT: 4348c5d0
[DEBUG] Time: 3625000 | SHAKE DOUT: 8f44015c
[DEBUG] Time: 3635000 | SHAKE DOUT: 223995d2
[DEBUG] Time: 3645000 | SHAKE DOUT: a585076a
[DEBUG] Time: 3665000 | SHAKE DOUT: 91892071
[DEBUG] Time: 3675000 | SHAKE DOUT: 64bf61d8
[DEBUG] Time: 4185000 | SHAKE DOUT: b152d594
[DEBUG] Time: 4205000 | SHAKE DOUT: e147d3c7
[DEBUG] Time: 4215000 | SHAKE DOUT: 8ef47497
[DEBUG] Time: 4225000 | SHAKE DOUT: 66da8035
[DEBUG] Time: 4245000 | SHAKE DOUT: f6fbb5b8
[DEBUG] Time: 4255000 | SHAKE DOUT: 8b5753a9
[DEBUG] Time: 4265000 | SHAKE DOUT: 7bfe8684
[DEBUG] Time: 4285000 | SHAKE DOUT: 541ea010
[DEBUG] Time: 4295000 | SHAKE DOUT: 3ca723c4
[DEBUG] Time: 4305000 | SHAKE DOUT: 08885c79
[DEBUG] Time: 4325000 | SHAKE DOUT: ebc3ea08
[DEBUG] Time: 4335000 | SHAKE DOUT: 13b7918e
[DEBUG] Time: 4345000 | SHAKE DOUT: a56a510e
[DEBUG] Time: 4365000 | SHAKE DOUT: 0ba6b8a5
[DEBUG] Time: 4375000 | SHAKE DOUT: d7b10421
[DEBUG] Time: 4385000 | SHAKE DOUT: cd797ec0
[DEBUG] Time: 4405000 | SHAKE DOUT: 379548b7
[DEBUG] Time: 4415000 | SHAKE DOUT: 5fb10f3a
[DEBUG] Time: 4425000 | SHAKE DOUT: 96003d07
[DEBUG] Time: 4445000 | SHAKE DOUT: b4a5fe6e
[DEBUG] Time: 4455000 | SHAKE DOUT: ab3d5cab
[DEBUG] Time: 4465000 | SHAKE DOUT: bf9bab0e
[DEBUG] Time: 4485000 | SHAKE DOUT: 9da198cc
[DEBUG] Time: 4495000 | SHAKE DOUT: 28d4619f
[DEBUG] Time: 4505000 | SHAKE DOUT: 3febea7e
[DEBUG] Time: 4525000 | SHAKE DOUT: 23f20759
[DEBUG] Time: 4535000 | SHAKE DOUT: 191043e8
[DEBUG] Time: 4545000 | SHAKE DOUT: e7bbf0f3
[DEBUG] Time: 4565000 | SHAKE DOUT: 162c5a40
[DEBUG] Time: 4575000 | SHAKE DOUT: 9adfa167
[DEBUG] Time: 4585000 | SHAKE DOUT: 9643ff17
[DEBUG] Time: 4605000 | SHAKE DOUT: 45bb152e
[DEBUG] Time: 4615000 | SHAKE DOUT: 297f5ff7
[DEBUG] Time: 4625000 | SHAKE DOUT: 68e469a5
[DEBUG] Time: 5145000 | SHAKE DOUT: 5d2d3b98
[DEBUG] Time: 5155000 | SHAKE DOUT: 88009ee1
[DEBUG] Time: 5165000 | SHAKE DOUT: d7605ef9
[DEBUG] Time: 5185000 | SHAKE DOUT: 0fbb140b
[DEBUG] Time: 5195000 | SHAKE DOUT: 410670d5
[DEBUG] Time: 5205000 | SHAKE DOUT: b685bc8a
[DEBUG] Time: 5225000 | SHAKE DOUT: 857e0c62
[DEBUG] Time: 5235000 | SHAKE DOUT: 002406b7
[DEBUG] Time: 5245000 | SHAKE DOUT: 605e6df9
[DEBUG] Time: 5265000 | SHAKE DOUT: a876430b
[DEBUG] Time: 5275000 | SHAKE DOUT: 55a592a8
[DEBUG] Time: 5285000 | SHAKE DOUT: 790746c6
[DEBUG] Time: 5295000 | SHAKE DOUT: 08b8c2e9
[DEBUG] Time: 5305000 | SHAKE DOUT: d4d11d14
[DEBUG] Time: 5315000 | SHAKE DOUT: 807610c2
[DEBUG] Time: 5325000 | SHAKE DOUT: 3c02b41b
[DEBUG] Time: 5345000 | SHAKE DOUT: e0204774
[DEBUG] Time: 5355000 | SHAKE DOUT: 6ebd5f0a
[DEBUG] Time: 5365000 | SHAKE DOUT: a2abbc6c
[DEBUG] Time: 5385000 | SHAKE DOUT: 6371c8d3
[DEBUG] Time: 5395000 | SHAKE DOUT: 53d875d2
[DEBUG] Time: 5405000 | SHAKE DOUT: 26f748a1
[DEBUG] Time: 5425000 | SHAKE DOUT: 132f4ffe
[DEBUG] Time: 5435000 | SHAKE DOUT: 008b8a1e
[DEBUG] Time: 5445000 | SHAKE DOUT: 6617e2b5
[DEBUG] Time: 5465000 | SHAKE DOUT: 726ac0e3
[DEBUG] Time: 5475000 | SHAKE DOUT: 364885df
[DEBUG] Time: 5485000 | SHAKE DOUT: 3056513f
[DEBUG] Time: 5505000 | SHAKE DOUT: d3bb4008
[DEBUG] Time: 5515000 | SHAKE DOUT: b017a51c
[DEBUG] Time: 5525000 | SHAKE DOUT: be11d58a
[DEBUG] Time: 5545000 | SHAKE DOUT: fb066673
[DEBUG] Time: 5555000 | SHAKE DOUT: 371944f3
[DEBUG] Time: 5565000 | SHAKE DOUT: 4cb30bb4
[DEBUG] Time: 6085000 | SHAKE DOUT: 7fe4e16e
[DEBUG] Time: 6095000 | SHAKE DOUT: ee81a7c8
[DEBUG] Time: 6105000 | SHAKE DOUT: 980a643a
[DEBUG] Time: 6125000 | SHAKE DOUT: b335f078
[DEBUG] Time: 6135000 | SHAKE DOUT: 28600bf6
[DEBUG] Time: 6145000 | SHAKE DOUT: b3c5ff47
[DEBUG] Time: 6165000 | SHAKE DOUT: f31ab101
[DEBUG] Time: 6175000 | SHAKE DOUT: 383cfcbe
[DEBUG] Time: 6185000 | SHAKE DOUT: f07e04cf
[DEBUG] Time: 6205000 | SHAKE DOUT: 28e3d838
[DEBUG] Time: 6215000 | SHAKE DOUT: 487c984f
[DEBUG] Time: 6225000 | SHAKE DOUT: 5f055da1
[DEBUG] Time: 6245000 | SHAKE DOUT: 0abd97be
[DEBUG] Time: 6255000 | SHAKE DOUT: b853aa91
[DEBUG] Time: 6265000 | SHAKE DOUT: 9b2a9cc6
[DEBUG] Time: 6285000 | SHAKE DOUT: 3a4755b5
[DEBUG] Time: 6295000 | SHAKE DOUT: a515db6e
[DEBUG] Time: 6305000 | SHAKE DOUT: 5b77c88b
[DEBUG] Time: 6325000 | SHAKE DOUT: dd3d46d5
[DEBUG] Time: 6335000 | SHAKE DOUT: b9cbcf7c
[DEBUG] Time: 6345000 | SHAKE DOUT: a41737bc
[DEBUG] Time: 6365000 | SHAKE DOUT: 73accc9c
[DEBUG] Time: 6375000 | SHAKE DOUT: 9e29aab5
[DEBUG] Time: 6385000 | SHAKE DOUT: 4d83cdc3
[DEBUG] Time: 6405000 | SHAKE DOUT: 365423e1
[DEBUG] Time: 6415000 | SHAKE DOUT: f818335a
[DEBUG] Time: 6425000 | SHAKE DOUT: 866d1e8b
[DEBUG] Time: 6445000 | SHAKE DOUT: 24e01afb
[DEBUG] Time: 6455000 | SHAKE DOUT: 55ac3438
[DEBUG] Time: 6465000 | SHAKE DOUT: 1cb4d5ff
[DEBUG] Time: 6485000 | SHAKE DOUT: 622a41c1
[DEBUG] Time: 6495000 | SHAKE DOUT: 098a6732
[DEBUG] Time: 6505000 | SHAKE DOUT: 38a03416
[DEBUG] Time: 6525000 | SHAKE DOUT: 51af5c26
[DEBUG] Time: 7035000 | SHAKE DOUT: 731151da
[DEBUG] Time: 7045000 | SHAKE DOUT: 740427a4
[DEBUG] Time: 7055000 | SHAKE DOUT: dc886068
[DEBUG] Time: 7065000 | SHAKE DOUT: 8b3910af
[DEBUG] Time: 7075000 | SHAKE DOUT: 590d2833
[DEBUG] Time: 7085000 | SHAKE DOUT: 2f66ae4b
[DEBUG] Time: 7105000 | SHAKE DOUT: 09416514
[DEBUG] Time: 7115000 | SHAKE DOUT: 76413f15
[DEBUG] Time: 7125000 | SHAKE DOUT: def44f55
[DEBUG] Time: 7145000 | SHAKE DOUT: d0d63486
[DEBUG] Time: 7155000 | SHAKE DOUT: 59999288
[DEBUG] Time: 7165000 | SHAKE DOUT: 376ccfed
[DEBUG] Time: 7185000 | SHAKE DOUT: e6ca01fa
[DEBUG] Time: 7195000 | SHAKE DOUT: dda0a0be
[DEBUG] Time: 7205000 | SHAKE DOUT: 5dd5cbb4
[DEBUG] Time: 7225000 | SHAKE DOUT: 45266a84
[DEBUG] Time: 7235000 | SHAKE DOUT: 5c59170b
[DEBUG] Time: 7245000 | SHAKE DOUT: b3518e68
[DEBUG] Time: 7265000 | SHAKE DOUT: 43e19b9c
[DEBUG] Time: 7275000 | SHAKE DOUT: fe7789a6
[DEBUG] Time: 7285000 | SHAKE DOUT: d271412b
[DEBUG] Time: 7305000 | SHAKE DOUT: 5b24e64e
[DEBUG] Time: 7315000 | SHAKE DOUT: 84e6b8c4
[DEBUG] Time: 7325000 | SHAKE DOUT: 6abbc7ea
[DEBUG] Time: 7345000 | SHAKE DOUT: ce504ca1
[DEBUG] Time: 7355000 | SHAKE DOUT: 398a095c
[DEBUG] Time: 7365000 | SHAKE DOUT: 6a62a56c
[DEBUG] Time: 7385000 | SHAKE DOUT: a6324922
[DEBUG] Time: 7395000 | SHAKE DOUT: 8ff650c1
[DEBUG] Time: 7405000 | SHAKE DOUT: c86cacac
[DEBUG] Time: 7425000 | SHAKE DOUT: fb94c9a3
[DEBUG] Time: 7435000 | SHAKE DOUT: fe56897c
[DEBUG] Time: 7445000 | SHAKE DOUT: 0171b3d0
[DEBUG] Time: 7465000 | SHAKE DOUT: 80e9564f
[DEBUG] Time: 7975000 | SHAKE DOUT: 8a2ba051
[DEBUG] Time: 7985000 | SHAKE DOUT: b209072e
[DEBUG] Time: 8005000 | SHAKE DOUT: 1761b468
[DEBUG] Time: 8015000 | SHAKE DOUT: beefd964
[DEBUG] Time: 8025000 | SHAKE DOUT: 6fa4d487
[DEBUG] Time: 8045000 | SHAKE DOUT: 38bd3fb7
[DEBUG] Time: 8055000 | SHAKE DOUT: 3d354658
[DEBUG] Time: 8065000 | SHAKE DOUT: 094ff589
[DEBUG] Time: 8085000 | SHAKE DOUT: 20fdacec
[DEBUG] Time: 8095000 | SHAKE DOUT: 3945ea47
[DEBUG] Time: 8105000 | SHAKE DOUT: 46492d4d
[DEBUG] Time: 8125000 | SHAKE DOUT: ac16160d
[DEBUG] Time: 8135000 | SHAKE DOUT: afe4e94d
[DEBUG] Time: 8145000 | SHAKE DOUT: 1e2c5141
[DEBUG] Time: 8165000 | SHAKE DOUT: 3fd4a8d3
[DEBUG] Time: 8175000 | SHAKE DOUT: 2d285f9f
[DEBUG] Time: 8185000 | SHAKE DOUT: 78b05213
[DEBUG] Time: 8205000 | SHAKE DOUT: 9769042d
[DEBUG] Time: 8215000 | SHAKE DOUT: 1638d73e
[DEBUG] Time: 8225000 | SHAKE DOUT: 8f1b13ab
[DEBUG] Time: 8245000 | SHAKE DOUT: 0c89cf44
[DEBUG] Time: 8255000 | SHAKE DOUT: a7270374
[DEBUG] Time: 8265000 | SHAKE DOUT: 386e87b3
[DEBUG] Time: 8285000 | SHAKE DOUT: aefff892
[DEBUG] Time: 8295000 | SHAKE DOUT: aa838601
[DEBUG] Time: 8305000 | SHAKE DOUT: 0288334a
[DEBUG] Time: 8315000 | SHAKE DOUT: aa540c6c
[DEBUG] Time: 8325000 | SHAKE DOUT: 53473813
[DEBUG] Time: 8335000 | SHAKE DOUT: 166d819e
[DEBUG] Time: 8345000 | SHAKE DOUT: 9139b9c4
[DEBUG] Time: 8365000 | SHAKE DOUT: a6b2431e
[DEBUG] Time: 8375000 | SHAKE DOUT: 673b7a20
[DEBUG] Time: 8385000 | SHAKE DOUT: ec933fa5
[DEBUG] Time: 8405000 | SHAKE DOUT: d64f2b65
[DEBUG] Time: 8915000 | SHAKE DOUT: 0aed8c45
[DEBUG] Time: 8925000 | SHAKE DOUT: c9b32ae1
[DEBUG] Time: 8945000 | SHAKE DOUT: bcd03f51
[DEBUG] Time: 8955000 | SHAKE DOUT: 7d3f548c
[DEBUG] Time: 8965000 | SHAKE DOUT: 94df4c9e
[DEBUG] Time: 8985000 | SHAKE DOUT: f162f90e
[DEBUG] Time: 8995000 | SHAKE DOUT: ae08c80c
[DEBUG] Time: 9005000 | SHAKE DOUT: 382a1596
[DEBUG] Time: 9025000 | SHAKE DOUT: 0a070173
[DEBUG] Time: 9035000 | SHAKE DOUT: 42c1b014
[DEBUG] Time: 9045000 | SHAKE DOUT: 84f11b40
[DEBUG] Time: 9065000 | SHAKE DOUT: 69dd527d
[DEBUG] Time: 9075000 | SHAKE DOUT: e7955252
[DEBUG] Time: 9085000 | SHAKE DOUT: 15d33767
[DEBUG] Time: 9105000 | SHAKE DOUT: 76707169
[DEBUG] Time: 9115000 | SHAKE DOUT: b09d9a47
[DEBUG] Time: 9125000 | SHAKE DOUT: 49565116
[DEBUG] Time: 9145000 | SHAKE DOUT: e1bbe350
[DEBUG] Time: 9155000 | SHAKE DOUT: 4971a7d9
[DEBUG] Time: 9165000 | SHAKE DOUT: 1aa3c7c0
[DEBUG] Time: 9185000 | SHAKE DOUT: 986e0475
[DEBUG] Time: 9195000 | SHAKE DOUT: 81836841
[DEBUG] Time: 9205000 | SHAKE DOUT: 635a1f3e
[DEBUG] Time: 9225000 | SHAKE DOUT: d90b8b05
[DEBUG] Time: 9235000 | SHAKE DOUT: 903aafc7
[DEBUG] Time: 9245000 | SHAKE DOUT: c522aa81
[DEBUG] Time: 9265000 | SHAKE DOUT: 0e44b790
[DEBUG] Time: 9275000 | SHAKE DOUT: 3eb26ced
[DEBUG] Time: 9285000 | SHAKE DOUT: 7cd2fcdf
[DEBUG] Time: 9305000 | SHAKE DOUT: 524c423e
[DEBUG] Time: 9315000 | SHAKE DOUT: 689e6cb1
[DEBUG] Time: 9325000 | SHAKE DOUT: b405cde8
[DEBUG] Time: 9345000 | SHAKE DOUT: 4c943a3f
[DEBUG] Time: 9355000 | SHAKE DOUT: 16da91ff
[DEBUG] Time: 9865000 | SHAKE DOUT: 335b262b
[DEBUG] Time: 9885000 | SHAKE DOUT: 3ca143cd
[DEBUG] Time: 9895000 | SHAKE DOUT: a8c3b8f1
[DEBUG] Time: 9905000 | SHAKE DOUT: 6f6c2300
[DEBUG] Time: 9925000 | SHAKE DOUT: b3b0e8b2
[DEBUG] Time: 9935000 | SHAKE DOUT: bcedbad6
[DEBUG] Time: 9945000 | SHAKE DOUT: 72b3c2e4
[DEBUG] Time: 9965000 | SHAKE DOUT: a0108027
[DEBUG] Time: 9975000 | SHAKE DOUT: 0b1b19ea
[DEBUG] Time: 9985000 | SHAKE DOUT: cf13673d
[DEBUG] Time: 10005000 | SHAKE DOUT: d95a3643
[DEBUG] Time: 10015000 | SHAKE DOUT: 068bb7fd
[DEBUG] Time: 10025000 | SHAKE DOUT: 02c1bedf
[DEBUG] Time: 10045000 | SHAKE DOUT: b3d29856
[DEBUG] Time: 10055000 | SHAKE DOUT: 281da1db
[DEBUG] Time: 10065000 | SHAKE DOUT: d5b8c7cf
[DEBUG] Time: 10075000 | SHAKE DOUT: 1f9b8a58
[DEBUG] Time: 10085000 | SHAKE DOUT: f1db748b
[DEBUG] Time: 10095000 | SHAKE DOUT: 54a7f440
[DEBUG] Time: 10105000 | SHAKE DOUT: 416901a3
[DEBUG] Time: 10125000 | SHAKE DOUT: 91435c27
[DEBUG] Time: 10135000 | SHAKE DOUT: 4ca5fefe
[DEBUG] Time: 10145000 | SHAKE DOUT: 5dfc0bfb
[DEBUG] Time: 10165000 | SHAKE DOUT: 0e38ec4d
[DEBUG] Time: 10175000 | SHAKE DOUT: 6621b124
[DEBUG] Time: 10185000 | SHAKE DOUT: 7374f15d
[DEBUG] Time: 10205000 | SHAKE DOUT: ea04436b
[DEBUG] Time: 10215000 | SHAKE DOUT: 00427e81
[DEBUG] Time: 10225000 | SHAKE DOUT: 86f4de35
[DEBUG] Time: 10245000 | SHAKE DOUT: 4f514557
[DEBUG] Time: 10255000 | SHAKE DOUT: 51e848c8
[DEBUG] Time: 10265000 | SHAKE DOUT: f458931d
[DEBUG] Time: 10285000 | SHAKE DOUT: fd93d2d5
[DEBUG] Time: 10295000 | SHAKE DOUT: 092079b1
[DEBUG] Time: 10805000 | SHAKE DOUT: fbdf72b6
[DEBUG] Time: 10825000 | SHAKE DOUT: 6c548e90
[DEBUG] Time: 10835000 | SHAKE DOUT: 74eaf8f0
[DEBUG] Time: 10845000 | SHAKE DOUT: 8a6bf5b9
[DEBUG] Time: 10865000 | SHAKE DOUT: 226965f4
[DEBUG] Time: 10875000 | SHAKE DOUT: caf85a77
[DEBUG] Time: 10885000 | SHAKE DOUT: 004daa39
[DEBUG] Time: 10905000 | SHAKE DOUT: c47578bc
[DEBUG] Time: 10915000 | SHAKE DOUT: defa4f48
[DEBUG] Time: 10925000 | SHAKE DOUT: c81bc18b
[DEBUG] Time: 10945000 | SHAKE DOUT: 23ef5586
[DEBUG] Time: 10955000 | SHAKE DOUT: 20d69105
[DEBUG] Time: 10965000 | SHAKE DOUT: cb8eade4
[DEBUG] Time: 10985000 | SHAKE DOUT: 016adaf0
[DEBUG] Time: 10995000 | SHAKE DOUT: 1ff5c8bc
[DEBUG] Time: 11005000 | SHAKE DOUT: fd7540bf
[DEBUG] Time: 11025000 | SHAKE DOUT: 6c21f7a8
[DEBUG] Time: 11035000 | SHAKE DOUT: c4afb446
[DEBUG] Time: 11045000 | SHAKE DOUT: 3b87f0c6
[DEBUG] Time: 11065000 | SHAKE DOUT: 3390ae60
[DEBUG] Time: 11075000 | SHAKE DOUT: f0b50ef7
[DEBUG] Time: 11085000 | SHAKE DOUT: 9befff31
[DEBUG] Time: 11105000 | SHAKE DOUT: d2f0fb03
[DEBUG] Time: 11115000 | SHAKE DOUT: 5c7b2b26
[DEBUG] Time: 11125000 | SHAKE DOUT: e2c278e1
[DEBUG] Time: 11145000 | SHAKE DOUT: 854073f6
[DEBUG] Time: 11155000 | SHAKE DOUT: 31b06483
[DEBUG] Time: 11165000 | SHAKE DOUT: 1c3ca4f7
[DEBUG] Time: 11185000 | SHAKE DOUT: a67d29a8
[DEBUG] Time: 11195000 | SHAKE DOUT: 8ac8a906
[DEBUG] Time: 11205000 | SHAKE DOUT: 4fa5dc1f
[DEBUG] Time: 11225000 | SHAKE DOUT: c524aedf
[DEBUG] Time: 11235000 | SHAKE DOUT: c06e5294
[DEBUG] Time: 11245000 | SHAKE DOUT: 0c732fbe
[DEBUG] Time: 11765000 | SHAKE DOUT: c6eb9e67
[DEBUG] Time: 11775000 | SHAKE DOUT: 7376644a
[DEBUG] Time: 11785000 | SHAKE DOUT: 481e2c4b
[DEBUG] Time: 11805000 | SHAKE DOUT: dbed6e23
[DEBUG] Time: 11815000 | SHAKE DOUT: d41b4aad
[DEBUG] Time: 11825000 | SHAKE DOUT: ba67879d
[DEBUG] Time: 11835000 | SHAKE DOUT: 7b2e249d
[DEBUG] Time: 11845000 | SHAKE DOUT: 039ecdfe
[DEBUG] Time: 37865000 | Reading H Addr: 10
[DEBUG] Time: 37965000 | Reading H Addr: 20
[DEBUG] Time: 38065000 | Reading H Addr: 30
[DEBUG] Time: 38165000 | Reading H Addr: 40
[DEBUG] Time: 38265000 | Reading H Addr: 50
[DEBUG] Time: 38365000 | Reading H Addr: 60
[DEBUG] Time: 38465000 | Reading H Addr: 70
[DEBUG] Time: 38565000 | Reading H Addr: 80
[DEBUG] Time: 38665000 | Reading H Addr: 90
[DEBUG] Time: 38765000 | Reading H Addr: 100
[DEBUG] Time: 38865000 | Reading H Addr: 110
[DEBUG] Time: 38965000 | Reading H Addr: 120
[DEBUG] Time: 39065000 | Reading H Addr: 130
[DEBUG] Time: 39285000 | Reading H Addr: 10
[DEBUG] Time: 39385000 | Reading H Addr: 20
[DEBUG] Time: 39485000 | Reading H Addr: 30
[DEBUG] Time: 39585000 | Reading H Addr: 40
[DEBUG] Time: 39685000 | Reading H Addr: 50
[DEBUG] Time: 39785000 | Reading H Addr: 60
[DEBUG] Time: 39885000 | Reading H Addr: 70
[DEBUG] Time: 39985000 | Reading H Addr: 80
[DEBUG] Time: 40085000 | Reading H Addr: 90
[DEBUG] Time: 40185000 | Reading H Addr: 100
[DEBUG] Time: 40285000 | Reading H Addr: 110
[DEBUG] Time: 40385000 | Reading H Addr: 120
[DEBUG] Time: 40485000 | Reading H Addr: 130
[DEBUG] Time: 40705000 | Reading H Addr: 10
[DEBUG] Time: 40805000 | Reading H Addr: 20
[DEBUG] Time: 40905000 | Reading H Addr: 30
[DEBUG] Time: 41005000 | Reading H Addr: 40
[DEBUG] Time: 41105000 | Reading H Addr: 50
[DEBUG] Time: 41205000 | Reading H Addr: 60
[DEBUG] Time: 41305000 | Reading H Addr: 70
[DEBUG] Time: 41405000 | Reading H Addr: 80
[DEBUG] Time: 41505000 | Reading H Addr: 90
[DEBUG] Time: 41605000 | Reading H Addr: 100
[DEBUG] Time: 41705000 | Reading H Addr: 110
[DEBUG] Time: 41805000 | Reading H Addr: 120
[DEBUG] Time: 41905000 | Reading H Addr: 130
[DEBUG] Time: 42125000 | Reading H Addr: 10
[DEBUG] Time: 42225000 | Reading H Addr: 20
[DEBUG] Time: 42325000 | Reading H Addr: 30
[DEBUG] Time: 42425000 | Reading H Addr: 40
[DEBUG] Time: 42525000 | Reading H Addr: 50
[DEBUG] Time: 42625000 | Reading H Addr: 60
[DEBUG] Time: 42725000 | Reading H Addr: 70
[DEBUG] Time: 42825000 | Reading H Addr: 80
[DEBUG] Time: 42925000 | Reading H Addr: 90
[DEBUG] Time: 43025000 | Reading H Addr: 100
[DEBUG] Time: 43125000 | Reading H Addr: 110
[DEBUG] Time: 43225000 | Reading H Addr: 120
[DEBUG] Time: 43325000 | Reading H Addr: 130
[DEBUG] Time: 43545000 | Reading H Addr: 10
[DEBUG] Time: 43645000 | Reading H Addr: 20
[DEBUG] Time: 43745000 | Reading H Addr: 30
[DEBUG] Time: 43845000 | Reading H Addr: 40
[DEBUG] Time: 43945000 | Reading H Addr: 50
[DEBUG] Time: 44045000 | Reading H Addr: 60
[DEBUG] Time: 44145000 | Reading H Addr: 70
[DEBUG] Time: 44245000 | Reading H Addr: 80
[DEBUG] Time: 44345000 | Reading H Addr: 90
[DEBUG] Time: 44445000 | Reading H Addr: 100
[DEBUG] Time: 44545000 | Reading H Addr: 110
[DEBUG] Time: 44645000 | Reading H Addr: 120
[DEBUG] Time: 44745000 | Reading H Addr: 130
[DEBUG] Time: 44965000 | Reading H Addr: 10
[DEBUG] Time: 45065000 | Reading H Addr: 20
[DEBUG] Time: 45165000 | Reading H Addr: 30
[DEBUG] Time: 45265000 | Reading H Addr: 40
[DEBUG] Time: 45365000 | Reading H Addr: 50
[DEBUG] Time: 45465000 | Reading H Addr: 60
[DEBUG] Time: 45565000 | Reading H Addr: 70
[DEBUG] Time: 45665000 | Reading H Addr: 80
[DEBUG] Time: 45765000 | Reading H Addr: 90
[DEBUG] Time: 45865000 | Reading H Addr: 100
[DEBUG] Time: 45965000 | Reading H Addr: 110
[DEBUG] Time: 46065000 | Reading H Addr: 120
[DEBUG] Time: 46165000 | Reading H Addr: 130
[DEBUG] Time: 46265000 | Reading H Addr: 210
[DEBUG] Time: 46275000 | Reading H Addr: 210
[DEBUG] Time: 46385000 | Reading H Addr: 10
[DEBUG] Time: 46485000 | Reading H Addr: 20
[DEBUG] Time: 46585000 | Reading H Addr: 30
[DEBUG] Time: 46685000 | Reading H Addr: 40
[DEBUG] Time: 46785000 | Reading H Addr: 50
[DEBUG] Time: 46885000 | Reading H Addr: 60
[DEBUG] Time: 46985000 | Reading H Addr: 70
[DEBUG] Time: 47085000 | Reading H Addr: 80
[DEBUG] Time: 47185000 | Reading H Addr: 90
[DEBUG] Time: 47285000 | Reading H Addr: 100
[DEBUG] Time: 47385000 | Reading H Addr: 110
[DEBUG] Time: 47485000 | Reading H Addr: 120
[DEBUG] Time: 47585000 | Reading H Addr: 130
[DEBUG] Time: 47805000 | Reading H Addr: 10
[DEBUG] Time: 47905000 | Reading H Addr: 20
[DEBUG] Time: 48005000 | Reading H Addr: 30
[DEBUG] Time: 48105000 | Reading H Addr: 40
[DEBUG] Time: 48205000 | Reading H Addr: 50
[DEBUG] Time: 48305000 | Reading H Addr: 60
[DEBUG] Time: 48405000 | Reading H Addr: 70
[DEBUG] Time: 48505000 | Reading H Addr: 80
[DEBUG] Time: 48605000 | Reading H Addr: 90
[DEBUG] Time: 48705000 | Reading H Addr: 100
[DEBUG] Time: 48805000 | Reading H Addr: 110
[DEBUG] Time: 48905000 | Reading H Addr: 120
[DEBUG] Time: 49005000 | Reading H Addr: 130
[DEBUG] Time: 49225000 | Reading H Addr: 10
[DEBUG] Time: 49325000 | Reading H Addr: 20
[DEBUG] Time: 49425000 | Reading H Addr: 30
[DEBUG] Time: 49525000 | Reading H Addr: 40
[DEBUG] Time: 49625000 | Reading H Addr: 50
[DEBUG] Time: 49725000 | Reading H Addr: 60
[DEBUG] Time: 49825000 | Reading H Addr: 70
[DEBUG] Time: 49925000 | Reading H Addr: 80
[DEBUG] Time: 50025000 | Reading H Addr: 90
[DEBUG] Time: 50125000 | Reading H Addr: 100
[DEBUG] Time: 50225000 | Reading H Addr: 110
[DEBUG] Time: 50325000 | Reading H Addr: 120
[DEBUG] Time: 50425000 | Reading H Addr: 130
[DEBUG] Time: 50645000 | Reading H Addr: 10
[DEBUG] Time: 50745000 | Reading H Addr: 20
[DEBUG] Time: 50845000 | Reading H Addr: 30
[DEBUG] Time: 50935000 | SHAKE DIN : 40000200
[DEBUG] Time: 50945000 | SHAKE DIN : 80000088
[DEBUG] Time: 50945000 | Reading H Addr: 40
[DEBUG] Time: 50965000 | SHAKE DIN : 01000000
[DEBUG] Time: 50985000 | SHAKE DIN : 02000000
[DEBUG] Time: 51005000 | SHAKE DIN : 03000000
[DEBUG] Time: 51025000 | SHAKE DIN : 07000000
[DEBUG] Time: 51045000 | SHAKE DIN : 00000004
[DEBUG] Time: 51045000 | Reading H Addr: 50
[DEBUG] Time: 51145000 | Reading H Addr: 60
[DEBUG] Time: 51245000 | Reading H Addr: 70
[DEBUG] Time: 51345000 | Reading H Addr: 80
[DEBUG] Time: 51445000 | Reading H Addr: 90
[DEBUG] Time: 51545000 | Reading H Addr: 100
[DEBUG] Time: 51645000 | Reading H Addr: 110
[DEBUG] Time: 51745000 | Reading H Addr: 120
[DEBUG] Time: 51845000 | SHAKE DOUT: f7a74267
[DEBUG] Time: 51845000 | Reading H Addr: 130
[DEBUG] Time: 51855000 | SHAKE DOUT: 709d0789
[DEBUG] Time: 51865000 | SHAKE DOUT: 9d2ba125
[DEBUG] Time: 51875000 | SHAKE DOUT: e2f158f6
[DEBUG] Time: 51885000 | SHAKE DOUT: 1c3b79ae
[DEBUG] Time: 51895000 | SHAKE DOUT: 57ea167d
[DEBUG] Time: 51905000 | SHAKE DOUT: 874c63ad
[DEBUG] Time: 51915000 | SHAKE DOUT: 9e3527d3
[DEBUG] Time: 51925000 | SHAKE DOUT: 8245e039
[DEBUG] Time: 51935000 | SHAKE DOUT: e120a6e2
[DEBUG] Time: 51945000 | SHAKE DOUT: 205a960b
[DEBUG] Time: 51955000 | SHAKE DOUT: ca7ff310
[DEBUG] Time: 51965000 | SHAKE DOUT: 4e2d1722
[DEBUG] Time: 51975000 | SHAKE DOUT: 82f1c1a8
[DEBUG] Time: 51985000 | SHAKE DOUT: 870af3db
[DEBUG] Time: 51995000 | SHAKE DOUT: b84ac696
[DEBUG] Time: 52065000 | Reading H Addr: 10
[DEBUG] Time: 52165000 | Reading H Addr: 20
[DEBUG] Time: 52265000 | Reading H Addr: 30
[DEBUG] Time: 52365000 | Reading H Addr: 40
[DEBUG] Time: 52465000 | Reading H Addr: 50
[DEBUG] Time: 52565000 | Reading H Addr: 60
[DEBUG] Time: 52665000 | Reading H Addr: 70
[DEBUG] Time: 52765000 | Reading H Addr: 80
[DEBUG] Time: 52865000 | Reading H Addr: 90
[DEBUG] Time: 52965000 | Reading H Addr: 100
[DEBUG] Time: 53065000 | Reading H Addr: 110
[DEBUG] Time: 53165000 | Reading H Addr: 120
[DEBUG] Time: 53265000 | Reading H Addr: 130
[DEBUG] Time: 53485000 | Reading H Addr: 10
[DEBUG] Time: 53585000 | Reading H Addr: 20
[DEBUG] Time: 53685000 | Reading H Addr: 30
[DEBUG] Time: 53785000 | Reading H Addr: 40
[DEBUG] Time: 53885000 | Reading H Addr: 50
[DEBUG] Time: 53985000 | Reading H Addr: 60
[DEBUG] Time: 54085000 | Reading H Addr: 70
[DEBUG] Time: 54185000 | Reading H Addr: 80
[DEBUG] Time: 54285000 | Reading H Addr: 90
[DEBUG] Time: 54385000 | Reading H Addr: 100
[DEBUG] Time: 54485000 | Reading H Addr: 110
[DEBUG] Time: 54585000 | Reading H Addr: 120
[DEBUG] Time: 54685000 | Reading H Addr: 130
[DEBUG] Time: 54905000 | Reading H Addr: 10
[DEBUG] Time: 55005000 | Reading H Addr: 20
[DEBUG] Time: 55105000 | Reading H Addr: 30
[DEBUG] Time: 55205000 | Reading H Addr: 40
[DEBUG] Time: 55305000 | Reading H Addr: 50
[DEBUG] Time: 55405000 | Reading H Addr: 60
[DEBUG] Time: 55505000 | Reading H Addr: 70
[DEBUG] Time: 55605000 | Reading H Addr: 80
[DEBUG] Time: 55705000 | Reading H Addr: 90
[DEBUG] Time: 55805000 | Reading H Addr: 100
[DEBUG] Time: 55905000 | Reading H Addr: 110
[DEBUG] Time: 56005000 | Reading H Addr: 120
[DEBUG] Time: 56105000 | Reading H Addr: 130
[DEBUG] Time: 56325000 | Reading H Addr: 10
[DEBUG] Time: 56425000 | Reading H Addr: 20
[DEBUG] Time: 56525000 | Reading H Addr: 30
[DEBUG] Time: 56625000 | Reading H Addr: 40
[DEBUG] Time: 56725000 | Reading H Addr: 50
[DEBUG] Time: 56825000 | Reading H Addr: 60
[DEBUG] Time: 56925000 | Reading H Addr: 70
[DEBUG] Time: 57025000 | Reading H Addr: 80
[DEBUG] Time: 57125000 | Reading H Addr: 90
[DEBUG] Time: 57225000 | Reading H Addr: 100
[DEBUG] Time: 57325000 | Reading H Addr: 110
[DEBUG] Time: 57425000 | Reading H Addr: 120
[DEBUG] Time: 57525000 | Reading H Addr: 130
[DEBUG] Time: 57745000 | Reading H Addr: 10
[DEBUG] Time: 57845000 | Reading H Addr: 20
[DEBUG] Time: 57945000 | Reading H Addr: 30
[DEBUG] Time: 58045000 | Reading H Addr: 40
[DEBUG] Time: 58145000 | Reading H Addr: 50
[DEBUG] Time: 58245000 | Reading H Addr: 60
[DEBUG] Time: 58345000 | Reading H Addr: 70
[DEBUG] Time: 58445000 | Reading H Addr: 80
[DEBUG] Time: 58545000 | Reading H Addr: 90
[DEBUG] Time: 58645000 | Reading H Addr: 100
[DEBUG] Time: 58745000 | Reading H Addr: 110
[DEBUG] Time: 58845000 | Reading H Addr: 120
[DEBUG] Time: 58945000 | Reading H Addr: 130
[DEBUG] Time: 59165000 | Reading H Addr: 10
[DEBUG] Time: 59265000 | Reading H Addr: 20
[DEBUG] Time: 59365000 | Reading H Addr: 30
[DEBUG] Time: 59465000 | Reading H Addr: 40
[DEBUG] Time: 59565000 | Reading H Addr: 50
[DEBUG] Time: 59665000 | Reading H Addr: 60
[DEBUG] Time: 59765000 | Reading H Addr: 70
[DEBUG] Time: 59865000 | Reading H Addr: 80
[DEBUG] Time: 59965000 | Reading H Addr: 90
[DEBUG] Time: 60065000 | Reading H Addr: 100
[DEBUG] Time: 60165000 | Reading H Addr: 110
[DEBUG] Time: 60265000 | Reading H Addr: 120
[DEBUG] Time: 60365000 | Reading H Addr: 130
[DEBUG] Time: 60585000 | Reading H Addr: 10
[DEBUG] Time: 60685000 | Reading H Addr: 20
[DEBUG] Time: 60785000 | Reading H Addr: 30
[DEBUG] Time: 60885000 | Reading H Addr: 40
[DEBUG] Time: 60985000 | Reading H Addr: 50
[DEBUG] Time: 61085000 | Reading H Addr: 60
[DEBUG] Time: 61185000 | Reading H Addr: 70
[DEBUG] Time: 61285000 | Reading H Addr: 80
[DEBUG] Time: 61385000 | Reading H Addr: 90
[DEBUG] Time: 61485000 | Reading H Addr: 100
[DEBUG] Time: 61585000 | Reading H Addr: 110
[DEBUG] Time: 61685000 | Reading H Addr: 120
[DEBUG] Time: 61785000 | Reading H Addr: 130
[DEBUG] Time: 62005000 | Reading H Addr: 10
[DEBUG] Time: 62105000 | Reading H Addr: 20
[DEBUG] Time: 62205000 | Reading H Addr: 30
[DEBUG] Time: 62305000 | Reading H Addr: 40
[DEBUG] Time: 62405000 | Reading H Addr: 50
[DEBUG] Time: 62505000 | Reading H Addr: 60
[DEBUG] Time: 62605000 | Reading H Addr: 70
[DEBUG] Time: 62705000 | Reading H Addr: 80
[DEBUG] Time: 62805000 | Reading H Addr: 90
[DEBUG] Time: 62905000 | Reading H Addr: 100
[DEBUG] Time: 63005000 | Reading H Addr: 110
[DEBUG] Time: 63105000 | Reading H Addr: 120
[DEBUG] Time: 63205000 | Reading H Addr: 130
[DEBUG] Time: 63425000 | Reading H Addr: 10
[DEBUG] Time: 63525000 | Reading H Addr: 20
[DEBUG] Time: 63625000 | Reading H Addr: 30
[DEBUG] Time: 63725000 | Reading H Addr: 40
[DEBUG] Time: 63825000 | Reading H Addr: 50
[DEBUG] Time: 63925000 | Reading H Addr: 60
[DEBUG] Time: 64025000 | Reading H Addr: 70
[DEBUG] Time: 64125000 | Reading H Addr: 80
[DEBUG] Time: 64225000 | Reading H Addr: 90
[DEBUG] Time: 64325000 | Reading H Addr: 100
[DEBUG] Time: 64425000 | Reading H Addr: 110
[DEBUG] Time: 64525000 | Reading H Addr: 120
[DEBUG] Time: 64625000 | Reading H Addr: 130
[DEBUG] Time: 64845000 | Reading H Addr: 10
[DEBUG] Time: 64945000 | Reading H Addr: 20
[DEBUG] Time: 65045000 | Reading H Addr: 30
[DEBUG] Time: 65145000 | Reading H Addr: 40
[DEBUG] Time: 65245000 | Reading H Addr: 50
[DEBUG] Time: 65345000 | Reading H Addr: 60
[DEBUG] Time: 65445000 | Reading H Addr: 70
[DEBUG] Time: 65545000 | Reading H Addr: 80
[DEBUG] Time: 65645000 | Reading H Addr: 90
[DEBUG] Time: 65745000 | Reading H Addr: 100
[DEBUG] Time: 65845000 | Reading H Addr: 110
[DEBUG] Time: 65945000 | Reading H Addr: 120
[DEBUG] Time: 66045000 | Reading H Addr: 130
[DEBUG] Time: 66265000 | Reading H Addr: 10
[DEBUG] Time: 66365000 | Reading H Addr: 20
[DEBUG] Time: 66465000 | Reading H Addr: 30
[DEBUG] Time: 66565000 | Reading H Addr: 40
[DEBUG] Time: 66665000 | Reading H Addr: 50
[DEBUG] Time: 66765000 | Reading H Addr: 60
[DEBUG] Time: 66865000 | Reading H Addr: 70
[DEBUG] Time: 66965000 | Reading H Addr: 80
[DEBUG] Time: 67065000 | Reading H Addr: 90
[DEBUG] Time: 67165000 | Reading H Addr: 100
[DEBUG] Time: 67265000 | Reading H Addr: 110
[DEBUG] Time: 67365000 | Reading H Addr: 120
[DEBUG] Time: 67465000 | Reading H Addr: 130
[DEBUG] Time: 67685000 | Reading H Addr: 10
[DEBUG] Time: 67785000 | Reading H Addr: 20
[DEBUG] Time: 67885000 | Reading H Addr: 30
[DEBUG] Time: 67985000 | Reading H Addr: 40
[DEBUG] Time: 68085000 | Reading H Addr: 50
[DEBUG] Time: 68185000 | Reading H Addr: 60
[DEBUG] Time: 68285000 | Reading H Addr: 70
[DEBUG] Time: 68385000 | Reading H Addr: 80
[DEBUG] Time: 68485000 | Reading H Addr: 90
[DEBUG] Time: 68585000 | Reading H Addr: 100
[DEBUG] Time: 68685000 | Reading H Addr: 110
[DEBUG] Time: 68785000 | Reading H Addr: 120
[DEBUG] Time: 68885000 | Reading H Addr: 130
[DEBUG] Time: 69105000 | Reading H Addr: 10
[DEBUG] Time: 69205000 | Reading H Addr: 20
[DEBUG] Time: 69305000 | Reading H Addr: 30
[DEBUG] Time: 69405000 | Reading H Addr: 40
[DEBUG] Time: 69505000 | Reading H Addr: 50
[DEBUG] Time: 69605000 | Reading H Addr: 60
[DEBUG] Time: 69705000 | Reading H Addr: 70
[DEBUG] Time: 69805000 | Reading H Addr: 80
[DEBUG] Time: 69905000 | Reading H Addr: 90
[DEBUG] Time: 70005000 | Reading H Addr: 100
[DEBUG] Time: 70105000 | Reading H Addr: 110
[DEBUG] Time: 70205000 | Reading H Addr: 120
[DEBUG] Time: 70305000 | Reading H Addr: 130
[DEBUG] Time: 70525000 | Reading H Addr: 10
[DEBUG] Time: 70625000 | Reading H Addr: 20
[DEBUG] Time: 70725000 | Reading H Addr: 30
[DEBUG] Time: 70825000 | Reading H Addr: 40
[DEBUG] Time: 70925000 | Reading H Addr: 50
[DEBUG] Time: 71025000 | Reading H Addr: 60
[DEBUG] Time: 71125000 | Reading H Addr: 70
[DEBUG] Time: 71225000 | Reading H Addr: 80
[DEBUG] Time: 71325000 | Reading H Addr: 90
[DEBUG] Time: 71425000 | Reading H Addr: 100
[DEBUG] Time: 71525000 | Reading H Addr: 110
[DEBUG] Time: 71625000 | Reading H Addr: 120
[DEBUG] Time: 71725000 | Reading H Addr: 130
[DEBUG] Time: 71945000 | Reading H Addr: 10
[DEBUG] Time: 72045000 | Reading H Addr: 20
[DEBUG] Time: 72145000 | Reading H Addr: 30
[DEBUG] Time: 72245000 | Reading H Addr: 40
[DEBUG] Time: 72345000 | Reading H Addr: 50
[DEBUG] Time: 72445000 | Reading H Addr: 60
[DEBUG] Time: 72545000 | Reading H Addr: 70
[DEBUG] Time: 72645000 | Reading H Addr: 80
[DEBUG] Time: 72745000 | Reading H Addr: 90
[DEBUG] Time: 72845000 | Reading H Addr: 100
[DEBUG] Time: 72945000 | Reading H Addr: 110
[DEBUG] Time: 73045000 | Reading H Addr: 120
[DEBUG] Time: 73145000 | Reading H Addr: 130
[DEBUG] Time: 73245000 | Reading H Addr: 210
[DEBUG] Time: 73255000 | Reading H Addr: 210
[DEBUG] Time: 73365000 | Reading H Addr: 10
[DEBUG] Time: 73465000 | Reading H Addr: 20
[DEBUG] Time: 73565000 | Reading H Addr: 30
[DEBUG] Time: 73665000 | Reading H Addr: 40
[DEBUG] Time: 73765000 | Reading H Addr: 50
[DEBUG] Time: 73865000 | Reading H Addr: 60
[DEBUG] Time: 73965000 | Reading H Addr: 70
[DEBUG] Time: 74065000 | Reading H Addr: 80
[DEBUG] Time: 74165000 | Reading H Addr: 90
[DEBUG] Time: 74265000 | Reading H Addr: 100
[DEBUG] Time: 74365000 | Reading H Addr: 110
[DEBUG] Time: 74465000 | Reading H Addr: 120
[DEBUG] Time: 74565000 | Reading H Addr: 130
[DEBUG] Time: 74785000 | Reading H Addr: 10
[DEBUG] Time: 74885000 | Reading H Addr: 20
[DEBUG] Time: 74985000 | Reading H Addr: 30
[DEBUG] Time: 75085000 | Reading H Addr: 40
[DEBUG] Time: 75185000 | Reading H Addr: 50
[DEBUG] Time: 75285000 | Reading H Addr: 60
[DEBUG] Time: 75385000 | Reading H Addr: 70
[DEBUG] Time: 75485000 | Reading H Addr: 80
[DEBUG] Time: 75585000 | Reading H Addr: 90
[DEBUG] Time: 75685000 | Reading H Addr: 100
[DEBUG] Time: 75785000 | Reading H Addr: 110
[DEBUG] Time: 75885000 | Reading H Addr: 120
[DEBUG] Time: 75985000 | Reading H Addr: 130
[DEBUG] Time: 76205000 | Reading H Addr: 10
[DEBUG] Time: 76305000 | Reading H Addr: 20
[DEBUG] Time: 76405000 | Reading H Addr: 30
[DEBUG] Time: 76505000 | Reading H Addr: 40
[DEBUG] Time: 76605000 | Reading H Addr: 50
[DEBUG] Time: 76705000 | Reading H Addr: 60
[DEBUG] Time: 76805000 | Reading H Addr: 70
[DEBUG] Time: 76905000 | Reading H Addr: 80
[DEBUG] Time: 77005000 | Reading H Addr: 90
[DEBUG] Time: 77105000 | Reading H Addr: 100
[DEBUG] Time: 77205000 | Reading H Addr: 110
[DEBUG] Time: 77305000 | Reading H Addr: 120
[DEBUG] Time: 77405000 | Reading H Addr: 130
[DEBUG] Time: 77625000 | Reading H Addr: 10
[DEBUG] Time: 77725000 | Reading H Addr: 20
[DEBUG] Time: 77825000 | Reading H Addr: 30
[DEBUG] Time: 77925000 | Reading H Addr: 40
[DEBUG] Time: 78025000 | Reading H Addr: 50
[DEBUG] Time: 78125000 | Reading H Addr: 60
[DEBUG] Time: 78225000 | Reading H Addr: 70
[DEBUG] Time: 78325000 | Reading H Addr: 80
[DEBUG] Time: 78425000 | Reading H Addr: 90
[DEBUG] Time: 78525000 | Reading H Addr: 100
[DEBUG] Time: 78625000 | Reading H Addr: 110
[DEBUG] Time: 78725000 | Reading H Addr: 120
[DEBUG] Time: 78825000 | Reading H Addr: 130
[DEBUG] Time: 79045000 | Reading H Addr: 10
[DEBUG] Time: 79145000 | Reading H Addr: 20
[DEBUG] Time: 79245000 | Reading H Addr: 30
[DEBUG] Time: 79345000 | Reading H Addr: 40
[DEBUG] Time: 79445000 | Reading H Addr: 50
[DEBUG] Time: 79545000 | Reading H Addr: 60
[DEBUG] Time: 79645000 | Reading H Addr: 70
[DEBUG] Time: 79745000 | Reading H Addr: 80
[DEBUG] Time: 79845000 | Reading H Addr: 90
[DEBUG] Time: 79945000 | Reading H Addr: 100
[DEBUG] Time: 80045000 | Reading H Addr: 110
[DEBUG] Time: 80145000 | Reading H Addr: 120
[DEBUG] Time: 80245000 | Reading H Addr: 130
[DEBUG] Time: 80465000 | Reading H Addr: 10
[DEBUG] Time: 80565000 | Reading H Addr: 20
[DEBUG] Time: 80665000 | Reading H Addr: 30
[DEBUG] Time: 80765000 | Reading H Addr: 40
[DEBUG] Time: 80865000 | Reading H Addr: 50
[DEBUG] Time: 80965000 | Reading H Addr: 60
[DEBUG] Time: 81065000 | Reading H Addr: 70
[DEBUG] Time: 81165000 | Reading H Addr: 80
[DEBUG] Time: 81265000 | Reading H Addr: 90
[DEBUG] Time: 81365000 | Reading H Addr: 100
[DEBUG] Time: 81465000 | Reading H Addr: 110
[DEBUG] Time: 81565000 | Reading H Addr: 120
[DEBUG] Time: 81665000 | Reading H Addr: 130
[DEBUG] Time: 81885000 | Reading H Addr: 10
[DEBUG] Time: 81985000 | Reading H Addr: 20
[DEBUG] Time: 82085000 | Reading H Addr: 30
[DEBUG] Time: 82185000 | Reading H Addr: 40
[DEBUG] Time: 82285000 | Reading H Addr: 50
[DEBUG] Time: 82385000 | Reading H Addr: 60
[DEBUG] Time: 82485000 | Reading H Addr: 70
[DEBUG] Time: 82585000 | Reading H Addr: 80
[DEBUG] Time: 82685000 | Reading H Addr: 90
[DEBUG] Time: 82785000 | Reading H Addr: 100
[DEBUG] Time: 82885000 | Reading H Addr: 110
[DEBUG] Time: 82985000 | Reading H Addr: 120
[DEBUG] Time: 83085000 | Reading H Addr: 130
[DEBUG] Time: 83305000 | Reading H Addr: 10
[DEBUG] Time: 83405000 | Reading H Addr: 20
[DEBUG] Time: 83505000 | Reading H Addr: 30
[DEBUG] Time: 83605000 | Reading H Addr: 40
[DEBUG] Time: 83705000 | Reading H Addr: 50
[DEBUG] Time: 83805000 | Reading H Addr: 60
[DEBUG] Time: 83905000 | Reading H Addr: 70
[DEBUG] Time: 84005000 | Reading H Addr: 80
[DEBUG] Time: 84105000 | Reading H Addr: 90
[DEBUG] Time: 84205000 | Reading H Addr: 100
[DEBUG] Time: 84305000 | Reading H Addr: 110
[DEBUG] Time: 84405000 | Reading H Addr: 120
[DEBUG] Time: 84505000 | Reading H Addr: 130
[DEBUG] Time: 84725000 | Reading H Addr: 10
[DEBUG] Time: 84825000 | Reading H Addr: 20
[DEBUG] Time: 84925000 | Reading H Addr: 30
[DEBUG] Time: 85025000 | Reading H Addr: 40
[DEBUG] Time: 85125000 | Reading H Addr: 50
[DEBUG] Time: 85225000 | Reading H Addr: 60
[DEBUG] Time: 85325000 | Reading H Addr: 70
[DEBUG] Time: 85425000 | Reading H Addr: 80
[DEBUG] Time: 85525000 | Reading H Addr: 90
[DEBUG] Time: 85625000 | Reading H Addr: 100
[DEBUG] Time: 85725000 | Reading H Addr: 110
[DEBUG] Time: 85825000 | Reading H Addr: 120
[DEBUG] Time: 85925000 | Reading H Addr: 130
[DEBUG] Time: 86145000 | Reading H Addr: 10
[DEBUG] Time: 86245000 | Reading H Addr: 20
[DEBUG] Time: 86345000 | Reading H Addr: 30
[DEBUG] Time: 86445000 | Reading H Addr: 40
[DEBUG] Time: 86545000 | Reading H Addr: 50
[DEBUG] Time: 86645000 | Reading H Addr: 60
[DEBUG] Time: 86745000 | Reading H Addr: 70
[DEBUG] Time: 86845000 | Reading H Addr: 80
[DEBUG] Time: 86945000 | Reading H Addr: 90
[DEBUG] Time: 87045000 | Reading H Addr: 100
[DEBUG] Time: 87145000 | Reading H Addr: 110
[DEBUG] Time: 87245000 | Reading H Addr: 120
[DEBUG] Time: 87345000 | Reading H Addr: 130
[DEBUG] Time: 87565000 | Reading H Addr: 10
[DEBUG] Time: 87665000 | Reading H Addr: 20
[DEBUG] Time: 87765000 | Reading H Addr: 30
[DEBUG] Time: 87865000 | Reading H Addr: 40
[DEBUG] Time: 87965000 | Reading H Addr: 50
[DEBUG] Time: 88065000 | Reading H Addr: 60
[DEBUG] Time: 88165000 | Reading H Addr: 70
[DEBUG] Time: 88265000 | Reading H Addr: 80
[DEBUG] Time: 88365000 | Reading H Addr: 90
[DEBUG] Time: 88465000 | Reading H Addr: 100
[DEBUG] Time: 88565000 | Reading H Addr: 110
[DEBUG] Time: 88665000 | Reading H Addr: 120
[DEBUG] Time: 88765000 | Reading H Addr: 130
[DEBUG] Time: 88985000 | Reading H Addr: 10
[DEBUG] Time: 89085000 | Reading H Addr: 20
[DEBUG] Time: 89185000 | Reading H Addr: 30
[DEBUG] Time: 89285000 | Reading H Addr: 40
[DEBUG] Time: 89385000 | Reading H Addr: 50
[DEBUG] Time: 89485000 | Reading H Addr: 60
[DEBUG] Time: 89585000 | Reading H Addr: 70
[DEBUG] Time: 89685000 | Reading H Addr: 80
[DEBUG] Time: 89785000 | Reading H Addr: 90
[DEBUG] Time: 89885000 | Reading H Addr: 100
[DEBUG] Time: 89985000 | Reading H Addr: 110
[DEBUG] Time: 90085000 | Reading H Addr: 120
[DEBUG] Time: 90185000 | Reading H Addr: 130
[DEBUG] Time: 90285000 | Reading H Addr: 230
[DEBUG] Time: 90295000 | Reading H Addr: 230
[DEBUG] Time: 90405000 | Reading H Addr: 10
[DEBUG] Time: 90505000 | Reading H Addr: 20
[DEBUG] Time: 90605000 | Reading H Addr: 30
[DEBUG] Time: 90705000 | Reading H Addr: 40
[DEBUG] Time: 90805000 | Reading H Addr: 50
[DEBUG] Time: 90905000 | Reading H Addr: 60
[DEBUG] Time: 91005000 | Reading H Addr: 70
[DEBUG] Time: 91105000 | Reading H Addr: 80
[DEBUG] Time: 91205000 | Reading H Addr: 90
[DEBUG] Time: 91305000 | Reading H Addr: 100
[DEBUG] Time: 91405000 | Reading H Addr: 110
[DEBUG] Time: 91505000 | Reading H Addr: 120
[DEBUG] Time: 91605000 | Reading H Addr: 130
[DEBUG] Time: 91825000 | Reading H Addr: 10
[DEBUG] Time: 91925000 | Reading H Addr: 20
[DEBUG] Time: 92025000 | Reading H Addr: 30
[DEBUG] Time: 92125000 | Reading H Addr: 40
[DEBUG] Time: 92225000 | Reading H Addr: 50
[DEBUG] Time: 92325000 | Reading H Addr: 60
[DEBUG] Time: 92425000 | Reading H Addr: 70
[DEBUG] Time: 92525000 | Reading H Addr: 80
[DEBUG] Time: 92625000 | Reading H Addr: 90
[DEBUG] Time: 92725000 | Reading H Addr: 100
[DEBUG] Time: 92825000 | Reading H Addr: 110
[DEBUG] Time: 92925000 | Reading H Addr: 120
[DEBUG] Time: 93025000 | Reading H Addr: 130
[DEBUG] Time: 93245000 | Reading H Addr: 10
[DEBUG] Time: 93345000 | Reading H Addr: 20
[DEBUG] Time: 93445000 | Reading H Addr: 30
[DEBUG] Time: 93545000 | Reading H Addr: 40
[DEBUG] Time: 93645000 | Reading H Addr: 50
[DEBUG] Time: 93745000 | Reading H Addr: 60
[DEBUG] Time: 93845000 | Reading H Addr: 70
[DEBUG] Time: 93945000 | Reading H Addr: 80
[DEBUG] Time: 94045000 | Reading H Addr: 90
[DEBUG] Time: 94145000 | Reading H Addr: 100
[DEBUG] Time: 94245000 | Reading H Addr: 110
[DEBUG] Time: 94345000 | Reading H Addr: 120
[DEBUG] Time: 94445000 | Reading H Addr: 130
[DEBUG] Time: 94665000 | Reading H Addr: 10
[DEBUG] Time: 94765000 | Reading H Addr: 20
[DEBUG] Time: 94865000 | Reading H Addr: 30
[DEBUG] Time: 94965000 | Reading H Addr: 40
[DEBUG] Time: 95065000 | Reading H Addr: 50
[DEBUG] Time: 95165000 | Reading H Addr: 60
[DEBUG] Time: 95265000 | Reading H Addr: 70
[DEBUG] Time: 95365000 | Reading H Addr: 80
[DEBUG] Time: 95465000 | Reading H Addr: 90
[DEBUG] Time: 95565000 | Reading H Addr: 100
[DEBUG] Time: 95665000 | Reading H Addr: 110
[DEBUG] Time: 95765000 | Reading H Addr: 120
[DEBUG] Time: 95865000 | Reading H Addr: 130
[DEBUG] Time: 96085000 | Reading H Addr: 10
[DEBUG] Time: 96185000 | Reading H Addr: 20
[DEBUG] Time: 96285000 | Reading H Addr: 30
[DEBUG] Time: 96385000 | Reading H Addr: 40
[DEBUG] Time: 96485000 | Reading H Addr: 50
[DEBUG] Time: 96585000 | Reading H Addr: 60
[DEBUG] Time: 96685000 | Reading H Addr: 70
[DEBUG] Time: 96785000 | Reading H Addr: 80
[DEBUG] Time: 96885000 | Reading H Addr: 90
[DEBUG] Time: 96985000 | Reading H Addr: 100
[DEBUG] Time: 97085000 | Reading H Addr: 110
[DEBUG] Time: 97185000 | Reading H Addr: 120
[DEBUG] Time: 97285000 | Reading H Addr: 130
[DEBUG] Time: 97505000 | Reading H Addr: 10
[DEBUG] Time: 97605000 | Reading H Addr: 20
[DEBUG] Time: 97705000 | Reading H Addr: 30
[DEBUG] Time: 97805000 | Reading H Addr: 40
[DEBUG] Time: 97905000 | Reading H Addr: 50
[DEBUG] Time: 98005000 | Reading H Addr: 60
[DEBUG] Time: 98105000 | Reading H Addr: 70
[DEBUG] Time: 98205000 | Reading H Addr: 80
[DEBUG] Time: 98305000 | Reading H Addr: 90
[DEBUG] Time: 98405000 | Reading H Addr: 100
[DEBUG] Time: 98505000 | Reading H Addr: 110
[DEBUG] Time: 98605000 | Reading H Addr: 120
[DEBUG] Time: 98705000 | Reading H Addr: 130
[DEBUG] Time: 98925000 | Reading H Addr: 10
[DEBUG] Time: 99025000 | Reading H Addr: 20
[DEBUG] Time: 99125000 | Reading H Addr: 30
[DEBUG] Time: 99225000 | Reading H Addr: 40
[DEBUG] Time: 99325000 | Reading H Addr: 50
[DEBUG] Time: 99425000 | Reading H Addr: 60
[DEBUG] Time: 99525000 | Reading H Addr: 70
[DEBUG] Time: 99625000 | Reading H Addr: 80
[DEBUG] Time: 99725000 | Reading H Addr: 90
[DEBUG] Time: 99825000 | Reading H Addr: 100
[DEBUG] Time: 99925000 | Reading H Addr: 110
[DEBUG] Time: 100025000 | Reading H Addr: 120
[DEBUG] Time: 100125000 | Reading H Addr: 130
[DEBUG] Time: 100345000 | Reading H Addr: 10
[DEBUG] Time: 100445000 | Reading H Addr: 20
[DEBUG] Time: 100545000 | Reading H Addr: 30
[DEBUG] Time: 100645000 | Reading H Addr: 40
[DEBUG] Time: 100745000 | Reading H Addr: 50
[DEBUG] Time: 100845000 | Reading H Addr: 60
[DEBUG] Time: 100945000 | Reading H Addr: 70
[DEBUG] Time: 101045000 | Reading H Addr: 80
[DEBUG] Time: 101145000 | Reading H Addr: 90
[DEBUG] Time: 101245000 | Reading H Addr: 100
[DEBUG] Time: 101345000 | Reading H Addr: 110
[DEBUG] Time: 101445000 | Reading H Addr: 120
[DEBUG] Time: 101545000 | Reading H Addr: 130
[DEBUG] Time: 101765000 | Reading H Addr: 10
[DEBUG] Time: 101865000 | Reading H Addr: 20
[DEBUG] Time: 101965000 | Reading H Addr: 30
[DEBUG] Time: 102065000 | Reading H Addr: 40
[DEBUG] Time: 102165000 | Reading H Addr: 50
[DEBUG] Time: 102265000 | Reading H Addr: 60
[DEBUG] Time: 102365000 | Reading H Addr: 70
[DEBUG] Time: 102465000 | Reading H Addr: 80
[DEBUG] Time: 102565000 | Reading H Addr: 90
[DEBUG] Time: 102665000 | Reading H Addr: 100
[DEBUG] Time: 102765000 | Reading H Addr: 110
[DEBUG] Time: 102865000 | Reading H Addr: 120
[DEBUG] Time: 102965000 | Reading H Addr: 130
[DEBUG] Time: 103185000 | Reading H Addr: 10
[DEBUG] Time: 103285000 | Reading H Addr: 20
[DEBUG] Time: 103385000 | Reading H Addr: 30
[DEBUG] Time: 103485000 | Reading H Addr: 40
[DEBUG] Time: 103585000 | Reading H Addr: 50
[DEBUG] Time: 103685000 | Reading H Addr: 60
[DEBUG] Time: 103785000 | Reading H Addr: 70
[DEBUG] Time: 103885000 | Reading H Addr: 80
[DEBUG] Time: 103985000 | Reading H Addr: 90
[DEBUG] Time: 104085000 | Reading H Addr: 100
[DEBUG] Time: 104185000 | Reading H Addr: 110
[DEBUG] Time: 104285000 | Reading H Addr: 120
[DEBUG] Time: 104385000 | Reading H Addr: 130
[DEBUG] Time: 104605000 | Reading H Addr: 10
[DEBUG] Time: 104705000 | Reading H Addr: 20
[DEBUG] Time: 104805000 | Reading H Addr: 30
[DEBUG] Time: 104905000 | Reading H Addr: 40
[DEBUG] Time: 105005000 | Reading H Addr: 50
[DEBUG] Time: 105105000 | Reading H Addr: 60
[DEBUG] Time: 105205000 | Reading H Addr: 70
[DEBUG] Time: 105305000 | Reading H Addr: 80
[DEBUG] Time: 105405000 | Reading H Addr: 90
[DEBUG] Time: 105505000 | Reading H Addr: 100
[DEBUG] Time: 105605000 | Reading H Addr: 110
[DEBUG] Time: 105705000 | Reading H Addr: 120
[DEBUG] Time: 105805000 | Reading H Addr: 130
[DEBUG] Time: 106025000 | Reading H Addr: 10
[DEBUG] Time: 106125000 | Reading H Addr: 20
[DEBUG] Time: 106225000 | Reading H Addr: 30
[DEBUG] Time: 106325000 | Reading H Addr: 40
[DEBUG] Time: 106425000 | Reading H Addr: 50
[DEBUG] Time: 106525000 | Reading H Addr: 60
[DEBUG] Time: 106625000 | Reading H Addr: 70
[DEBUG] Time: 106725000 | Reading H Addr: 80
[DEBUG] Time: 106825000 | Reading H Addr: 90
[DEBUG] Time: 106925000 | Reading H Addr: 100
[DEBUG] Time: 107025000 | Reading H Addr: 110
[DEBUG] Time: 107125000 | Reading H Addr: 120
[DEBUG] Time: 107225000 | Reading H Addr: 130
[DEBUG] Time: 107445000 | Reading H Addr: 10
[DEBUG] Time: 107545000 | Reading H Addr: 20
[DEBUG] Time: 107645000 | Reading H Addr: 30
[DEBUG] Time: 107745000 | Reading H Addr: 40
[DEBUG] Time: 107845000 | Reading H Addr: 50
[DEBUG] Time: 107945000 | Reading H Addr: 60
[DEBUG] Time: 108045000 | Reading H Addr: 70
[DEBUG] Time: 108145000 | Reading H Addr: 80
[DEBUG] Time: 108245000 | Reading H Addr: 90
[DEBUG] Time: 108345000 | Reading H Addr: 100
[DEBUG] Time: 108445000 | Reading H Addr: 110
[DEBUG] Time: 108545000 | Reading H Addr: 120
[DEBUG] Time: 108645000 | Reading H Addr: 130
[DEBUG] Time: 108865000 | Reading H Addr: 10
[DEBUG] Time: 108965000 | Reading H Addr: 20
[DEBUG] Time: 109065000 | Reading H Addr: 30
[DEBUG] Time: 109165000 | Reading H Addr: 40
[DEBUG] Time: 109265000 | Reading H Addr: 50
[DEBUG] Time: 109365000 | Reading H Addr: 60
[DEBUG] Time: 109465000 | Reading H Addr: 70
[DEBUG] Time: 109565000 | Reading H Addr: 80
[DEBUG] Time: 109665000 | Reading H Addr: 90
[DEBUG] Time: 109765000 | Reading H Addr: 100
[DEBUG] Time: 109865000 | Reading H Addr: 110
[DEBUG] Time: 109965000 | Reading H Addr: 120
[DEBUG] Time: 110065000 | Reading H Addr: 130
[DEBUG] Time: 110285000 | Reading H Addr: 10
[DEBUG] Time: 110385000 | Reading H Addr: 20
[DEBUG] Time: 110485000 | Reading H Addr: 30
[DEBUG] Time: 110585000 | Reading H Addr: 40
[DEBUG] Time: 110685000 | Reading H Addr: 50
[DEBUG] Time: 110785000 | Reading H Addr: 60
[DEBUG] Time: 110885000 | Reading H Addr: 70
[DEBUG] Time: 110985000 | Reading H Addr: 80
[DEBUG] Time: 111085000 | Reading H Addr: 90
[DEBUG] Time: 111185000 | Reading H Addr: 100
[DEBUG] Time: 111285000 | Reading H Addr: 110
[DEBUG] Time: 111385000 | Reading H Addr: 120
[DEBUG] Time: 111485000 | Reading H Addr: 130
[DEBUG] Time: 111705000 | Reading H Addr: 10
[DEBUG] Time: 111805000 | Reading H Addr: 20
[DEBUG] Time: 111905000 | Reading H Addr: 30
[DEBUG] Time: 112005000 | Reading H Addr: 40
[DEBUG] Time: 112105000 | Reading H Addr: 50
[DEBUG] Time: 112205000 | Reading H Addr: 60
[DEBUG] Time: 112305000 | Reading H Addr: 70
[DEBUG] Time: 112405000 | Reading H Addr: 80
[DEBUG] Time: 112505000 | Reading H Addr: 90
[DEBUG] Time: 112605000 | Reading H Addr: 100
[DEBUG] Time: 112705000 | Reading H Addr: 110
[DEBUG] Time: 112805000 | Reading H Addr: 120
[DEBUG] Time: 112905000 | Reading H Addr: 130
[DEBUG] Time: 113125000 | Reading H Addr: 10
[DEBUG] Time: 113225000 | Reading H Addr: 20
[DEBUG] Time: 113325000 | Reading H Addr: 30
[DEBUG] Time: 113425000 | Reading H Addr: 40
[DEBUG] Time: 113525000 | Reading H Addr: 50
[DEBUG] Time: 113625000 | Reading H Addr: 60
[DEBUG] Time: 113725000 | Reading H Addr: 70
[DEBUG] Time: 113825000 | Reading H Addr: 80
[DEBUG] Time: 113925000 | Reading H Addr: 90
[DEBUG] Time: 114025000 | Reading H Addr: 100
[DEBUG] Time: 114125000 | Reading H Addr: 110
[DEBUG] Time: 114225000 | Reading H Addr: 120
[DEBUG] Time: 114325000 | Reading H Addr: 130
[DEBUG] Time: 114545000 | Reading H Addr: 10
[DEBUG] Time: 114645000 | Reading H Addr: 20
[DEBUG] Time: 114745000 | Reading H Addr: 30
[DEBUG] Time: 114845000 | Reading H Addr: 40
[DEBUG] Time: 114945000 | Reading H Addr: 50
[DEBUG] Time: 115045000 | Reading H Addr: 60
[DEBUG] Time: 115145000 | Reading H Addr: 70
[DEBUG] Time: 115245000 | Reading H Addr: 80
[DEBUG] Time: 115345000 | Reading H Addr: 90
[DEBUG] Time: 115445000 | Reading H Addr: 100
[DEBUG] Time: 115545000 | Reading H Addr: 110
[DEBUG] Time: 115645000 | Reading H Addr: 120
[DEBUG] Time: 115745000 | Reading H Addr: 130
[DEBUG] Time: 115965000 | Reading H Addr: 10
[DEBUG] Time: 116065000 | Reading H Addr: 20
[DEBUG] Time: 116165000 | Reading H Addr: 30
[DEBUG] Time: 116265000 | Reading H Addr: 40
[DEBUG] Time: 116365000 | Reading H Addr: 50
[DEBUG] Time: 116465000 | Reading H Addr: 60
[DEBUG] Time: 116565000 | Reading H Addr: 70
[DEBUG] Time: 116665000 | Reading H Addr: 80
[DEBUG] Time: 116765000 | Reading H Addr: 90
[DEBUG] Time: 116865000 | Reading H Addr: 100
[DEBUG] Time: 116965000 | Reading H Addr: 110
[DEBUG] Time: 117065000 | Reading H Addr: 120
[DEBUG] Time: 117165000 | Reading H Addr: 130
[DEBUG] Time: 117385000 | Reading H Addr: 10
[DEBUG] Time: 117485000 | Reading H Addr: 20
[DEBUG] Time: 117585000 | Reading H Addr: 30
[DEBUG] Time: 117685000 | Reading H Addr: 40
[DEBUG] Time: 117785000 | Reading H Addr: 50
[DEBUG] Time: 117885000 | Reading H Addr: 60
[DEBUG] Time: 117985000 | Reading H Addr: 70
[DEBUG] Time: 118085000 | Reading H Addr: 80
[DEBUG] Time: 118185000 | Reading H Addr: 90
[DEBUG] Time: 118285000 | Reading H Addr: 100
[DEBUG] Time: 118385000 | Reading H Addr: 110
[DEBUG] Time: 118485000 | Reading H Addr: 120
[DEBUG] Time: 118585000 | Reading H Addr: 130
[DEBUG] Time: 118805000 | Reading H Addr: 10
[DEBUG] Time: 118905000 | Reading H Addr: 20
[DEBUG] Time: 119005000 | Reading H Addr: 30
[DEBUG] Time: 119105000 | Reading H Addr: 40
[DEBUG] Time: 119205000 | Reading H Addr: 50
[DEBUG] Time: 119305000 | Reading H Addr: 60
[DEBUG] Time: 119405000 | Reading H Addr: 70
[DEBUG] Time: 119505000 | Reading H Addr: 80
[DEBUG] Time: 119605000 | Reading H Addr: 90
[DEBUG] Time: 119705000 | Reading H Addr: 100
[DEBUG] Time: 119805000 | Reading H Addr: 110
[DEBUG] Time: 119905000 | Reading H Addr: 120
[DEBUG] Time: 120005000 | Reading H Addr: 130
[DEBUG] Time: 120225000 | Reading H Addr: 10
[DEBUG] Time: 120325000 | Reading H Addr: 20
[DEBUG] Time: 120425000 | Reading H Addr: 30
[DEBUG] Time: 120525000 | Reading H Addr: 40
[DEBUG] Time: 120625000 | Reading H Addr: 50
[DEBUG] Time: 120725000 | Reading H Addr: 60
[DEBUG] Time: 120825000 | Reading H Addr: 70
[DEBUG] Time: 120925000 | Reading H Addr: 80
[DEBUG] Time: 121025000 | Reading H Addr: 90
[DEBUG] Time: 121125000 | Reading H Addr: 100
[DEBUG] Time: 121225000 | Reading H Addr: 110
[DEBUG] Time: 121325000 | Reading H Addr: 120
[DEBUG] Time: 121425000 | Reading H Addr: 130
[DEBUG] Time: 121645000 | Reading H Addr: 10
[DEBUG] Time: 121745000 | Reading H Addr: 20
[DEBUG] Time: 121845000 | Reading H Addr: 30
[DEBUG] Time: 121945000 | Reading H Addr: 40
[DEBUG] Time: 122045000 | Reading H Addr: 50
[DEBUG] Time: 122145000 | Reading H Addr: 60
[DEBUG] Time: 122245000 | Reading H Addr: 70
[DEBUG] Time: 122345000 | Reading H Addr: 80
[DEBUG] Time: 122445000 | Reading H Addr: 90
[DEBUG] Time: 122545000 | Reading H Addr: 100
[DEBUG] Time: 122645000 | Reading H Addr: 110
[DEBUG] Time: 122745000 | Reading H Addr: 120
[DEBUG] Time: 122845000 | Reading H Addr: 130
[DEBUG] Time: 122945000 | Reading H Addr: 210
[DEBUG] Time: 122955000 | Reading H Addr: 210
[DEBUG] Time: 123065000 | Reading H Addr: 10
[DEBUG] Time: 123165000 | Reading H Addr: 20
[DEBUG] Time: 123265000 | Reading H Addr: 30
[DEBUG] Time: 123365000 | Reading H Addr: 40
[DEBUG] Time: 123465000 | Reading H Addr: 50
[DEBUG] Time: 123565000 | Reading H Addr: 60
[DEBUG] Time: 123665000 | Reading H Addr: 70
[DEBUG] Time: 123765000 | Reading H Addr: 80
[DEBUG] Time: 123865000 | Reading H Addr: 90
[DEBUG] Time: 123965000 | Reading H Addr: 100
[DEBUG] Time: 124065000 | Reading H Addr: 110
[DEBUG] Time: 124165000 | Reading H Addr: 120
[DEBUG] Time: 124265000 | Reading H Addr: 130
[DEBUG] Time: 124485000 | Reading H Addr: 10
[DEBUG] Time: 124585000 | Reading H Addr: 20
[DEBUG] Time: 124685000 | Reading H Addr: 30
[DEBUG] Time: 124785000 | Reading H Addr: 40
[DEBUG] Time: 124885000 | Reading H Addr: 50
[DEBUG] Time: 124985000 | Reading H Addr: 60
[DEBUG] Time: 125085000 | Reading H Addr: 70
[DEBUG] Time: 125185000 | Reading H Addr: 80
[DEBUG] Time: 125285000 | Reading H Addr: 90
[DEBUG] Time: 125385000 | Reading H Addr: 100
[DEBUG] Time: 125485000 | Reading H Addr: 110
[DEBUG] Time: 125585000 | Reading H Addr: 120
[DEBUG] Time: 125685000 | Reading H Addr: 130
[DEBUG] Time: 125905000 | Reading H Addr: 10
[DEBUG] Time: 126005000 | Reading H Addr: 20
[DEBUG] Time: 126105000 | Reading H Addr: 30
[DEBUG] Time: 126205000 | Reading H Addr: 40
[DEBUG] Time: 126305000 | Reading H Addr: 50
[DEBUG] Time: 126405000 | Reading H Addr: 60
[DEBUG] Time: 126505000 | Reading H Addr: 70
[DEBUG] Time: 126605000 | Reading H Addr: 80
[DEBUG] Time: 126705000 | Reading H Addr: 90
[DEBUG] Time: 126805000 | Reading H Addr: 100
[DEBUG] Time: 126905000 | Reading H Addr: 110
[DEBUG] Time: 127005000 | Reading H Addr: 120
[DEBUG] Time: 127105000 | Reading H Addr: 130
[DEBUG] Time: 127325000 | Reading H Addr: 10
[DEBUG] Time: 127425000 | Reading H Addr: 20
[DEBUG] Time: 127525000 | Reading H Addr: 30
[DEBUG] Time: 127625000 | Reading H Addr: 40
[DEBUG] Time: 127725000 | Reading H Addr: 50
[DEBUG] Time: 127825000 | Reading H Addr: 60
[DEBUG] Time: 127925000 | Reading H Addr: 70
[DEBUG] Time: 128025000 | Reading H Addr: 80
[DEBUG] Time: 128125000 | Reading H Addr: 90
[DEBUG] Time: 128225000 | Reading H Addr: 100
[DEBUG] Time: 128325000 | Reading H Addr: 110
[DEBUG] Time: 128425000 | Reading H Addr: 120
[DEBUG] Time: 128525000 | Reading H Addr: 130
[DEBUG] Time: 128745000 | Reading H Addr: 10
[DEBUG] Time: 128845000 | Reading H Addr: 20
[DEBUG] Time: 128945000 | Reading H Addr: 30
[DEBUG] Time: 129045000 | Reading H Addr: 40
[DEBUG] Time: 129145000 | Reading H Addr: 50
[DEBUG] Time: 129245000 | Reading H Addr: 60
[DEBUG] Time: 129345000 | Reading H Addr: 70
[DEBUG] Time: 129445000 | Reading H Addr: 80
[DEBUG] Time: 129545000 | Reading H Addr: 90
[DEBUG] Time: 129645000 | Reading H Addr: 100
[DEBUG] Time: 129745000 | Reading H Addr: 110
[DEBUG] Time: 129845000 | Reading H Addr: 120
[DEBUG] Time: 129945000 | Reading H Addr: 130
[DEBUG] Time: 130165000 | Reading H Addr: 10
[DEBUG] Time: 130265000 | Reading H Addr: 20
[DEBUG] Time: 130365000 | Reading H Addr: 30
[DEBUG] Time: 130465000 | Reading H Addr: 40
[DEBUG] Time: 130565000 | Reading H Addr: 50
[DEBUG] Time: 130665000 | Reading H Addr: 60
[DEBUG] Time: 130765000 | Reading H Addr: 70
[DEBUG] Time: 130865000 | Reading H Addr: 80
[DEBUG] Time: 130965000 | Reading H Addr: 90
[DEBUG] Time: 131065000 | Reading H Addr: 100
[DEBUG] Time: 131165000 | Reading H Addr: 110
[DEBUG] Time: 131265000 | Reading H Addr: 120
[DEBUG] Time: 131365000 | Reading H Addr: 130
[DEBUG] Time: 131585000 | Reading H Addr: 10
[DEBUG] Time: 131685000 | Reading H Addr: 20
[DEBUG] Time: 131785000 | Reading H Addr: 30
[DEBUG] Time: 131885000 | Reading H Addr: 40
[DEBUG] Time: 131985000 | Reading H Addr: 50
[DEBUG] Time: 132085000 | Reading H Addr: 60
[DEBUG] Time: 132185000 | Reading H Addr: 70
[DEBUG] Time: 132285000 | Reading H Addr: 80
[DEBUG] Time: 132385000 | Reading H Addr: 90
[DEBUG] Time: 132485000 | Reading H Addr: 100
[DEBUG] Time: 132585000 | Reading H Addr: 110
[DEBUG] Time: 132685000 | Reading H Addr: 120
[DEBUG] Time: 132785000 | Reading H Addr: 130
[DEBUG] Time: 133005000 | Reading H Addr: 10
[DEBUG] Time: 133105000 | Reading H Addr: 20
[DEBUG] Time: 133205000 | Reading H Addr: 30
[DEBUG] Time: 133305000 | Reading H Addr: 40
[DEBUG] Time: 133405000 | Reading H Addr: 50
[DEBUG] Time: 133505000 | Reading H Addr: 60
[DEBUG] Time: 133605000 | Reading H Addr: 70
[DEBUG] Time: 133705000 | Reading H Addr: 80
[DEBUG] Time: 133805000 | Reading H Addr: 90
[DEBUG] Time: 133905000 | Reading H Addr: 100
[DEBUG] Time: 134005000 | Reading H Addr: 110
[DEBUG] Time: 134105000 | Reading H Addr: 120
[DEBUG] Time: 134205000 | Reading H Addr: 130
[DEBUG] Time: 134425000 | Reading H Addr: 10
[DEBUG] Time: 134525000 | Reading H Addr: 20
[DEBUG] Time: 134625000 | Reading H Addr: 30
[DEBUG] Time: 134725000 | Reading H Addr: 40
[DEBUG] Time: 134825000 | Reading H Addr: 50
[DEBUG] Time: 134925000 | Reading H Addr: 60
[DEBUG] Time: 135025000 | Reading H Addr: 70
[DEBUG] Time: 135125000 | Reading H Addr: 80
[DEBUG] Time: 135225000 | Reading H Addr: 90
[DEBUG] Time: 135325000 | Reading H Addr: 100
[DEBUG] Time: 135425000 | Reading H Addr: 110
[DEBUG] Time: 135525000 | Reading H Addr: 120
[DEBUG] Time: 135625000 | Reading H Addr: 130
[DEBUG] Time: 135845000 | Reading H Addr: 10
[DEBUG] Time: 135945000 | Reading H Addr: 20
[DEBUG] Time: 136045000 | Reading H Addr: 30
[DEBUG] Time: 136145000 | Reading H Addr: 40
[DEBUG] Time: 136245000 | Reading H Addr: 50
[DEBUG] Time: 136345000 | Reading H Addr: 60
[DEBUG] Time: 136445000 | Reading H Addr: 70
[DEBUG] Time: 136545000 | Reading H Addr: 80
[DEBUG] Time: 136645000 | Reading H Addr: 90
[DEBUG] Time: 136745000 | Reading H Addr: 100
[DEBUG] Time: 136845000 | Reading H Addr: 110
[DEBUG] Time: 136945000 | Reading H Addr: 120
[DEBUG] Time: 137045000 | Reading H Addr: 130
[DEBUG] Time: 137265000 | Reading H Addr: 10
[DEBUG] Time: 137365000 | Reading H Addr: 20
[DEBUG] Time: 137465000 | Reading H Addr: 30
[DEBUG] Time: 137565000 | Reading H Addr: 40
[DEBUG] Time: 137665000 | Reading H Addr: 50
[DEBUG] Time: 137765000 | Reading H Addr: 60
[DEBUG] Time: 137865000 | Reading H Addr: 70
[DEBUG] Time: 137965000 | Reading H Addr: 80
[DEBUG] Time: 138065000 | Reading H Addr: 90
[DEBUG] Time: 138165000 | Reading H Addr: 100
[DEBUG] Time: 138265000 | Reading H Addr: 110
[DEBUG] Time: 138365000 | Reading H Addr: 120
[DEBUG] Time: 138465000 | Reading H Addr: 130
[DEBUG] Time: 138685000 | Reading H Addr: 10
[DEBUG] Time: 138785000 | Reading H Addr: 20
[DEBUG] Time: 138885000 | Reading H Addr: 30
[DEBUG] Time: 138985000 | Reading H Addr: 40
[DEBUG] Time: 139085000 | Reading H Addr: 50
[DEBUG] Time: 139185000 | Reading H Addr: 60
[DEBUG] Time: 139285000 | Reading H Addr: 70
[DEBUG] Time: 139385000 | Reading H Addr: 80
[DEBUG] Time: 139485000 | Reading H Addr: 90
[DEBUG] Time: 139585000 | Reading H Addr: 100
[DEBUG] Time: 139685000 | Reading H Addr: 110
[DEBUG] Time: 139785000 | Reading H Addr: 120
[DEBUG] Time: 139885000 | Reading H Addr: 130
[DEBUG] Time: 140105000 | Reading H Addr: 10
[DEBUG] Time: 140205000 | Reading H Addr: 20
[DEBUG] Time: 140305000 | Reading H Addr: 30
[DEBUG] Time: 140405000 | Reading H Addr: 40
[DEBUG] Time: 140505000 | Reading H Addr: 50
[DEBUG] Time: 140605000 | Reading H Addr: 60
[DEBUG] Time: 140705000 | Reading H Addr: 70
[DEBUG] Time: 140805000 | Reading H Addr: 80
[DEBUG] Time: 140905000 | Reading H Addr: 90
[DEBUG] Time: 141005000 | Reading H Addr: 100
[DEBUG] Time: 141105000 | Reading H Addr: 110
[DEBUG] Time: 141205000 | Reading H Addr: 120
[DEBUG] Time: 141305000 | Reading H Addr: 130
[DEBUG] Time: 141525000 | Reading H Addr: 10
[DEBUG] Time: 141625000 | Reading H Addr: 20
[DEBUG] Time: 141725000 | Reading H Addr: 30
[DEBUG] Time: 141825000 | Reading H Addr: 40
[DEBUG] Time: 141925000 | Reading H Addr: 50
[DEBUG] Time: 142025000 | Reading H Addr: 60
[DEBUG] Time: 142125000 | Reading H Addr: 70
[DEBUG] Time: 142225000 | Reading H Addr: 80
[DEBUG] Time: 142325000 | Reading H Addr: 90
[DEBUG] Time: 142425000 | Reading H Addr: 100
[DEBUG] Time: 142525000 | Reading H Addr: 110
[DEBUG] Time: 142625000 | Reading H Addr: 120
[DEBUG] Time: 142725000 | Reading H Addr: 130
[DEBUG] Time: 142945000 | Reading H Addr: 10
[DEBUG] Time: 143045000 | Reading H Addr: 20
[DEBUG] Time: 143145000 | Reading H Addr: 30
[DEBUG] Time: 143245000 | Reading H Addr: 40
[DEBUG] Time: 143345000 | Reading H Addr: 50
[DEBUG] Time: 143445000 | Reading H Addr: 60
[DEBUG] Time: 143545000 | Reading H Addr: 70
[DEBUG] Time: 143645000 | Reading H Addr: 80
[DEBUG] Time: 143745000 | Reading H Addr: 90
[DEBUG] Time: 143845000 | Reading H Addr: 100
[DEBUG] Time: 143945000 | Reading H Addr: 110
[DEBUG] Time: 144045000 | Reading H Addr: 120
[DEBUG] Time: 144145000 | Reading H Addr: 130
Total Encrypt Clock Cycles:      25607
[DEBUG] Time: 268815000 | SHAKE DIN : 40000200
[DEBUG] Time: 268825000 | SHAKE DIN : 00000440
[DEBUG] Time: 268845000 | SHAKE DIN : 01000000
[DEBUG] Time: 268865000 | SHAKE DIN : 02000000
[DEBUG] Time: 268885000 | SHAKE DIN : 03000000
[DEBUG] Time: 268905000 | SHAKE DIN : 07000000
[DEBUG] Time: 268925000 | SHAKE DIN : 9ef8cfd5
[DEBUG] Time: 268945000 | SHAKE DIN : 4619ff97
[DEBUG] Time: 268965000 | SHAKE DIN : c0d307c0
[DEBUG] Time: 268985000 | SHAKE DIN : 88ee20d9
[DEBUG] Time: 269005000 | SHAKE DIN : 675b5f23
[DEBUG] Time: 269025000 | SHAKE DIN : ff34af74
[DEBUG] Time: 269045000 | SHAKE DIN : c0180604
[DEBUG] Time: 269065000 | SHAKE DIN : 5daf2a07
[DEBUG] Time: 269085000 | SHAKE DIN : fe023e2a
[DEBUG] Time: 269105000 | SHAKE DIN : f41d927a
[DEBUG] Time: 269125000 | SHAKE DIN : 873d5c91
[DEBUG] Time: 269145000 | SHAKE DIN : addf48c3
[DEBUG] Time: 269165000 | SHAKE DIN : 6e12abcb
[DEBUG] Time: 269185000 | SHAKE DIN : b58e3a44
[DEBUG] Time: 269205000 | SHAKE DIN : 92edafd3
[DEBUG] Time: 269225000 | SHAKE DIN : 5c6668cb
[DEBUG] Time: 269245000 | SHAKE DIN : e07227a5
[DEBUG] Time: 269265000 | SHAKE DIN : 13f909fa
[DEBUG] Time: 269285000 | SHAKE DIN : 472a1ac1
[DEBUG] Time: 269305000 | SHAKE DIN : 473d72d5
[DEBUG] Time: 269325000 | SHAKE DIN : 751d9275
[DEBUG] Time: 269345000 | SHAKE DIN : 41e2328a
[DEBUG] Time: 269365000 | SHAKE DIN : 9de87110
[DEBUG] Time: 269385000 | SHAKE DIN : 73b69c45
[DEBUG] Time: 269405000 | SHAKE DIN : df7ee6ae
[DEBUG] Time: 269425000 | SHAKE DIN : 7ccd1a7c
[DEBUG] Time: 269445000 | SHAKE DIN : 72487721
[DEBUG] Time: 269465000 | SHAKE DIN : 6dd3044b
[DEBUG] Time: 269485000 | SHAKE DIN : 27219fda
[DEBUG] Time: 269505000 | SHAKE DIN : 9a83ac7c
[DEBUG] Time: 270025000 | SHAKE DIN : 00000440
[DEBUG] Time: 270045000 | SHAKE DIN : d89356aa
[DEBUG] Time: 270065000 | SHAKE DIN : df41760e
[DEBUG] Time: 270085000 | SHAKE DIN : 0585ac9e
[DEBUG] Time: 270105000 | SHAKE DIN : 58cebced
[DEBUG] Time: 270125000 | SHAKE DIN : ff919e98
[DEBUG] Time: 270145000 | SHAKE DIN : 29e6800f
[DEBUG] Time: 270165000 | SHAKE DIN : 771af4a7
[DEBUG] Time: 270185000 | SHAKE DIN : 8d0c771e
[DEBUG] Time: 270205000 | SHAKE DIN : 92c1c4e1
[DEBUG] Time: 270225000 | SHAKE DIN : beab9cb4
[DEBUG] Time: 270245000 | SHAKE DIN : 7a46e92e
[DEBUG] Time: 270265000 | SHAKE DIN : 33294c51
[DEBUG] Time: 270285000 | SHAKE DIN : 5a86609b
[DEBUG] Time: 270305000 | SHAKE DIN : 2c42e6c6
[DEBUG] Time: 270325000 | SHAKE DIN : e35f69c8
[DEBUG] Time: 270345000 | SHAKE DIN : b3cfd5aa
[DEBUG] Time: 270365000 | SHAKE DIN : 0584a00e
[DEBUG] Time: 270385000 | SHAKE DIN : 17a0cd81
[DEBUG] Time: 270405000 | SHAKE DIN : d6ffb00b
[DEBUG] Time: 270425000 | SHAKE DIN : e6f72065
[DEBUG] Time: 270445000 | SHAKE DIN : fb3ff233
[DEBUG] Time: 270465000 | SHAKE DIN : 27778d33
[DEBUG] Time: 270485000 | SHAKE DIN : aa530699
[DEBUG] Time: 270505000 | SHAKE DIN : 2af85d5e
[DEBUG] Time: 270525000 | SHAKE DIN : 6cea1152
[DEBUG] Time: 270545000 | SHAKE DIN : e23a5ca4
[DEBUG] Time: 270565000 | SHAKE DIN : ccc766ee
[DEBUG] Time: 270585000 | SHAKE DIN : 26a9ac84
[DEBUG] Time: 270605000 | SHAKE DIN : d3c85704
[DEBUG] Time: 270625000 | SHAKE DIN : 2bde894d
[DEBUG] Time: 270645000 | SHAKE DIN : 7e809b45
[DEBUG] Time: 270665000 | SHAKE DIN : 15bbf66b
[DEBUG] Time: 270685000 | SHAKE DIN : 69a9b7bb
[DEBUG] Time: 270705000 | SHAKE DIN : 4a4e137a
[DEBUG] Time: 271225000 | SHAKE DIN : 00000440
[DEBUG] Time: 271245000 | SHAKE DIN : 704adccd
[DEBUG] Time: 271265000 | SHAKE DIN : d8391f46
[DEBUG] Time: 271285000 | SHAKE DIN : e7836715
[DEBUG] Time: 271305000 | SHAKE DIN : 71182ba2
[DEBUG] Time: 271325000 | SHAKE DIN : ff8da958
[DEBUG] Time: 271345000 | SHAKE DIN : 8b181b8b
[DEBUG] Time: 271365000 | SHAKE DIN : 1dcc3c58
[DEBUG] Time: 271385000 | SHAKE DIN : c3e293c3
[DEBUG] Time: 271405000 | SHAKE DIN : c3aa0947
[DEBUG] Time: 271425000 | SHAKE DIN : aef504c7
[DEBUG] Time: 271445000 | SHAKE DIN : 55e7ac13
[DEBUG] Time: 271465000 | SHAKE DIN : 2841666f
[DEBUG] Time: 271485000 | SHAKE DIN : 6a2b1540
[DEBUG] Time: 271505000 | SHAKE DIN : ff4009bf
[DEBUG] Time: 271525000 | SHAKE DIN : 90c79fd5
[DEBUG] Time: 271545000 | SHAKE DIN : db699d28
[DEBUG] Time: 271565000 | SHAKE DIN : e41a97b5
[DEBUG] Time: 271585000 | SHAKE DIN : 7dd8b203
[DEBUG] Time: 271605000 | SHAKE DIN : 6d5c6861
[DEBUG] Time: 271625000 | SHAKE DIN : 70989d9f
[DEBUG] Time: 271645000 | SHAKE DIN : 37bb6248
[DEBUG] Time: 271665000 | SHAKE DIN : 11e7576f
[DEBUG] Time: 271685000 | SHAKE DIN : e8c9d682
[DEBUG] Time: 271705000 | SHAKE DIN : f3a5cdbb
[DEBUG] Time: 271725000 | SHAKE DIN : 8c1808c6
[DEBUG] Time: 271745000 | SHAKE DIN : 2edea86f
[DEBUG] Time: 271765000 | SHAKE DIN : 72e14f6c
[DEBUG] Time: 271785000 | SHAKE DIN : 9be1c56e
[DEBUG] Time: 271805000 | SHAKE DIN : 20447d7d
[DEBUG] Time: 271825000 | SHAKE DIN : 3bda0fdd
[DEBUG] Time: 271845000 | SHAKE DIN : d3463871
[DEBUG] Time: 271865000 | SHAKE DIN : ea0c024f
[DEBUG] Time: 271885000 | SHAKE DIN : 1dd888f2
[DEBUG] Time: 271905000 | SHAKE DIN : 6dc015ad
[DEBUG] Time: 272425000 | SHAKE DIN : 00000440
[DEBUG] Time: 272445000 | SHAKE DIN : baf307f3
[DEBUG] Time: 272465000 | SHAKE DIN : b17d169d
[DEBUG] Time: 272485000 | SHAKE DIN : 790fcf67
[DEBUG] Time: 272505000 | SHAKE DIN : 2e5da479
[DEBUG] Time: 272525000 | SHAKE DIN : bb762cf3
[DEBUG] Time: 272545000 | SHAKE DIN : 43cb1691
[DEBUG] Time: 272565000 | SHAKE DIN : 8bfcf519
[DEBUG] Time: 272585000 | SHAKE DIN : 5b91054d
[DEBUG] Time: 272605000 | SHAKE DIN : 3749489f
[DEBUG] Time: 272625000 | SHAKE DIN : 24190102
[DEBUG] Time: 272645000 | SHAKE DIN : f9505d77
[DEBUG] Time: 272665000 | SHAKE DIN : 9f4191cc
[DEBUG] Time: 272685000 | SHAKE DIN : a63a90fe
[DEBUG] Time: 272705000 | SHAKE DIN : e341d7b5
[DEBUG] Time: 272725000 | SHAKE DIN : dd336c6f
[DEBUG] Time: 272745000 | SHAKE DIN : 1c557cdc
[DEBUG] Time: 272765000 | SHAKE DIN : c8b9ebc8
[DEBUG] Time: 272785000 | SHAKE DIN : fea8a402
[DEBUG] Time: 272805000 | SHAKE DIN : 172562bc
[DEBUG] Time: 272825000 | SHAKE DIN : 4bf7f6b9
[DEBUG] Time: 272845000 | SHAKE DIN : 2f8e3d1a
[DEBUG] Time: 272865000 | SHAKE DIN : 2d4986d7
[DEBUG] Time: 272885000 | SHAKE DIN : 39f62051
[DEBUG] Time: 272905000 | SHAKE DIN : b12de3ce
[DEBUG] Time: 272925000 | SHAKE DIN : 6f619a3d
[DEBUG] Time: 272945000 | SHAKE DIN : 5cd3c66e
[DEBUG] Time: 272965000 | SHAKE DIN : 587e6526
[DEBUG] Time: 272985000 | SHAKE DIN : 600fa72c
[DEBUG] Time: 273005000 | SHAKE DIN : 6cc768fc
[DEBUG] Time: 273025000 | SHAKE DIN : 2ee35080
[DEBUG] Time: 273045000 | SHAKE DIN : 3ea84fcc
[DEBUG] Time: 273065000 | SHAKE DIN : 838a4dd2
[DEBUG] Time: 273085000 | SHAKE DIN : b0a75570
[DEBUG] Time: 273105000 | SHAKE DIN : 176b8b1b
[DEBUG] Time: 273625000 | SHAKE DIN : 00000440
[DEBUG] Time: 273645000 | SHAKE DIN : 87673f44
[DEBUG] Time: 273665000 | SHAKE DIN : 0b1e38c1
[DEBUG] Time: 273685000 | SHAKE DIN : 47fa75fa
[DEBUG] Time: 273705000 | SHAKE DIN : e800ee2a
[DEBUG] Time: 273725000 | SHAKE DIN : c0f8236a
[DEBUG] Time: 273745000 | SHAKE DIN : 48846573
[DEBUG] Time: 273765000 | SHAKE DIN : aaa02b49
[DEBUG] Time: 273785000 | SHAKE DIN : 7e65d644
[DEBUG] Time: 273805000 | SHAKE DIN : cca5b34f
[DEBUG] Time: 273825000 | SHAKE DIN : 7c545f0a
[DEBUG] Time: 273845000 | SHAKE DIN : b0a6b0be
[DEBUG] Time: 273865000 | SHAKE DIN : 3acfd307
[DEBUG] Time: 273885000 | SHAKE DIN : 30c39ec3
[DEBUG] Time: 273905000 | SHAKE DIN : c7d06f67
[DEBUG] Time: 273925000 | SHAKE DIN : 2d48c571
[DEBUG] Time: 273945000 | SHAKE DIN : 5a63afb0
[DEBUG] Time: 273965000 | SHAKE DIN : e653920c
[DEBUG] Time: 273985000 | SHAKE DIN : c36b8424
[DEBUG] Time: 274005000 | SHAKE DIN : c0d0358a
[DEBUG] Time: 274025000 | SHAKE DIN : 3d4f26fb
[DEBUG] Time: 274045000 | SHAKE DIN : 777742e6
[DEBUG] Time: 274065000 | SHAKE DIN : d2afbcbe
[DEBUG] Time: 274085000 | SHAKE DIN : b186cc16
[DEBUG] Time: 274105000 | SHAKE DIN : 7ae29894
[DEBUG] Time: 274125000 | SHAKE DIN : 0ac04bdb
[DEBUG] Time: 274145000 | SHAKE DIN : ad69488b
[DEBUG] Time: 274165000 | SHAKE DIN : 8f7ef710
[DEBUG] Time: 274185000 | SHAKE DIN : 86c02342
[DEBUG] Time: 274205000 | SHAKE DIN : 35552ced
[DEBUG] Time: 274225000 | SHAKE DIN : 80f96e64
[DEBUG] Time: 274245000 | SHAKE DIN : 33a62d24
[DEBUG] Time: 274265000 | SHAKE DIN : 04ffd329
[DEBUG] Time: 274285000 | SHAKE DIN : 66e811df
[DEBUG] Time: 274305000 | SHAKE DIN : 3585cf64
[DEBUG] Time: 274825000 | SHAKE DIN : 00000440
[DEBUG] Time: 274845000 | SHAKE DIN : c3fa6ab5
[DEBUG] Time: 274865000 | SHAKE DIN : 7d3f1639
[DEBUG] Time: 274885000 | SHAKE DIN : 14cc0781
[DEBUG] Time: 274905000 | SHAKE DIN : 4b27f7d7
[DEBUG] Time: 274925000 | SHAKE DIN : d253fa51
[DEBUG] Time: 274945000 | SHAKE DIN : 43818edd
[DEBUG] Time: 274965000 | SHAKE DIN : 5fea280f
[DEBUG] Time: 274985000 | SHAKE DIN : 68dbde47
[DEBUG] Time: 275005000 | SHAKE DIN : 3a6bbabb
[DEBUG] Time: 275025000 | SHAKE DIN : ff319f52
[DEBUG] Time: 275045000 | SHAKE DIN : 208b8f74
[DEBUG] Time: 275065000 | SHAKE DIN : 480d172d
[DEBUG] Time: 275085000 | SHAKE DIN : 8fc84111
[DEBUG] Time: 275105000 | SHAKE DIN : 70b0d9e6
[DEBUG] Time: 275125000 | SHAKE DIN : 2c621016
[DEBUG] Time: 275145000 | SHAKE DIN : 5a0fc3c2
[DEBUG] Time: 275165000 | SHAKE DIN : b32ecb5f
[DEBUG] Time: 275185000 | SHAKE DIN : 0d5a8838
[DEBUG] Time: 275205000 | SHAKE DIN : ee5d9824
[DEBUG] Time: 275225000 | SHAKE DIN : 07d84067
[DEBUG] Time: 275245000 | SHAKE DIN : ca94996b
[DEBUG] Time: 275265000 | SHAKE DIN : c62b2fb0
[DEBUG] Time: 275285000 | SHAKE DIN : c1996a15
[DEBUG] Time: 275305000 | SHAKE DIN : ea87c872
[DEBUG] Time: 275325000 | SHAKE DIN : bc37899f
[DEBUG] Time: 275345000 | SHAKE DIN : f040da72
[DEBUG] Time: 275365000 | SHAKE DIN : 82c66869
[DEBUG] Time: 275385000 | SHAKE DIN : 331e1075
[DEBUG] Time: 275405000 | SHAKE DIN : bb959cdd
[DEBUG] Time: 275425000 | SHAKE DIN : 270b4208
[DEBUG] Time: 275445000 | SHAKE DIN : e88be85a
[DEBUG] Time: 275465000 | SHAKE DIN : f6c11e30
[DEBUG] Time: 275485000 | SHAKE DIN : a1a52df3
[DEBUG] Time: 275505000 | SHAKE DIN : 85dbbc93
[DEBUG] Time: 276025000 | SHAKE DIN : 00000440
[DEBUG] Time: 276045000 | SHAKE DIN : 0e864663
[DEBUG] Time: 276065000 | SHAKE DIN : 67762bc2
[DEBUG] Time: 276085000 | SHAKE DIN : a06d8bf1
[DEBUG] Time: 276105000 | SHAKE DIN : 84c6bcd4
[DEBUG] Time: 276125000 | SHAKE DIN : 7a9b11bb
[DEBUG] Time: 276145000 | SHAKE DIN : 1160284e
[DEBUG] Time: 276165000 | SHAKE DIN : 4d11b72f
[DEBUG] Time: 276185000 | SHAKE DIN : 021b4563
[DEBUG] Time: 276205000 | SHAKE DIN : d9dce05b
[DEBUG] Time: 276225000 | SHAKE DIN : 7e3ef0f3
[DEBUG] Time: 276245000 | SHAKE DIN : 245b0f6c
[DEBUG] Time: 276265000 | SHAKE DIN : 2496b6f6
[DEBUG] Time: 276285000 | SHAKE DIN : 6a44417f
[DEBUG] Time: 276305000 | SHAKE DIN : c432eb73
[DEBUG] Time: 276325000 | SHAKE DIN : b403086e
[DEBUG] Time: 276345000 | SHAKE DIN : 1b844e97
[DEBUG] Time: 276365000 | SHAKE DIN : 54b7653b
[DEBUG] Time: 276385000 | SHAKE DIN : 61d574cf
[DEBUG] Time: 276405000 | SHAKE DIN : a0e8d191
[DEBUG] Time: 276425000 | SHAKE DIN : e67cad70
[DEBUG] Time: 276445000 | SHAKE DIN : 2247ae7a
[DEBUG] Time: 276465000 | SHAKE DIN : ac7ea6f1
[DEBUG] Time: 276485000 | SHAKE DIN : 42932a4c
[DEBUG] Time: 276505000 | SHAKE DIN : d2e0e3f3
[DEBUG] Time: 276525000 | SHAKE DIN : da08f878
[DEBUG] Time: 276545000 | SHAKE DIN : 5413fe98
[DEBUG] Time: 276565000 | SHAKE DIN : 5bc5df47
[DEBUG] Time: 276585000 | SHAKE DIN : a7597e1c
[DEBUG] Time: 276605000 | SHAKE DIN : 6f23aa8e
[DEBUG] Time: 276625000 | SHAKE DIN : 1c6e8023
[DEBUG] Time: 276645000 | SHAKE DIN : a20a1cd9
[DEBUG] Time: 276665000 | SHAKE DIN : 524cabcc
[DEBUG] Time: 276685000 | SHAKE DIN : 15ea5d05
[DEBUG] Time: 276705000 | SHAKE DIN : dc2907d5
[DEBUG] Time: 277225000 | SHAKE DIN : 00000440
[DEBUG] Time: 277245000 | SHAKE DIN : 4fd308a7
[DEBUG] Time: 277265000 | SHAKE DIN : ee8568f5
[DEBUG] Time: 277285000 | SHAKE DIN : beb4c9eb
[DEBUG] Time: 277305000 | SHAKE DIN : f1e76ee4
[DEBUG] Time: 277325000 | SHAKE DIN : a3ff800d
[DEBUG] Time: 277345000 | SHAKE DIN : d3ffb57e
[DEBUG] Time: 277365000 | SHAKE DIN : 3dfbe673
[DEBUG] Time: 277385000 | SHAKE DIN : 601cf60b
[DEBUG] Time: 277405000 | SHAKE DIN : 79704880
[DEBUG] Time: 277425000 | SHAKE DIN : e841fef3
[DEBUG] Time: 277445000 | SHAKE DIN : eca5a94c
[DEBUG] Time: 277465000 | SHAKE DIN : b5b26e8e
[DEBUG] Time: 277485000 | SHAKE DIN : 72b16b65
[DEBUG] Time: 277505000 | SHAKE DIN : b89ac394
[DEBUG] Time: 277525000 | SHAKE DIN : 376cbfc0
[DEBUG] Time: 277545000 | SHAKE DIN : b7fa1e4e
[DEBUG] Time: 277565000 | SHAKE DIN : fd9d223f
[DEBUG] Time: 277585000 | SHAKE DIN : 7a5d95c5
[DEBUG] Time: 277605000 | SHAKE DIN : b90515cd
[DEBUG] Time: 277625000 | SHAKE DIN : 6663db45
[DEBUG] Time: 277645000 | SHAKE DIN : c8ff790f
[DEBUG] Time: 277665000 | SHAKE DIN : 1464e2e0
[DEBUG] Time: 277685000 | SHAKE DIN : 130e0011
[DEBUG] Time: 277705000 | SHAKE DIN : 3d1010f6
[DEBUG] Time: 277725000 | SHAKE DIN : 7276aa33
[DEBUG] Time: 277745000 | SHAKE DIN : 18e7139b
[DEBUG] Time: 277765000 | SHAKE DIN : d991f23b
[DEBUG] Time: 277785000 | SHAKE DIN : 2f65e8a4
[DEBUG] Time: 277805000 | SHAKE DIN : 08c8c957
[DEBUG] Time: 277825000 | SHAKE DIN : 53b93fd4
[DEBUG] Time: 277845000 | SHAKE DIN : 886b3d66
[DEBUG] Time: 277865000 | SHAKE DIN : a6ed02ff
[DEBUG] Time: 277885000 | SHAKE DIN : 78c86ada
[DEBUG] Time: 277905000 | SHAKE DIN : 2339fddc
[DEBUG] Time: 278425000 | SHAKE DIN : 00000440
[DEBUG] Time: 278445000 | SHAKE DIN : 61258870
[DEBUG] Time: 278465000 | SHAKE DIN : da82463f
[DEBUG] Time: 278485000 | SHAKE DIN : 0fceeff0
[DEBUG] Time: 278505000 | SHAKE DIN : 7e18ae00
[DEBUG] Time: 278525000 | SHAKE DIN : b372b577
[DEBUG] Time: 278545000 | SHAKE DIN : 245bc48b
[DEBUG] Time: 278565000 | SHAKE DIN : b8a94234
[DEBUG] Time: 278585000 | SHAKE DIN : d3ebbf35
[DEBUG] Time: 278605000 | SHAKE DIN : 53a7b81b
[DEBUG] Time: 278625000 | SHAKE DIN : da7fa399
[DEBUG] Time: 278645000 | SHAKE DIN : c21b07be
[DEBUG] Time: 278665000 | SHAKE DIN : 2666ae88
[DEBUG] Time: 278685000 | SHAKE DIN : 0725c675
[DEBUG] Time: 278705000 | SHAKE DIN : 1dd74dfb
[DEBUG] Time: 278725000 | SHAKE DIN : 4186ff68
[DEBUG] Time: 278745000 | SHAKE DIN : 5ea346e0
[DEBUG] Time: 278765000 | SHAKE DIN : 1d3f1f9a
[DEBUG] Time: 278785000 | SHAKE DIN : 5e878b13
[DEBUG] Time: 278805000 | SHAKE DIN : ad657557
[DEBUG] Time: 278825000 | SHAKE DIN : c29dc459
[DEBUG] Time: 278845000 | SHAKE DIN : a5b025da
[DEBUG] Time: 278865000 | SHAKE DIN : 8f431012
[DEBUG] Time: 278885000 | SHAKE DIN : 0ae5a7ee
[DEBUG] Time: 278905000 | SHAKE DIN : 26efc771
[DEBUG] Time: 278925000 | SHAKE DIN : e32a3aa4
[DEBUG] Time: 278945000 | SHAKE DIN : e9790510
[DEBUG] Time: 278965000 | SHAKE DIN : 16ff037f
[DEBUG] Time: 278985000 | SHAKE DIN : 4eb4e6db
[DEBUG] Time: 279005000 | SHAKE DIN : 8c423607
[DEBUG] Time: 279025000 | SHAKE DIN : 78c6a905
[DEBUG] Time: 279045000 | SHAKE DIN : e110e132
[DEBUG] Time: 279065000 | SHAKE DIN : 78b2e3e0
[DEBUG] Time: 279085000 | SHAKE DIN : 658521a3
[DEBUG] Time: 279105000 | SHAKE DIN : 1b201a35
[DEBUG] Time: 279625000 | SHAKE DIN : 00000440
[DEBUG] Time: 279645000 | SHAKE DIN : 2db02c0c
[DEBUG] Time: 279665000 | SHAKE DIN : 09285424
[DEBUG] Time: 279685000 | SHAKE DIN : ef6b3c33
[DEBUG] Time: 279705000 | SHAKE DIN : a4c6e553
[DEBUG] Time: 279725000 | SHAKE DIN : b396932b
[DEBUG] Time: 279745000 | SHAKE DIN : 9f140485
[DEBUG] Time: 279765000 | SHAKE DIN : 871175e7
[DEBUG] Time: 279785000 | SHAKE DIN : 392ee5f5
[DEBUG] Time: 279805000 | SHAKE DIN : 6f377ac1
[DEBUG] Time: 279825000 | SHAKE DIN : 09273647
[DEBUG] Time: 279845000 | SHAKE DIN : 2f6f6eaf
[DEBUG] Time: 279865000 | SHAKE DIN : 91a0da9c
[DEBUG] Time: 279885000 | SHAKE DIN : 0fbd95fe
[DEBUG] Time: 279905000 | SHAKE DIN : 019780a4
[DEBUG] Time: 279925000 | SHAKE DIN : d42193bc
[DEBUG] Time: 279945000 | SHAKE DIN : 783b5f59
[DEBUG] Time: 279965000 | SHAKE DIN : 9527a90f
[DEBUG] Time: 279985000 | SHAKE DIN : e3200e8e
[DEBUG] Time: 280005000 | SHAKE DIN : a4807ac0
[DEBUG] Time: 280025000 | SHAKE DIN : bb4cf9e0
[DEBUG] Time: 280045000 | SHAKE DIN : f5d90f8d
[DEBUG] Time: 280065000 | SHAKE DIN : 34dbdda9
[DEBUG] Time: 280085000 | SHAKE DIN : 97eebc26
[DEBUG] Time: 280105000 | SHAKE DIN : a95c6d8e
[DEBUG] Time: 280125000 | SHAKE DIN : b22655ae
[DEBUG] Time: 280145000 | SHAKE DIN : ec74350b
[DEBUG] Time: 280165000 | SHAKE DIN : 883bfcd3
[DEBUG] Time: 280185000 | SHAKE DIN : 4edc88ce
[DEBUG] Time: 280205000 | SHAKE DIN : de25b003
[DEBUG] Time: 280225000 | SHAKE DIN : 0f1802ce
[DEBUG] Time: 280245000 | SHAKE DIN : 8bf7f51f
[DEBUG] Time: 280265000 | SHAKE DIN : 1f2e7b9d
[DEBUG] Time: 280285000 | SHAKE DIN : ec662f1d
[DEBUG] Time: 280305000 | SHAKE DIN : 16d91dba
[DEBUG] Time: 280825000 | SHAKE DIN : 00000440
[DEBUG] Time: 280845000 | SHAKE DIN : fbf6e09b
[DEBUG] Time: 280865000 | SHAKE DIN : aafbc46b
[DEBUG] Time: 280885000 | SHAKE DIN : 15e95ade
[DEBUG] Time: 280905000 | SHAKE DIN : e1d7f0ee
[DEBUG] Time: 280925000 | SHAKE DIN : 91cdbb43
[DEBUG] Time: 280945000 | SHAKE DIN : 0600030f
[DEBUG] Time: 280965000 | SHAKE DIN : 1296a338
[DEBUG] Time: 280985000 | SHAKE DIN : d45ed98a
[DEBUG] Time: 281005000 | SHAKE DIN : 1e7728fd
[DEBUG] Time: 281025000 | SHAKE DIN : 29561a79
[DEBUG] Time: 281045000 | SHAKE DIN : 8d9cd27e
[DEBUG] Time: 281065000 | SHAKE DIN : 03010638
[DEBUG] Time: 281085000 | SHAKE DIN : c54a4c7a
[DEBUG] Time: 281105000 | SHAKE DIN : dc910d78
[DEBUG] Time: 281125000 | SHAKE DIN : cd1c0a66
[DEBUG] Time: 281145000 | SHAKE DIN : b12bf884
[DEBUG] Time: 281165000 | SHAKE DIN : d485051d
[DEBUG] Time: 281185000 | SHAKE DIN : c9c20d8c
[DEBUG] Time: 281205000 | SHAKE DIN : e6f78dd1
[DEBUG] Time: 281225000 | SHAKE DIN : 6542bd06
[DEBUG] Time: 281245000 | SHAKE DIN : 044fcf0f
[DEBUG] Time: 281265000 | SHAKE DIN : 751d10d9
[DEBUG] Time: 281285000 | SHAKE DIN : 23fdc3b8
[DEBUG] Time: 281305000 | SHAKE DIN : bb08f028
[DEBUG] Time: 281325000 | SHAKE DIN : 9961f9db
[DEBUG] Time: 281345000 | SHAKE DIN : 2124c3ad
[DEBUG] Time: 281365000 | SHAKE DIN : 3dfb504d
[DEBUG] Time: 281385000 | SHAKE DIN : 28a40ce1
[DEBUG] Time: 281405000 | SHAKE DIN : 0f5f7801
[DEBUG] Time: 281425000 | SHAKE DIN : dfa660c2
[DEBUG] Time: 281445000 | SHAKE DIN : b6d93244
[DEBUG] Time: 281465000 | SHAKE DIN : 9c7794fb
[DEBUG] Time: 281485000 | SHAKE DIN : 2ecdbbce
[DEBUG] Time: 281505000 | SHAKE DIN : 019d48aa
[DEBUG] Time: 282025000 | SHAKE DIN : 00000440
[DEBUG] Time: 282045000 | SHAKE DIN : 61a3c928
[DEBUG] Time: 282065000 | SHAKE DIN : 1936edf1
[DEBUG] Time: 282085000 | SHAKE DIN : a21d0411
[DEBUG] Time: 282105000 | SHAKE DIN : 04e7d302
[DEBUG] Time: 282125000 | SHAKE DIN : 1e2853f8
[DEBUG] Time: 282145000 | SHAKE DIN : 522fa081
[DEBUG] Time: 282165000 | SHAKE DIN : 136ebf48
[DEBUG] Time: 282185000 | SHAKE DIN : d239398f
[DEBUG] Time: 282205000 | SHAKE DIN : 3c003fbd
[DEBUG] Time: 282225000 | SHAKE DIN : 79844c46
[DEBUG] Time: 282245000 | SHAKE DIN : bd60675f
[DEBUG] Time: 282265000 | SHAKE DIN : ca26e766
[DEBUG] Time: 282285000 | SHAKE DIN : 4c706e30
[DEBUG] Time: 282305000 | SHAKE DIN : 60953df2
[DEBUG] Time: 282325000 | SHAKE DIN : 21bf8464
[DEBUG] Time: 282345000 | SHAKE DIN : 0dd99edd
[DEBUG] Time: 282365000 | SHAKE DIN : e8601696
[DEBUG] Time: 282385000 | SHAKE DIN : e1125d6f
[DEBUG] Time: 282405000 | SHAKE DIN : 7577baeb
[DEBUG] Time: 282425000 | SHAKE DIN : d6a82862
[DEBUG] Time: 282445000 | SHAKE DIN : 7678f1ee
[DEBUG] Time: 282465000 | SHAKE DIN : e3f31d5f
[DEBUG] Time: 282485000 | SHAKE DIN : c9b8d514
[DEBUG] Time: 282505000 | SHAKE DIN : c2963be8
[DEBUG] Time: 282525000 | SHAKE DIN : 4565c823
[DEBUG] Time: 282545000 | SHAKE DIN : df1c1bb0
[DEBUG] Time: 282565000 | SHAKE DIN : 627f78fb
[DEBUG] Time: 282585000 | SHAKE DIN : eb53c74e
[DEBUG] Time: 282605000 | SHAKE DIN : 383bd566
[DEBUG] Time: 282625000 | SHAKE DIN : 8f9de6d5
[DEBUG] Time: 282645000 | SHAKE DIN : 77a1630f
[DEBUG] Time: 282665000 | SHAKE DIN : 600de5c5
[DEBUG] Time: 282685000 | SHAKE DIN : 1ab0d6f8
[DEBUG] Time: 282705000 | SHAKE DIN : 0f208e27
[DEBUG] Time: 283225000 | SHAKE DIN : 00000440
[DEBUG] Time: 283245000 | SHAKE DIN : 6fb83ab0
[DEBUG] Time: 283265000 | SHAKE DIN : 60c91e19
[DEBUG] Time: 283285000 | SHAKE DIN : d710353e
[DEBUG] Time: 283305000 | SHAKE DIN : 60648073
[DEBUG] Time: 283325000 | SHAKE DIN : 0d56fcf8
[DEBUG] Time: 283345000 | SHAKE DIN : dc2f8c93
[DEBUG] Time: 283365000 | SHAKE DIN : b9e47b16
[DEBUG] Time: 283385000 | SHAKE DIN : 98663241
[DEBUG] Time: 283405000 | SHAKE DIN : 87d3f6a8
[DEBUG] Time: 283425000 | SHAKE DIN : 104fc771
[DEBUG] Time: 283445000 | SHAKE DIN : f2b6d244
[DEBUG] Time: 283465000 | SHAKE DIN : 875fc592
[DEBUG] Time: 283485000 | SHAKE DIN : c516769f
[DEBUG] Time: 283505000 | SHAKE DIN : ad6d0b87
[DEBUG] Time: 283525000 | SHAKE DIN : 8657c799
[DEBUG] Time: 283545000 | SHAKE DIN : b3e01d5c
[DEBUG] Time: 283565000 | SHAKE DIN : 446c1612
[DEBUG] Time: 283585000 | SHAKE DIN : 0d3b1431
[DEBUG] Time: 283605000 | SHAKE DIN : 24e63746
[DEBUG] Time: 283625000 | SHAKE DIN : d0ce35ef
[DEBUG] Time: 283645000 | SHAKE DIN : 3f0bcdcb
[DEBUG] Time: 283665000 | SHAKE DIN : 692e0e5b
[DEBUG] Time: 283685000 | SHAKE DIN : dcad4af4
[DEBUG] Time: 283705000 | SHAKE DIN : 03e75732
[DEBUG] Time: 283725000 | SHAKE DIN : 32e29605
[DEBUG] Time: 283745000 | SHAKE DIN : b75fa29d
[DEBUG] Time: 283765000 | SHAKE DIN : fd9f6346
[DEBUG] Time: 283785000 | SHAKE DIN : 2ebcc93e
[DEBUG] Time: 283805000 | SHAKE DIN : 29e7b6bb
[DEBUG] Time: 283825000 | SHAKE DIN : c66eab79
[DEBUG] Time: 283845000 | SHAKE DIN : 2dac4943
[DEBUG] Time: 283865000 | SHAKE DIN : 4fec1c39
[DEBUG] Time: 283885000 | SHAKE DIN : 403099b8
[DEBUG] Time: 283905000 | SHAKE DIN : 1c609c19
[DEBUG] Time: 284425000 | SHAKE DIN : 00000440
[DEBUG] Time: 284445000 | SHAKE DIN : cc01d8e1
[DEBUG] Time: 284465000 | SHAKE DIN : 6178544c
[DEBUG] Time: 284485000 | SHAKE DIN : 8bdfcd5d
[DEBUG] Time: 284505000 | SHAKE DIN : 29e66278
[DEBUG] Time: 284525000 | SHAKE DIN : 99d32951
[DEBUG] Time: 284545000 | SHAKE DIN : 386dce5e
[DEBUG] Time: 284565000 | SHAKE DIN : 28bbceaa
[DEBUG] Time: 284585000 | SHAKE DIN : 80798dbb
[DEBUG] Time: 284605000 | SHAKE DIN : 6fa87c8b
[DEBUG] Time: 284625000 | SHAKE DIN : c0933ce2
[DEBUG] Time: 284645000 | SHAKE DIN : cb957eb9
[DEBUG] Time: 284665000 | SHAKE DIN : 8fee14e2
[DEBUG] Time: 284685000 | SHAKE DIN : 2056b43c
[DEBUG] Time: 284705000 | SHAKE DIN : 9debfe62
[DEBUG] Time: 284725000 | SHAKE DIN : ee511075
[DEBUG] Time: 284745000 | SHAKE DIN : 68f8984f
[DEBUG] Time: 284765000 | SHAKE DIN : bfb229cc
[DEBUG] Time: 284785000 | SHAKE DIN : da51682b
[DEBUG] Time: 284805000 | SHAKE DIN : 9d94469b
[DEBUG] Time: 284825000 | SHAKE DIN : a6280179
[DEBUG] Time: 284845000 | SHAKE DIN : 1077e95b
[DEBUG] Time: 284865000 | SHAKE DIN : f0ab9c45
[DEBUG] Time: 284885000 | SHAKE DIN : 97503bd4
[DEBUG] Time: 284905000 | SHAKE DIN : 05e26801
[DEBUG] Time: 284925000 | SHAKE DIN : e5b4d571
[DEBUG] Time: 284945000 | SHAKE DIN : 3f8ee257
[DEBUG] Time: 284965000 | SHAKE DIN : 61432d12
[DEBUG] Time: 284985000 | SHAKE DIN : a5d26f34
[DEBUG] Time: 285005000 | SHAKE DIN : bf49233c
[DEBUG] Time: 285025000 | SHAKE DIN : 44de321d
[DEBUG] Time: 285045000 | SHAKE DIN : eb679250
[DEBUG] Time: 285065000 | SHAKE DIN : 18285ab4
[DEBUG] Time: 285085000 | SHAKE DIN : 8ea62bdf
[DEBUG] Time: 285105000 | SHAKE DIN : f6173a30
[DEBUG] Time: 285625000 | SHAKE DIN : 00000440
[DEBUG] Time: 285645000 | SHAKE DIN : 896fa89c
[DEBUG] Time: 285665000 | SHAKE DIN : 883a91a8
[DEBUG] Time: 285685000 | SHAKE DIN : cd8a8e09
[DEBUG] Time: 285705000 | SHAKE DIN : 5abedb99
[DEBUG] Time: 285725000 | SHAKE DIN : 32a47bb2
[DEBUG] Time: 285745000 | SHAKE DIN : 4977a22e
[DEBUG] Time: 285765000 | SHAKE DIN : 955ba41a
[DEBUG] Time: 285785000 | SHAKE DIN : 00a0cd1e
[DEBUG] Time: 285805000 | SHAKE DIN : a5786f45
[DEBUG] Time: 285825000 | SHAKE DIN : f795547d
[DEBUG] Time: 285845000 | SHAKE DIN : 264599c4
[DEBUG] Time: 285865000 | SHAKE DIN : cb068e24
[DEBUG] Time: 285885000 | SHAKE DIN : 18164d86
[DEBUG] Time: 285905000 | SHAKE DIN : 947ea21a
[DEBUG] Time: 285925000 | SHAKE DIN : 78bceb06
[DEBUG] Time: 285945000 | SHAKE DIN : 81ecdf85
[DEBUG] Time: 285965000 | SHAKE DIN : 77222c06
[DEBUG] Time: 285985000 | SHAKE DIN : 767f8771
[DEBUG] Time: 286005000 | SHAKE DIN : 9726b4ce
[DEBUG] Time: 286025000 | SHAKE DIN : b024c721
[DEBUG] Time: 286045000 | SHAKE DIN : 9f3f3681
[DEBUG] Time: 286065000 | SHAKE DIN : 52371e25
[DEBUG] Time: 286085000 | SHAKE DIN : 5e7201a4
[DEBUG] Time: 286105000 | SHAKE DIN : 28c0315b
[DEBUG] Time: 286125000 | SHAKE DIN : ed7bccf1
[DEBUG] Time: 286145000 | SHAKE DIN : 9059e6ce
[DEBUG] Time: 286165000 | SHAKE DIN : d1f156e9
[DEBUG] Time: 286185000 | SHAKE DIN : b6a6b11a
[DEBUG] Time: 286205000 | SHAKE DIN : e5cd485a
[DEBUG] Time: 286225000 | SHAKE DIN : 03c93007
[DEBUG] Time: 286245000 | SHAKE DIN : 14fda900
[DEBUG] Time: 286265000 | SHAKE DIN : 82f2af26
[DEBUG] Time: 286285000 | SHAKE DIN : dcbb5007
[DEBUG] Time: 286305000 | SHAKE DIN : 3f28f219
[DEBUG] Time: 286825000 | SHAKE DIN : 00000440
[DEBUG] Time: 286845000 | SHAKE DIN : 9510a144
[DEBUG] Time: 286865000 | SHAKE DIN : 52e74b2c
[DEBUG] Time: 286885000 | SHAKE DIN : 528f9377
[DEBUG] Time: 286905000 | SHAKE DIN : 2312c705
[DEBUG] Time: 286925000 | SHAKE DIN : ae7ed349
[DEBUG] Time: 286945000 | SHAKE DIN : d9d2f53e
[DEBUG] Time: 286965000 | SHAKE DIN : c74f31e4
[DEBUG] Time: 286985000 | SHAKE DIN : 1b33b74e
[DEBUG] Time: 287005000 | SHAKE DIN : 498405ff
[DEBUG] Time: 287025000 | SHAKE DIN : 10628b6e
[DEBUG] Time: 287045000 | SHAKE DIN : d6f1bd28
[DEBUG] Time: 287065000 | SHAKE DIN : 0b5fd941
[DEBUG] Time: 287085000 | SHAKE DIN : 2634ace3
[DEBUG] Time: 287105000 | SHAKE DIN : be6f92e5
[DEBUG] Time: 287125000 | SHAKE DIN : 5322f09e
[DEBUG] Time: 287145000 | SHAKE DIN : 1f64e9a3
[DEBUG] Time: 287165000 | SHAKE DIN : e2cb8674
[DEBUG] Time: 287185000 | SHAKE DIN : c38a69e8
[DEBUG] Time: 287205000 | SHAKE DIN : fef524c1
[DEBUG] Time: 287225000 | SHAKE DIN : e5788139
[DEBUG] Time: 287245000 | SHAKE DIN : fe0e16c9
[DEBUG] Time: 287265000 | SHAKE DIN : c7270a53
[DEBUG] Time: 287285000 | SHAKE DIN : 4e49b8ee
[DEBUG] Time: 287305000 | SHAKE DIN : 22558302
[DEBUG] Time: 287325000 | SHAKE DIN : 94ad539c
[DEBUG] Time: 287345000 | SHAKE DIN : 6c8b8d17
[DEBUG] Time: 287365000 | SHAKE DIN : 9f1390c3
[DEBUG] Time: 287385000 | SHAKE DIN : e9826eef
[DEBUG] Time: 287405000 | SHAKE DIN : b8f33aa6
[DEBUG] Time: 287425000 | SHAKE DIN : 286ceffc
[DEBUG] Time: 287445000 | SHAKE DIN : 0a68a434
[DEBUG] Time: 287465000 | SHAKE DIN : 844fb908
[DEBUG] Time: 287485000 | SHAKE DIN : 71cd5e1b
[DEBUG] Time: 287505000 | SHAKE DIN : d71f3037
[DEBUG] Time: 288025000 | SHAKE DIN : 00000440
[DEBUG] Time: 288045000 | SHAKE DIN : fba3173f
[DEBUG] Time: 288065000 | SHAKE DIN : 65ea31bf
[DEBUG] Time: 288085000 | SHAKE DIN : c59abd48
[DEBUG] Time: 288105000 | SHAKE DIN : 62492bce
[DEBUG] Time: 288125000 | SHAKE DIN : 12781a7e
[DEBUG] Time: 288145000 | SHAKE DIN : 84baa9cf
[DEBUG] Time: 288165000 | SHAKE DIN : 96b69544
[DEBUG] Time: 288185000 | SHAKE DIN : 2acf1a4a
[DEBUG] Time: 288205000 | SHAKE DIN : 72844e62
[DEBUG] Time: 288225000 | SHAKE DIN : 4ff4a436
[DEBUG] Time: 288245000 | SHAKE DIN : 6a76a1a3
[DEBUG] Time: 288265000 | SHAKE DIN : 89d48d52
[DEBUG] Time: 288285000 | SHAKE DIN : 58ad5311
[DEBUG] Time: 288305000 | SHAKE DIN : 79d18d59
[DEBUG] Time: 288325000 | SHAKE DIN : 4d7be2b9
[DEBUG] Time: 288345000 | SHAKE DIN : abca8432
[DEBUG] Time: 288365000 | SHAKE DIN : 053b69ab
[DEBUG] Time: 288385000 | SHAKE DIN : 068927b0
[DEBUG] Time: 288405000 | SHAKE DIN : fc9c631e
[DEBUG] Time: 288425000 | SHAKE DIN : d5ba2fae
[DEBUG] Time: 288445000 | SHAKE DIN : 1cf176c6
[DEBUG] Time: 288465000 | SHAKE DIN : 32c0758a
[DEBUG] Time: 288485000 | SHAKE DIN : 9e0f158d
[DEBUG] Time: 288505000 | SHAKE DIN : 157c783a
[DEBUG] Time: 288525000 | SHAKE DIN : d76f914a
[DEBUG] Time: 288545000 | SHAKE DIN : d2d9c1d0
[DEBUG] Time: 288565000 | SHAKE DIN : 7dc3fa47
[DEBUG] Time: 288585000 | SHAKE DIN : db57095e
[DEBUG] Time: 288605000 | SHAKE DIN : 712a0449
[DEBUG] Time: 288625000 | SHAKE DIN : afe09235
[DEBUG] Time: 288645000 | SHAKE DIN : b59f5951
[DEBUG] Time: 288665000 | SHAKE DIN : ea11ec11
[DEBUG] Time: 288685000 | SHAKE DIN : a582dd38
[DEBUG] Time: 288705000 | SHAKE DIN : 34e9c598
[DEBUG] Time: 289225000 | SHAKE DIN : 00000440
[DEBUG] Time: 289245000 | SHAKE DIN : 7f02b213
[DEBUG] Time: 289265000 | SHAKE DIN : 440ccf6a
[DEBUG] Time: 289285000 | SHAKE DIN : 1ff7744a
[DEBUG] Time: 289305000 | SHAKE DIN : fb155a30
[DEBUG] Time: 289325000 | SHAKE DIN : 76b64206
[DEBUG] Time: 289345000 | SHAKE DIN : 1d764c7c
[DEBUG] Time: 289365000 | SHAKE DIN : 0073f5a7
[DEBUG] Time: 289385000 | SHAKE DIN : dcf5b125
[DEBUG] Time: 289405000 | SHAKE DIN : dbebf866
[DEBUG] Time: 289425000 | SHAKE DIN : f80569f7
[DEBUG] Time: 289445000 | SHAKE DIN : f0c7a9f6
[DEBUG] Time: 289465000 | SHAKE DIN : 94481ad6
[DEBUG] Time: 289485000 | SHAKE DIN : c8182bb7
[DEBUG] Time: 289505000 | SHAKE DIN : c436fada
[DEBUG] Time: 289525000 | SHAKE DIN : fcc41200
[DEBUG] Time: 289545000 | SHAKE DIN : c5eb1751
[DEBUG] Time: 289565000 | SHAKE DIN : bac09085
[DEBUG] Time: 289585000 | SHAKE DIN : d1247532
[DEBUG] Time: 289605000 | SHAKE DIN : ec21a8e9
[DEBUG] Time: 289625000 | SHAKE DIN : ef5cd576
[DEBUG] Time: 289645000 | SHAKE DIN : 40263074
[DEBUG] Time: 289665000 | SHAKE DIN : 375063bb
[DEBUG] Time: 289685000 | SHAKE DIN : 2d5cf4f7
[DEBUG] Time: 289705000 | SHAKE DIN : e9f1cd56
[DEBUG] Time: 289725000 | SHAKE DIN : 893cc5e9
[DEBUG] Time: 289745000 | SHAKE DIN : 1fd133ce
[DEBUG] Time: 289765000 | SHAKE DIN : 237df795
[DEBUG] Time: 289785000 | SHAKE DIN : ace1d1e7
[DEBUG] Time: 289805000 | SHAKE DIN : 398de90d
[DEBUG] Time: 289825000 | SHAKE DIN : 62436d21
[DEBUG] Time: 289845000 | SHAKE DIN : b43e7260
[DEBUG] Time: 289865000 | SHAKE DIN : 8f3262cc
[DEBUG] Time: 289885000 | SHAKE DIN : 5ade66f1
[DEBUG] Time: 289905000 | SHAKE DIN : 5bd81a70
[DEBUG] Time: 290425000 | SHAKE DIN : 00000440
[DEBUG] Time: 290445000 | SHAKE DIN : dff2eedd
[DEBUG] Time: 290465000 | SHAKE DIN : 39b00baa
[DEBUG] Time: 290485000 | SHAKE DIN : 0dd56614
[DEBUG] Time: 290505000 | SHAKE DIN : 33ba93ed
[DEBUG] Time: 290525000 | SHAKE DIN : 62d9f72a
[DEBUG] Time: 290545000 | SHAKE DIN : c69e04a1
[DEBUG] Time: 290565000 | SHAKE DIN : 58ec0439
[DEBUG] Time: 290585000 | SHAKE DIN : 1fd3a6f2
[DEBUG] Time: 290605000 | SHAKE DIN : ae429a88
[DEBUG] Time: 290625000 | SHAKE DIN : fcd0879d
[DEBUG] Time: 290645000 | SHAKE DIN : b4aa9304
[DEBUG] Time: 290665000 | SHAKE DIN : e0b2140a
[DEBUG] Time: 290685000 | SHAKE DIN : 8268ad1b
[DEBUG] Time: 290705000 | SHAKE DIN : 22cd8470
[DEBUG] Time: 290725000 | SHAKE DIN : b929d7ea
[DEBUG] Time: 290745000 | SHAKE DIN : 9ea2b6b5
[DEBUG] Time: 290765000 | SHAKE DIN : 0ca3c667
[DEBUG] Time: 290785000 | SHAKE DIN : cf0c367c
[DEBUG] Time: 290805000 | SHAKE DIN : 53378065
[DEBUG] Time: 290825000 | SHAKE DIN : 9729193c
[DEBUG] Time: 290845000 | SHAKE DIN : e59974a8
[DEBUG] Time: 290865000 | SHAKE DIN : faf24518
[DEBUG] Time: 290885000 | SHAKE DIN : 47a1a0fc
[DEBUG] Time: 290905000 | SHAKE DIN : 91b69815
[DEBUG] Time: 290925000 | SHAKE DIN : 20271fdb
[DEBUG] Time: 290945000 | SHAKE DIN : 02911180
[DEBUG] Time: 290965000 | SHAKE DIN : 300271e6
[DEBUG] Time: 290985000 | SHAKE DIN : 263c10e1
[DEBUG] Time: 291005000 | SHAKE DIN : 7f969f5f
[DEBUG] Time: 291025000 | SHAKE DIN : 5ab48ad5
[DEBUG] Time: 291045000 | SHAKE DIN : b98cea69
[DEBUG] Time: 291065000 | SHAKE DIN : 99dc7a14
[DEBUG] Time: 291085000 | SHAKE DIN : 64c6e79a
[DEBUG] Time: 291105000 | SHAKE DIN : fdf9fb69
[DEBUG] Time: 291625000 | SHAKE DIN : 00000440
[DEBUG] Time: 291645000 | SHAKE DIN : b7b2324c
[DEBUG] Time: 291665000 | SHAKE DIN : 0ef30b4f
[DEBUG] Time: 291685000 | SHAKE DIN : 6e5ee100
[DEBUG] Time: 291705000 | SHAKE DIN : cd068385
[DEBUG] Time: 291725000 | SHAKE DIN : 7e69e10c
[DEBUG] Time: 291745000 | SHAKE DIN : 6bbf9ba7
[DEBUG] Time: 291765000 | SHAKE DIN : a93949ab
[DEBUG] Time: 291785000 | SHAKE DIN : b712ee1b
[DEBUG] Time: 291805000 | SHAKE DIN : 658881b4
[DEBUG] Time: 291825000 | SHAKE DIN : 71f2abed
[DEBUG] Time: 291845000 | SHAKE DIN : d4a634bf
[DEBUG] Time: 291865000 | SHAKE DIN : 60612c04
[DEBUG] Time: 291885000 | SHAKE DIN : 2a10b642
[DEBUG] Time: 291905000 | SHAKE DIN : f166db7f
[DEBUG] Time: 291925000 | SHAKE DIN : 712e15ba
[DEBUG] Time: 291945000 | SHAKE DIN : 7306a11d
[DEBUG] Time: 291965000 | SHAKE DIN : 8572e15b
[DEBUG] Time: 291985000 | SHAKE DIN : acad2b37
[DEBUG] Time: 292005000 | SHAKE DIN : f9fcb7a8
[DEBUG] Time: 292025000 | SHAKE DIN : 20fb3cd7
[DEBUG] Time: 292045000 | SHAKE DIN : be730454
[DEBUG] Time: 292065000 | SHAKE DIN : f61db77d
[DEBUG] Time: 292085000 | SHAKE DIN : 69153e7d
[DEBUG] Time: 292105000 | SHAKE DIN : 897dc4c0
[DEBUG] Time: 292125000 | SHAKE DIN : c6cb9b54
[DEBUG] Time: 292145000 | SHAKE DIN : c27fa3f3
[DEBUG] Time: 292165000 | SHAKE DIN : e7143a4f
[DEBUG] Time: 292185000 | SHAKE DIN : 3f708b27
[DEBUG] Time: 292205000 | SHAKE DIN : 7ec675fd
[DEBUG] Time: 292225000 | SHAKE DIN : b95a5b28
[DEBUG] Time: 292245000 | SHAKE DIN : e7a155ed
[DEBUG] Time: 292265000 | SHAKE DIN : 608d3ea9
[DEBUG] Time: 292285000 | SHAKE DIN : 53a1597d
[DEBUG] Time: 292305000 | SHAKE DIN : ca900f93
[DEBUG] Time: 292825000 | SHAKE DIN : 00000440
[DEBUG] Time: 292845000 | SHAKE DIN : 3aaeb805
[DEBUG] Time: 292865000 | SHAKE DIN : a6dab42a
[DEBUG] Time: 292885000 | SHAKE DIN : 54a12a4b
[DEBUG] Time: 292905000 | SHAKE DIN : 4bacadee
[DEBUG] Time: 292925000 | SHAKE DIN : 638a9c9a
[DEBUG] Time: 292945000 | SHAKE DIN : b3bd5956
[DEBUG] Time: 292965000 | SHAKE DIN : 2ae58b44
[DEBUG] Time: 292985000 | SHAKE DIN : 3bfab832
[DEBUG] Time: 293005000 | SHAKE DIN : ac9c406c
[DEBUG] Time: 293025000 | SHAKE DIN : 2a8e125a
[DEBUG] Time: 293045000 | SHAKE DIN : a97a8a1e
[DEBUG] Time: 293065000 | SHAKE DIN : 661b50c5
[DEBUG] Time: 293085000 | SHAKE DIN : 110becfb
[DEBUG] Time: 293105000 | SHAKE DIN : 2f56268d
[DEBUG] Time: 293125000 | SHAKE DIN : 09ee3f2f
[DEBUG] Time: 293145000 | SHAKE DIN : 85528b92
[DEBUG] Time: 293165000 | SHAKE DIN : f8c04d2a
[DEBUG] Time: 293185000 | SHAKE DIN : 8e322b60
[DEBUG] Time: 293205000 | SHAKE DIN : 1cc49d0c
[DEBUG] Time: 293225000 | SHAKE DIN : 5cea8f2f
[DEBUG] Time: 293245000 | SHAKE DIN : 3c032d71
[DEBUG] Time: 293265000 | SHAKE DIN : 578abeeb
[DEBUG] Time: 293285000 | SHAKE DIN : 3f03c5f9
[DEBUG] Time: 293305000 | SHAKE DIN : 5cda950e
[DEBUG] Time: 293325000 | SHAKE DIN : 6ae7e305
[DEBUG] Time: 293345000 | SHAKE DIN : 48bfc6da
[DEBUG] Time: 293365000 | SHAKE DIN : b9a8c19f
[DEBUG] Time: 293385000 | SHAKE DIN : c0e74c0b
[DEBUG] Time: 293405000 | SHAKE DIN : 45cee4b7
[DEBUG] Time: 293425000 | SHAKE DIN : f84e8a76
[DEBUG] Time: 293445000 | SHAKE DIN : d6bf559d
[DEBUG] Time: 293465000 | SHAKE DIN : 6bb0154e
[DEBUG] Time: 293485000 | SHAKE DIN : 218dde81
[DEBUG] Time: 293505000 | SHAKE DIN : e45c66b5
[DEBUG] Time: 294025000 | SHAKE DIN : 00000440
[DEBUG] Time: 294045000 | SHAKE DIN : c58559ed
[DEBUG] Time: 294065000 | SHAKE DIN : 486bbbca
[DEBUG] Time: 294085000 | SHAKE DIN : f428e0e0
[DEBUG] Time: 294105000 | SHAKE DIN : a7d83e7c
[DEBUG] Time: 294125000 | SHAKE DIN : ecd2c380
[DEBUG] Time: 294145000 | SHAKE DIN : 6c837e09
[DEBUG] Time: 294165000 | SHAKE DIN : 0ab3f7f6
[DEBUG] Time: 294185000 | SHAKE DIN : 588a2594
[DEBUG] Time: 294205000 | SHAKE DIN : d68b9c3d
[DEBUG] Time: 294225000 | SHAKE DIN : 384bad14
[DEBUG] Time: 294245000 | SHAKE DIN : a39ae868
[DEBUG] Time: 294265000 | SHAKE DIN : 43f2a293
[DEBUG] Time: 294285000 | SHAKE DIN : 13109b54
[DEBUG] Time: 294305000 | SHAKE DIN : a850ebe2
[DEBUG] Time: 294325000 | SHAKE DIN : 0f3242b0
[DEBUG] Time: 294345000 | SHAKE DIN : f2d83641
[DEBUG] Time: 294365000 | SHAKE DIN : 4f35388c
[DEBUG] Time: 294385000 | SHAKE DIN : fc56f843
[DEBUG] Time: 294405000 | SHAKE DIN : 2742ed1d
[DEBUG] Time: 294425000 | SHAKE DIN : 1a614a73
[DEBUG] Time: 294445000 | SHAKE DIN : a901bded
[DEBUG] Time: 294465000 | SHAKE DIN : 8c7f100f
[DEBUG] Time: 294485000 | SHAKE DIN : 1cd869b3
[DEBUG] Time: 294505000 | SHAKE DIN : b4f50508
[DEBUG] Time: 294525000 | SHAKE DIN : 17b94ce1
[DEBUG] Time: 294545000 | SHAKE DIN : 97caaf9e
[DEBUG] Time: 294565000 | SHAKE DIN : 216e551a
[DEBUG] Time: 294585000 | SHAKE DIN : b61c9a66
[DEBUG] Time: 294605000 | SHAKE DIN : 77f34818
[DEBUG] Time: 294625000 | SHAKE DIN : e8b2e206
[DEBUG] Time: 294645000 | SHAKE DIN : 5d54ac15
[DEBUG] Time: 294665000 | SHAKE DIN : b2722ba8
[DEBUG] Time: 294685000 | SHAKE DIN : 74caf31c
[DEBUG] Time: 294705000 | SHAKE DIN : b1ef55ff
[DEBUG] Time: 295225000 | SHAKE DIN : 00000440
[DEBUG] Time: 295245000 | SHAKE DIN : 69ffe58b
[DEBUG] Time: 295265000 | SHAKE DIN : ed5a6d35
[DEBUG] Time: 295285000 | SHAKE DIN : 1b212ba6
[DEBUG] Time: 295305000 | SHAKE DIN : d1d9b10b
[DEBUG] Time: 295325000 | SHAKE DIN : 7570af42
[DEBUG] Time: 295345000 | SHAKE DIN : be012dbe
[DEBUG] Time: 295365000 | SHAKE DIN : 1ccea144
[DEBUG] Time: 295385000 | SHAKE DIN : 20f4344b
[DEBUG] Time: 295405000 | SHAKE DIN : bead33f9
[DEBUG] Time: 295425000 | SHAKE DIN : 4f6a8e1d
[DEBUG] Time: 295445000 | SHAKE DIN : e2939d18
[DEBUG] Time: 295465000 | SHAKE DIN : 5584266b
[DEBUG] Time: 295485000 | SHAKE DIN : d88b8dd4
[DEBUG] Time: 295505000 | SHAKE DIN : b9bbfbe6
[DEBUG] Time: 295525000 | SHAKE DIN : 74ab8555
[DEBUG] Time: 295545000 | SHAKE DIN : 46d90fd1
[DEBUG] Time: 295565000 | SHAKE DIN : 9381e749
[DEBUG] Time: 295585000 | SHAKE DIN : 855ed99c
[DEBUG] Time: 295605000 | SHAKE DIN : f343e939
[DEBUG] Time: 295625000 | SHAKE DIN : 5dba78c1
[DEBUG] Time: 295645000 | SHAKE DIN : f285a3aa
[DEBUG] Time: 295665000 | SHAKE DIN : 42b1486e
[DEBUG] Time: 295685000 | SHAKE DIN : ab2053a6
[DEBUG] Time: 295705000 | SHAKE DIN : f2c6dea5
[DEBUG] Time: 295725000 | SHAKE DIN : 663e444f
[DEBUG] Time: 295745000 | SHAKE DIN : 7b5ebd82
[DEBUG] Time: 295765000 | SHAKE DIN : 1d354e39
[DEBUG] Time: 295785000 | SHAKE DIN : 2f5b6912
[DEBUG] Time: 295805000 | SHAKE DIN : 4377b101
[DEBUG] Time: 295825000 | SHAKE DIN : 682324aa
[DEBUG] Time: 295845000 | SHAKE DIN : 5f6214dc
[DEBUG] Time: 295865000 | SHAKE DIN : 44b53300
[DEBUG] Time: 295885000 | SHAKE DIN : 2c6befef
[DEBUG] Time: 295905000 | SHAKE DIN : fc8afca0
[DEBUG] Time: 296425000 | SHAKE DIN : 00000440
[DEBUG] Time: 296445000 | SHAKE DIN : a478f901
[DEBUG] Time: 296465000 | SHAKE DIN : 760c3a57
[DEBUG] Time: 296485000 | SHAKE DIN : e350aad6
[DEBUG] Time: 296505000 | SHAKE DIN : 923db1f2
[DEBUG] Time: 296525000 | SHAKE DIN : 1835e8bc
[DEBUG] Time: 296545000 | SHAKE DIN : e5bdc1dc
[DEBUG] Time: 296565000 | SHAKE DIN : 1b43a4cf
[DEBUG] Time: 296585000 | SHAKE DIN : 4143a675
[DEBUG] Time: 296605000 | SHAKE DIN : 6f828092
[DEBUG] Time: 296625000 | SHAKE DIN : d878b7f1
[DEBUG] Time: 296645000 | SHAKE DIN : 0df8ae2c
[DEBUG] Time: 296665000 | SHAKE DIN : 1b6c6325
[DEBUG] Time: 296685000 | SHAKE DIN : d8bc5ac2
[DEBUG] Time: 296705000 | SHAKE DIN : 5504b000
[DEBUG] Time: 296725000 | SHAKE DIN : e714faa3
[DEBUG] Time: 296745000 | SHAKE DIN : 571804b8
[DEBUG] Time: 296765000 | SHAKE DIN : 5e4d7d8b
[DEBUG] Time: 296785000 | SHAKE DIN : 69c84189
[DEBUG] Time: 296805000 | SHAKE DIN : 57ec425d
[DEBUG] Time: 296825000 | SHAKE DIN : e17c158a
[DEBUG] Time: 296845000 | SHAKE DIN : 598964ef
[DEBUG] Time: 296865000 | SHAKE DIN : efb47e83
[DEBUG] Time: 296885000 | SHAKE DIN : 54d74892
[DEBUG] Time: 296905000 | SHAKE DIN : eb87b294
[DEBUG] Time: 296925000 | SHAKE DIN : bae0e442
[DEBUG] Time: 296945000 | SHAKE DIN : e86ad844
[DEBUG] Time: 296965000 | SHAKE DIN : f9c88df3
[DEBUG] Time: 296985000 | SHAKE DIN : eba31171
[DEBUG] Time: 297005000 | SHAKE DIN : e0aeb0cf
[DEBUG] Time: 297025000 | SHAKE DIN : 6076aec7
[DEBUG] Time: 297045000 | SHAKE DIN : 846ddf84
[DEBUG] Time: 297065000 | SHAKE DIN : 8acb04f9
[DEBUG] Time: 297085000 | SHAKE DIN : b2d5a675
[DEBUG] Time: 297105000 | SHAKE DIN : 97e855dc
[DEBUG] Time: 297625000 | SHAKE DIN : 00000440
[DEBUG] Time: 297645000 | SHAKE DIN : 8d06089f
[DEBUG] Time: 297665000 | SHAKE DIN : 62e4745c
[DEBUG] Time: 297685000 | SHAKE DIN : 4e82bbce
[DEBUG] Time: 297705000 | SHAKE DIN : 643e6682
[DEBUG] Time: 297725000 | SHAKE DIN : 2b54c522
[DEBUG] Time: 297745000 | SHAKE DIN : 6b15ab73
[DEBUG] Time: 297765000 | SHAKE DIN : 27842dea
[DEBUG] Time: 297785000 | SHAKE DIN : 83678c9e
[DEBUG] Time: 297805000 | SHAKE DIN : 6ff60461
[DEBUG] Time: 297825000 | SHAKE DIN : 776103dd
[DEBUG] Time: 297845000 | SHAKE DIN : cc419c31
[DEBUG] Time: 297865000 | SHAKE DIN : 03eaa3de
[DEBUG] Time: 297885000 | SHAKE DIN : 82c61030
[DEBUG] Time: 297905000 | SHAKE DIN : f9f6c609
[DEBUG] Time: 297925000 | SHAKE DIN : 13896144
[DEBUG] Time: 297945000 | SHAKE DIN : 349d94be
[DEBUG] Time: 297965000 | SHAKE DIN : 76d84d8e
[DEBUG] Time: 297985000 | SHAKE DIN : a2d2c816
[DEBUG] Time: 298005000 | SHAKE DIN : aac8b466
[DEBUG] Time: 298025000 | SHAKE DIN : a7e94261
[DEBUG] Time: 298045000 | SHAKE DIN : b676019e
[DEBUG] Time: 298065000 | SHAKE DIN : 2ffd52a1
[DEBUG] Time: 298085000 | SHAKE DIN : 3eba593c
[DEBUG] Time: 298105000 | SHAKE DIN : 36cb6cbe
[DEBUG] Time: 298125000 | SHAKE DIN : 2f512a28
[DEBUG] Time: 298145000 | SHAKE DIN : 13e17ed5
[DEBUG] Time: 298165000 | SHAKE DIN : 3fcc67d9
[DEBUG] Time: 298185000 | SHAKE DIN : fccf2f5e
[DEBUG] Time: 298205000 | SHAKE DIN : 969f0e8c
[DEBUG] Time: 298225000 | SHAKE DIN : 7f51471d
[DEBUG] Time: 298245000 | SHAKE DIN : fc844d09
[DEBUG] Time: 298265000 | SHAKE DIN : 644b5e7d
[DEBUG] Time: 298285000 | SHAKE DIN : d0efb91a
[DEBUG] Time: 298305000 | SHAKE DIN : 60eaab91
[DEBUG] Time: 298825000 | SHAKE DIN : 00000440
[DEBUG] Time: 298845000 | SHAKE DIN : e7557c27
[DEBUG] Time: 298865000 | SHAKE DIN : 42ec15cc
[DEBUG] Time: 298885000 | SHAKE DIN : 2e4cbc6f
[DEBUG] Time: 298905000 | SHAKE DIN : 69278dd0
[DEBUG] Time: 298925000 | SHAKE DIN : 328a1e6c
[DEBUG] Time: 298945000 | SHAKE DIN : ee4a39e2
[DEBUG] Time: 298965000 | SHAKE DIN : d37f8a57
[DEBUG] Time: 298985000 | SHAKE DIN : f9bb847a
[DEBUG] Time: 299005000 | SHAKE DIN : e95dd074
[DEBUG] Time: 299025000 | SHAKE DIN : 883aac17
[DEBUG] Time: 299045000 | SHAKE DIN : 2af6419c
[DEBUG] Time: 299065000 | SHAKE DIN : d39a749b
[DEBUG] Time: 299085000 | SHAKE DIN : 9be5b51a
[DEBUG] Time: 299105000 | SHAKE DIN : 7f4a3487
[DEBUG] Time: 299125000 | SHAKE DIN : 763124e9
[DEBUG] Time: 299145000 | SHAKE DIN : f4303a6b
[DEBUG] Time: 299165000 | SHAKE DIN : f883d746
[DEBUG] Time: 299185000 | SHAKE DIN : 28347d35
[DEBUG] Time: 299205000 | SHAKE DIN : 858dc4ca
[DEBUG] Time: 299225000 | SHAKE DIN : 231066e1
[DEBUG] Time: 299245000 | SHAKE DIN : 181a0665
[DEBUG] Time: 299265000 | SHAKE DIN : dee467ef
[DEBUG] Time: 299285000 | SHAKE DIN : 8da2ad44
[DEBUG] Time: 299305000 | SHAKE DIN : fcdc84ae
[DEBUG] Time: 299325000 | SHAKE DIN : eb8c0b20
[DEBUG] Time: 299345000 | SHAKE DIN : 820535eb
[DEBUG] Time: 299365000 | SHAKE DIN : e409fa0a
[DEBUG] Time: 299385000 | SHAKE DIN : d98d78d3
[DEBUG] Time: 299405000 | SHAKE DIN : ac4ddfb3
[DEBUG] Time: 299425000 | SHAKE DIN : 569fde62
[DEBUG] Time: 299445000 | SHAKE DIN : 25107f57
[DEBUG] Time: 299465000 | SHAKE DIN : 89a49674
[DEBUG] Time: 299485000 | SHAKE DIN : beb719ca
[DEBUG] Time: 299505000 | SHAKE DIN : cb9a761a
[DEBUG] Time: 300025000 | SHAKE DIN : 00000440
[DEBUG] Time: 300045000 | SHAKE DIN : 5c694cce
[DEBUG] Time: 300065000 | SHAKE DIN : e5938251
[DEBUG] Time: 300085000 | SHAKE DIN : fda98a94
[DEBUG] Time: 300105000 | SHAKE DIN : 86c610ff
[DEBUG] Time: 300125000 | SHAKE DIN : c5c02042
[DEBUG] Time: 300145000 | SHAKE DIN : 8dda3a2a
[DEBUG] Time: 300165000 | SHAKE DIN : 9ed0b6f9
[DEBUG] Time: 300185000 | SHAKE DIN : 8216adcf
[DEBUG] Time: 300205000 | SHAKE DIN : 5cef36d9
[DEBUG] Time: 300225000 | SHAKE DIN : 70f6662f
[DEBUG] Time: 300245000 | SHAKE DIN : 24da85c2
[DEBUG] Time: 300265000 | SHAKE DIN : 86ed6fea
[DEBUG] Time: 300285000 | SHAKE DIN : 0f6860e7
[DEBUG] Time: 300305000 | SHAKE DIN : e944d8b0
[DEBUG] Time: 300325000 | SHAKE DIN : 69abf5b4
[DEBUG] Time: 300345000 | SHAKE DIN : a67fa2c3
[DEBUG] Time: 300365000 | SHAKE DIN : 201d0b31
[DEBUG] Time: 300385000 | SHAKE DIN : 01fb9ae6
[DEBUG] Time: 300405000 | SHAKE DIN : 43d99636
[DEBUG] Time: 300425000 | SHAKE DIN : 3e223ec2
[DEBUG] Time: 300445000 | SHAKE DIN : c2b64698
[DEBUG] Time: 300465000 | SHAKE DIN : 1aa67e56
[DEBUG] Time: 300485000 | SHAKE DIN : 75af69eb
[DEBUG] Time: 300505000 | SHAKE DIN : 4b631e91
[DEBUG] Time: 300525000 | SHAKE DIN : 26a543ef
[DEBUG] Time: 300545000 | SHAKE DIN : 5d2844e8
[DEBUG] Time: 300565000 | SHAKE DIN : d4727f6c
[DEBUG] Time: 300585000 | SHAKE DIN : 8f8f773f
[DEBUG] Time: 300605000 | SHAKE DIN : 961edfef
[DEBUG] Time: 300625000 | SHAKE DIN : 19359775
[DEBUG] Time: 300645000 | SHAKE DIN : 0f8db226
[DEBUG] Time: 300665000 | SHAKE DIN : 9f81e94d
[DEBUG] Time: 300685000 | SHAKE DIN : 7a74e1ea
[DEBUG] Time: 300705000 | SHAKE DIN : 9eda1dda
[DEBUG] Time: 301225000 | SHAKE DIN : 00000440
[DEBUG] Time: 301245000 | SHAKE DIN : 14fce444
[DEBUG] Time: 301265000 | SHAKE DIN : c48a455a
[DEBUG] Time: 301285000 | SHAKE DIN : c1645bfd
[DEBUG] Time: 301305000 | SHAKE DIN : 69447ea7
[DEBUG] Time: 301325000 | SHAKE DIN : 6149fa9e
[DEBUG] Time: 301345000 | SHAKE DIN : 03d7d001
[DEBUG] Time: 301365000 | SHAKE DIN : 8758629c
[DEBUG] Time: 301385000 | SHAKE DIN : 4a7018b0
[DEBUG] Time: 301405000 | SHAKE DIN : 4c491dc8
[DEBUG] Time: 301425000 | SHAKE DIN : 43b807bb
[DEBUG] Time: 301445000 | SHAKE DIN : 3e658a54
[DEBUG] Time: 301465000 | SHAKE DIN : 7fd5fecf
[DEBUG] Time: 301485000 | SHAKE DIN : b60ecbf6
[DEBUG] Time: 301505000 | SHAKE DIN : 59b51f0c
[DEBUG] Time: 301525000 | SHAKE DIN : a7f6599f
[DEBUG] Time: 301545000 | SHAKE DIN : 04e50b07
[DEBUG] Time: 301565000 | SHAKE DIN : 51439c11
[DEBUG] Time: 301585000 | SHAKE DIN : a5374b35
[DEBUG] Time: 301605000 | SHAKE DIN : 3ddf691d
[DEBUG] Time: 301625000 | SHAKE DIN : 583d385e
[DEBUG] Time: 301645000 | SHAKE DIN : ac729c6d
[DEBUG] Time: 301665000 | SHAKE DIN : f9a70829
[DEBUG] Time: 301685000 | SHAKE DIN : e69d6246
[DEBUG] Time: 301705000 | SHAKE DIN : 8d038a19
[DEBUG] Time: 301725000 | SHAKE DIN : bd15ac86
[DEBUG] Time: 301745000 | SHAKE DIN : cf1eb8d8
[DEBUG] Time: 301765000 | SHAKE DIN : 83b508b6
[DEBUG] Time: 301785000 | SHAKE DIN : 6814eb5b
[DEBUG] Time: 301805000 | SHAKE DIN : 4f953110
[DEBUG] Time: 301825000 | SHAKE DIN : c77b2c79
[DEBUG] Time: 301845000 | SHAKE DIN : 0cad1e36
[DEBUG] Time: 301865000 | SHAKE DIN : 483a8d5b
[DEBUG] Time: 301885000 | SHAKE DIN : ff567b13
[DEBUG] Time: 301905000 | SHAKE DIN : 5d42cbc1
[DEBUG] Time: 302425000 | SHAKE DIN : 00000440
[DEBUG] Time: 302445000 | SHAKE DIN : cf0f54ed
[DEBUG] Time: 302465000 | SHAKE DIN : 78100a3f
[DEBUG] Time: 302485000 | SHAKE DIN : 7cb61fdd
[DEBUG] Time: 302505000 | SHAKE DIN : 436447a9
[DEBUG] Time: 302525000 | SHAKE DIN : 621d3c6e
[DEBUG] Time: 302545000 | SHAKE DIN : fbf5c05e
[DEBUG] Time: 302565000 | SHAKE DIN : d040d8e4
[DEBUG] Time: 302585000 | SHAKE DIN : 32e38e95
[DEBUG] Time: 302605000 | SHAKE DIN : 6a1c6ee8
[DEBUG] Time: 302625000 | SHAKE DIN : a2f109e4
[DEBUG] Time: 302645000 | SHAKE DIN : d41494f2
[DEBUG] Time: 302665000 | SHAKE DIN : d5cb5909
[DEBUG] Time: 302685000 | SHAKE DIN : dc105c2f
[DEBUG] Time: 302705000 | SHAKE DIN : d5ffdef2
[DEBUG] Time: 302725000 | SHAKE DIN : 72cf7734
[DEBUG] Time: 302745000 | SHAKE DIN : 32cbef78
[DEBUG] Time: 302765000 | SHAKE DIN : 9ff3c3ee
[DEBUG] Time: 302785000 | SHAKE DIN : a9bb6194
[DEBUG] Time: 302805000 | SHAKE DIN : e74c923c
[DEBUG] Time: 302825000 | SHAKE DIN : 2e10d3ef
[DEBUG] Time: 302845000 | SHAKE DIN : e7568cbf
[DEBUG] Time: 302865000 | SHAKE DIN : 93cefbc7
[DEBUG] Time: 302885000 | SHAKE DIN : 428d6007
[DEBUG] Time: 302905000 | SHAKE DIN : 195eeb57
[DEBUG] Time: 302925000 | SHAKE DIN : 02de955d
[DEBUG] Time: 302945000 | SHAKE DIN : 862ebbef
[DEBUG] Time: 302965000 | SHAKE DIN : 6d8b498c
[DEBUG] Time: 302985000 | SHAKE DIN : cf38633c
[DEBUG] Time: 303005000 | SHAKE DIN : 8b672117
[DEBUG] Time: 303025000 | SHAKE DIN : fca9e4dd
[DEBUG] Time: 303045000 | SHAKE DIN : 8acf1701
[DEBUG] Time: 303065000 | SHAKE DIN : 00719bdd
[DEBUG] Time: 303085000 | SHAKE DIN : 020058ec
[DEBUG] Time: 303105000 | SHAKE DIN : 9ed9f32c
[DEBUG] Time: 303625000 | SHAKE DIN : 00000440
[DEBUG] Time: 303645000 | SHAKE DIN : 03b40bba
[DEBUG] Time: 303665000 | SHAKE DIN : 5e824ca0
[DEBUG] Time: 303685000 | SHAKE DIN : ccdf535f
[DEBUG] Time: 303705000 | SHAKE DIN : 039db717
[DEBUG] Time: 303725000 | SHAKE DIN : 9adf840f
[DEBUG] Time: 303745000 | SHAKE DIN : b6a9bd7b
[DEBUG] Time: 303765000 | SHAKE DIN : a61aa8c2
[DEBUG] Time: 303785000 | SHAKE DIN : bc13cfff
[DEBUG] Time: 303805000 | SHAKE DIN : cc25536f
[DEBUG] Time: 303825000 | SHAKE DIN : b3effab8
[DEBUG] Time: 303845000 | SHAKE DIN : f55ebc43
[DEBUG] Time: 303865000 | SHAKE DIN : 65a42c95
[DEBUG] Time: 303885000 | SHAKE DIN : 7be6e661
[DEBUG] Time: 303905000 | SHAKE DIN : 48f6bd2a
[DEBUG] Time: 303925000 | SHAKE DIN : 151143ef
[DEBUG] Time: 303945000 | SHAKE DIN : 5d43b192
[DEBUG] Time: 303965000 | SHAKE DIN : c43001f4
[DEBUG] Time: 303985000 | SHAKE DIN : 61aadb48
[DEBUG] Time: 304005000 | SHAKE DIN : e5edf737
[DEBUG] Time: 304025000 | SHAKE DIN : cb1383af
[DEBUG] Time: 304045000 | SHAKE DIN : e405b2d3
[DEBUG] Time: 304065000 | SHAKE DIN : a19e2ad5
[DEBUG] Time: 304085000 | SHAKE DIN : 4a1dbc69
[DEBUG] Time: 304105000 | SHAKE DIN : 42f63a95
[DEBUG] Time: 304125000 | SHAKE DIN : ed0a995b
[DEBUG] Time: 304145000 | SHAKE DIN : e2dfb50e
[DEBUG] Time: 304165000 | SHAKE DIN : cab0971d
[DEBUG] Time: 304185000 | SHAKE DIN : 6d907113
[DEBUG] Time: 304205000 | SHAKE DIN : 9229be1f
[DEBUG] Time: 304225000 | SHAKE DIN : c082da96
[DEBUG] Time: 304245000 | SHAKE DIN : 37bce492
[DEBUG] Time: 304265000 | SHAKE DIN : ed7d0966
[DEBUG] Time: 304285000 | SHAKE DIN : 74ab424c
[DEBUG] Time: 304305000 | SHAKE DIN : bf9b09e4
[DEBUG] Time: 304825000 | SHAKE DIN : 00000440
[DEBUG] Time: 304845000 | SHAKE DIN : aca7e3ad
[DEBUG] Time: 304865000 | SHAKE DIN : 82e6d69c
[DEBUG] Time: 304885000 | SHAKE DIN : d962efff
[DEBUG] Time: 304905000 | SHAKE DIN : 907a4446
[DEBUG] Time: 304925000 | SHAKE DIN : ecea2b30
[DEBUG] Time: 304945000 | SHAKE DIN : 2364ccae
[DEBUG] Time: 304965000 | SHAKE DIN : 23c4707e
[DEBUG] Time: 304985000 | SHAKE DIN : 5c745367
[DEBUG] Time: 305005000 | SHAKE DIN : f9d51f1c
[DEBUG] Time: 305025000 | SHAKE DIN : ae0ee39e
[DEBUG] Time: 305045000 | SHAKE DIN : 4aac6b34
[DEBUG] Time: 305065000 | SHAKE DIN : 5bb524f9
[DEBUG] Time: 305085000 | SHAKE DIN : 97114b95
[DEBUG] Time: 305105000 | SHAKE DIN : 326b6c53
[DEBUG] Time: 305125000 | SHAKE DIN : 3f8ef44f
[DEBUG] Time: 305145000 | SHAKE DIN : 049beddd
[DEBUG] Time: 305165000 | SHAKE DIN : a7b60398
[DEBUG] Time: 305185000 | SHAKE DIN : ad0a49bb
[DEBUG] Time: 305205000 | SHAKE DIN : 2372e755
[DEBUG] Time: 305225000 | SHAKE DIN : d3358605
[DEBUG] Time: 305245000 | SHAKE DIN : 04294d17
[DEBUG] Time: 305265000 | SHAKE DIN : e93ba0d4
[DEBUG] Time: 305285000 | SHAKE DIN : 074bdd88
[DEBUG] Time: 305305000 | SHAKE DIN : 34cc5577
[DEBUG] Time: 305325000 | SHAKE DIN : d138f822
[DEBUG] Time: 305345000 | SHAKE DIN : 5345485a
[DEBUG] Time: 305365000 | SHAKE DIN : 50542688
[DEBUG] Time: 305385000 | SHAKE DIN : 0e72cc39
[DEBUG] Time: 305405000 | SHAKE DIN : 0adb4aff
[DEBUG] Time: 305425000 | SHAKE DIN : 2f8d2ca9
[DEBUG] Time: 305445000 | SHAKE DIN : cf0f7ea9
[DEBUG] Time: 305465000 | SHAKE DIN : b14b494f
[DEBUG] Time: 305485000 | SHAKE DIN : 1719b078
[DEBUG] Time: 305505000 | SHAKE DIN : b7397a9e
[DEBUG] Time: 306025000 | SHAKE DIN : 00000440
[DEBUG] Time: 306045000 | SHAKE DIN : eeaca3bb
[DEBUG] Time: 306065000 | SHAKE DIN : f127a3a0
[DEBUG] Time: 306085000 | SHAKE DIN : 69714177
[DEBUG] Time: 306105000 | SHAKE DIN : 715d8900
[DEBUG] Time: 306125000 | SHAKE DIN : 74ef85f7
[DEBUG] Time: 306145000 | SHAKE DIN : aa04a497
[DEBUG] Time: 306165000 | SHAKE DIN : 50bade56
[DEBUG] Time: 306185000 | SHAKE DIN : efb056e3
[DEBUG] Time: 306205000 | SHAKE DIN : e4ff1c58
[DEBUG] Time: 306225000 | SHAKE DIN : c889dc4d
[DEBUG] Time: 306245000 | SHAKE DIN : 8b7bd137
[DEBUG] Time: 306265000 | SHAKE DIN : 8e0e866f
[DEBUG] Time: 306285000 | SHAKE DIN : 3a5f6cd2
[DEBUG] Time: 306305000 | SHAKE DIN : de775861
[DEBUG] Time: 306325000 | SHAKE DIN : 1db0d082
[DEBUG] Time: 306345000 | SHAKE DIN : be8dd903
[DEBUG] Time: 306365000 | SHAKE DIN : edb24ce3
[DEBUG] Time: 306385000 | SHAKE DIN : 1871f5c0
[DEBUG] Time: 306405000 | SHAKE DIN : 2f2a1763
[DEBUG] Time: 306425000 | SHAKE DIN : 08b7df58
[DEBUG] Time: 306445000 | SHAKE DIN : 1cb7361b
[DEBUG] Time: 306465000 | SHAKE DIN : 2cc0f54f
[DEBUG] Time: 306485000 | SHAKE DIN : 6c41e5cf
[DEBUG] Time: 306505000 | SHAKE DIN : 6a958ab3
[DEBUG] Time: 306525000 | SHAKE DIN : 8ddeaf04
[DEBUG] Time: 306545000 | SHAKE DIN : 55c3ba41
[DEBUG] Time: 306565000 | SHAKE DIN : eb8805c5
[DEBUG] Time: 306585000 | SHAKE DIN : 79ea4f05
[DEBUG] Time: 306605000 | SHAKE DIN : a9071f99
[DEBUG] Time: 306625000 | SHAKE DIN : 57fcd496
[DEBUG] Time: 306645000 | SHAKE DIN : d0703366
[DEBUG] Time: 306665000 | SHAKE DIN : 0aaa31a5
[DEBUG] Time: 306685000 | SHAKE DIN : f9e959cb
[DEBUG] Time: 306705000 | SHAKE DIN : ad07e333
[DEBUG] Time: 307225000 | SHAKE DIN : 80000290
[DEBUG] Time: 307245000 | SHAKE DIN : f1808f3a
[DEBUG] Time: 307265000 | SHAKE DIN : cd42ac28
[DEBUG] Time: 307285000 | SHAKE DIN : 16c27013
[DEBUG] Time: 307305000 | SHAKE DIN : 4060c387
[DEBUG] Time: 307325000 | SHAKE DIN : 047d5c1d
[DEBUG] Time: 307345000 | SHAKE DIN : 7e9abece
[DEBUG] Time: 307365000 | SHAKE DIN : 342be55c
[DEBUG] Time: 307385000 | SHAKE DIN : 33dcd640
[DEBUG] Time: 307405000 | SHAKE DIN : 68291586
[DEBUG] Time: 307425000 | SHAKE DIN : 4323984a
[DEBUG] Time: 307445000 | SHAKE DIN : 89cef5c1
[DEBUG] Time: 307465000 | SHAKE DIN : a9733091
[DEBUG] Time: 307485000 | SHAKE DIN : ddb152d2
[DEBUG] Time: 307505000 | SHAKE DIN : 9d064c65
[DEBUG] Time: 307525000 | SHAKE DIN : fa773de5
[DEBUG] Time: 307545000 | SHAKE DIN : 56cf6895
[DEBUG] Time: 307565000 | SHAKE DIN : 91a8e67a
[DEBUG] Time: 307585000 | SHAKE DIN : 21ec40e7
[DEBUG] Time: 307605000 | SHAKE DIN : 09a946c4
[DEBUG] Time: 307625000 | SHAKE DIN : dd888ce5
[DEBUG] Time: 307645000 | SHAKE DIN : 000005df
[DEBUG] Time: 308285000 | SHAKE DOUT: f50b8c24
[DEBUG] Time: 308295000 | SHAKE DOUT: 48d1db4d
[DEBUG] Time: 308305000 | SHAKE DOUT: 118c6176
[DEBUG] Time: 308315000 | SHAKE DOUT: 39176b39
[DEBUG] Time: 308325000 | SHAKE DOUT: 99f3a045
[DEBUG] Time: 308335000 | SHAKE DOUT: 01d9b8cd
[DEBUG] Time: 308345000 | SHAKE DOUT: 1074d1dc
[DEBUG] Time: 308355000 | SHAKE DOUT: d9329da3
[DEBUG] Time: 308365000 | SHAKE DOUT: 619a14ec
[DEBUG] Time: 308375000 | SHAKE DOUT: 4009bc0a
[DEBUG] Time: 308385000 | SHAKE DOUT: da4071c3
[DEBUG] Time: 308395000 | SHAKE DOUT: d34a6824
[DEBUG] Time: 308405000 | SHAKE DOUT: e0541ff9
[DEBUG] Time: 308415000 | SHAKE DOUT: e25cd9ee
[DEBUG] Time: 308425000 | SHAKE DOUT: 562e9ac1
[DEBUG] Time: 308435000 | SHAKE DOUT: fc812419
Total Clock Cycles:      30828
$finish called at time : 314955 ns : File "C:/Users/THUAN/Downloads/joint/hqc_kem_joint_design_encap_tb.v" Line 321
