#-----------------------------------------------------------
# Vivado v2022.2 (64-bit)
# SW Build 3671981 on Fri Oct 14 05:00:03 MDT 2022
# IP Build 3669848 on Fri Oct 14 08:30:02 MDT 2022
# Start of session at: Tue Jan 20 15:14:49 2026
# Process ID: 17148
# Current directory: D:/University/251/DA/decap
# Command line: vivado.exe -gui_launcher_event rodinguilauncherevent2280 D:\University\251\DA\decap\decap.xpr
# Log file: D:/University/251/DA/decap/vivado.log
# Journal file: D:/University/251/DA/decap\vivado.jou
# Running On: MSI, OS: Windows, CPU Frequency: 2688 MHz, CPU Physical cores: 10, Host memory: 8276 MB
#-----------------------------------------------------------
start_gui
open_project D:/University/251/DA/decap/decap.xpr
WARNING: [Board 49-26] cannot add Board Part xilinx.com:kc705:part0:1.6 available at D:/Apps/Xilinx/Vivado/2022.2/data/xhub/boards/XilinxBoardStore/boards/Xilinx/kc705/1.6/board.xml as part xc7k325tffg900-2 specified in board_part file is either invalid or not available
WARNING: [Board 49-26] cannot add Board Part xilinx.com:kcu105:part0:1.6 available at D:/Apps/Xilinx/Vivado/2022.2/data/xhub/boards/XilinxBoardStore/boards/Xilinx/kcu105/1.6/board.xml as part xcku040-ffva1156-2-e specified in board_part file is either invalid or not available
WARNING: [Board 49-26] cannot add Board Part xilinx.com:kcu105:part0:1.7 available at D:/Apps/Xilinx/Vivado/2022.2/data/xhub/boards/XilinxBoardStore/boards/Xilinx/kcu105/1.7/board.xml as part xcku040-ffva1156-2-e specified in board_part file is either invalid or not available
WARNING: [Board 49-26] cannot add Board Part xilinx.com:kcu1500:part0:1.2 available at D:/Apps/Xilinx/Vivado/2022.2/data/xhub/boards/XilinxBoardStore/boards/Xilinx/kcu1500/1.2/board.xml as part xcku115-flvb2104-2-e specified in board_part file is either invalid or not available
WARNING: [Board 49-26] cannot add Board Part xilinx.com:vc707:part0:1.4 available at D:/Apps/Xilinx/Vivado/2022.2/data/xhub/boards/XilinxBoardStore/boards/Xilinx/vc707/1.4/board.xml as part xc7vx485tffg1761-2 specified in board_part file is either invalid or not available
WARNING: [Board 49-26] cannot add Board Part xilinx.com:vc709:part0:1.8 available at D:/Apps/Xilinx/Vivado/2022.2/data/xhub/boards/XilinxBoardStore/boards/Xilinx/vc709/1.8/board.xml as part xc7vx690tffg1761-2 specified in board_part file is either invalid or not available
WARNING: [Board 49-26] cannot add Board Part xilinx.com:vck190:part0:2.2 available at D:/Apps/Xilinx/Vivado/2022.2/data/xhub/boards/XilinxBoardStore/boards/Xilinx/vck190/production/2.2/board.xml as part xcvc1902-vsva2197-2mp-e-s specified in board_part file is either invalid or not available
WARNING: [Board 49-26] cannot add Board Part xilinx.com:vck190:part0:3.0 available at D:/Apps/Xilinx/Vivado/2022.2/data/xhub/boards/XilinxBoardStore/boards/Xilinx/vck190/production/3.0/board.xml as part xcvc1902-vsva2197-2mp-e-s specified in board_part file is either invalid or not available
WARNING: [Board 49-26] cannot add Board Part xilinx.com:vck190:part0:3.1 available at D:/Apps/Xilinx/Vivado/2022.2/data/xhub/boards/XilinxBoardStore/boards/Xilinx/vck190/production/3.1/board.xml as part xcvc1902-vsva2197-2mp-e-s specified in board_part file is either invalid or not available
WARNING: [Board 49-26] cannot add Board Part xilinx.com:vck190_newl:part0:1.0 available at D:/Apps/Xilinx/Vivado/2022.2/data/xhub/boards/XilinxBoardStore/boards/Xilinx/vck190_newl/production/1.0/board.xml as part xcvc1902-vsva2197-2mp-e-s specified in board_part file is either invalid or not available
WARNING: [Board 49-26] cannot add Board Part xilinx.com:vcu108:part0:1.6 available at D:/Apps/Xilinx/Vivado/2022.2/data/xhub/boards/XilinxBoardStore/boards/Xilinx/vcu108/1.6/board.xml as part xcvu095-ffva2104-2-e specified in board_part file is either invalid or not available
WARNING: [Board 49-26] cannot add Board Part xilinx.com:vcu108:part0:1.7 available at D:/Apps/Xilinx/Vivado/2022.2/data/xhub/boards/XilinxBoardStore/boards/Xilinx/vcu108/1.7/board.xml as part xcvu095-ffva2104-2-e specified in board_part file is either invalid or not available
WARNING: [Board 49-26] cannot add Board Part xilinx.com:vcu110:part0:1.4 available at D:/Apps/Xilinx/Vivado/2022.2/data/xhub/boards/XilinxBoardStore/boards/Xilinx/vcu110/1.4/board.xml as part xcvu190-flgc2104-2-e specified in board_part file is either invalid or not available
WARNING: [Board 49-26] cannot add Board Part xilinx.com:vcu118:part0:2.0 available at D:/Apps/Xilinx/Vivado/2022.2/data/xhub/boards/XilinxBoardStore/boards/Xilinx/vcu118/2.0/board.xml as part xcvu9p-flga2104-2l-e specified in board_part file is either invalid or not available
WARNING: [Board 49-26] cannot add Board Part xilinx.com:vcu118:part0:2.3 available at D:/Apps/Xilinx/Vivado/2022.2/data/xhub/boards/XilinxBoardStore/boards/Xilinx/vcu118/2.3/board.xml as part xcvu9p-flga2104-2l-e specified in board_part file is either invalid or not available
WARNING: [Board 49-26] cannot add Board Part xilinx.com:vcu118:part0:2.4 available at D:/Apps/Xilinx/Vivado/2022.2/data/xhub/boards/XilinxBoardStore/boards/Xilinx/vcu118/2.4/board.xml as part xcvu9p-flga2104-2l-e specified in board_part file is either invalid or not available
WARNING: [Board 49-26] cannot add Board Part xilinx.com:vcu128:part0:1.0 available at D:/Apps/Xilinx/Vivado/2022.2/data/xhub/boards/XilinxBoardStore/boards/Xilinx/vcu128/production/1.0/board.xml as part xcvu37p-fsvh2892-2l-e specified in board_part file is either invalid or not available
WARNING: [Board 49-26] cannot add Board Part xilinx.com:vcu129:part0:1.0 available at D:/Apps/Xilinx/Vivado/2022.2/data/xhub/boards/XilinxBoardStore/boards/Xilinx/vcu129/production/1.0/board.xml as part xcvu29p-fsga2577-2l-e specified in board_part file is either invalid or not available
WARNING: [Board 49-26] cannot add Board Part xilinx.com:vcu1525:part0:1.3 available at D:/Apps/Xilinx/Vivado/2022.2/data/xhub/boards/XilinxBoardStore/boards/Xilinx/vcu1525/1.3/board.xml as part xcvu9p-fsgd2104-2l-e specified in board_part file is either invalid or not available
WARNING: [Board 49-26] cannot add Board Part xilinx.com:vek280_es:part0:1.0 available at D:/Apps/Xilinx/Vivado/2022.2/data/xhub/boards/XilinxBoardStore/boards/Xilinx/vek280/es/1.0/board.xml as part xcve2802-vsvh1760-2lp-e-s-es1 specified in board_part file is either invalid or not available
WARNING: [Board 49-26] cannot add Board Part xilinx.com:vermeo_t1_mpsoc:part0:1.0 available at D:/Apps/Xilinx/Vivado/2022.2/data/xhub/boards/XilinxBoardStore/boards/Xilinx/vermeo_t1_mpsoc/1.0/board.xml as part xczu19eg-ffvd1760-2l-e specified in board_part file is either invalid or not available
WARNING: [Board 49-26] cannot add Board Part xilinx.com:vermeo_t1_rfsoc:part0:1.0 available at D:/Apps/Xilinx/Vivado/2022.2/data/xhub/boards/XilinxBoardStore/boards/Xilinx/vermeo_t1_rfsoc/1.0/board.xml as part xczu21dr-ffvd1156-2l-e specified in board_part file is either invalid or not available
WARNING: [Board 49-26] cannot add Board Part xilinx.com:vhk158_es:part0:1.0 available at D:/Apps/Xilinx/Vivado/2022.2/data/xhub/boards/XilinxBoardStore/boards/Xilinx/vhk158/es/1.0/board.xml as part xcvh1582-vsva3697-2mp-e-s-es1 specified in board_part file is either invalid or not available
WARNING: [Board 49-26] cannot add Board Part xilinx.com:vmk180:part0:2.2 available at D:/Apps/Xilinx/Vivado/2022.2/data/xhub/boards/XilinxBoardStore/boards/Xilinx/vmk180/production/2.2/board.xml as part xcvm1802-vsva2197-2mp-e-s specified in board_part file is either invalid or not available
WARNING: [Board 49-26] cannot add Board Part xilinx.com:vmk180:part0:3.0 available at D:/Apps/Xilinx/Vivado/2022.2/data/xhub/boards/XilinxBoardStore/boards/Xilinx/vmk180/production/3.0/board.xml as part xcvm1802-vsva2197-2mp-e-s specified in board_part file is either invalid or not available
WARNING: [Board 49-26] cannot add Board Part xilinx.com:vmk180:part0:3.1 available at D:/Apps/Xilinx/Vivado/2022.2/data/xhub/boards/XilinxBoardStore/boards/Xilinx/vmk180/production/3.1/board.xml as part xcvm1802-vsva2197-2mp-e-s specified in board_part file is either invalid or not available
WARNING: [Board 49-26] cannot add Board Part xilinx.com:vmk180_newl:part0:1.0 available at D:/Apps/Xilinx/Vivado/2022.2/data/xhub/boards/XilinxBoardStore/boards/Xilinx/vmk180_newl/production/1.0/board.xml as part xcvm1802-vsva2197-2mp-e-s specified in board_part file is either invalid or not available
WARNING: [Board 49-26] cannot add Board Part xilinx.com:vpk120:part0:1.0 available at D:/Apps/Xilinx/Vivado/2022.2/data/xhub/boards/XilinxBoardStore/boards/Xilinx/vpk120/production/1.0/board.xml as part xcvp1202-vsva2785-2mp-e-s specified in board_part file is either invalid or not available
WARNING: [Board 49-26] cannot add Board Part xilinx.com:vpk120_es:part0:1.2 available at D:/Apps/Xilinx/Vivado/2022.2/data/xhub/boards/XilinxBoardStore/boards/Xilinx/vpk120/es/1.2/board.xml as part xcvp1202-vsva2785-2mp-e-s-es1 specified in board_part file is either invalid or not available
WARNING: [Board 49-26] cannot add Board Part xilinx.com:vpk120_es_revb:part0:1.0 available at D:/Apps/Xilinx/Vivado/2022.2/data/xhub/boards/XilinxBoardStore/boards/Xilinx/vpk120_revb/es/1.0/board.xml as part xcvp1202-vsva2785-2mp-e-s-es1 specified in board_part file is either invalid or not available
WARNING: [Board 49-26] cannot add Board Part xilinx.com:vpk180_es:part0:1.0 available at D:/Apps/Xilinx/Vivado/2022.2/data/xhub/boards/XilinxBoardStore/boards/Xilinx/vpk180/es/1.0/board.xml as part xcvp1802-lsvc4072-2mp-e-s-es1 specified in board_part file is either invalid or not available
WARNING: [Board 49-26] cannot add Board Part xilinx.com:zc706:part0:1.4 available at D:/Apps/Xilinx/Vivado/2022.2/data/xhub/boards/XilinxBoardStore/boards/Xilinx/zc706/1.4/board.xml as part xc7z045ffg900-2 specified in board_part file is either invalid or not available
WARNING: [Board 49-26] cannot add Board Part xilinx.com:zcu102:part0:3.3 available at D:/Apps/Xilinx/Vivado/2022.2/data/xhub/boards/XilinxBoardStore/boards/Xilinx/zcu102/3.3/board.xml as part xczu9eg-ffvb1156-2-e specified in board_part file is either invalid or not available
WARNING: [Board 49-26] cannot add Board Part xilinx.com:zcu102:part0:3.4 available at D:/Apps/Xilinx/Vivado/2022.2/data/xhub/boards/XilinxBoardStore/boards/Xilinx/zcu102/3.4/board.xml as part xczu9eg-ffvb1156-2-e specified in board_part file is either invalid or not available
WARNING: [Board 49-26] cannot add Board Part xilinx.com:zcu111:part0:1.2 available at D:/Apps/Xilinx/Vivado/2022.2/data/xhub/boards/XilinxBoardStore/boards/Xilinx/zcu111/1.2/board.xml as part xczu28dr-ffvg1517-2-e specified in board_part file is either invalid or not available
WARNING: [Board 49-26] cannot add Board Part xilinx.com:zcu111:part0:1.3 available at D:/Apps/Xilinx/Vivado/2022.2/data/xhub/boards/XilinxBoardStore/boards/Xilinx/zcu111/1.3/board.xml as part xczu28dr-ffvg1517-2-e specified in board_part file is either invalid or not available
WARNING: [Board 49-26] cannot add Board Part xilinx.com:zcu111:part0:1.4 available at D:/Apps/Xilinx/Vivado/2022.2/data/xhub/boards/XilinxBoardStore/boards/Xilinx/zcu111/1.4/board.xml as part xczu28dr-ffvg1517-2-e specified in board_part file is either invalid or not available
WARNING: [Board 49-26] cannot add Board Part xilinx.com:zcu1275:part0:1.0 available at D:/Apps/Xilinx/Vivado/2022.2/data/xhub/boards/XilinxBoardStore/boards/Xilinx/zcu1275/1.0/board.xml as part xczu29dr-ffvf1760-2-e specified in board_part file is either invalid or not available
WARNING: [Board 49-26] cannot add Board Part xilinx.com:zcu1285:part0:1.0 available at D:/Apps/Xilinx/Vivado/2022.2/data/xhub/boards/XilinxBoardStore/boards/Xilinx/zcu1285/1.0/board.xml as part xczu39dr-ffvf1760-2-i specified in board_part file is either invalid or not available
WARNING: [Board 49-26] cannot add Board Part xilinx.com:zcu208:part0:2.0 available at D:/Apps/Xilinx/Vivado/2022.2/data/xhub/boards/XilinxBoardStore/boards/Xilinx/zcu208/production/2.0/board.xml as part xczu48dr-fsvg1517-2-e specified in board_part file is either invalid or not available
WARNING: [Board 49-26] cannot add Board Part xilinx.com:zcu208ld:part0:2.0 available at D:/Apps/Xilinx/Vivado/2022.2/data/xhub/boards/XilinxBoardStore/boards/Xilinx/zcu208ld/production/2.0/board.xml as part xczu58dr-fsvg1517-2-i specified in board_part file is either invalid or not available
WARNING: [Board 49-26] cannot add Board Part xilinx.com:zcu216:part0:2.0 available at D:/Apps/Xilinx/Vivado/2022.2/data/xhub/boards/XilinxBoardStore/boards/Xilinx/zcu216/production/2.0/board.xml as part xczu49dr-ffvf1760-2-e specified in board_part file is either invalid or not available
WARNING: [Board 49-26] cannot add Board Part xilinx.com:zcu216ld:part0:2.0 available at D:/Apps/Xilinx/Vivado/2022.2/data/xhub/boards/XilinxBoardStore/boards/Xilinx/zcu216ld/production/2.0/board.xml as part xczu59dr-ffvf1760-2-i specified in board_part file is either invalid or not available
WARNING: [Board 49-26] cannot add Board Part xilinx.com:zcu670:part0:2.0 available at D:/Apps/Xilinx/Vivado/2022.2/data/xhub/boards/XilinxBoardStore/boards/Xilinx/zcu670/2.0/board.xml as part xczu67dr-fsve1156-2-i specified in board_part file is either invalid or not available
WARNING: [Board 49-26] cannot add Board Part xilinx.com:zcu670ld:part0:1.0 available at D:/Apps/Xilinx/Vivado/2022.2/data/xhub/boards/XilinxBoardStore/boards/Xilinx/zcu670ld/1.0/board.xml as part xczu57dr-fsve1156-2-i specified in board_part file is either invalid or not available
INFO: [filemgmt 56-3] Default IP Output Path : Could not find the directory 'D:/University/251/DA/decap/decap.gen/sources_1'.
Scanning sources...
Finished scanning sources
INFO: [IP_Flow 19-234] Refreshing IP repositories
INFO: [IP_Flow 19-1704] No user IP repositories specified
INFO: [IP_Flow 19-2313] Loaded Vivado IP repository 'D:/Apps/Xilinx/Vivado/2022.2/data/ip'.
open_project: Time (s): cpu = 00:00:24 ; elapsed = 00:00:13 . Memory (MB): peak = 1116.332 ; gain = 179.195
update_compile_order -fileset sources_1
launch_simulation
Command: launch_simulation 
INFO: [Vivado 12-12493] Simulation top is 'decap_tb'
WARNING: [Vivado 12-13340] Unable to auto find GCC executables from simulator install path! (path not set)
WARNING: [Vivado 12-13277] Compiled library path does not exist: ''
INFO: [Vivado 12-5682] Launching behavioral simulation in 'D:/University/251/DA/decap/decap.sim/sim_1/behav/xsim'
INFO: [SIM-utils-51] Simulation object is 'sim_1'
INFO: [SIM-utils-72] Using boost library from 'D:/Apps/Xilinx/Vivado/2022.2/tps/boost_1_72_0'
INFO: [SIM-utils-54] Inspecting design source files for 'decap_tb' in fileset 'sim_1'...
INFO: [SIM-utils-43] Exported 'D:/University/251/DA/decap/decap.sim/sim_1/behav/xsim/barrett_hqc_256.mem'
INFO: [SIM-utils-43] Exported 'D:/University/251/DA/decap/decap.sim/sim_1/behav/xsim/barrett_hqc_128.mem'
INFO: [SIM-utils-43] Exported 'D:/University/251/DA/decap/decap.sim/sim_1/behav/xsim/barrett_hqc_192.mem'
INFO: [USF-XSim-97] Finding global include files...
INFO: [USF-XSim-98] Fetching design files from 'sim_1'...
INFO: [USF-XSim-2] XSim::Compile design
INFO: [USF-XSim-61] Executing 'COMPILE and ANALYZE' step in 'D:/University/251/DA/decap/decap.sim/sim_1/behav/xsim'
"xvlog --incr --relax -prj decap_tb_vlog.prj"
INFO: [USF-XSim-69] 'compile' step finished in '2' seconds
INFO: [USF-XSim-3] XSim::Elaborate design
INFO: [USF-XSim-61] Executing 'ELABORATE' step in 'D:/University/251/DA/decap/decap.sim/sim_1/behav/xsim'
"xelab --incr --debug typical --relax --mt 2 -L xil_defaultlib -L unisims_ver -L unimacro_ver -L secureip --snapshot decap_tb_behav xil_defaultlib.decap_tb xil_defaultlib.glbl -log elaborate.log"
Vivado Simulator v2022.2
Copyright 1986-1999, 2001-2022 Xilinx, Inc. All Rights Reserved.
Running: D:/Apps/Xilinx/Vivado/2022.2/bin/unwrapped/win64.o/xelab.exe --incr --debug typical --relax --mt 2 -L xil_defaultlib -L unisims_ver -L unimacro_ver -L secureip --snapshot decap_tb_behav xil_defaultlib.decap_tb xil_defaultlib.glbl -log elaborate.log 
Using 2 slave threads.
Starting static elaboration
Pass Through NonSizing Optimizer
WARNING: [VRFC 10-3091] actual bit length 8 differs from formal bit length 9 for port 'u_addr_0' [C:/Users/THUAN/Downloads/decap/decap_tb.v:215]
WARNING: [VRFC 10-3091] actual bit length 8 differs from formal bit length 9 for port 'u_addr_1' [C:/Users/THUAN/Downloads/decap/decap_tb.v:216]
WARNING: [VRFC 10-3091] actual bit length 8 differs from formal bit length 9 for port 'v_addr_0' [C:/Users/THUAN/Downloads/decap/decap_tb.v:220]
WARNING: [VRFC 10-3091] actual bit length 8 differs from formal bit length 9 for port 'v_addr_1' [C:/Users/THUAN/Downloads/decap/decap_tb.v:221]
WARNING: [VRFC 10-3091] actual bit length 32 differs from formal bit length 128 for port 'decap_out' [C:/Users/THUAN/Downloads/decap/decap_tb.v:226]
WARNING: [VRFC 10-3091] actual bit length 32 differs from formal bit length 1 for port 'dout_ready_i' [C:/Users/THUAN/Downloads/decap/hqc_rmdecod_top.v:81]
WARNING: [VRFC 10-3091] actual bit length 32 differs from formal bit length 1 for port 'start' [C:/Users/THUAN/Downloads/decap/hqc_rsdecod_elp.v:92]
WARNING: [VRFC 10-3091] actual bit length 32 differs from formal bit length 1 for port 'start' [C:/Users/THUAN/Downloads/decap/hqc_rsdecod_elp.v:156]
WARNING: [VRFC 10-3091] actual bit length 32 differs from formal bit length 1 for port 'start' [C:/Users/THUAN/Downloads/decap/hqc_rsdecod_zpoly.v:101]
WARNING: [VRFC 10-3091] actual bit length 8 differs from formal bit length 32 for port 'dout_o' [C:/Users/THUAN/Downloads/decap/add_fft.v:81]
WARNING: [VRFC 10-3091] actual bit length 32 differs from formal bit length 1 for port 'start' [C:/Users/THUAN/Downloads/decap/fft_part1.v:143]
WARNING: [VRFC 10-3091] actual bit length 32 differs from formal bit length 1 for port 'start' [C:/Users/THUAN/Downloads/decap/fft_leaves_butterfly.v:70]
WARNING: [VRFC 10-3091] actual bit length 32 differs from formal bit length 1 for port 'start' [C:/Users/THUAN/Downloads/decap/fft_part2.v:147]
WARNING: [VRFC 10-3091] actual bit length 32 differs from formal bit length 1 for port 'start' [C:/Users/THUAN/Downloads/decap/hqc_rsdecod_err_val.v:176]
WARNING: [VRFC 10-3091] actual bit length 32 differs from formal bit length 1 for port 'start' [C:/Users/THUAN/Downloads/decap/hqc_rsdecod_err_val.v:187]
WARNING: [VRFC 10-3091] actual bit length 32 differs from formal bit length 2 for port 'encap_out_type' [C:/Users/THUAN/Downloads/decap/decap.v:526]
WARNING: [VRFC 10-3091] actual bit length 32 differs from formal bit length 1 for port 'encap_out_en' [C:/Users/THUAN/Downloads/decap/decap.v:528]
WARNING: [VRFC 10-3091] actual bit length 40 differs from formal bit length 8 for port 'encap_out_addr' [C:/Users/THUAN/Downloads/decap/decap.v:529]
WARNING: [VRFC 10-3091] actual bit length 368 differs from formal bit length 240 for port 'cdw_in' [C:/Users/THUAN/Downloads/decap/reed_solomon_encode.v:121]
WARNING: [VRFC 10-3091] actual bit length 32 differs from formal bit length 1 for port 'start' [C:/Users/THUAN/Downloads/decap/reed_solomon_encode.v:108]
WARNING: [VRFC 10-3091] actual bit length 32 differs from formal bit length 1 for port 'start' [C:/Users/THUAN/Downloads/decap/reed_muller_encode.v:80]
WARNING: [VRFC 10-3091] actual bit length 32 differs from formal bit length 1 for port 'wr_en' [C:/Users/THUAN/Downloads/decap/encrypt.v:383]
WARNING: [VRFC 10-3091] actual bit length 7 differs from formal bit length 16 for port 'loc_addr' [C:/Users/THUAN/Downloads/decap/encrypt.v:466]
WARNING: [VRFC 10-3091] actual bit length 32 differs from formal bit length 8 for port 'weight' [C:/Users/THUAN/Downloads/decap/encrypt.v:468]
WARNING: [VRFC 10-3091] actual bit length 32 differs from formal bit length 1 for port 'add_wr_en' [C:/Users/THUAN/Downloads/decap/encrypt.v:483]
WARNING: [VRFC 10-3091] actual bit length 9 differs from formal bit length 8 for port 'address_0' [C:/Users/THUAN/Downloads/decap/poly_mult.v:230]
WARNING: [VRFC 10-3091] actual bit length 9 differs from formal bit length 8 for port 'address_1' [C:/Users/THUAN/Downloads/decap/poly_mult.v:231]
WARNING: [VRFC 10-3091] actual bit length 32 differs from formal bit length 24 for port 'data_1' [C:/Users/THUAN/Downloads/decap/fixed_weight_ct.v:242]
WARNING: [VRFC 10-3091] actual bit length 32 differs from formal bit length 1 for port 'wren_1' [C:/Users/THUAN/Downloads/decap/fixed_weight_ct.v:246]
WARNING: [VRFC 10-3091] actual bit length 32 differs from formal bit length 128 for port 'data_0' [C:/Users/THUAN/Downloads/decap/decap_tb.v:361]
WARNING: [VRFC 10-3091] actual bit length 32 differs from formal bit length 128 for port 'data_1' [C:/Users/THUAN/Downloads/decap/decap_tb.v:362]
WARNING: [VRFC 10-3091] actual bit length 9 differs from formal bit length 8 for port 'address_0' [C:/Users/THUAN/Downloads/decap/decap_tb.v:363]
WARNING: [VRFC 10-3091] actual bit length 9 differs from formal bit length 8 for port 'address_1' [C:/Users/THUAN/Downloads/decap/decap_tb.v:364]
WARNING: [VRFC 10-3091] actual bit length 32 differs from formal bit length 1 for port 'wren_0' [C:/Users/THUAN/Downloads/decap/decap_tb.v:365]
WARNING: [VRFC 10-3091] actual bit length 32 differs from formal bit length 1 for port 'wren_1' [C:/Users/THUAN/Downloads/decap/decap_tb.v:366]
WARNING: [VRFC 10-3091] actual bit length 32 differs from formal bit length 128 for port 'data_0' [C:/Users/THUAN/Downloads/decap/decap_tb.v:375]
WARNING: [VRFC 10-3091] actual bit length 32 differs from formal bit length 128 for port 'data_1' [C:/Users/THUAN/Downloads/decap/decap_tb.v:376]
WARNING: [VRFC 10-3091] actual bit length 9 differs from formal bit length 8 for port 'address_0' [C:/Users/THUAN/Downloads/decap/decap_tb.v:377]
WARNING: [VRFC 10-3091] actual bit length 9 differs from formal bit length 8 for port 'address_1' [C:/Users/THUAN/Downloads/decap/decap_tb.v:378]
WARNING: [VRFC 10-3091] actual bit length 32 differs from formal bit length 1 for port 'wren_0' [C:/Users/THUAN/Downloads/decap/decap_tb.v:379]
WARNING: [VRFC 10-3091] actual bit length 32 differs from formal bit length 1 for port 'wren_1' [C:/Users/THUAN/Downloads/decap/decap_tb.v:380]
WARNING: [VRFC 10-3091] actual bit length 32 differs from formal bit length 128 for port 'data_0' [C:/Users/THUAN/Downloads/decap/decap_tb.v:409]
WARNING: [VRFC 10-3091] actual bit length 32 differs from formal bit length 128 for port 'data_1' [C:/Users/THUAN/Downloads/decap/decap_tb.v:410]
WARNING: [VRFC 10-3091] actual bit length 32 differs from formal bit length 1 for port 'wren_0' [C:/Users/THUAN/Downloads/decap/decap_tb.v:413]
WARNING: [VRFC 10-3091] actual bit length 32 differs from formal bit length 1 for port 'wren_1' [C:/Users/THUAN/Downloads/decap/decap_tb.v:414]
WARNING: [VRFC 10-3091] actual bit length 32 differs from formal bit length 128 for port 'data_0' [C:/Users/THUAN/Downloads/decap/decap_tb.v:421]
WARNING: [VRFC 10-3091] actual bit length 32 differs from formal bit length 128 for port 'data_1' [C:/Users/THUAN/Downloads/decap/decap_tb.v:422]
WARNING: [VRFC 10-3091] actual bit length 32 differs from formal bit length 1 for port 'wren_0' [C:/Users/THUAN/Downloads/decap/decap_tb.v:425]
WARNING: [VRFC 10-3091] actual bit length 32 differs from formal bit length 1 for port 'wren_1' [C:/Users/THUAN/Downloads/decap/decap_tb.v:426]
WARNING: [VRFC 10-3091] actual bit length 32 differs from formal bit length 1 for port 'wr_en' [C:/Users/THUAN/Downloads/decap/decap_tb.v:440]
WARNING: [VRFC 10-3091] actual bit length 32 differs from formal bit length 15 for port 'data' [C:/Users/THUAN/Downloads/decap/decap_tb.v:452]
WARNING: [VRFC 10-3091] actual bit length 32 differs from formal bit length 1 for port 'wr_en' [C:/Users/THUAN/Downloads/decap/decap_tb.v:454]
WARNING: [VRFC 10-8864] concatenation with an unsized literal will be treated as 32 bits [C:/Users/THUAN/Downloads/decap/decap.v:529]
WARNING: [VRFC 10-5021] port 'shake_force_done_ack' is not connected on this instance [C:/Users/THUAN/Downloads/decap/decap.v:500]
WARNING: [VRFC 10-8864] concatenation with an unsized literal will be treated as 32 bits [C:/Users/THUAN/Downloads/decap/encap.v:246]
WARNING: [VRFC 10-8864] concatenation with an unsized literal will be treated as 32 bits [C:/Users/THUAN/Downloads/decap/encap.v:247]
WARNING: [VRFC 10-8864] concatenation with an unsized literal will be treated as 32 bits [C:/Users/THUAN/Downloads/decap/encap.v:544]
WARNING: [VRFC 10-5021] port 'rst' is not connected on this instance [C:/Users/THUAN/Downloads/decap/reed_muller_encode.v:77]
Completed static elaboration
INFO: [XSIM 43-4323] No Change in HDL. Linking previously generated obj files to create kernel
run_program: Time (s): cpu = 00:00:03 ; elapsed = 00:00:08 . Memory (MB): peak = 1141.664 ; gain = 0.000
INFO: [USF-XSim-69] 'elaborate' step finished in '8' seconds
INFO: [USF-XSim-4] XSim::Simulate design
INFO: [USF-XSim-61] Executing 'SIMULATE' step in 'D:/University/251/DA/decap/decap.sim/sim_1/behav/xsim'
INFO: [USF-XSim-98] *** Running xsim
   with args "decap_tb_behav -key {Behavioral:sim_1:Functional:decap_tb} -tclbatch {decap_tb.tcl} -log {simulate.log}"
INFO: [USF-XSim-8] Loading simulator feature
Time resolution is 1 ps
source decap_tb.tcl
# set curr_wave [current_wave_config]
# if { [string length $curr_wave] == 0 } {
#   if { [llength [get_objects]] > 0} {
#     add_wave /
#     set_property needs_save false [current_wave_config]
#   } else {
#      send_msg_id Add_Wave-1 WARNING "No top level signals found. Simulator will start without a wave window. If you want to open a wave window go to 'File->New Waveform Configuration' or type 'create_wave_config' in the TCL console."
#   }
# }
# run 1000ns
WARNING: Data truncated while reading Datafile: y_128.in, while loading at index: 3
WARNING: Data truncated while reading Datafile: y_128.in, while loading at index: 4
WARNING: Data truncated while reading Datafile: y_128.in, while loading at index: 5
WARNING: Data truncated while reading Datafile: y_128.in, while loading at index: 9
WARNING: Data truncated while reading Datafile: y_128.in, while loading at index: 11
WARNING: Data truncated while reading Datafile: y_128.in, while loading at index: 12
WARNING: Data truncated while reading Datafile: y_128.in, while loading at index: 17
WARNING: Data truncated while reading Datafile: y_128.in, while loading at index: 18
WARNING: Data truncated while reading Datafile: y_128.in, while loading at index: 20
WARNING: Data truncated while reading Datafile: y_128.in, while loading at index: 26
WARNING: Data truncated while reading Datafile: y_128.in, while loading at index: 27
WARNING: Data truncated while reading Datafile: y_128.in, while loading at index: 37
WARNING: Data truncated while reading Datafile: y_128.in, while loading at index: 40
WARNING: Data truncated while reading Datafile: y_128.in, while loading at index: 44
WARNING: Data truncated while reading Datafile: y_128.in, while loading at index: 46
WARNING: Data truncated while reading Datafile: y_128.in, while loading at index: 47
WARNING: Data truncated while reading Datafile: y_128.in, while loading at index: 53
WARNING: Data truncated while reading Datafile: y_128.in, while loading at index: 54
WARNING: Data truncated while reading Datafile: y_128.in, while loading at index: 56
WARNING: Data truncated while reading Datafile: y_128.in, while loading at index: 59
WARNING: Too many words specified in data file y_128.in

================ [DEBUG PHASE 3: DEEP DIVE] ================
>>> CHECK INTERNAL DECRYPT SIGNALS
    DECAP.uv_addr_0_dec: 000000000
>>> CHECK RESET & CLOCK
    DECAP.rst: 0
>>> CHECK MUX INPUTS
    DECAP.u_v_in_addr: 00000000
    DECAP.encap_out_addr: 00000000
    DECAP.encap_out_en: 0
>>> CHECK ENCAP INTERNAL
    ENCAP.h_addr_0: 000000000
================ [END REPORT] ================

INFO: [USF-XSim-96] XSim completed. Design snapshot 'decap_tb_behav' loaded.
INFO: [USF-XSim-97] XSim simulation ran for 1000ns
launch_simulation: Time (s): cpu = 00:00:11 ; elapsed = 00:00:15 . Memory (MB): peak = 1177.203 ; gain = 35.539
run all
Decode Clock Cycles:       4611
Total Clock Cycles:      45599
$finish called at time : 459675 ns : File "C:/Users/THUAN/Downloads/decap/decap_tb.v" Line 332
run: Time (s): cpu = 00:00:03 ; elapsed = 00:00:05 . Memory (MB): peak = 1267.941 ; gain = 90.738
close_sim
INFO: [Simtcl 6-16] Simulation closed
launch_simulation
Command: launch_simulation 
INFO: [Vivado 12-12493] Simulation top is 'decap_tb'
WARNING: [Vivado 12-13340] Unable to auto find GCC executables from simulator install path! (path not set)
WARNING: [Vivado 12-13277] Compiled library path does not exist: ''
INFO: [Vivado 12-5682] Launching behavioral simulation in 'D:/University/251/DA/decap/decap.sim/sim_1/behav/xsim'
INFO: [SIM-utils-51] Simulation object is 'sim_1'
INFO: [SIM-utils-72] Using boost library from 'D:/Apps/Xilinx/Vivado/2022.2/tps/boost_1_72_0'
INFO: [SIM-utils-54] Inspecting design source files for 'decap_tb' in fileset 'sim_1'...
INFO: [SIM-utils-43] Exported 'D:/University/251/DA/decap/decap.sim/sim_1/behav/xsim/barrett_hqc_256.mem'
INFO: [SIM-utils-43] Exported 'D:/University/251/DA/decap/decap.sim/sim_1/behav/xsim/barrett_hqc_128.mem'
INFO: [SIM-utils-43] Exported 'D:/University/251/DA/decap/decap.sim/sim_1/behav/xsim/barrett_hqc_192.mem'
INFO: [USF-XSim-97] Finding global include files...
INFO: [USF-XSim-98] Fetching design files from 'sim_1'...
INFO: [USF-XSim-2] XSim::Compile design
INFO: [USF-XSim-61] Executing 'COMPILE and ANALYZE' step in 'D:/University/251/DA/decap/decap.sim/sim_1/behav/xsim'
"xvlog --incr --relax -prj decap_tb_vlog.prj"
INFO: [USF-XSim-69] 'compile' step finished in '1' seconds
INFO: [USF-XSim-3] XSim::Elaborate design
INFO: [USF-XSim-61] Executing 'ELABORATE' step in 'D:/University/251/DA/decap/decap.sim/sim_1/behav/xsim'
"xelab --incr --debug typical --relax --mt 2 -L xil_defaultlib -L unisims_ver -L unimacro_ver -L secureip --snapshot decap_tb_behav xil_defaultlib.decap_tb xil_defaultlib.glbl -log elaborate.log"
Vivado Simulator v2022.2
Copyright 1986-1999, 2001-2022 Xilinx, Inc. All Rights Reserved.
Running: D:/Apps/Xilinx/Vivado/2022.2/bin/unwrapped/win64.o/xelab.exe --incr --debug typical --relax --mt 2 -L xil_defaultlib -L unisims_ver -L unimacro_ver -L secureip --snapshot decap_tb_behav xil_defaultlib.decap_tb xil_defaultlib.glbl -log elaborate.log 
Using 2 slave threads.
Starting static elaboration
Pass Through NonSizing Optimizer
WARNING: [VRFC 10-3091] actual bit length 8 differs from formal bit length 9 for port 'u_addr_0' [C:/Users/THUAN/Downloads/decap/decap_tb.v:215]
WARNING: [VRFC 10-3091] actual bit length 8 differs from formal bit length 9 for port 'u_addr_1' [C:/Users/THUAN/Downloads/decap/decap_tb.v:216]
WARNING: [VRFC 10-3091] actual bit length 8 differs from formal bit length 9 for port 'v_addr_0' [C:/Users/THUAN/Downloads/decap/decap_tb.v:220]
WARNING: [VRFC 10-3091] actual bit length 8 differs from formal bit length 9 for port 'v_addr_1' [C:/Users/THUAN/Downloads/decap/decap_tb.v:221]
WARNING: [VRFC 10-3091] actual bit length 32 differs from formal bit length 128 for port 'decap_out' [C:/Users/THUAN/Downloads/decap/decap_tb.v:226]
WARNING: [VRFC 10-3091] actual bit length 32 differs from formal bit length 1 for port 'dout_ready_i' [C:/Users/THUAN/Downloads/decap/hqc_rmdecod_top.v:81]
WARNING: [VRFC 10-3091] actual bit length 32 differs from formal bit length 1 for port 'start' [C:/Users/THUAN/Downloads/decap/hqc_rsdecod_elp.v:92]
WARNING: [VRFC 10-3091] actual bit length 32 differs from formal bit length 1 for port 'start' [C:/Users/THUAN/Downloads/decap/hqc_rsdecod_elp.v:156]
WARNING: [VRFC 10-3091] actual bit length 32 differs from formal bit length 1 for port 'start' [C:/Users/THUAN/Downloads/decap/hqc_rsdecod_zpoly.v:101]
WARNING: [VRFC 10-3091] actual bit length 8 differs from formal bit length 32 for port 'dout_o' [C:/Users/THUAN/Downloads/decap/add_fft.v:81]
WARNING: [VRFC 10-3091] actual bit length 32 differs from formal bit length 1 for port 'start' [C:/Users/THUAN/Downloads/decap/fft_part1.v:143]
WARNING: [VRFC 10-3091] actual bit length 32 differs from formal bit length 1 for port 'start' [C:/Users/THUAN/Downloads/decap/fft_leaves_butterfly.v:70]
WARNING: [VRFC 10-3091] actual bit length 32 differs from formal bit length 1 for port 'start' [C:/Users/THUAN/Downloads/decap/fft_part2.v:147]
WARNING: [VRFC 10-3091] actual bit length 32 differs from formal bit length 1 for port 'start' [C:/Users/THUAN/Downloads/decap/hqc_rsdecod_err_val.v:176]
WARNING: [VRFC 10-3091] actual bit length 32 differs from formal bit length 1 for port 'start' [C:/Users/THUAN/Downloads/decap/hqc_rsdecod_err_val.v:187]
WARNING: [VRFC 10-3091] actual bit length 32 differs from formal bit length 2 for port 'encap_out_type' [C:/Users/THUAN/Downloads/decap/decap.v:526]
WARNING: [VRFC 10-3091] actual bit length 32 differs from formal bit length 1 for port 'encap_out_en' [C:/Users/THUAN/Downloads/decap/decap.v:528]
WARNING: [VRFC 10-3091] actual bit length 40 differs from formal bit length 8 for port 'encap_out_addr' [C:/Users/THUAN/Downloads/decap/decap.v:529]
WARNING: [VRFC 10-3091] actual bit length 368 differs from formal bit length 240 for port 'cdw_in' [C:/Users/THUAN/Downloads/decap/reed_solomon_encode.v:121]
WARNING: [VRFC 10-3091] actual bit length 32 differs from formal bit length 1 for port 'start' [C:/Users/THUAN/Downloads/decap/reed_solomon_encode.v:108]
WARNING: [VRFC 10-3091] actual bit length 32 differs from formal bit length 1 for port 'start' [C:/Users/THUAN/Downloads/decap/reed_muller_encode.v:80]
WARNING: [VRFC 10-3091] actual bit length 32 differs from formal bit length 1 for port 'wr_en' [C:/Users/THUAN/Downloads/decap/encrypt.v:383]
WARNING: [VRFC 10-3091] actual bit length 7 differs from formal bit length 16 for port 'loc_addr' [C:/Users/THUAN/Downloads/decap/encrypt.v:466]
WARNING: [VRFC 10-3091] actual bit length 32 differs from formal bit length 8 for port 'weight' [C:/Users/THUAN/Downloads/decap/encrypt.v:468]
WARNING: [VRFC 10-3091] actual bit length 32 differs from formal bit length 1 for port 'add_wr_en' [C:/Users/THUAN/Downloads/decap/encrypt.v:483]
WARNING: [VRFC 10-3091] actual bit length 9 differs from formal bit length 8 for port 'address_0' [C:/Users/THUAN/Downloads/decap/poly_mult.v:230]
WARNING: [VRFC 10-3091] actual bit length 9 differs from formal bit length 8 for port 'address_1' [C:/Users/THUAN/Downloads/decap/poly_mult.v:231]
WARNING: [VRFC 10-3091] actual bit length 32 differs from formal bit length 24 for port 'data_1' [C:/Users/THUAN/Downloads/decap/fixed_weight_ct.v:242]
WARNING: [VRFC 10-3091] actual bit length 32 differs from formal bit length 1 for port 'wren_1' [C:/Users/THUAN/Downloads/decap/fixed_weight_ct.v:246]
WARNING: [VRFC 10-3091] actual bit length 32 differs from formal bit length 128 for port 'data_0' [C:/Users/THUAN/Downloads/decap/decap_tb.v:361]
WARNING: [VRFC 10-3091] actual bit length 32 differs from formal bit length 128 for port 'data_1' [C:/Users/THUAN/Downloads/decap/decap_tb.v:362]
WARNING: [VRFC 10-3091] actual bit length 9 differs from formal bit length 8 for port 'address_0' [C:/Users/THUAN/Downloads/decap/decap_tb.v:363]
WARNING: [VRFC 10-3091] actual bit length 9 differs from formal bit length 8 for port 'address_1' [C:/Users/THUAN/Downloads/decap/decap_tb.v:364]
WARNING: [VRFC 10-3091] actual bit length 32 differs from formal bit length 1 for port 'wren_0' [C:/Users/THUAN/Downloads/decap/decap_tb.v:365]
WARNING: [VRFC 10-3091] actual bit length 32 differs from formal bit length 1 for port 'wren_1' [C:/Users/THUAN/Downloads/decap/decap_tb.v:366]
WARNING: [VRFC 10-3091] actual bit length 32 differs from formal bit length 128 for port 'data_0' [C:/Users/THUAN/Downloads/decap/decap_tb.v:375]
WARNING: [VRFC 10-3091] actual bit length 32 differs from formal bit length 128 for port 'data_1' [C:/Users/THUAN/Downloads/decap/decap_tb.v:376]
WARNING: [VRFC 10-3091] actual bit length 9 differs from formal bit length 8 for port 'address_0' [C:/Users/THUAN/Downloads/decap/decap_tb.v:377]
WARNING: [VRFC 10-3091] actual bit length 9 differs from formal bit length 8 for port 'address_1' [C:/Users/THUAN/Downloads/decap/decap_tb.v:378]
WARNING: [VRFC 10-3091] actual bit length 32 differs from formal bit length 1 for port 'wren_0' [C:/Users/THUAN/Downloads/decap/decap_tb.v:379]
WARNING: [VRFC 10-3091] actual bit length 32 differs from formal bit length 1 for port 'wren_1' [C:/Users/THUAN/Downloads/decap/decap_tb.v:380]
WARNING: [VRFC 10-3091] actual bit length 32 differs from formal bit length 128 for port 'data_0' [C:/Users/THUAN/Downloads/decap/decap_tb.v:409]
WARNING: [VRFC 10-3091] actual bit length 32 differs from formal bit length 128 for port 'data_1' [C:/Users/THUAN/Downloads/decap/decap_tb.v:410]
WARNING: [VRFC 10-3091] actual bit length 32 differs from formal bit length 1 for port 'wren_0' [C:/Users/THUAN/Downloads/decap/decap_tb.v:413]
WARNING: [VRFC 10-3091] actual bit length 32 differs from formal bit length 1 for port 'wren_1' [C:/Users/THUAN/Downloads/decap/decap_tb.v:414]
WARNING: [VRFC 10-3091] actual bit length 32 differs from formal bit length 128 for port 'data_0' [C:/Users/THUAN/Downloads/decap/decap_tb.v:421]
WARNING: [VRFC 10-3091] actual bit length 32 differs from formal bit length 128 for port 'data_1' [C:/Users/THUAN/Downloads/decap/decap_tb.v:422]
WARNING: [VRFC 10-3091] actual bit length 32 differs from formal bit length 1 for port 'wren_0' [C:/Users/THUAN/Downloads/decap/decap_tb.v:425]
WARNING: [VRFC 10-3091] actual bit length 32 differs from formal bit length 1 for port 'wren_1' [C:/Users/THUAN/Downloads/decap/decap_tb.v:426]
WARNING: [VRFC 10-3091] actual bit length 32 differs from formal bit length 1 for port 'wr_en' [C:/Users/THUAN/Downloads/decap/decap_tb.v:440]
WARNING: [VRFC 10-3091] actual bit length 32 differs from formal bit length 15 for port 'data' [C:/Users/THUAN/Downloads/decap/decap_tb.v:452]
WARNING: [VRFC 10-3091] actual bit length 32 differs from formal bit length 1 for port 'wr_en' [C:/Users/THUAN/Downloads/decap/decap_tb.v:454]
WARNING: [VRFC 10-8864] concatenation with an unsized literal will be treated as 32 bits [C:/Users/THUAN/Downloads/decap/decap.v:529]
WARNING: [VRFC 10-5021] port 'shake_force_done_ack' is not connected on this instance [C:/Users/THUAN/Downloads/decap/decap.v:500]
WARNING: [VRFC 10-8864] concatenation with an unsized literal will be treated as 32 bits [C:/Users/THUAN/Downloads/decap/encap.v:246]
WARNING: [VRFC 10-8864] concatenation with an unsized literal will be treated as 32 bits [C:/Users/THUAN/Downloads/decap/encap.v:247]
WARNING: [VRFC 10-8864] concatenation with an unsized literal will be treated as 32 bits [C:/Users/THUAN/Downloads/decap/encap.v:544]
WARNING: [VRFC 10-5021] port 'rst' is not connected on this instance [C:/Users/THUAN/Downloads/decap/reed_muller_encode.v:77]
Completed static elaboration
INFO: [XSIM 43-4323] No Change in HDL. Linking previously generated obj files to create kernel
run_program: Time (s): cpu = 00:00:01 ; elapsed = 00:00:06 . Memory (MB): peak = 1285.086 ; gain = 0.000
INFO: [USF-XSim-69] 'elaborate' step finished in '6' seconds
INFO: [USF-XSim-4] XSim::Simulate design
INFO: [USF-XSim-61] Executing 'SIMULATE' step in 'D:/University/251/DA/decap/decap.sim/sim_1/behav/xsim'
INFO: [USF-XSim-98] *** Running xsim
   with args "decap_tb_behav -key {Behavioral:sim_1:Functional:decap_tb} -tclbatch {decap_tb.tcl} -log {simulate.log}"
INFO: [USF-XSim-8] Loading simulator feature
Time resolution is 1 ps
source decap_tb.tcl
# set curr_wave [current_wave_config]
# if { [string length $curr_wave] == 0 } {
#   if { [llength [get_objects]] > 0} {
#     add_wave /
#     set_property needs_save false [current_wave_config]
#   } else {
#      send_msg_id Add_Wave-1 WARNING "No top level signals found. Simulator will start without a wave window. If you want to open a wave window go to 'File->New Waveform Configuration' or type 'create_wave_config' in the TCL console."
#   }
# }
# run 1000ns

================ [DEBUG PHASE 3: DEEP DIVE] ================
>>> CHECK INTERNAL DECRYPT SIGNALS
    DECAP.uv_addr_0_dec: 000000000
>>> CHECK RESET & CLOCK
    DECAP.rst: 0
>>> CHECK MUX INPUTS
    DECAP.u_v_in_addr: 00000000
    DECAP.encap_out_addr: 00000000
    DECAP.encap_out_en: 0
>>> CHECK ENCAP INTERNAL
    ENCAP.h_addr_0: 000000000
================ [END REPORT] ================

INFO: [USF-XSim-96] XSim completed. Design snapshot 'decap_tb_behav' loaded.
INFO: [USF-XSim-97] XSim simulation ran for 1000ns
launch_simulation: Time (s): cpu = 00:00:06 ; elapsed = 00:00:11 . Memory (MB): peak = 1285.086 ; gain = 0.000
run all
Decode Clock Cycles:       4611
Total Clock Cycles:      45599
$finish called at time : 459675 ns : File "C:/Users/THUAN/Downloads/decap/decap_tb.v" Line 332
close_sim
INFO: [Simtcl 6-16] Simulation closed
launch_simulation
Command: launch_simulation 
INFO: [Vivado 12-12493] Simulation top is 'decap_tb'
WARNING: [Vivado 12-13340] Unable to auto find GCC executables from simulator install path! (path not set)
WARNING: [Vivado 12-13277] Compiled library path does not exist: ''
INFO: [Vivado 12-5682] Launching behavioral simulation in 'D:/University/251/DA/decap/decap.sim/sim_1/behav/xsim'
INFO: [SIM-utils-51] Simulation object is 'sim_1'
INFO: [SIM-utils-72] Using boost library from 'D:/Apps/Xilinx/Vivado/2022.2/tps/boost_1_72_0'
INFO: [SIM-utils-54] Inspecting design source files for 'decap_tb' in fileset 'sim_1'...
INFO: [SIM-utils-43] Exported 'D:/University/251/DA/decap/decap.sim/sim_1/behav/xsim/barrett_hqc_256.mem'
INFO: [SIM-utils-43] Exported 'D:/University/251/DA/decap/decap.sim/sim_1/behav/xsim/barrett_hqc_128.mem'
INFO: [SIM-utils-43] Exported 'D:/University/251/DA/decap/decap.sim/sim_1/behav/xsim/barrett_hqc_192.mem'
INFO: [USF-XSim-97] Finding global include files...
INFO: [USF-XSim-98] Fetching design files from 'sim_1'...
INFO: [USF-XSim-2] XSim::Compile design
INFO: [USF-XSim-61] Executing 'COMPILE and ANALYZE' step in 'D:/University/251/DA/decap/decap.sim/sim_1/behav/xsim'
"xvlog --incr --relax -prj decap_tb_vlog.prj"
INFO: [USF-XSim-69] 'compile' step finished in '1' seconds
INFO: [USF-XSim-3] XSim::Elaborate design
INFO: [USF-XSim-61] Executing 'ELABORATE' step in 'D:/University/251/DA/decap/decap.sim/sim_1/behav/xsim'
"xelab --incr --debug typical --relax --mt 2 -L xil_defaultlib -L unisims_ver -L unimacro_ver -L secureip --snapshot decap_tb_behav xil_defaultlib.decap_tb xil_defaultlib.glbl -log elaborate.log"
Vivado Simulator v2022.2
Copyright 1986-1999, 2001-2022 Xilinx, Inc. All Rights Reserved.
Running: D:/Apps/Xilinx/Vivado/2022.2/bin/unwrapped/win64.o/xelab.exe --incr --debug typical --relax --mt 2 -L xil_defaultlib -L unisims_ver -L unimacro_ver -L secureip --snapshot decap_tb_behav xil_defaultlib.decap_tb xil_defaultlib.glbl -log elaborate.log 
Using 2 slave threads.
Starting static elaboration
Pass Through NonSizing Optimizer
WARNING: [VRFC 10-3091] actual bit length 8 differs from formal bit length 9 for port 'u_addr_0' [C:/Users/THUAN/Downloads/decap/decap_tb.v:215]
WARNING: [VRFC 10-3091] actual bit length 8 differs from formal bit length 9 for port 'u_addr_1' [C:/Users/THUAN/Downloads/decap/decap_tb.v:216]
WARNING: [VRFC 10-3091] actual bit length 8 differs from formal bit length 9 for port 'v_addr_0' [C:/Users/THUAN/Downloads/decap/decap_tb.v:220]
WARNING: [VRFC 10-3091] actual bit length 8 differs from formal bit length 9 for port 'v_addr_1' [C:/Users/THUAN/Downloads/decap/decap_tb.v:221]
WARNING: [VRFC 10-3091] actual bit length 32 differs from formal bit length 128 for port 'decap_out' [C:/Users/THUAN/Downloads/decap/decap_tb.v:226]
WARNING: [VRFC 10-3091] actual bit length 32 differs from formal bit length 1 for port 'dout_ready_i' [C:/Users/THUAN/Downloads/decap/hqc_rmdecod_top.v:81]
WARNING: [VRFC 10-3091] actual bit length 32 differs from formal bit length 1 for port 'start' [C:/Users/THUAN/Downloads/decap/hqc_rsdecod_elp.v:92]
WARNING: [VRFC 10-3091] actual bit length 32 differs from formal bit length 1 for port 'start' [C:/Users/THUAN/Downloads/decap/hqc_rsdecod_elp.v:156]
WARNING: [VRFC 10-3091] actual bit length 32 differs from formal bit length 1 for port 'start' [C:/Users/THUAN/Downloads/decap/hqc_rsdecod_zpoly.v:101]
WARNING: [VRFC 10-3091] actual bit length 8 differs from formal bit length 32 for port 'dout_o' [C:/Users/THUAN/Downloads/decap/add_fft.v:81]
WARNING: [VRFC 10-3091] actual bit length 32 differs from formal bit length 1 for port 'start' [C:/Users/THUAN/Downloads/decap/fft_part1.v:143]
WARNING: [VRFC 10-3091] actual bit length 32 differs from formal bit length 1 for port 'start' [C:/Users/THUAN/Downloads/decap/fft_leaves_butterfly.v:70]
WARNING: [VRFC 10-3091] actual bit length 32 differs from formal bit length 1 for port 'start' [C:/Users/THUAN/Downloads/decap/fft_part2.v:147]
WARNING: [VRFC 10-3091] actual bit length 32 differs from formal bit length 1 for port 'start' [C:/Users/THUAN/Downloads/decap/hqc_rsdecod_err_val.v:176]
WARNING: [VRFC 10-3091] actual bit length 32 differs from formal bit length 1 for port 'start' [C:/Users/THUAN/Downloads/decap/hqc_rsdecod_err_val.v:187]
WARNING: [VRFC 10-3091] actual bit length 32 differs from formal bit length 2 for port 'encap_out_type' [C:/Users/THUAN/Downloads/decap/decap.v:526]
WARNING: [VRFC 10-3091] actual bit length 32 differs from formal bit length 1 for port 'encap_out_en' [C:/Users/THUAN/Downloads/decap/decap.v:528]
WARNING: [VRFC 10-3091] actual bit length 40 differs from formal bit length 8 for port 'encap_out_addr' [C:/Users/THUAN/Downloads/decap/decap.v:529]
WARNING: [VRFC 10-3091] actual bit length 368 differs from formal bit length 240 for port 'cdw_in' [C:/Users/THUAN/Downloads/decap/reed_solomon_encode.v:121]
WARNING: [VRFC 10-3091] actual bit length 32 differs from formal bit length 1 for port 'start' [C:/Users/THUAN/Downloads/decap/reed_solomon_encode.v:108]
WARNING: [VRFC 10-3091] actual bit length 32 differs from formal bit length 1 for port 'start' [C:/Users/THUAN/Downloads/decap/reed_muller_encode.v:80]
WARNING: [VRFC 10-3091] actual bit length 32 differs from formal bit length 1 for port 'wr_en' [C:/Users/THUAN/Downloads/decap/encrypt.v:383]
WARNING: [VRFC 10-3091] actual bit length 7 differs from formal bit length 16 for port 'loc_addr' [C:/Users/THUAN/Downloads/decap/encrypt.v:466]
WARNING: [VRFC 10-3091] actual bit length 32 differs from formal bit length 8 for port 'weight' [C:/Users/THUAN/Downloads/decap/encrypt.v:468]
WARNING: [VRFC 10-3091] actual bit length 32 differs from formal bit length 1 for port 'add_wr_en' [C:/Users/THUAN/Downloads/decap/encrypt.v:483]
WARNING: [VRFC 10-3091] actual bit length 9 differs from formal bit length 8 for port 'address_0' [C:/Users/THUAN/Downloads/decap/poly_mult.v:230]
WARNING: [VRFC 10-3091] actual bit length 9 differs from formal bit length 8 for port 'address_1' [C:/Users/THUAN/Downloads/decap/poly_mult.v:231]
WARNING: [VRFC 10-3091] actual bit length 32 differs from formal bit length 24 for port 'data_1' [C:/Users/THUAN/Downloads/decap/fixed_weight_ct.v:242]
WARNING: [VRFC 10-3091] actual bit length 32 differs from formal bit length 1 for port 'wren_1' [C:/Users/THUAN/Downloads/decap/fixed_weight_ct.v:246]
WARNING: [VRFC 10-3091] actual bit length 32 differs from formal bit length 128 for port 'data_0' [C:/Users/THUAN/Downloads/decap/decap_tb.v:361]
WARNING: [VRFC 10-3091] actual bit length 32 differs from formal bit length 128 for port 'data_1' [C:/Users/THUAN/Downloads/decap/decap_tb.v:362]
WARNING: [VRFC 10-3091] actual bit length 9 differs from formal bit length 8 for port 'address_0' [C:/Users/THUAN/Downloads/decap/decap_tb.v:363]
WARNING: [VRFC 10-3091] actual bit length 9 differs from formal bit length 8 for port 'address_1' [C:/Users/THUAN/Downloads/decap/decap_tb.v:364]
WARNING: [VRFC 10-3091] actual bit length 32 differs from formal bit length 1 for port 'wren_0' [C:/Users/THUAN/Downloads/decap/decap_tb.v:365]
WARNING: [VRFC 10-3091] actual bit length 32 differs from formal bit length 1 for port 'wren_1' [C:/Users/THUAN/Downloads/decap/decap_tb.v:366]
WARNING: [VRFC 10-3091] actual bit length 32 differs from formal bit length 128 for port 'data_0' [C:/Users/THUAN/Downloads/decap/decap_tb.v:375]
WARNING: [VRFC 10-3091] actual bit length 32 differs from formal bit length 128 for port 'data_1' [C:/Users/THUAN/Downloads/decap/decap_tb.v:376]
WARNING: [VRFC 10-3091] actual bit length 9 differs from formal bit length 8 for port 'address_0' [C:/Users/THUAN/Downloads/decap/decap_tb.v:377]
WARNING: [VRFC 10-3091] actual bit length 9 differs from formal bit length 8 for port 'address_1' [C:/Users/THUAN/Downloads/decap/decap_tb.v:378]
WARNING: [VRFC 10-3091] actual bit length 32 differs from formal bit length 1 for port 'wren_0' [C:/Users/THUAN/Downloads/decap/decap_tb.v:379]
WARNING: [VRFC 10-3091] actual bit length 32 differs from formal bit length 1 for port 'wren_1' [C:/Users/THUAN/Downloads/decap/decap_tb.v:380]
WARNING: [VRFC 10-3091] actual bit length 32 differs from formal bit length 128 for port 'data_0' [C:/Users/THUAN/Downloads/decap/decap_tb.v:409]
WARNING: [VRFC 10-3091] actual bit length 32 differs from formal bit length 128 for port 'data_1' [C:/Users/THUAN/Downloads/decap/decap_tb.v:410]
WARNING: [VRFC 10-3091] actual bit length 32 differs from formal bit length 1 for port 'wren_0' [C:/Users/THUAN/Downloads/decap/decap_tb.v:413]
WARNING: [VRFC 10-3091] actual bit length 32 differs from formal bit length 1 for port 'wren_1' [C:/Users/THUAN/Downloads/decap/decap_tb.v:414]
WARNING: [VRFC 10-3091] actual bit length 32 differs from formal bit length 128 for port 'data_0' [C:/Users/THUAN/Downloads/decap/decap_tb.v:421]
WARNING: [VRFC 10-3091] actual bit length 32 differs from formal bit length 128 for port 'data_1' [C:/Users/THUAN/Downloads/decap/decap_tb.v:422]
WARNING: [VRFC 10-3091] actual bit length 32 differs from formal bit length 1 for port 'wren_0' [C:/Users/THUAN/Downloads/decap/decap_tb.v:425]
WARNING: [VRFC 10-3091] actual bit length 32 differs from formal bit length 1 for port 'wren_1' [C:/Users/THUAN/Downloads/decap/decap_tb.v:426]
WARNING: [VRFC 10-3091] actual bit length 32 differs from formal bit length 1 for port 'wr_en' [C:/Users/THUAN/Downloads/decap/decap_tb.v:440]
WARNING: [VRFC 10-3091] actual bit length 32 differs from formal bit length 15 for port 'data' [C:/Users/THUAN/Downloads/decap/decap_tb.v:452]
WARNING: [VRFC 10-3091] actual bit length 32 differs from formal bit length 1 for port 'wr_en' [C:/Users/THUAN/Downloads/decap/decap_tb.v:454]
WARNING: [VRFC 10-8864] concatenation with an unsized literal will be treated as 32 bits [C:/Users/THUAN/Downloads/decap/decap.v:529]
WARNING: [VRFC 10-5021] port 'shake_force_done_ack' is not connected on this instance [C:/Users/THUAN/Downloads/decap/decap.v:500]
WARNING: [VRFC 10-8864] concatenation with an unsized literal will be treated as 32 bits [C:/Users/THUAN/Downloads/decap/encap.v:246]
WARNING: [VRFC 10-8864] concatenation with an unsized literal will be treated as 32 bits [C:/Users/THUAN/Downloads/decap/encap.v:247]
WARNING: [VRFC 10-8864] concatenation with an unsized literal will be treated as 32 bits [C:/Users/THUAN/Downloads/decap/encap.v:544]
WARNING: [VRFC 10-5021] port 'rst' is not connected on this instance [C:/Users/THUAN/Downloads/decap/reed_muller_encode.v:77]
Completed static elaboration
INFO: [XSIM 43-4323] No Change in HDL. Linking previously generated obj files to create kernel
run_program: Time (s): cpu = 00:00:01 ; elapsed = 00:00:06 . Memory (MB): peak = 1328.023 ; gain = 0.000
INFO: [USF-XSim-69] 'elaborate' step finished in '6' seconds
INFO: [USF-XSim-4] XSim::Simulate design
INFO: [USF-XSim-61] Executing 'SIMULATE' step in 'D:/University/251/DA/decap/decap.sim/sim_1/behav/xsim'
INFO: [USF-XSim-98] *** Running xsim
   with args "decap_tb_behav -key {Behavioral:sim_1:Functional:decap_tb} -tclbatch {decap_tb.tcl} -log {simulate.log}"
INFO: [USF-XSim-8] Loading simulator feature
Time resolution is 1 ps
source decap_tb.tcl
# set curr_wave [current_wave_config]
# if { [string length $curr_wave] == 0 } {
#   if { [llength [get_objects]] > 0} {
#     add_wave /
#     set_property needs_save false [current_wave_config]
#   } else {
#      send_msg_id Add_Wave-1 WARNING "No top level signals found. Simulator will start without a wave window. If you want to open a wave window go to 'File->New Waveform Configuration' or type 'create_wave_config' in the TCL console."
#   }
# }
# run 1000ns
WARNING: File y_128.in referenced on C:/Users/THUAN/Downloads/decap/stateram_inference.v at line 97 cannot be opened for reading. Please ensure that this file is available in the current working directory.

================ [DEBUG PHASE 3: DEEP DIVE] ================
>>> CHECK INTERNAL DECRYPT SIGNALS
    DECAP.uv_addr_0_dec: 000000000
>>> CHECK RESET & CLOCK
    DECAP.rst: 0
>>> CHECK MUX INPUTS
    DECAP.u_v_in_addr: 00000000
    DECAP.encap_out_addr: 00000000
    DECAP.encap_out_en: 0
>>> CHECK ENCAP INTERNAL
    ENCAP.h_addr_0: 000000000
================ [END REPORT] ================

INFO: [USF-XSim-96] XSim completed. Design snapshot 'decap_tb_behav' loaded.
INFO: [USF-XSim-97] XSim simulation ran for 1000ns
launch_simulation: Time (s): cpu = 00:00:05 ; elapsed = 00:00:12 . Memory (MB): peak = 1328.023 ; gain = 0.000
run all
Decode Clock Cycles:       4611
Total Clock Cycles:      45599
$finish called at time : 459675 ns : File "C:/Users/THUAN/Downloads/decap/decap_tb.v" Line 332
close_sim
INFO: [Simtcl 6-16] Simulation closed
launch_simulation
Command: launch_simulation 
INFO: [Vivado 12-12493] Simulation top is 'decap_tb'
WARNING: [Vivado 12-13340] Unable to auto find GCC executables from simulator install path! (path not set)
WARNING: [Vivado 12-13277] Compiled library path does not exist: ''
INFO: [Vivado 12-5682] Launching behavioral simulation in 'D:/University/251/DA/decap/decap.sim/sim_1/behav/xsim'
INFO: [SIM-utils-51] Simulation object is 'sim_1'
INFO: [SIM-utils-72] Using boost library from 'D:/Apps/Xilinx/Vivado/2022.2/tps/boost_1_72_0'
INFO: [SIM-utils-54] Inspecting design source files for 'decap_tb' in fileset 'sim_1'...
INFO: [SIM-utils-43] Exported 'D:/University/251/DA/decap/decap.sim/sim_1/behav/xsim/barrett_hqc_256.mem'
INFO: [SIM-utils-43] Exported 'D:/University/251/DA/decap/decap.sim/sim_1/behav/xsim/barrett_hqc_128.mem'
INFO: [SIM-utils-43] Exported 'D:/University/251/DA/decap/decap.sim/sim_1/behav/xsim/barrett_hqc_192.mem'
INFO: [USF-XSim-97] Finding global include files...
INFO: [USF-XSim-98] Fetching design files from 'sim_1'...
INFO: [USF-XSim-2] XSim::Compile design
INFO: [USF-XSim-61] Executing 'COMPILE and ANALYZE' step in 'D:/University/251/DA/decap/decap.sim/sim_1/behav/xsim'
"xvlog --incr --relax -prj decap_tb_vlog.prj"
INFO: [USF-XSim-69] 'compile' step finished in '2' seconds
INFO: [USF-XSim-3] XSim::Elaborate design
INFO: [USF-XSim-61] Executing 'ELABORATE' step in 'D:/University/251/DA/decap/decap.sim/sim_1/behav/xsim'
"xelab --incr --debug typical --relax --mt 2 -L xil_defaultlib -L unisims_ver -L unimacro_ver -L secureip --snapshot decap_tb_behav xil_defaultlib.decap_tb xil_defaultlib.glbl -log elaborate.log"
Vivado Simulator v2022.2
Copyright 1986-1999, 2001-2022 Xilinx, Inc. All Rights Reserved.
Running: D:/Apps/Xilinx/Vivado/2022.2/bin/unwrapped/win64.o/xelab.exe --incr --debug typical --relax --mt 2 -L xil_defaultlib -L unisims_ver -L unimacro_ver -L secureip --snapshot decap_tb_behav xil_defaultlib.decap_tb xil_defaultlib.glbl -log elaborate.log 
Using 2 slave threads.
Starting static elaboration
Pass Through NonSizing Optimizer
WARNING: [VRFC 10-3091] actual bit length 8 differs from formal bit length 9 for port 'u_addr_0' [C:/Users/THUAN/Downloads/decap/decap_tb.v:215]
WARNING: [VRFC 10-3091] actual bit length 8 differs from formal bit length 9 for port 'u_addr_1' [C:/Users/THUAN/Downloads/decap/decap_tb.v:216]
WARNING: [VRFC 10-3091] actual bit length 8 differs from formal bit length 9 for port 'v_addr_0' [C:/Users/THUAN/Downloads/decap/decap_tb.v:220]
WARNING: [VRFC 10-3091] actual bit length 8 differs from formal bit length 9 for port 'v_addr_1' [C:/Users/THUAN/Downloads/decap/decap_tb.v:221]
WARNING: [VRFC 10-3091] actual bit length 32 differs from formal bit length 128 for port 'decap_out' [C:/Users/THUAN/Downloads/decap/decap_tb.v:226]
WARNING: [VRFC 10-3091] actual bit length 32 differs from formal bit length 1 for port 'dout_ready_i' [C:/Users/THUAN/Downloads/decap/hqc_rmdecod_top.v:81]
WARNING: [VRFC 10-3091] actual bit length 32 differs from formal bit length 1 for port 'start' [C:/Users/THUAN/Downloads/decap/hqc_rsdecod_elp.v:92]
WARNING: [VRFC 10-3091] actual bit length 32 differs from formal bit length 1 for port 'start' [C:/Users/THUAN/Downloads/decap/hqc_rsdecod_elp.v:156]
WARNING: [VRFC 10-3091] actual bit length 32 differs from formal bit length 1 for port 'start' [C:/Users/THUAN/Downloads/decap/hqc_rsdecod_zpoly.v:101]
WARNING: [VRFC 10-3091] actual bit length 8 differs from formal bit length 32 for port 'dout_o' [C:/Users/THUAN/Downloads/decap/add_fft.v:81]
WARNING: [VRFC 10-3091] actual bit length 32 differs from formal bit length 1 for port 'start' [C:/Users/THUAN/Downloads/decap/fft_part1.v:143]
WARNING: [VRFC 10-3091] actual bit length 32 differs from formal bit length 1 for port 'start' [C:/Users/THUAN/Downloads/decap/fft_leaves_butterfly.v:70]
WARNING: [VRFC 10-3091] actual bit length 32 differs from formal bit length 1 for port 'start' [C:/Users/THUAN/Downloads/decap/fft_part2.v:147]
WARNING: [VRFC 10-3091] actual bit length 32 differs from formal bit length 1 for port 'start' [C:/Users/THUAN/Downloads/decap/hqc_rsdecod_err_val.v:176]
WARNING: [VRFC 10-3091] actual bit length 32 differs from formal bit length 1 for port 'start' [C:/Users/THUAN/Downloads/decap/hqc_rsdecod_err_val.v:187]
WARNING: [VRFC 10-3091] actual bit length 32 differs from formal bit length 2 for port 'encap_out_type' [C:/Users/THUAN/Downloads/decap/decap.v:526]
WARNING: [VRFC 10-3091] actual bit length 32 differs from formal bit length 1 for port 'encap_out_en' [C:/Users/THUAN/Downloads/decap/decap.v:528]
WARNING: [VRFC 10-3091] actual bit length 40 differs from formal bit length 8 for port 'encap_out_addr' [C:/Users/THUAN/Downloads/decap/decap.v:529]
WARNING: [VRFC 10-3091] actual bit length 368 differs from formal bit length 240 for port 'cdw_in' [C:/Users/THUAN/Downloads/decap/reed_solomon_encode.v:121]
WARNING: [VRFC 10-3091] actual bit length 32 differs from formal bit length 1 for port 'start' [C:/Users/THUAN/Downloads/decap/reed_solomon_encode.v:108]
WARNING: [VRFC 10-3091] actual bit length 32 differs from formal bit length 1 for port 'start' [C:/Users/THUAN/Downloads/decap/reed_muller_encode.v:80]
WARNING: [VRFC 10-3091] actual bit length 32 differs from formal bit length 1 for port 'wr_en' [C:/Users/THUAN/Downloads/decap/encrypt.v:383]
WARNING: [VRFC 10-3091] actual bit length 7 differs from formal bit length 16 for port 'loc_addr' [C:/Users/THUAN/Downloads/decap/encrypt.v:466]
WARNING: [VRFC 10-3091] actual bit length 32 differs from formal bit length 8 for port 'weight' [C:/Users/THUAN/Downloads/decap/encrypt.v:468]
WARNING: [VRFC 10-3091] actual bit length 32 differs from formal bit length 1 for port 'add_wr_en' [C:/Users/THUAN/Downloads/decap/encrypt.v:483]
WARNING: [VRFC 10-3091] actual bit length 9 differs from formal bit length 8 for port 'address_0' [C:/Users/THUAN/Downloads/decap/poly_mult.v:230]
WARNING: [VRFC 10-3091] actual bit length 9 differs from formal bit length 8 for port 'address_1' [C:/Users/THUAN/Downloads/decap/poly_mult.v:231]
WARNING: [VRFC 10-3091] actual bit length 32 differs from formal bit length 24 for port 'data_1' [C:/Users/THUAN/Downloads/decap/fixed_weight_ct.v:242]
WARNING: [VRFC 10-3091] actual bit length 32 differs from formal bit length 1 for port 'wren_1' [C:/Users/THUAN/Downloads/decap/fixed_weight_ct.v:246]
WARNING: [VRFC 10-3091] actual bit length 32 differs from formal bit length 128 for port 'data_0' [C:/Users/THUAN/Downloads/decap/decap_tb.v:361]
WARNING: [VRFC 10-3091] actual bit length 32 differs from formal bit length 128 for port 'data_1' [C:/Users/THUAN/Downloads/decap/decap_tb.v:362]
WARNING: [VRFC 10-3091] actual bit length 9 differs from formal bit length 8 for port 'address_0' [C:/Users/THUAN/Downloads/decap/decap_tb.v:363]
WARNING: [VRFC 10-3091] actual bit length 9 differs from formal bit length 8 for port 'address_1' [C:/Users/THUAN/Downloads/decap/decap_tb.v:364]
WARNING: [VRFC 10-3091] actual bit length 32 differs from formal bit length 1 for port 'wren_0' [C:/Users/THUAN/Downloads/decap/decap_tb.v:365]
WARNING: [VRFC 10-3091] actual bit length 32 differs from formal bit length 1 for port 'wren_1' [C:/Users/THUAN/Downloads/decap/decap_tb.v:366]
WARNING: [VRFC 10-3091] actual bit length 32 differs from formal bit length 128 for port 'data_0' [C:/Users/THUAN/Downloads/decap/decap_tb.v:375]
WARNING: [VRFC 10-3091] actual bit length 32 differs from formal bit length 128 for port 'data_1' [C:/Users/THUAN/Downloads/decap/decap_tb.v:376]
WARNING: [VRFC 10-3091] actual bit length 9 differs from formal bit length 8 for port 'address_0' [C:/Users/THUAN/Downloads/decap/decap_tb.v:377]
WARNING: [VRFC 10-3091] actual bit length 9 differs from formal bit length 8 for port 'address_1' [C:/Users/THUAN/Downloads/decap/decap_tb.v:378]
WARNING: [VRFC 10-3091] actual bit length 32 differs from formal bit length 1 for port 'wren_0' [C:/Users/THUAN/Downloads/decap/decap_tb.v:379]
WARNING: [VRFC 10-3091] actual bit length 32 differs from formal bit length 1 for port 'wren_1' [C:/Users/THUAN/Downloads/decap/decap_tb.v:380]
WARNING: [VRFC 10-3091] actual bit length 32 differs from formal bit length 128 for port 'data_0' [C:/Users/THUAN/Downloads/decap/decap_tb.v:409]
WARNING: [VRFC 10-3091] actual bit length 32 differs from formal bit length 128 for port 'data_1' [C:/Users/THUAN/Downloads/decap/decap_tb.v:410]
WARNING: [VRFC 10-3091] actual bit length 32 differs from formal bit length 1 for port 'wren_0' [C:/Users/THUAN/Downloads/decap/decap_tb.v:413]
WARNING: [VRFC 10-3091] actual bit length 32 differs from formal bit length 1 for port 'wren_1' [C:/Users/THUAN/Downloads/decap/decap_tb.v:414]
WARNING: [VRFC 10-3091] actual bit length 32 differs from formal bit length 128 for port 'data_0' [C:/Users/THUAN/Downloads/decap/decap_tb.v:421]
WARNING: [VRFC 10-3091] actual bit length 32 differs from formal bit length 128 for port 'data_1' [C:/Users/THUAN/Downloads/decap/decap_tb.v:422]
WARNING: [VRFC 10-3091] actual bit length 32 differs from formal bit length 1 for port 'wren_0' [C:/Users/THUAN/Downloads/decap/decap_tb.v:425]
WARNING: [VRFC 10-3091] actual bit length 32 differs from formal bit length 1 for port 'wren_1' [C:/Users/THUAN/Downloads/decap/decap_tb.v:426]
WARNING: [VRFC 10-3091] actual bit length 32 differs from formal bit length 1 for port 'wr_en' [C:/Users/THUAN/Downloads/decap/decap_tb.v:440]
WARNING: [VRFC 10-3091] actual bit length 32 differs from formal bit length 15 for port 'data' [C:/Users/THUAN/Downloads/decap/decap_tb.v:452]
WARNING: [VRFC 10-3091] actual bit length 32 differs from formal bit length 1 for port 'wr_en' [C:/Users/THUAN/Downloads/decap/decap_tb.v:454]
WARNING: [VRFC 10-8864] concatenation with an unsized literal will be treated as 32 bits [C:/Users/THUAN/Downloads/decap/decap.v:529]
WARNING: [VRFC 10-5021] port 'shake_force_done_ack' is not connected on this instance [C:/Users/THUAN/Downloads/decap/decap.v:500]
WARNING: [VRFC 10-8864] concatenation with an unsized literal will be treated as 32 bits [C:/Users/THUAN/Downloads/decap/encap.v:246]
WARNING: [VRFC 10-8864] concatenation with an unsized literal will be treated as 32 bits [C:/Users/THUAN/Downloads/decap/encap.v:247]
WARNING: [VRFC 10-8864] concatenation with an unsized literal will be treated as 32 bits [C:/Users/THUAN/Downloads/decap/encap.v:544]
WARNING: [VRFC 10-5021] port 'rst' is not connected on this instance [C:/Users/THUAN/Downloads/decap/reed_muller_encode.v:77]
Completed static elaboration
INFO: [XSIM 43-4323] No Change in HDL. Linking previously generated obj files to create kernel
run_program: Time (s): cpu = 00:00:01 ; elapsed = 00:00:06 . Memory (MB): peak = 1328.023 ; gain = 0.000
INFO: [USF-XSim-69] 'elaborate' step finished in '5' seconds
INFO: [USF-XSim-4] XSim::Simulate design
INFO: [USF-XSim-61] Executing 'SIMULATE' step in 'D:/University/251/DA/decap/decap.sim/sim_1/behav/xsim'
INFO: [USF-XSim-98] *** Running xsim
   with args "decap_tb_behav -key {Behavioral:sim_1:Functional:decap_tb} -tclbatch {decap_tb.tcl} -log {simulate.log}"
INFO: [USF-XSim-8] Loading simulator feature
Time resolution is 1 ps
source decap_tb.tcl
# set curr_wave [current_wave_config]
# if { [string length $curr_wave] == 0 } {
#   if { [llength [get_objects]] > 0} {
#     add_wave /
#     set_property needs_save false [current_wave_config]
#   } else {
#      send_msg_id Add_Wave-1 WARNING "No top level signals found. Simulator will start without a wave window. If you want to open a wave window go to 'File->New Waveform Configuration' or type 'create_wave_config' in the TCL console."
#   }
# }
# run 1000ns
WARNING: Data truncated while reading Datafile: y_128.in, while loading at index: 0
WARNING: Data truncated while reading Datafile: y_128.in, while loading at index: 5
WARNING: Data truncated while reading Datafile: y_128.in, while loading at index: 11
WARNING: Data truncated while reading Datafile: y_128.in, while loading at index: 12
WARNING: Data truncated while reading Datafile: y_128.in, while loading at index: 13
WARNING: Data truncated while reading Datafile: y_128.in, while loading at index: 15
WARNING: Data truncated while reading Datafile: y_128.in, while loading at index: 16
WARNING: Data truncated while reading Datafile: y_128.in, while loading at index: 21
WARNING: Data truncated while reading Datafile: y_128.in, while loading at index: 29
WARNING: Data truncated while reading Datafile: y_128.in, while loading at index: 30
WARNING: Data truncated while reading Datafile: y_128.in, while loading at index: 31
WARNING: Data truncated while reading Datafile: y_128.in, while loading at index: 32
WARNING: Data truncated while reading Datafile: y_128.in, while loading at index: 35
WARNING: Data truncated while reading Datafile: y_128.in, while loading at index: 37
WARNING: Data truncated while reading Datafile: y_128.in, while loading at index: 39
WARNING: Data truncated while reading Datafile: y_128.in, while loading at index: 41
WARNING: Data truncated while reading Datafile: y_128.in, while loading at index: 43
WARNING: Data truncated while reading Datafile: y_128.in, while loading at index: 45
WARNING: Data truncated while reading Datafile: y_128.in, while loading at index: 46
WARNING: Data truncated while reading Datafile: y_128.in, while loading at index: 47
WARNING: Data truncated while reading Datafile: y_128.in, while loading at index: 49
WARNING: Data truncated while reading Datafile: y_128.in, while loading at index: 50
WARNING: Data truncated while reading Datafile: y_128.in, while loading at index: 53
WARNING: Data truncated while reading Datafile: y_128.in, while loading at index: 54
WARNING: Data truncated while reading Datafile: y_128.in, while loading at index: 55
WARNING: Data truncated while reading Datafile: y_128.in, while loading at index: 59
WARNING: Data truncated while reading Datafile: y_128.in, while loading at index: 60
WARNING: Data truncated while reading Datafile: y_128.in, while loading at index: 65
WARNING: Too many words specified in data file y_128.in

================ [DEBUG PHASE 3: DEEP DIVE] ================
>>> CHECK INTERNAL DECRYPT SIGNALS
    DECAP.uv_addr_0_dec: 000000000
>>> CHECK RESET & CLOCK
    DECAP.rst: 0
>>> CHECK MUX INPUTS
    DECAP.u_v_in_addr: 00000000
    DECAP.encap_out_addr: 00000000
    DECAP.encap_out_en: 0
>>> CHECK ENCAP INTERNAL
    ENCAP.h_addr_0: 000000000
================ [END REPORT] ================

INFO: [USF-XSim-96] XSim completed. Design snapshot 'decap_tb_behav' loaded.
INFO: [USF-XSim-97] XSim simulation ran for 1000ns
launch_simulation: Time (s): cpu = 00:00:02 ; elapsed = 00:00:09 . Memory (MB): peak = 1328.023 ; gain = 0.000
run all
Decode Clock Cycles:       4611
Total Clock Cycles:      45599
$finish called at time : 459675 ns : File "C:/Users/THUAN/Downloads/decap/decap_tb.v" Line 332
close_sim
INFO: [Simtcl 6-16] Simulation closed
launch_simulation
Command: launch_simulation 
INFO: [Vivado 12-12493] Simulation top is 'decap_tb'
WARNING: [Vivado 12-13340] Unable to auto find GCC executables from simulator install path! (path not set)
WARNING: [Vivado 12-13277] Compiled library path does not exist: ''
INFO: [Vivado 12-5682] Launching behavioral simulation in 'D:/University/251/DA/decap/decap.sim/sim_1/behav/xsim'
INFO: [SIM-utils-51] Simulation object is 'sim_1'
INFO: [SIM-utils-72] Using boost library from 'D:/Apps/Xilinx/Vivado/2022.2/tps/boost_1_72_0'
INFO: [SIM-utils-54] Inspecting design source files for 'decap_tb' in fileset 'sim_1'...
INFO: [SIM-utils-43] Exported 'D:/University/251/DA/decap/decap.sim/sim_1/behav/xsim/barrett_hqc_256.mem'
INFO: [SIM-utils-43] Exported 'D:/University/251/DA/decap/decap.sim/sim_1/behav/xsim/barrett_hqc_128.mem'
INFO: [SIM-utils-43] Exported 'D:/University/251/DA/decap/decap.sim/sim_1/behav/xsim/barrett_hqc_192.mem'
INFO: [USF-XSim-97] Finding global include files...
INFO: [USF-XSim-98] Fetching design files from 'sim_1'...
INFO: [USF-XSim-2] XSim::Compile design
INFO: [USF-XSim-61] Executing 'COMPILE and ANALYZE' step in 'D:/University/251/DA/decap/decap.sim/sim_1/behav/xsim'
"xvlog --incr --relax -prj decap_tb_vlog.prj"
INFO: [USF-XSim-69] 'compile' step finished in '2' seconds
INFO: [USF-XSim-3] XSim::Elaborate design
INFO: [USF-XSim-61] Executing 'ELABORATE' step in 'D:/University/251/DA/decap/decap.sim/sim_1/behav/xsim'
"xelab --incr --debug typical --relax --mt 2 -L xil_defaultlib -L unisims_ver -L unimacro_ver -L secureip --snapshot decap_tb_behav xil_defaultlib.decap_tb xil_defaultlib.glbl -log elaborate.log"
Vivado Simulator v2022.2
Copyright 1986-1999, 2001-2022 Xilinx, Inc. All Rights Reserved.
Running: D:/Apps/Xilinx/Vivado/2022.2/bin/unwrapped/win64.o/xelab.exe --incr --debug typical --relax --mt 2 -L xil_defaultlib -L unisims_ver -L unimacro_ver -L secureip --snapshot decap_tb_behav xil_defaultlib.decap_tb xil_defaultlib.glbl -log elaborate.log 
Using 2 slave threads.
Starting static elaboration
Pass Through NonSizing Optimizer
WARNING: [VRFC 10-3091] actual bit length 8 differs from formal bit length 9 for port 'u_addr_0' [C:/Users/THUAN/Downloads/decap/decap_tb.v:215]
WARNING: [VRFC 10-3091] actual bit length 8 differs from formal bit length 9 for port 'u_addr_1' [C:/Users/THUAN/Downloads/decap/decap_tb.v:216]
WARNING: [VRFC 10-3091] actual bit length 8 differs from formal bit length 9 for port 'v_addr_0' [C:/Users/THUAN/Downloads/decap/decap_tb.v:220]
WARNING: [VRFC 10-3091] actual bit length 8 differs from formal bit length 9 for port 'v_addr_1' [C:/Users/THUAN/Downloads/decap/decap_tb.v:221]
WARNING: [VRFC 10-3091] actual bit length 32 differs from formal bit length 128 for port 'decap_out' [C:/Users/THUAN/Downloads/decap/decap_tb.v:226]
WARNING: [VRFC 10-3091] actual bit length 32 differs from formal bit length 1 for port 'dout_ready_i' [C:/Users/THUAN/Downloads/decap/hqc_rmdecod_top.v:81]
WARNING: [VRFC 10-3091] actual bit length 32 differs from formal bit length 1 for port 'start' [C:/Users/THUAN/Downloads/decap/hqc_rsdecod_elp.v:92]
WARNING: [VRFC 10-3091] actual bit length 32 differs from formal bit length 1 for port 'start' [C:/Users/THUAN/Downloads/decap/hqc_rsdecod_elp.v:156]
WARNING: [VRFC 10-3091] actual bit length 32 differs from formal bit length 1 for port 'start' [C:/Users/THUAN/Downloads/decap/hqc_rsdecod_zpoly.v:101]
WARNING: [VRFC 10-3091] actual bit length 8 differs from formal bit length 32 for port 'dout_o' [C:/Users/THUAN/Downloads/decap/add_fft.v:81]
WARNING: [VRFC 10-3091] actual bit length 32 differs from formal bit length 1 for port 'start' [C:/Users/THUAN/Downloads/decap/fft_part1.v:143]
WARNING: [VRFC 10-3091] actual bit length 32 differs from formal bit length 1 for port 'start' [C:/Users/THUAN/Downloads/decap/fft_leaves_butterfly.v:70]
WARNING: [VRFC 10-3091] actual bit length 32 differs from formal bit length 1 for port 'start' [C:/Users/THUAN/Downloads/decap/fft_part2.v:147]
WARNING: [VRFC 10-3091] actual bit length 32 differs from formal bit length 1 for port 'start' [C:/Users/THUAN/Downloads/decap/hqc_rsdecod_err_val.v:176]
WARNING: [VRFC 10-3091] actual bit length 32 differs from formal bit length 1 for port 'start' [C:/Users/THUAN/Downloads/decap/hqc_rsdecod_err_val.v:187]
WARNING: [VRFC 10-3091] actual bit length 32 differs from formal bit length 2 for port 'encap_out_type' [C:/Users/THUAN/Downloads/decap/decap.v:526]
WARNING: [VRFC 10-3091] actual bit length 32 differs from formal bit length 1 for port 'encap_out_en' [C:/Users/THUAN/Downloads/decap/decap.v:528]
WARNING: [VRFC 10-3091] actual bit length 40 differs from formal bit length 8 for port 'encap_out_addr' [C:/Users/THUAN/Downloads/decap/decap.v:529]
WARNING: [VRFC 10-3091] actual bit length 368 differs from formal bit length 240 for port 'cdw_in' [C:/Users/THUAN/Downloads/decap/reed_solomon_encode.v:121]
WARNING: [VRFC 10-3091] actual bit length 32 differs from formal bit length 1 for port 'start' [C:/Users/THUAN/Downloads/decap/reed_solomon_encode.v:108]
WARNING: [VRFC 10-3091] actual bit length 32 differs from formal bit length 1 for port 'start' [C:/Users/THUAN/Downloads/decap/reed_muller_encode.v:80]
WARNING: [VRFC 10-3091] actual bit length 32 differs from formal bit length 1 for port 'wr_en' [C:/Users/THUAN/Downloads/decap/encrypt.v:383]
WARNING: [VRFC 10-3091] actual bit length 7 differs from formal bit length 16 for port 'loc_addr' [C:/Users/THUAN/Downloads/decap/encrypt.v:466]
WARNING: [VRFC 10-3091] actual bit length 32 differs from formal bit length 8 for port 'weight' [C:/Users/THUAN/Downloads/decap/encrypt.v:468]
WARNING: [VRFC 10-3091] actual bit length 32 differs from formal bit length 1 for port 'add_wr_en' [C:/Users/THUAN/Downloads/decap/encrypt.v:483]
WARNING: [VRFC 10-3091] actual bit length 9 differs from formal bit length 8 for port 'address_0' [C:/Users/THUAN/Downloads/decap/poly_mult.v:230]
WARNING: [VRFC 10-3091] actual bit length 9 differs from formal bit length 8 for port 'address_1' [C:/Users/THUAN/Downloads/decap/poly_mult.v:231]
WARNING: [VRFC 10-3091] actual bit length 32 differs from formal bit length 24 for port 'data_1' [C:/Users/THUAN/Downloads/decap/fixed_weight_ct.v:242]
WARNING: [VRFC 10-3091] actual bit length 32 differs from formal bit length 1 for port 'wren_1' [C:/Users/THUAN/Downloads/decap/fixed_weight_ct.v:246]
WARNING: [VRFC 10-3091] actual bit length 32 differs from formal bit length 128 for port 'data_0' [C:/Users/THUAN/Downloads/decap/decap_tb.v:361]
WARNING: [VRFC 10-3091] actual bit length 32 differs from formal bit length 128 for port 'data_1' [C:/Users/THUAN/Downloads/decap/decap_tb.v:362]
WARNING: [VRFC 10-3091] actual bit length 9 differs from formal bit length 8 for port 'address_0' [C:/Users/THUAN/Downloads/decap/decap_tb.v:363]
WARNING: [VRFC 10-3091] actual bit length 9 differs from formal bit length 8 for port 'address_1' [C:/Users/THUAN/Downloads/decap/decap_tb.v:364]
WARNING: [VRFC 10-3091] actual bit length 32 differs from formal bit length 1 for port 'wren_0' [C:/Users/THUAN/Downloads/decap/decap_tb.v:365]
WARNING: [VRFC 10-3091] actual bit length 32 differs from formal bit length 1 for port 'wren_1' [C:/Users/THUAN/Downloads/decap/decap_tb.v:366]
WARNING: [VRFC 10-3091] actual bit length 32 differs from formal bit length 128 for port 'data_0' [C:/Users/THUAN/Downloads/decap/decap_tb.v:375]
WARNING: [VRFC 10-3091] actual bit length 32 differs from formal bit length 128 for port 'data_1' [C:/Users/THUAN/Downloads/decap/decap_tb.v:376]
WARNING: [VRFC 10-3091] actual bit length 9 differs from formal bit length 8 for port 'address_0' [C:/Users/THUAN/Downloads/decap/decap_tb.v:377]
WARNING: [VRFC 10-3091] actual bit length 9 differs from formal bit length 8 for port 'address_1' [C:/Users/THUAN/Downloads/decap/decap_tb.v:378]
WARNING: [VRFC 10-3091] actual bit length 32 differs from formal bit length 1 for port 'wren_0' [C:/Users/THUAN/Downloads/decap/decap_tb.v:379]
WARNING: [VRFC 10-3091] actual bit length 32 differs from formal bit length 1 for port 'wren_1' [C:/Users/THUAN/Downloads/decap/decap_tb.v:380]
WARNING: [VRFC 10-3091] actual bit length 32 differs from formal bit length 128 for port 'data_0' [C:/Users/THUAN/Downloads/decap/decap_tb.v:409]
WARNING: [VRFC 10-3091] actual bit length 32 differs from formal bit length 128 for port 'data_1' [C:/Users/THUAN/Downloads/decap/decap_tb.v:410]
WARNING: [VRFC 10-3091] actual bit length 32 differs from formal bit length 1 for port 'wren_0' [C:/Users/THUAN/Downloads/decap/decap_tb.v:413]
WARNING: [VRFC 10-3091] actual bit length 32 differs from formal bit length 1 for port 'wren_1' [C:/Users/THUAN/Downloads/decap/decap_tb.v:414]
WARNING: [VRFC 10-3091] actual bit length 32 differs from formal bit length 128 for port 'data_0' [C:/Users/THUAN/Downloads/decap/decap_tb.v:421]
WARNING: [VRFC 10-3091] actual bit length 32 differs from formal bit length 128 for port 'data_1' [C:/Users/THUAN/Downloads/decap/decap_tb.v:422]
WARNING: [VRFC 10-3091] actual bit length 32 differs from formal bit length 1 for port 'wren_0' [C:/Users/THUAN/Downloads/decap/decap_tb.v:425]
WARNING: [VRFC 10-3091] actual bit length 32 differs from formal bit length 1 for port 'wren_1' [C:/Users/THUAN/Downloads/decap/decap_tb.v:426]
WARNING: [VRFC 10-3091] actual bit length 32 differs from formal bit length 1 for port 'wr_en' [C:/Users/THUAN/Downloads/decap/decap_tb.v:440]
WARNING: [VRFC 10-3091] actual bit length 32 differs from formal bit length 15 for port 'data' [C:/Users/THUAN/Downloads/decap/decap_tb.v:452]
WARNING: [VRFC 10-3091] actual bit length 32 differs from formal bit length 1 for port 'wr_en' [C:/Users/THUAN/Downloads/decap/decap_tb.v:454]
WARNING: [VRFC 10-8864] concatenation with an unsized literal will be treated as 32 bits [C:/Users/THUAN/Downloads/decap/decap.v:529]
WARNING: [VRFC 10-5021] port 'shake_force_done_ack' is not connected on this instance [C:/Users/THUAN/Downloads/decap/decap.v:500]
WARNING: [VRFC 10-8864] concatenation with an unsized literal will be treated as 32 bits [C:/Users/THUAN/Downloads/decap/encap.v:246]
WARNING: [VRFC 10-8864] concatenation with an unsized literal will be treated as 32 bits [C:/Users/THUAN/Downloads/decap/encap.v:247]
WARNING: [VRFC 10-8864] concatenation with an unsized literal will be treated as 32 bits [C:/Users/THUAN/Downloads/decap/encap.v:544]
WARNING: [VRFC 10-5021] port 'rst' is not connected on this instance [C:/Users/THUAN/Downloads/decap/reed_muller_encode.v:77]
Completed static elaboration
INFO: [XSIM 43-4323] No Change in HDL. Linking previously generated obj files to create kernel
run_program: Time (s): cpu = 00:00:01 ; elapsed = 00:00:06 . Memory (MB): peak = 1341.355 ; gain = 0.000
INFO: [USF-XSim-69] 'elaborate' step finished in '6' seconds
INFO: [USF-XSim-4] XSim::Simulate design
INFO: [USF-XSim-61] Executing 'SIMULATE' step in 'D:/University/251/DA/decap/decap.sim/sim_1/behav/xsim'
INFO: [USF-XSim-98] *** Running xsim
   with args "decap_tb_behav -key {Behavioral:sim_1:Functional:decap_tb} -tclbatch {decap_tb.tcl} -log {simulate.log}"
INFO: [USF-XSim-8] Loading simulator feature
Time resolution is 1 ps
source decap_tb.tcl
# set curr_wave [current_wave_config]
# if { [string length $curr_wave] == 0 } {
#   if { [llength [get_objects]] > 0} {
#     add_wave /
#     set_property needs_save false [current_wave_config]
#   } else {
#      send_msg_id Add_Wave-1 WARNING "No top level signals found. Simulator will start without a wave window. If you want to open a wave window go to 'File->New Waveform Configuration' or type 'create_wave_config' in the TCL console."
#   }
# }
# run 1000ns
WARNING: Data truncated while reading Datafile: y_128.in, while loading at index: 0
WARNING: Data truncated while reading Datafile: y_128.in, while loading at index: 5
WARNING: Data truncated while reading Datafile: y_128.in, while loading at index: 11
WARNING: Data truncated while reading Datafile: y_128.in, while loading at index: 12
WARNING: Data truncated while reading Datafile: y_128.in, while loading at index: 13
WARNING: Data truncated while reading Datafile: y_128.in, while loading at index: 15
WARNING: Data truncated while reading Datafile: y_128.in, while loading at index: 16
WARNING: Data truncated while reading Datafile: y_128.in, while loading at index: 21
WARNING: Data truncated while reading Datafile: y_128.in, while loading at index: 29
WARNING: Data truncated while reading Datafile: y_128.in, while loading at index: 30
WARNING: Data truncated while reading Datafile: y_128.in, while loading at index: 31
WARNING: Data truncated while reading Datafile: y_128.in, while loading at index: 32
WARNING: Data truncated while reading Datafile: y_128.in, while loading at index: 35
WARNING: Data truncated while reading Datafile: y_128.in, while loading at index: 37
WARNING: Data truncated while reading Datafile: y_128.in, while loading at index: 39
WARNING: Data truncated while reading Datafile: y_128.in, while loading at index: 41
WARNING: Data truncated while reading Datafile: y_128.in, while loading at index: 43
WARNING: Data truncated while reading Datafile: y_128.in, while loading at index: 45
WARNING: Data truncated while reading Datafile: y_128.in, while loading at index: 46
WARNING: Data truncated while reading Datafile: y_128.in, while loading at index: 47
WARNING: Data truncated while reading Datafile: y_128.in, while loading at index: 49
WARNING: Data truncated while reading Datafile: y_128.in, while loading at index: 50
WARNING: Data truncated while reading Datafile: y_128.in, while loading at index: 53
WARNING: Data truncated while reading Datafile: y_128.in, while loading at index: 54
WARNING: Data truncated while reading Datafile: y_128.in, while loading at index: 55
WARNING: Data truncated while reading Datafile: y_128.in, while loading at index: 59
WARNING: Data truncated while reading Datafile: y_128.in, while loading at index: 60
WARNING: Data truncated while reading Datafile: y_128.in, while loading at index: 65
WARNING: Too many words specified in data file y_128.in

================ [DEBUG PHASE 3: DEEP DIVE] ================
>>> CHECK INTERNAL DECRYPT SIGNALS
    DECAP.uv_addr_0_dec: 000000000
>>> CHECK RESET & CLOCK
    DECAP.rst: 0
>>> CHECK MUX INPUTS
    DECAP.u_v_in_addr: 00000000
    DECAP.encap_out_addr: 00000000
    DECAP.encap_out_en: 0
>>> CHECK ENCAP INTERNAL
    ENCAP.h_addr_0: 000000000
================ [END REPORT] ================

INFO: [USF-XSim-96] XSim completed. Design snapshot 'decap_tb_behav' loaded.
INFO: [USF-XSim-97] XSim simulation ran for 1000ns
launch_simulation: Time (s): cpu = 00:00:05 ; elapsed = 00:00:12 . Memory (MB): peak = 1353.965 ; gain = 12.609
run all
Decode Clock Cycles:       4611
Total Clock Cycles:      45599
$finish called at time : 459675 ns : File "C:/Users/THUAN/Downloads/decap/decap_tb.v" Line 332
close_sim
INFO: [Simtcl 6-16] Simulation closed
launch_simulation
Command: launch_simulation 
INFO: [Vivado 12-12493] Simulation top is 'decap_tb'
WARNING: [Vivado 12-13340] Unable to auto find GCC executables from simulator install path! (path not set)
WARNING: [Vivado 12-13277] Compiled library path does not exist: ''
INFO: [Vivado 12-5682] Launching behavioral simulation in 'D:/University/251/DA/decap/decap.sim/sim_1/behav/xsim'
INFO: [SIM-utils-51] Simulation object is 'sim_1'
INFO: [SIM-utils-72] Using boost library from 'D:/Apps/Xilinx/Vivado/2022.2/tps/boost_1_72_0'
INFO: [SIM-utils-54] Inspecting design source files for 'decap_tb' in fileset 'sim_1'...
INFO: [SIM-utils-43] Exported 'D:/University/251/DA/decap/decap.sim/sim_1/behav/xsim/barrett_hqc_256.mem'
INFO: [SIM-utils-43] Exported 'D:/University/251/DA/decap/decap.sim/sim_1/behav/xsim/barrett_hqc_128.mem'
INFO: [SIM-utils-43] Exported 'D:/University/251/DA/decap/decap.sim/sim_1/behav/xsim/barrett_hqc_192.mem'
INFO: [USF-XSim-97] Finding global include files...
INFO: [USF-XSim-98] Fetching design files from 'sim_1'...
INFO: [USF-XSim-2] XSim::Compile design
INFO: [USF-XSim-61] Executing 'COMPILE and ANALYZE' step in 'D:/University/251/DA/decap/decap.sim/sim_1/behav/xsim'
"xvlog --incr --relax -prj decap_tb_vlog.prj"
INFO: [USF-XSim-69] 'compile' step finished in '2' seconds
INFO: [USF-XSim-3] XSim::Elaborate design
INFO: [USF-XSim-61] Executing 'ELABORATE' step in 'D:/University/251/DA/decap/decap.sim/sim_1/behav/xsim'
"xelab --incr --debug typical --relax --mt 2 -L xil_defaultlib -L unisims_ver -L unimacro_ver -L secureip --snapshot decap_tb_behav xil_defaultlib.decap_tb xil_defaultlib.glbl -log elaborate.log"
Vivado Simulator v2022.2
Copyright 1986-1999, 2001-2022 Xilinx, Inc. All Rights Reserved.
Running: D:/Apps/Xilinx/Vivado/2022.2/bin/unwrapped/win64.o/xelab.exe --incr --debug typical --relax --mt 2 -L xil_defaultlib -L unisims_ver -L unimacro_ver -L secureip --snapshot decap_tb_behav xil_defaultlib.decap_tb xil_defaultlib.glbl -log elaborate.log 
Using 2 slave threads.
Starting static elaboration
Pass Through NonSizing Optimizer
WARNING: [VRFC 10-3091] actual bit length 8 differs from formal bit length 9 for port 'u_addr_0' [C:/Users/THUAN/Downloads/decap/decap_tb.v:215]
WARNING: [VRFC 10-3091] actual bit length 8 differs from formal bit length 9 for port 'u_addr_1' [C:/Users/THUAN/Downloads/decap/decap_tb.v:216]
WARNING: [VRFC 10-3091] actual bit length 8 differs from formal bit length 9 for port 'v_addr_0' [C:/Users/THUAN/Downloads/decap/decap_tb.v:220]
WARNING: [VRFC 10-3091] actual bit length 8 differs from formal bit length 9 for port 'v_addr_1' [C:/Users/THUAN/Downloads/decap/decap_tb.v:221]
WARNING: [VRFC 10-3091] actual bit length 32 differs from formal bit length 128 for port 'decap_out' [C:/Users/THUAN/Downloads/decap/decap_tb.v:226]
WARNING: [VRFC 10-3091] actual bit length 32 differs from formal bit length 1 for port 'dout_ready_i' [C:/Users/THUAN/Downloads/decap/hqc_rmdecod_top.v:81]
WARNING: [VRFC 10-3091] actual bit length 32 differs from formal bit length 1 for port 'start' [C:/Users/THUAN/Downloads/decap/hqc_rsdecod_elp.v:92]
WARNING: [VRFC 10-3091] actual bit length 32 differs from formal bit length 1 for port 'start' [C:/Users/THUAN/Downloads/decap/hqc_rsdecod_elp.v:156]
WARNING: [VRFC 10-3091] actual bit length 32 differs from formal bit length 1 for port 'start' [C:/Users/THUAN/Downloads/decap/hqc_rsdecod_zpoly.v:101]
WARNING: [VRFC 10-3091] actual bit length 8 differs from formal bit length 32 for port 'dout_o' [C:/Users/THUAN/Downloads/decap/add_fft.v:81]
WARNING: [VRFC 10-3091] actual bit length 32 differs from formal bit length 1 for port 'start' [C:/Users/THUAN/Downloads/decap/fft_part1.v:143]
WARNING: [VRFC 10-3091] actual bit length 32 differs from formal bit length 1 for port 'start' [C:/Users/THUAN/Downloads/decap/fft_leaves_butterfly.v:70]
WARNING: [VRFC 10-3091] actual bit length 32 differs from formal bit length 1 for port 'start' [C:/Users/THUAN/Downloads/decap/fft_part2.v:147]
WARNING: [VRFC 10-3091] actual bit length 32 differs from formal bit length 1 for port 'start' [C:/Users/THUAN/Downloads/decap/hqc_rsdecod_err_val.v:176]
WARNING: [VRFC 10-3091] actual bit length 32 differs from formal bit length 1 for port 'start' [C:/Users/THUAN/Downloads/decap/hqc_rsdecod_err_val.v:187]
WARNING: [VRFC 10-3091] actual bit length 32 differs from formal bit length 2 for port 'encap_out_type' [C:/Users/THUAN/Downloads/decap/decap.v:526]
WARNING: [VRFC 10-3091] actual bit length 32 differs from formal bit length 1 for port 'encap_out_en' [C:/Users/THUAN/Downloads/decap/decap.v:528]
WARNING: [VRFC 10-3091] actual bit length 40 differs from formal bit length 8 for port 'encap_out_addr' [C:/Users/THUAN/Downloads/decap/decap.v:529]
WARNING: [VRFC 10-3091] actual bit length 368 differs from formal bit length 240 for port 'cdw_in' [C:/Users/THUAN/Downloads/decap/reed_solomon_encode.v:121]
WARNING: [VRFC 10-3091] actual bit length 32 differs from formal bit length 1 for port 'start' [C:/Users/THUAN/Downloads/decap/reed_solomon_encode.v:108]
WARNING: [VRFC 10-3091] actual bit length 32 differs from formal bit length 1 for port 'start' [C:/Users/THUAN/Downloads/decap/reed_muller_encode.v:80]
WARNING: [VRFC 10-3091] actual bit length 32 differs from formal bit length 1 for port 'wr_en' [C:/Users/THUAN/Downloads/decap/encrypt.v:383]
WARNING: [VRFC 10-3091] actual bit length 7 differs from formal bit length 16 for port 'loc_addr' [C:/Users/THUAN/Downloads/decap/encrypt.v:466]
WARNING: [VRFC 10-3091] actual bit length 32 differs from formal bit length 8 for port 'weight' [C:/Users/THUAN/Downloads/decap/encrypt.v:468]
WARNING: [VRFC 10-3091] actual bit length 32 differs from formal bit length 1 for port 'add_wr_en' [C:/Users/THUAN/Downloads/decap/encrypt.v:483]
WARNING: [VRFC 10-3091] actual bit length 9 differs from formal bit length 8 for port 'address_0' [C:/Users/THUAN/Downloads/decap/poly_mult.v:230]
WARNING: [VRFC 10-3091] actual bit length 9 differs from formal bit length 8 for port 'address_1' [C:/Users/THUAN/Downloads/decap/poly_mult.v:231]
WARNING: [VRFC 10-3091] actual bit length 32 differs from formal bit length 24 for port 'data_1' [C:/Users/THUAN/Downloads/decap/fixed_weight_ct.v:242]
WARNING: [VRFC 10-3091] actual bit length 32 differs from formal bit length 1 for port 'wren_1' [C:/Users/THUAN/Downloads/decap/fixed_weight_ct.v:246]
WARNING: [VRFC 10-3091] actual bit length 32 differs from formal bit length 128 for port 'data_0' [C:/Users/THUAN/Downloads/decap/decap_tb.v:361]
WARNING: [VRFC 10-3091] actual bit length 32 differs from formal bit length 128 for port 'data_1' [C:/Users/THUAN/Downloads/decap/decap_tb.v:362]
WARNING: [VRFC 10-3091] actual bit length 9 differs from formal bit length 8 for port 'address_0' [C:/Users/THUAN/Downloads/decap/decap_tb.v:363]
WARNING: [VRFC 10-3091] actual bit length 9 differs from formal bit length 8 for port 'address_1' [C:/Users/THUAN/Downloads/decap/decap_tb.v:364]
WARNING: [VRFC 10-3091] actual bit length 32 differs from formal bit length 1 for port 'wren_0' [C:/Users/THUAN/Downloads/decap/decap_tb.v:365]
WARNING: [VRFC 10-3091] actual bit length 32 differs from formal bit length 1 for port 'wren_1' [C:/Users/THUAN/Downloads/decap/decap_tb.v:366]
WARNING: [VRFC 10-3091] actual bit length 32 differs from formal bit length 128 for port 'data_0' [C:/Users/THUAN/Downloads/decap/decap_tb.v:375]
WARNING: [VRFC 10-3091] actual bit length 32 differs from formal bit length 128 for port 'data_1' [C:/Users/THUAN/Downloads/decap/decap_tb.v:376]
WARNING: [VRFC 10-3091] actual bit length 9 differs from formal bit length 8 for port 'address_0' [C:/Users/THUAN/Downloads/decap/decap_tb.v:377]
WARNING: [VRFC 10-3091] actual bit length 9 differs from formal bit length 8 for port 'address_1' [C:/Users/THUAN/Downloads/decap/decap_tb.v:378]
WARNING: [VRFC 10-3091] actual bit length 32 differs from formal bit length 1 for port 'wren_0' [C:/Users/THUAN/Downloads/decap/decap_tb.v:379]
WARNING: [VRFC 10-3091] actual bit length 32 differs from formal bit length 1 for port 'wren_1' [C:/Users/THUAN/Downloads/decap/decap_tb.v:380]
WARNING: [VRFC 10-3091] actual bit length 32 differs from formal bit length 128 for port 'data_0' [C:/Users/THUAN/Downloads/decap/decap_tb.v:409]
WARNING: [VRFC 10-3091] actual bit length 32 differs from formal bit length 128 for port 'data_1' [C:/Users/THUAN/Downloads/decap/decap_tb.v:410]
WARNING: [VRFC 10-3091] actual bit length 32 differs from formal bit length 1 for port 'wren_0' [C:/Users/THUAN/Downloads/decap/decap_tb.v:413]
WARNING: [VRFC 10-3091] actual bit length 32 differs from formal bit length 1 for port 'wren_1' [C:/Users/THUAN/Downloads/decap/decap_tb.v:414]
WARNING: [VRFC 10-3091] actual bit length 32 differs from formal bit length 128 for port 'data_0' [C:/Users/THUAN/Downloads/decap/decap_tb.v:421]
WARNING: [VRFC 10-3091] actual bit length 32 differs from formal bit length 128 for port 'data_1' [C:/Users/THUAN/Downloads/decap/decap_tb.v:422]
WARNING: [VRFC 10-3091] actual bit length 32 differs from formal bit length 1 for port 'wren_0' [C:/Users/THUAN/Downloads/decap/decap_tb.v:425]
WARNING: [VRFC 10-3091] actual bit length 32 differs from formal bit length 1 for port 'wren_1' [C:/Users/THUAN/Downloads/decap/decap_tb.v:426]
WARNING: [VRFC 10-3091] actual bit length 32 differs from formal bit length 1 for port 'wr_en' [C:/Users/THUAN/Downloads/decap/decap_tb.v:440]
WARNING: [VRFC 10-3091] actual bit length 32 differs from formal bit length 15 for port 'data' [C:/Users/THUAN/Downloads/decap/decap_tb.v:452]
WARNING: [VRFC 10-3091] actual bit length 32 differs from formal bit length 1 for port 'wr_en' [C:/Users/THUAN/Downloads/decap/decap_tb.v:454]
WARNING: [VRFC 10-8864] concatenation with an unsized literal will be treated as 32 bits [C:/Users/THUAN/Downloads/decap/decap.v:529]
WARNING: [VRFC 10-5021] port 'shake_force_done_ack' is not connected on this instance [C:/Users/THUAN/Downloads/decap/decap.v:500]
WARNING: [VRFC 10-8864] concatenation with an unsized literal will be treated as 32 bits [C:/Users/THUAN/Downloads/decap/encap.v:246]
WARNING: [VRFC 10-8864] concatenation with an unsized literal will be treated as 32 bits [C:/Users/THUAN/Downloads/decap/encap.v:247]
WARNING: [VRFC 10-8864] concatenation with an unsized literal will be treated as 32 bits [C:/Users/THUAN/Downloads/decap/encap.v:544]
WARNING: [VRFC 10-5021] port 'rst' is not connected on this instance [C:/Users/THUAN/Downloads/decap/reed_muller_encode.v:77]
Completed static elaboration
INFO: [XSIM 43-4323] No Change in HDL. Linking previously generated obj files to create kernel
run_program: Time (s): cpu = 00:00:01 ; elapsed = 00:00:06 . Memory (MB): peak = 1367.785 ; gain = 0.000
INFO: [USF-XSim-69] 'elaborate' step finished in '6' seconds
INFO: [USF-XSim-4] XSim::Simulate design
INFO: [USF-XSim-61] Executing 'SIMULATE' step in 'D:/University/251/DA/decap/decap.sim/sim_1/behav/xsim'
INFO: [USF-XSim-98] *** Running xsim
   with args "decap_tb_behav -key {Behavioral:sim_1:Functional:decap_tb} -tclbatch {decap_tb.tcl} -log {simulate.log}"
INFO: [USF-XSim-8] Loading simulator feature
Time resolution is 1 ps
source decap_tb.tcl
# set curr_wave [current_wave_config]
# if { [string length $curr_wave] == 0 } {
#   if { [llength [get_objects]] > 0} {
#     add_wave /
#     set_property needs_save false [current_wave_config]
#   } else {
#      send_msg_id Add_Wave-1 WARNING "No top level signals found. Simulator will start without a wave window. If you want to open a wave window go to 'File->New Waveform Configuration' or type 'create_wave_config' in the TCL console."
#   }
# }
# run 1000ns
WARNING: Data truncated while reading Datafile: y_128.in, while loading at index: 0
WARNING: Data truncated while reading Datafile: y_128.in, while loading at index: 2
WARNING: Data truncated while reading Datafile: y_128.in, while loading at index: 3
WARNING: Data truncated while reading Datafile: y_128.in, while loading at index: 7
WARNING: Data truncated while reading Datafile: y_128.in, while loading at index: 8
WARNING: Data truncated while reading Datafile: y_128.in, while loading at index: 9
WARNING: Data truncated while reading Datafile: y_128.in, while loading at index: 12
WARNING: Data truncated while reading Datafile: y_128.in, while loading at index: 17
WARNING: Data truncated while reading Datafile: y_128.in, while loading at index: 18
WARNING: Data truncated while reading Datafile: y_128.in, while loading at index: 21
WARNING: Data truncated while reading Datafile: y_128.in, while loading at index: 25
WARNING: Data truncated while reading Datafile: y_128.in, while loading at index: 29
WARNING: Data truncated while reading Datafile: y_128.in, while loading at index: 32
WARNING: Data truncated while reading Datafile: y_128.in, while loading at index: 33
WARNING: Data truncated while reading Datafile: y_128.in, while loading at index: 36
WARNING: Data truncated while reading Datafile: y_128.in, while loading at index: 41
WARNING: Data truncated while reading Datafile: y_128.in, while loading at index: 43
WARNING: Data truncated while reading Datafile: y_128.in, while loading at index: 45
WARNING: Data truncated while reading Datafile: y_128.in, while loading at index: 47
WARNING: Data truncated while reading Datafile: y_128.in, while loading at index: 51
WARNING: Data truncated while reading Datafile: y_128.in, while loading at index: 60
WARNING: Data truncated while reading Datafile: y_128.in, while loading at index: 61
WARNING: Data truncated while reading Datafile: y_128.in, while loading at index: 63
WARNING: Data truncated while reading Datafile: y_128.in, while loading at index: 64
WARNING: Too many words specified in data file y_128.in

================ [DEBUG PHASE 3: DEEP DIVE] ================
>>> CHECK INTERNAL DECRYPT SIGNALS
    DECAP.uv_addr_0_dec: 000000000
>>> CHECK RESET & CLOCK
    DECAP.rst: 0
>>> CHECK MUX INPUTS
    DECAP.u_v_in_addr: 00000000
    DECAP.encap_out_addr: 00000000
    DECAP.encap_out_en: 0
>>> CHECK ENCAP INTERNAL
    ENCAP.h_addr_0: 000000000
================ [END REPORT] ================

INFO: [USF-XSim-96] XSim completed. Design snapshot 'decap_tb_behav' loaded.
INFO: [USF-XSim-97] XSim simulation ran for 1000ns
launch_simulation: Time (s): cpu = 00:00:05 ; elapsed = 00:00:12 . Memory (MB): peak = 1367.785 ; gain = 0.000
run all
Decode Clock Cycles:       4611
Total Clock Cycles:      45599
$finish called at time : 459675 ns : File "C:/Users/THUAN/Downloads/decap/decap_tb.v" Line 332
close_sim
INFO: [Simtcl 6-16] Simulation closed
launch_simulation
Command: launch_simulation 
INFO: [Vivado 12-12493] Simulation top is 'decap_tb'
WARNING: [Vivado 12-13340] Unable to auto find GCC executables from simulator install path! (path not set)
WARNING: [Vivado 12-13277] Compiled library path does not exist: ''
INFO: [Vivado 12-5682] Launching behavioral simulation in 'D:/University/251/DA/decap/decap.sim/sim_1/behav/xsim'
INFO: [SIM-utils-51] Simulation object is 'sim_1'
INFO: [SIM-utils-72] Using boost library from 'D:/Apps/Xilinx/Vivado/2022.2/tps/boost_1_72_0'
INFO: [SIM-utils-54] Inspecting design source files for 'decap_tb' in fileset 'sim_1'...
INFO: [SIM-utils-43] Exported 'D:/University/251/DA/decap/decap.sim/sim_1/behav/xsim/barrett_hqc_256.mem'
INFO: [SIM-utils-43] Exported 'D:/University/251/DA/decap/decap.sim/sim_1/behav/xsim/barrett_hqc_128.mem'
INFO: [SIM-utils-43] Exported 'D:/University/251/DA/decap/decap.sim/sim_1/behav/xsim/barrett_hqc_192.mem'
INFO: [USF-XSim-97] Finding global include files...
INFO: [USF-XSim-98] Fetching design files from 'sim_1'...
INFO: [USF-XSim-2] XSim::Compile design
INFO: [USF-XSim-61] Executing 'COMPILE and ANALYZE' step in 'D:/University/251/DA/decap/decap.sim/sim_1/behav/xsim'
"xvlog --incr --relax -prj decap_tb_vlog.prj"
INFO: [USF-XSim-69] 'compile' step finished in '1' seconds
INFO: [USF-XSim-3] XSim::Elaborate design
INFO: [USF-XSim-61] Executing 'ELABORATE' step in 'D:/University/251/DA/decap/decap.sim/sim_1/behav/xsim'
"xelab --incr --debug typical --relax --mt 2 -L xil_defaultlib -L unisims_ver -L unimacro_ver -L secureip --snapshot decap_tb_behav xil_defaultlib.decap_tb xil_defaultlib.glbl -log elaborate.log"
Vivado Simulator v2022.2
Copyright 1986-1999, 2001-2022 Xilinx, Inc. All Rights Reserved.
Running: D:/Apps/Xilinx/Vivado/2022.2/bin/unwrapped/win64.o/xelab.exe --incr --debug typical --relax --mt 2 -L xil_defaultlib -L unisims_ver -L unimacro_ver -L secureip --snapshot decap_tb_behav xil_defaultlib.decap_tb xil_defaultlib.glbl -log elaborate.log 
Using 2 slave threads.
Starting static elaboration
Pass Through NonSizing Optimizer
WARNING: [VRFC 10-3091] actual bit length 8 differs from formal bit length 9 for port 'u_addr_0' [C:/Users/THUAN/Downloads/decap/decap_tb.v:215]
WARNING: [VRFC 10-3091] actual bit length 8 differs from formal bit length 9 for port 'u_addr_1' [C:/Users/THUAN/Downloads/decap/decap_tb.v:216]
WARNING: [VRFC 10-3091] actual bit length 8 differs from formal bit length 9 for port 'v_addr_0' [C:/Users/THUAN/Downloads/decap/decap_tb.v:220]
WARNING: [VRFC 10-3091] actual bit length 8 differs from formal bit length 9 for port 'v_addr_1' [C:/Users/THUAN/Downloads/decap/decap_tb.v:221]
WARNING: [VRFC 10-3091] actual bit length 32 differs from formal bit length 128 for port 'decap_out' [C:/Users/THUAN/Downloads/decap/decap_tb.v:226]
WARNING: [VRFC 10-3091] actual bit length 32 differs from formal bit length 1 for port 'dout_ready_i' [C:/Users/THUAN/Downloads/decap/hqc_rmdecod_top.v:81]
WARNING: [VRFC 10-3091] actual bit length 32 differs from formal bit length 1 for port 'start' [C:/Users/THUAN/Downloads/decap/hqc_rsdecod_elp.v:92]
WARNING: [VRFC 10-3091] actual bit length 32 differs from formal bit length 1 for port 'start' [C:/Users/THUAN/Downloads/decap/hqc_rsdecod_elp.v:156]
WARNING: [VRFC 10-3091] actual bit length 32 differs from formal bit length 1 for port 'start' [C:/Users/THUAN/Downloads/decap/hqc_rsdecod_zpoly.v:101]
WARNING: [VRFC 10-3091] actual bit length 8 differs from formal bit length 32 for port 'dout_o' [C:/Users/THUAN/Downloads/decap/add_fft.v:81]
WARNING: [VRFC 10-3091] actual bit length 32 differs from formal bit length 1 for port 'start' [C:/Users/THUAN/Downloads/decap/fft_part1.v:143]
WARNING: [VRFC 10-3091] actual bit length 32 differs from formal bit length 1 for port 'start' [C:/Users/THUAN/Downloads/decap/fft_leaves_butterfly.v:70]
WARNING: [VRFC 10-3091] actual bit length 32 differs from formal bit length 1 for port 'start' [C:/Users/THUAN/Downloads/decap/fft_part2.v:147]
WARNING: [VRFC 10-3091] actual bit length 32 differs from formal bit length 1 for port 'start' [C:/Users/THUAN/Downloads/decap/hqc_rsdecod_err_val.v:176]
WARNING: [VRFC 10-3091] actual bit length 32 differs from formal bit length 1 for port 'start' [C:/Users/THUAN/Downloads/decap/hqc_rsdecod_err_val.v:187]
WARNING: [VRFC 10-3091] actual bit length 32 differs from formal bit length 2 for port 'encap_out_type' [C:/Users/THUAN/Downloads/decap/decap.v:526]
WARNING: [VRFC 10-3091] actual bit length 32 differs from formal bit length 1 for port 'encap_out_en' [C:/Users/THUAN/Downloads/decap/decap.v:528]
WARNING: [VRFC 10-3091] actual bit length 40 differs from formal bit length 8 for port 'encap_out_addr' [C:/Users/THUAN/Downloads/decap/decap.v:529]
WARNING: [VRFC 10-3091] actual bit length 368 differs from formal bit length 240 for port 'cdw_in' [C:/Users/THUAN/Downloads/decap/reed_solomon_encode.v:121]
WARNING: [VRFC 10-3091] actual bit length 32 differs from formal bit length 1 for port 'start' [C:/Users/THUAN/Downloads/decap/reed_solomon_encode.v:108]
WARNING: [VRFC 10-3091] actual bit length 32 differs from formal bit length 1 for port 'start' [C:/Users/THUAN/Downloads/decap/reed_muller_encode.v:80]
WARNING: [VRFC 10-3091] actual bit length 32 differs from formal bit length 1 for port 'wr_en' [C:/Users/THUAN/Downloads/decap/encrypt.v:383]
WARNING: [VRFC 10-3091] actual bit length 7 differs from formal bit length 16 for port 'loc_addr' [C:/Users/THUAN/Downloads/decap/encrypt.v:466]
WARNING: [VRFC 10-3091] actual bit length 32 differs from formal bit length 8 for port 'weight' [C:/Users/THUAN/Downloads/decap/encrypt.v:468]
WARNING: [VRFC 10-3091] actual bit length 32 differs from formal bit length 1 for port 'add_wr_en' [C:/Users/THUAN/Downloads/decap/encrypt.v:483]
WARNING: [VRFC 10-3091] actual bit length 9 differs from formal bit length 8 for port 'address_0' [C:/Users/THUAN/Downloads/decap/poly_mult.v:230]
WARNING: [VRFC 10-3091] actual bit length 9 differs from formal bit length 8 for port 'address_1' [C:/Users/THUAN/Downloads/decap/poly_mult.v:231]
WARNING: [VRFC 10-3091] actual bit length 32 differs from formal bit length 24 for port 'data_1' [C:/Users/THUAN/Downloads/decap/fixed_weight_ct.v:242]
WARNING: [VRFC 10-3091] actual bit length 32 differs from formal bit length 1 for port 'wren_1' [C:/Users/THUAN/Downloads/decap/fixed_weight_ct.v:246]
WARNING: [VRFC 10-3091] actual bit length 32 differs from formal bit length 128 for port 'data_0' [C:/Users/THUAN/Downloads/decap/decap_tb.v:361]
WARNING: [VRFC 10-3091] actual bit length 32 differs from formal bit length 128 for port 'data_1' [C:/Users/THUAN/Downloads/decap/decap_tb.v:362]
WARNING: [VRFC 10-3091] actual bit length 9 differs from formal bit length 8 for port 'address_0' [C:/Users/THUAN/Downloads/decap/decap_tb.v:363]
WARNING: [VRFC 10-3091] actual bit length 9 differs from formal bit length 8 for port 'address_1' [C:/Users/THUAN/Downloads/decap/decap_tb.v:364]
WARNING: [VRFC 10-3091] actual bit length 32 differs from formal bit length 1 for port 'wren_0' [C:/Users/THUAN/Downloads/decap/decap_tb.v:365]
WARNING: [VRFC 10-3091] actual bit length 32 differs from formal bit length 1 for port 'wren_1' [C:/Users/THUAN/Downloads/decap/decap_tb.v:366]
WARNING: [VRFC 10-3091] actual bit length 32 differs from formal bit length 128 for port 'data_0' [C:/Users/THUAN/Downloads/decap/decap_tb.v:375]
WARNING: [VRFC 10-3091] actual bit length 32 differs from formal bit length 128 for port 'data_1' [C:/Users/THUAN/Downloads/decap/decap_tb.v:376]
WARNING: [VRFC 10-3091] actual bit length 9 differs from formal bit length 8 for port 'address_0' [C:/Users/THUAN/Downloads/decap/decap_tb.v:377]
WARNING: [VRFC 10-3091] actual bit length 9 differs from formal bit length 8 for port 'address_1' [C:/Users/THUAN/Downloads/decap/decap_tb.v:378]
WARNING: [VRFC 10-3091] actual bit length 32 differs from formal bit length 1 for port 'wren_0' [C:/Users/THUAN/Downloads/decap/decap_tb.v:379]
WARNING: [VRFC 10-3091] actual bit length 32 differs from formal bit length 1 for port 'wren_1' [C:/Users/THUAN/Downloads/decap/decap_tb.v:380]
WARNING: [VRFC 10-3091] actual bit length 32 differs from formal bit length 128 for port 'data_0' [C:/Users/THUAN/Downloads/decap/decap_tb.v:409]
WARNING: [VRFC 10-3091] actual bit length 32 differs from formal bit length 128 for port 'data_1' [C:/Users/THUAN/Downloads/decap/decap_tb.v:410]
WARNING: [VRFC 10-3091] actual bit length 32 differs from formal bit length 1 for port 'wren_0' [C:/Users/THUAN/Downloads/decap/decap_tb.v:413]
WARNING: [VRFC 10-3091] actual bit length 32 differs from formal bit length 1 for port 'wren_1' [C:/Users/THUAN/Downloads/decap/decap_tb.v:414]
WARNING: [VRFC 10-3091] actual bit length 32 differs from formal bit length 128 for port 'data_0' [C:/Users/THUAN/Downloads/decap/decap_tb.v:421]
WARNING: [VRFC 10-3091] actual bit length 32 differs from formal bit length 128 for port 'data_1' [C:/Users/THUAN/Downloads/decap/decap_tb.v:422]
WARNING: [VRFC 10-3091] actual bit length 32 differs from formal bit length 1 for port 'wren_0' [C:/Users/THUAN/Downloads/decap/decap_tb.v:425]
WARNING: [VRFC 10-3091] actual bit length 32 differs from formal bit length 1 for port 'wren_1' [C:/Users/THUAN/Downloads/decap/decap_tb.v:426]
WARNING: [VRFC 10-3091] actual bit length 32 differs from formal bit length 1 for port 'wr_en' [C:/Users/THUAN/Downloads/decap/decap_tb.v:440]
WARNING: [VRFC 10-3091] actual bit length 32 differs from formal bit length 15 for port 'data' [C:/Users/THUAN/Downloads/decap/decap_tb.v:452]
WARNING: [VRFC 10-3091] actual bit length 32 differs from formal bit length 1 for port 'wr_en' [C:/Users/THUAN/Downloads/decap/decap_tb.v:454]
WARNING: [VRFC 10-8864] concatenation with an unsized literal will be treated as 32 bits [C:/Users/THUAN/Downloads/decap/decap.v:529]
WARNING: [VRFC 10-5021] port 'shake_force_done_ack' is not connected on this instance [C:/Users/THUAN/Downloads/decap/decap.v:500]
WARNING: [VRFC 10-8864] concatenation with an unsized literal will be treated as 32 bits [C:/Users/THUAN/Downloads/decap/encap.v:246]
WARNING: [VRFC 10-8864] concatenation with an unsized literal will be treated as 32 bits [C:/Users/THUAN/Downloads/decap/encap.v:247]
WARNING: [VRFC 10-8864] concatenation with an unsized literal will be treated as 32 bits [C:/Users/THUAN/Downloads/decap/encap.v:544]
WARNING: [VRFC 10-5021] port 'rst' is not connected on this instance [C:/Users/THUAN/Downloads/decap/reed_muller_encode.v:77]
Completed static elaboration
INFO: [XSIM 43-4323] No Change in HDL. Linking previously generated obj files to create kernel
run_program: Time (s): cpu = 00:00:00 ; elapsed = 00:00:06 . Memory (MB): peak = 1397.828 ; gain = 0.000
INFO: [USF-XSim-69] 'elaborate' step finished in '6' seconds
INFO: [USF-XSim-4] XSim::Simulate design
INFO: [USF-XSim-61] Executing 'SIMULATE' step in 'D:/University/251/DA/decap/decap.sim/sim_1/behav/xsim'
INFO: [USF-XSim-98] *** Running xsim
   with args "decap_tb_behav -key {Behavioral:sim_1:Functional:decap_tb} -tclbatch {decap_tb.tcl} -log {simulate.log}"
INFO: [USF-XSim-8] Loading simulator feature
Time resolution is 1 ps
source decap_tb.tcl
# set curr_wave [current_wave_config]
# if { [string length $curr_wave] == 0 } {
#   if { [llength [get_objects]] > 0} {
#     add_wave /
#     set_property needs_save false [current_wave_config]
#   } else {
#      send_msg_id Add_Wave-1 WARNING "No top level signals found. Simulator will start without a wave window. If you want to open a wave window go to 'File->New Waveform Configuration' or type 'create_wave_config' in the TCL console."
#   }
# }
# run 1000ns

================ [DEBUG PHASE 3: DEEP DIVE] ================
>>> CHECK INTERNAL DECRYPT SIGNALS
    DECAP.uv_addr_0_dec: 000000000
>>> CHECK RESET & CLOCK
    DECAP.rst: 0
>>> CHECK MUX INPUTS
    DECAP.u_v_in_addr: 00000000
    DECAP.encap_out_addr: 00000000
    DECAP.encap_out_en: 0
>>> CHECK ENCAP INTERNAL
    ENCAP.h_addr_0: 000000000
================ [END REPORT] ================

INFO: [USF-XSim-96] XSim completed. Design snapshot 'decap_tb_behav' loaded.
INFO: [USF-XSim-97] XSim simulation ran for 1000ns
launch_simulation: Time (s): cpu = 00:00:05 ; elapsed = 00:00:11 . Memory (MB): peak = 1408.246 ; gain = 10.418
run all
Decode Clock Cycles:       4611
Total Clock Cycles:      45599
$finish called at time : 459675 ns : File "C:/Users/THUAN/Downloads/decap/decap_tb.v" Line 332
run: Time (s): cpu = 00:00:06 ; elapsed = 00:00:10 . Memory (MB): peak = 1440.707 ; gain = 32.461
run all
INFO: [Common 17-41] Interrupt caught. Command should exit soon.
run: Time (s): cpu = 00:00:01 ; elapsed = 00:00:06 . Memory (MB): peak = 1440.707 ; gain = 0.000
INFO: [Common 17-344] 'run' was cancelled
close_sim
INFO: xsimkernel Simulation Memory Usage: 24048 KB (Peak: 24048 KB), Simulation CPU Usage: 15187 ms
INFO: [Simtcl 6-16] Simulation closed
launch_simulation
Command: launch_simulation 
INFO: [Vivado 12-12493] Simulation top is 'decap_tb'
WARNING: [Vivado 12-13340] Unable to auto find GCC executables from simulator install path! (path not set)
WARNING: [Vivado 12-13277] Compiled library path does not exist: ''
INFO: [Vivado 12-5682] Launching behavioral simulation in 'D:/University/251/DA/decap/decap.sim/sim_1/behav/xsim'
INFO: [SIM-utils-51] Simulation object is 'sim_1'
INFO: [SIM-utils-72] Using boost library from 'D:/Apps/Xilinx/Vivado/2022.2/tps/boost_1_72_0'
INFO: [SIM-utils-54] Inspecting design source files for 'decap_tb' in fileset 'sim_1'...
INFO: [SIM-utils-43] Exported 'D:/University/251/DA/decap/decap.sim/sim_1/behav/xsim/barrett_hqc_256.mem'
INFO: [SIM-utils-43] Exported 'D:/University/251/DA/decap/decap.sim/sim_1/behav/xsim/barrett_hqc_128.mem'
INFO: [SIM-utils-43] Exported 'D:/University/251/DA/decap/decap.sim/sim_1/behav/xsim/barrett_hqc_192.mem'
INFO: [USF-XSim-97] Finding global include files...
INFO: [USF-XSim-98] Fetching design files from 'sim_1'...
INFO: [USF-XSim-2] XSim::Compile design
INFO: [USF-XSim-61] Executing 'COMPILE and ANALYZE' step in 'D:/University/251/DA/decap/decap.sim/sim_1/behav/xsim'
"xvlog --incr --relax -prj decap_tb_vlog.prj"
INFO: [USF-XSim-69] 'compile' step finished in '2' seconds
INFO: [USF-XSim-3] XSim::Elaborate design
INFO: [USF-XSim-61] Executing 'ELABORATE' step in 'D:/University/251/DA/decap/decap.sim/sim_1/behav/xsim'
"xelab --incr --debug typical --relax --mt 2 -L xil_defaultlib -L unisims_ver -L unimacro_ver -L secureip --snapshot decap_tb_behav xil_defaultlib.decap_tb xil_defaultlib.glbl -log elaborate.log"
Vivado Simulator v2022.2
Copyright 1986-1999, 2001-2022 Xilinx, Inc. All Rights Reserved.
Running: D:/Apps/Xilinx/Vivado/2022.2/bin/unwrapped/win64.o/xelab.exe --incr --debug typical --relax --mt 2 -L xil_defaultlib -L unisims_ver -L unimacro_ver -L secureip --snapshot decap_tb_behav xil_defaultlib.decap_tb xil_defaultlib.glbl -log elaborate.log 
Using 2 slave threads.
Starting static elaboration
Pass Through NonSizing Optimizer
WARNING: [VRFC 10-3091] actual bit length 8 differs from formal bit length 9 for port 'u_addr_0' [C:/Users/THUAN/Downloads/decap/decap_tb.v:215]
WARNING: [VRFC 10-3091] actual bit length 8 differs from formal bit length 9 for port 'u_addr_1' [C:/Users/THUAN/Downloads/decap/decap_tb.v:216]
WARNING: [VRFC 10-3091] actual bit length 8 differs from formal bit length 9 for port 'v_addr_0' [C:/Users/THUAN/Downloads/decap/decap_tb.v:220]
WARNING: [VRFC 10-3091] actual bit length 8 differs from formal bit length 9 for port 'v_addr_1' [C:/Users/THUAN/Downloads/decap/decap_tb.v:221]
WARNING: [VRFC 10-3091] actual bit length 32 differs from formal bit length 128 for port 'decap_out' [C:/Users/THUAN/Downloads/decap/decap_tb.v:226]
WARNING: [VRFC 10-3091] actual bit length 32 differs from formal bit length 1 for port 'dout_ready_i' [C:/Users/THUAN/Downloads/decap/hqc_rmdecod_top.v:81]
WARNING: [VRFC 10-3091] actual bit length 32 differs from formal bit length 1 for port 'start' [C:/Users/THUAN/Downloads/decap/hqc_rsdecod_elp.v:92]
WARNING: [VRFC 10-3091] actual bit length 32 differs from formal bit length 1 for port 'start' [C:/Users/THUAN/Downloads/decap/hqc_rsdecod_elp.v:156]
WARNING: [VRFC 10-3091] actual bit length 32 differs from formal bit length 1 for port 'start' [C:/Users/THUAN/Downloads/decap/hqc_rsdecod_zpoly.v:101]
WARNING: [VRFC 10-3091] actual bit length 8 differs from formal bit length 32 for port 'dout_o' [C:/Users/THUAN/Downloads/decap/add_fft.v:81]
WARNING: [VRFC 10-3091] actual bit length 32 differs from formal bit length 1 for port 'start' [C:/Users/THUAN/Downloads/decap/fft_part1.v:143]
WARNING: [VRFC 10-3091] actual bit length 32 differs from formal bit length 1 for port 'start' [C:/Users/THUAN/Downloads/decap/fft_leaves_butterfly.v:70]
WARNING: [VRFC 10-3091] actual bit length 32 differs from formal bit length 1 for port 'start' [C:/Users/THUAN/Downloads/decap/fft_part2.v:147]
WARNING: [VRFC 10-3091] actual bit length 32 differs from formal bit length 1 for port 'start' [C:/Users/THUAN/Downloads/decap/hqc_rsdecod_err_val.v:176]
WARNING: [VRFC 10-3091] actual bit length 32 differs from formal bit length 1 for port 'start' [C:/Users/THUAN/Downloads/decap/hqc_rsdecod_err_val.v:187]
WARNING: [VRFC 10-3091] actual bit length 32 differs from formal bit length 2 for port 'encap_out_type' [C:/Users/THUAN/Downloads/decap/decap.v:526]
WARNING: [VRFC 10-3091] actual bit length 32 differs from formal bit length 1 for port 'encap_out_en' [C:/Users/THUAN/Downloads/decap/decap.v:528]
WARNING: [VRFC 10-3091] actual bit length 40 differs from formal bit length 8 for port 'encap_out_addr' [C:/Users/THUAN/Downloads/decap/decap.v:529]
WARNING: [VRFC 10-3091] actual bit length 368 differs from formal bit length 240 for port 'cdw_in' [C:/Users/THUAN/Downloads/decap/reed_solomon_encode.v:121]
WARNING: [VRFC 10-3091] actual bit length 32 differs from formal bit length 1 for port 'start' [C:/Users/THUAN/Downloads/decap/reed_solomon_encode.v:108]
WARNING: [VRFC 10-3091] actual bit length 32 differs from formal bit length 1 for port 'start' [C:/Users/THUAN/Downloads/decap/reed_muller_encode.v:80]
WARNING: [VRFC 10-3091] actual bit length 32 differs from formal bit length 1 for port 'wr_en' [C:/Users/THUAN/Downloads/decap/encrypt.v:383]
WARNING: [VRFC 10-3091] actual bit length 7 differs from formal bit length 16 for port 'loc_addr' [C:/Users/THUAN/Downloads/decap/encrypt.v:466]
WARNING: [VRFC 10-3091] actual bit length 32 differs from formal bit length 8 for port 'weight' [C:/Users/THUAN/Downloads/decap/encrypt.v:468]
WARNING: [VRFC 10-3091] actual bit length 32 differs from formal bit length 1 for port 'add_wr_en' [C:/Users/THUAN/Downloads/decap/encrypt.v:483]
WARNING: [VRFC 10-3091] actual bit length 9 differs from formal bit length 8 for port 'address_0' [C:/Users/THUAN/Downloads/decap/poly_mult.v:230]
WARNING: [VRFC 10-3091] actual bit length 9 differs from formal bit length 8 for port 'address_1' [C:/Users/THUAN/Downloads/decap/poly_mult.v:231]
WARNING: [VRFC 10-3091] actual bit length 32 differs from formal bit length 24 for port 'data_1' [C:/Users/THUAN/Downloads/decap/fixed_weight_ct.v:242]
WARNING: [VRFC 10-3091] actual bit length 32 differs from formal bit length 1 for port 'wren_1' [C:/Users/THUAN/Downloads/decap/fixed_weight_ct.v:246]
WARNING: [VRFC 10-3091] actual bit length 32 differs from formal bit length 128 for port 'data_0' [C:/Users/THUAN/Downloads/decap/decap_tb.v:361]
WARNING: [VRFC 10-3091] actual bit length 32 differs from formal bit length 128 for port 'data_1' [C:/Users/THUAN/Downloads/decap/decap_tb.v:362]
WARNING: [VRFC 10-3091] actual bit length 9 differs from formal bit length 8 for port 'address_0' [C:/Users/THUAN/Downloads/decap/decap_tb.v:363]
WARNING: [VRFC 10-3091] actual bit length 9 differs from formal bit length 8 for port 'address_1' [C:/Users/THUAN/Downloads/decap/decap_tb.v:364]
WARNING: [VRFC 10-3091] actual bit length 32 differs from formal bit length 1 for port 'wren_0' [C:/Users/THUAN/Downloads/decap/decap_tb.v:365]
WARNING: [VRFC 10-3091] actual bit length 32 differs from formal bit length 1 for port 'wren_1' [C:/Users/THUAN/Downloads/decap/decap_tb.v:366]
WARNING: [VRFC 10-3091] actual bit length 32 differs from formal bit length 128 for port 'data_0' [C:/Users/THUAN/Downloads/decap/decap_tb.v:375]
WARNING: [VRFC 10-3091] actual bit length 32 differs from formal bit length 128 for port 'data_1' [C:/Users/THUAN/Downloads/decap/decap_tb.v:376]
WARNING: [VRFC 10-3091] actual bit length 9 differs from formal bit length 8 for port 'address_0' [C:/Users/THUAN/Downloads/decap/decap_tb.v:377]
WARNING: [VRFC 10-3091] actual bit length 9 differs from formal bit length 8 for port 'address_1' [C:/Users/THUAN/Downloads/decap/decap_tb.v:378]
WARNING: [VRFC 10-3091] actual bit length 32 differs from formal bit length 1 for port 'wren_0' [C:/Users/THUAN/Downloads/decap/decap_tb.v:379]
WARNING: [VRFC 10-3091] actual bit length 32 differs from formal bit length 1 for port 'wren_1' [C:/Users/THUAN/Downloads/decap/decap_tb.v:380]
WARNING: [VRFC 10-3091] actual bit length 32 differs from formal bit length 128 for port 'data_0' [C:/Users/THUAN/Downloads/decap/decap_tb.v:409]
WARNING: [VRFC 10-3091] actual bit length 32 differs from formal bit length 128 for port 'data_1' [C:/Users/THUAN/Downloads/decap/decap_tb.v:410]
WARNING: [VRFC 10-3091] actual bit length 32 differs from formal bit length 1 for port 'wren_0' [C:/Users/THUAN/Downloads/decap/decap_tb.v:413]
WARNING: [VRFC 10-3091] actual bit length 32 differs from formal bit length 1 for port 'wren_1' [C:/Users/THUAN/Downloads/decap/decap_tb.v:414]
WARNING: [VRFC 10-3091] actual bit length 32 differs from formal bit length 128 for port 'data_0' [C:/Users/THUAN/Downloads/decap/decap_tb.v:421]
WARNING: [VRFC 10-3091] actual bit length 32 differs from formal bit length 128 for port 'data_1' [C:/Users/THUAN/Downloads/decap/decap_tb.v:422]
WARNING: [VRFC 10-3091] actual bit length 32 differs from formal bit length 1 for port 'wren_0' [C:/Users/THUAN/Downloads/decap/decap_tb.v:425]
WARNING: [VRFC 10-3091] actual bit length 32 differs from formal bit length 1 for port 'wren_1' [C:/Users/THUAN/Downloads/decap/decap_tb.v:426]
WARNING: [VRFC 10-3091] actual bit length 32 differs from formal bit length 1 for port 'wr_en' [C:/Users/THUAN/Downloads/decap/decap_tb.v:440]
WARNING: [VRFC 10-3091] actual bit length 32 differs from formal bit length 15 for port 'data' [C:/Users/THUAN/Downloads/decap/decap_tb.v:452]
WARNING: [VRFC 10-3091] actual bit length 32 differs from formal bit length 1 for port 'wr_en' [C:/Users/THUAN/Downloads/decap/decap_tb.v:454]
WARNING: [VRFC 10-8864] concatenation with an unsized literal will be treated as 32 bits [C:/Users/THUAN/Downloads/decap/decap.v:529]
WARNING: [VRFC 10-5021] port 'shake_force_done_ack' is not connected on this instance [C:/Users/THUAN/Downloads/decap/decap.v:500]
WARNING: [VRFC 10-8864] concatenation with an unsized literal will be treated as 32 bits [C:/Users/THUAN/Downloads/decap/encap.v:246]
WARNING: [VRFC 10-8864] concatenation with an unsized literal will be treated as 32 bits [C:/Users/THUAN/Downloads/decap/encap.v:247]
WARNING: [VRFC 10-8864] concatenation with an unsized literal will be treated as 32 bits [C:/Users/THUAN/Downloads/decap/encap.v:544]
WARNING: [VRFC 10-5021] port 'rst' is not connected on this instance [C:/Users/THUAN/Downloads/decap/reed_muller_encode.v:77]
Completed static elaboration
INFO: [XSIM 43-4323] No Change in HDL. Linking previously generated obj files to create kernel
run_program: Time (s): cpu = 00:00:00 ; elapsed = 00:00:05 . Memory (MB): peak = 1441.164 ; gain = 0.000
INFO: [USF-XSim-69] 'elaborate' step finished in '5' seconds
INFO: [USF-XSim-4] XSim::Simulate design
INFO: [USF-XSim-61] Executing 'SIMULATE' step in 'D:/University/251/DA/decap/decap.sim/sim_1/behav/xsim'
INFO: [USF-XSim-98] *** Running xsim
   with args "decap_tb_behav -key {Behavioral:sim_1:Functional:decap_tb} -tclbatch {decap_tb.tcl} -log {simulate.log}"
INFO: [USF-XSim-8] Loading simulator feature
Time resolution is 1 ps
source decap_tb.tcl
# set curr_wave [current_wave_config]
# if { [string length $curr_wave] == 0 } {
#   if { [llength [get_objects]] > 0} {
#     add_wave /
#     set_property needs_save false [current_wave_config]
#   } else {
#      send_msg_id Add_Wave-1 WARNING "No top level signals found. Simulator will start without a wave window. If you want to open a wave window go to 'File->New Waveform Configuration' or type 'create_wave_config' in the TCL console."
#   }
# }
# run 1000ns
WARNING: Data truncated while reading Datafile: y_128.in, while loading at index: 0
WARNING: Data truncated while reading Datafile: y_128.in, while loading at index: 1
WARNING: Data truncated while reading Datafile: y_128.in, while loading at index: 9
WARNING: Data truncated while reading Datafile: y_128.in, while loading at index: 10
WARNING: Data truncated while reading Datafile: y_128.in, while loading at index: 14
WARNING: Data truncated while reading Datafile: y_128.in, while loading at index: 20
WARNING: Data truncated while reading Datafile: y_128.in, while loading at index: 25
WARNING: Data truncated while reading Datafile: y_128.in, while loading at index: 26
WARNING: Data truncated while reading Datafile: y_128.in, while loading at index: 27
WARNING: Data truncated while reading Datafile: y_128.in, while loading at index: 29
WARNING: Data truncated while reading Datafile: y_128.in, while loading at index: 30
WARNING: Data truncated while reading Datafile: y_128.in, while loading at index: 31
WARNING: Data truncated while reading Datafile: y_128.in, while loading at index: 32
WARNING: Data truncated while reading Datafile: y_128.in, while loading at index: 36
WARNING: Data truncated while reading Datafile: y_128.in, while loading at index: 40
WARNING: Data truncated while reading Datafile: y_128.in, while loading at index: 42
WARNING: Data truncated while reading Datafile: y_128.in, while loading at index: 44
WARNING: Data truncated while reading Datafile: y_128.in, while loading at index: 45
WARNING: Data truncated while reading Datafile: y_128.in, while loading at index: 49
WARNING: Data truncated while reading Datafile: y_128.in, while loading at index: 51
WARNING: Data truncated while reading Datafile: y_128.in, while loading at index: 53
WARNING: Data truncated while reading Datafile: y_128.in, while loading at index: 55
WARNING: Data truncated while reading Datafile: y_128.in, while loading at index: 60
WARNING: Data truncated while reading Datafile: y_128.in, while loading at index: 61
WARNING: Data truncated while reading Datafile: y_128.in, while loading at index: 65
WARNING: Too many words specified in data file y_128.in

================ [DEBUG PHASE 3: DEEP DIVE] ================
>>> CHECK INTERNAL DECRYPT SIGNALS
    DECAP.uv_addr_0_dec: 000000000
>>> CHECK RESET & CLOCK
    DECAP.rst: 0
>>> CHECK MUX INPUTS
    DECAP.u_v_in_addr: 00000000
    DECAP.encap_out_addr: 00000000
    DECAP.encap_out_en: 0
>>> CHECK ENCAP INTERNAL
    ENCAP.h_addr_0: 000000000
================ [END REPORT] ================

INFO: [USF-XSim-96] XSim completed. Design snapshot 'decap_tb_behav' loaded.
INFO: [USF-XSim-97] XSim simulation ran for 1000ns
launch_simulation: Time (s): cpu = 00:00:03 ; elapsed = 00:00:10 . Memory (MB): peak = 1441.164 ; gain = 0.000
run all
Decode Clock Cycles:       4611
Total Clock Cycles:      45617
$finish called at time : 459855 ns : File "C:/Users/THUAN/Downloads/decap/decap_tb.v" Line 332
close_sim
INFO: [Simtcl 6-16] Simulation closed
launch_simulation
Command: launch_simulation 
INFO: [Vivado 12-12493] Simulation top is 'decap_tb'
WARNING: [Vivado 12-13340] Unable to auto find GCC executables from simulator install path! (path not set)
WARNING: [Vivado 12-13277] Compiled library path does not exist: ''
INFO: [Vivado 12-5682] Launching behavioral simulation in 'D:/University/251/DA/decap/decap.sim/sim_1/behav/xsim'
INFO: [SIM-utils-51] Simulation object is 'sim_1'
INFO: [SIM-utils-72] Using boost library from 'D:/Apps/Xilinx/Vivado/2022.2/tps/boost_1_72_0'
INFO: [SIM-utils-54] Inspecting design source files for 'decap_tb' in fileset 'sim_1'...
INFO: [SIM-utils-43] Exported 'D:/University/251/DA/decap/decap.sim/sim_1/behav/xsim/barrett_hqc_256.mem'
INFO: [SIM-utils-43] Exported 'D:/University/251/DA/decap/decap.sim/sim_1/behav/xsim/barrett_hqc_128.mem'
INFO: [SIM-utils-43] Exported 'D:/University/251/DA/decap/decap.sim/sim_1/behav/xsim/barrett_hqc_192.mem'
INFO: [USF-XSim-97] Finding global include files...
INFO: [USF-XSim-98] Fetching design files from 'sim_1'...
INFO: [USF-XSim-2] XSim::Compile design
INFO: [USF-XSim-61] Executing 'COMPILE and ANALYZE' step in 'D:/University/251/DA/decap/decap.sim/sim_1/behav/xsim'
"xvlog --incr --relax -prj decap_tb_vlog.prj"
INFO: [USF-XSim-69] 'compile' step finished in '2' seconds
INFO: [USF-XSim-3] XSim::Elaborate design
INFO: [USF-XSim-61] Executing 'ELABORATE' step in 'D:/University/251/DA/decap/decap.sim/sim_1/behav/xsim'
"xelab --incr --debug typical --relax --mt 2 -L xil_defaultlib -L unisims_ver -L unimacro_ver -L secureip --snapshot decap_tb_behav xil_defaultlib.decap_tb xil_defaultlib.glbl -log elaborate.log"
Vivado Simulator v2022.2
Copyright 1986-1999, 2001-2022 Xilinx, Inc. All Rights Reserved.
Running: D:/Apps/Xilinx/Vivado/2022.2/bin/unwrapped/win64.o/xelab.exe --incr --debug typical --relax --mt 2 -L xil_defaultlib -L unisims_ver -L unimacro_ver -L secureip --snapshot decap_tb_behav xil_defaultlib.decap_tb xil_defaultlib.glbl -log elaborate.log 
Using 2 slave threads.
Starting static elaboration
Pass Through NonSizing Optimizer
WARNING: [VRFC 10-3091] actual bit length 8 differs from formal bit length 9 for port 'u_addr_0' [C:/Users/THUAN/Downloads/decap/decap_tb.v:215]
WARNING: [VRFC 10-3091] actual bit length 8 differs from formal bit length 9 for port 'u_addr_1' [C:/Users/THUAN/Downloads/decap/decap_tb.v:216]
WARNING: [VRFC 10-3091] actual bit length 8 differs from formal bit length 9 for port 'v_addr_0' [C:/Users/THUAN/Downloads/decap/decap_tb.v:220]
WARNING: [VRFC 10-3091] actual bit length 8 differs from formal bit length 9 for port 'v_addr_1' [C:/Users/THUAN/Downloads/decap/decap_tb.v:221]
WARNING: [VRFC 10-3091] actual bit length 32 differs from formal bit length 128 for port 'decap_out' [C:/Users/THUAN/Downloads/decap/decap_tb.v:226]
WARNING: [VRFC 10-3091] actual bit length 32 differs from formal bit length 1 for port 'dout_ready_i' [C:/Users/THUAN/Downloads/decap/hqc_rmdecod_top.v:81]
WARNING: [VRFC 10-3091] actual bit length 32 differs from formal bit length 1 for port 'start' [C:/Users/THUAN/Downloads/decap/hqc_rsdecod_elp.v:92]
WARNING: [VRFC 10-3091] actual bit length 32 differs from formal bit length 1 for port 'start' [C:/Users/THUAN/Downloads/decap/hqc_rsdecod_elp.v:156]
WARNING: [VRFC 10-3091] actual bit length 32 differs from formal bit length 1 for port 'start' [C:/Users/THUAN/Downloads/decap/hqc_rsdecod_zpoly.v:101]
WARNING: [VRFC 10-3091] actual bit length 8 differs from formal bit length 32 for port 'dout_o' [C:/Users/THUAN/Downloads/decap/add_fft.v:81]
WARNING: [VRFC 10-3091] actual bit length 32 differs from formal bit length 1 for port 'start' [C:/Users/THUAN/Downloads/decap/fft_part1.v:143]
WARNING: [VRFC 10-3091] actual bit length 32 differs from formal bit length 1 for port 'start' [C:/Users/THUAN/Downloads/decap/fft_leaves_butterfly.v:70]
WARNING: [VRFC 10-3091] actual bit length 32 differs from formal bit length 1 for port 'start' [C:/Users/THUAN/Downloads/decap/fft_part2.v:147]
WARNING: [VRFC 10-3091] actual bit length 32 differs from formal bit length 1 for port 'start' [C:/Users/THUAN/Downloads/decap/hqc_rsdecod_err_val.v:176]
WARNING: [VRFC 10-3091] actual bit length 32 differs from formal bit length 1 for port 'start' [C:/Users/THUAN/Downloads/decap/hqc_rsdecod_err_val.v:187]
WARNING: [VRFC 10-3091] actual bit length 32 differs from formal bit length 2 for port 'encap_out_type' [C:/Users/THUAN/Downloads/decap/decap.v:526]
WARNING: [VRFC 10-3091] actual bit length 32 differs from formal bit length 1 for port 'encap_out_en' [C:/Users/THUAN/Downloads/decap/decap.v:528]
WARNING: [VRFC 10-3091] actual bit length 40 differs from formal bit length 8 for port 'encap_out_addr' [C:/Users/THUAN/Downloads/decap/decap.v:529]
WARNING: [VRFC 10-3091] actual bit length 368 differs from formal bit length 240 for port 'cdw_in' [C:/Users/THUAN/Downloads/decap/reed_solomon_encode.v:121]
WARNING: [VRFC 10-3091] actual bit length 32 differs from formal bit length 1 for port 'start' [C:/Users/THUAN/Downloads/decap/reed_solomon_encode.v:108]
WARNING: [VRFC 10-3091] actual bit length 32 differs from formal bit length 1 for port 'start' [C:/Users/THUAN/Downloads/decap/reed_muller_encode.v:80]
WARNING: [VRFC 10-3091] actual bit length 32 differs from formal bit length 1 for port 'wr_en' [C:/Users/THUAN/Downloads/decap/encrypt.v:383]
WARNING: [VRFC 10-3091] actual bit length 7 differs from formal bit length 16 for port 'loc_addr' [C:/Users/THUAN/Downloads/decap/encrypt.v:466]
WARNING: [VRFC 10-3091] actual bit length 32 differs from formal bit length 8 for port 'weight' [C:/Users/THUAN/Downloads/decap/encrypt.v:468]
WARNING: [VRFC 10-3091] actual bit length 32 differs from formal bit length 1 for port 'add_wr_en' [C:/Users/THUAN/Downloads/decap/encrypt.v:483]
WARNING: [VRFC 10-3091] actual bit length 9 differs from formal bit length 8 for port 'address_0' [C:/Users/THUAN/Downloads/decap/poly_mult.v:230]
WARNING: [VRFC 10-3091] actual bit length 9 differs from formal bit length 8 for port 'address_1' [C:/Users/THUAN/Downloads/decap/poly_mult.v:231]
WARNING: [VRFC 10-3091] actual bit length 32 differs from formal bit length 24 for port 'data_1' [C:/Users/THUAN/Downloads/decap/fixed_weight_ct.v:242]
WARNING: [VRFC 10-3091] actual bit length 32 differs from formal bit length 1 for port 'wren_1' [C:/Users/THUAN/Downloads/decap/fixed_weight_ct.v:246]
WARNING: [VRFC 10-3091] actual bit length 32 differs from formal bit length 128 for port 'data_0' [C:/Users/THUAN/Downloads/decap/decap_tb.v:361]
WARNING: [VRFC 10-3091] actual bit length 32 differs from formal bit length 128 for port 'data_1' [C:/Users/THUAN/Downloads/decap/decap_tb.v:362]
WARNING: [VRFC 10-3091] actual bit length 9 differs from formal bit length 8 for port 'address_0' [C:/Users/THUAN/Downloads/decap/decap_tb.v:363]
WARNING: [VRFC 10-3091] actual bit length 9 differs from formal bit length 8 for port 'address_1' [C:/Users/THUAN/Downloads/decap/decap_tb.v:364]
WARNING: [VRFC 10-3091] actual bit length 32 differs from formal bit length 1 for port 'wren_0' [C:/Users/THUAN/Downloads/decap/decap_tb.v:365]
WARNING: [VRFC 10-3091] actual bit length 32 differs from formal bit length 1 for port 'wren_1' [C:/Users/THUAN/Downloads/decap/decap_tb.v:366]
WARNING: [VRFC 10-3091] actual bit length 32 differs from formal bit length 128 for port 'data_0' [C:/Users/THUAN/Downloads/decap/decap_tb.v:375]
WARNING: [VRFC 10-3091] actual bit length 32 differs from formal bit length 128 for port 'data_1' [C:/Users/THUAN/Downloads/decap/decap_tb.v:376]
WARNING: [VRFC 10-3091] actual bit length 9 differs from formal bit length 8 for port 'address_0' [C:/Users/THUAN/Downloads/decap/decap_tb.v:377]
WARNING: [VRFC 10-3091] actual bit length 9 differs from formal bit length 8 for port 'address_1' [C:/Users/THUAN/Downloads/decap/decap_tb.v:378]
WARNING: [VRFC 10-3091] actual bit length 32 differs from formal bit length 1 for port 'wren_0' [C:/Users/THUAN/Downloads/decap/decap_tb.v:379]
WARNING: [VRFC 10-3091] actual bit length 32 differs from formal bit length 1 for port 'wren_1' [C:/Users/THUAN/Downloads/decap/decap_tb.v:380]
WARNING: [VRFC 10-3091] actual bit length 32 differs from formal bit length 128 for port 'data_0' [C:/Users/THUAN/Downloads/decap/decap_tb.v:409]
WARNING: [VRFC 10-3091] actual bit length 32 differs from formal bit length 128 for port 'data_1' [C:/Users/THUAN/Downloads/decap/decap_tb.v:410]
WARNING: [VRFC 10-3091] actual bit length 32 differs from formal bit length 1 for port 'wren_0' [C:/Users/THUAN/Downloads/decap/decap_tb.v:413]
WARNING: [VRFC 10-3091] actual bit length 32 differs from formal bit length 1 for port 'wren_1' [C:/Users/THUAN/Downloads/decap/decap_tb.v:414]
WARNING: [VRFC 10-3091] actual bit length 32 differs from formal bit length 128 for port 'data_0' [C:/Users/THUAN/Downloads/decap/decap_tb.v:421]
WARNING: [VRFC 10-3091] actual bit length 32 differs from formal bit length 128 for port 'data_1' [C:/Users/THUAN/Downloads/decap/decap_tb.v:422]
WARNING: [VRFC 10-3091] actual bit length 32 differs from formal bit length 1 for port 'wren_0' [C:/Users/THUAN/Downloads/decap/decap_tb.v:425]
WARNING: [VRFC 10-3091] actual bit length 32 differs from formal bit length 1 for port 'wren_1' [C:/Users/THUAN/Downloads/decap/decap_tb.v:426]
WARNING: [VRFC 10-3091] actual bit length 32 differs from formal bit length 1 for port 'wr_en' [C:/Users/THUAN/Downloads/decap/decap_tb.v:440]
WARNING: [VRFC 10-3091] actual bit length 32 differs from formal bit length 15 for port 'data' [C:/Users/THUAN/Downloads/decap/decap_tb.v:452]
WARNING: [VRFC 10-3091] actual bit length 32 differs from formal bit length 1 for port 'wr_en' [C:/Users/THUAN/Downloads/decap/decap_tb.v:454]
WARNING: [VRFC 10-8864] concatenation with an unsized literal will be treated as 32 bits [C:/Users/THUAN/Downloads/decap/decap.v:529]
WARNING: [VRFC 10-5021] port 'shake_force_done_ack' is not connected on this instance [C:/Users/THUAN/Downloads/decap/decap.v:500]
WARNING: [VRFC 10-8864] concatenation with an unsized literal will be treated as 32 bits [C:/Users/THUAN/Downloads/decap/encap.v:246]
WARNING: [VRFC 10-8864] concatenation with an unsized literal will be treated as 32 bits [C:/Users/THUAN/Downloads/decap/encap.v:247]
WARNING: [VRFC 10-8864] concatenation with an unsized literal will be treated as 32 bits [C:/Users/THUAN/Downloads/decap/encap.v:544]
WARNING: [VRFC 10-5021] port 'rst' is not connected on this instance [C:/Users/THUAN/Downloads/decap/reed_muller_encode.v:77]
Completed static elaboration
INFO: [XSIM 43-4323] No Change in HDL. Linking previously generated obj files to create kernel
run_program: Time (s): cpu = 00:00:01 ; elapsed = 00:00:06 . Memory (MB): peak = 1449.840 ; gain = 0.000
INFO: [USF-XSim-69] 'elaborate' step finished in '6' seconds
INFO: [USF-XSim-4] XSim::Simulate design
INFO: [USF-XSim-61] Executing 'SIMULATE' step in 'D:/University/251/DA/decap/decap.sim/sim_1/behav/xsim'
INFO: [USF-XSim-98] *** Running xsim
   with args "decap_tb_behav -key {Behavioral:sim_1:Functional:decap_tb} -tclbatch {decap_tb.tcl} -log {simulate.log}"
INFO: [USF-XSim-8] Loading simulator feature
Time resolution is 1 ps
source decap_tb.tcl
# set curr_wave [current_wave_config]
# if { [string length $curr_wave] == 0 } {
#   if { [llength [get_objects]] > 0} {
#     add_wave /
#     set_property needs_save false [current_wave_config]
#   } else {
#      send_msg_id Add_Wave-1 WARNING "No top level signals found. Simulator will start without a wave window. If you want to open a wave window go to 'File->New Waveform Configuration' or type 'create_wave_config' in the TCL console."
#   }
# }
# run 1000ns
WARNING: Data truncated while reading Datafile: y_128.in, while loading at index: 1
WARNING: Data truncated while reading Datafile: y_128.in, while loading at index: 6
WARNING: Data truncated while reading Datafile: y_128.in, while loading at index: 11
WARNING: Data truncated while reading Datafile: y_128.in, while loading at index: 25
WARNING: Data truncated while reading Datafile: y_128.in, while loading at index: 28
WARNING: Data truncated while reading Datafile: y_128.in, while loading at index: 33
WARNING: Data truncated while reading Datafile: y_128.in, while loading at index: 34
WARNING: Data truncated while reading Datafile: y_128.in, while loading at index: 35
WARNING: Data truncated while reading Datafile: y_128.in, while loading at index: 39
WARNING: Data truncated while reading Datafile: y_128.in, while loading at index: 40
WARNING: Data truncated while reading Datafile: y_128.in, while loading at index: 41
WARNING: Data truncated while reading Datafile: y_128.in, while loading at index: 42
WARNING: Data truncated while reading Datafile: y_128.in, while loading at index: 45
WARNING: Data truncated while reading Datafile: y_128.in, while loading at index: 46
WARNING: Data truncated while reading Datafile: y_128.in, while loading at index: 47
WARNING: Data truncated while reading Datafile: y_128.in, while loading at index: 51
WARNING: Data truncated while reading Datafile: y_128.in, while loading at index: 53
WARNING: Data truncated while reading Datafile: y_128.in, while loading at index: 55
WARNING: Data truncated while reading Datafile: y_128.in, while loading at index: 58
WARNING: Too many words specified in data file y_128.in

================ [DEBUG PHASE 3: DEEP DIVE] ================
>>> CHECK INTERNAL DECRYPT SIGNALS
    DECAP.uv_addr_0_dec: 000000000
>>> CHECK RESET & CLOCK
    DECAP.rst: 0
>>> CHECK MUX INPUTS
    DECAP.u_v_in_addr: 00000000
    DECAP.encap_out_addr: 00000000
    DECAP.encap_out_en: 0
>>> CHECK ENCAP INTERNAL
    ENCAP.h_addr_0: 000000000
================ [END REPORT] ================

INFO: [USF-XSim-96] XSim completed. Design snapshot 'decap_tb_behav' loaded.
INFO: [USF-XSim-97] XSim simulation ran for 1000ns
launch_simulation: Time (s): cpu = 00:00:05 ; elapsed = 00:00:11 . Memory (MB): peak = 1449.840 ; gain = 0.000
run all
Decode Clock Cycles:       4611
Total Clock Cycles:      45599
$finish called at time : 459675 ns : File "C:/Users/THUAN/Downloads/decap/decap_tb.v" Line 332
close_sim
INFO: [Simtcl 6-16] Simulation closed
launch_simulation
Command: launch_simulation 
INFO: [Vivado 12-12493] Simulation top is 'decap_tb'
WARNING: [Vivado 12-13340] Unable to auto find GCC executables from simulator install path! (path not set)
WARNING: [Vivado 12-13277] Compiled library path does not exist: ''
INFO: [Vivado 12-5682] Launching behavioral simulation in 'D:/University/251/DA/decap/decap.sim/sim_1/behav/xsim'
INFO: [SIM-utils-51] Simulation object is 'sim_1'
INFO: [SIM-utils-72] Using boost library from 'D:/Apps/Xilinx/Vivado/2022.2/tps/boost_1_72_0'
INFO: [SIM-utils-54] Inspecting design source files for 'decap_tb' in fileset 'sim_1'...
INFO: [SIM-utils-43] Exported 'D:/University/251/DA/decap/decap.sim/sim_1/behav/xsim/barrett_hqc_256.mem'
INFO: [SIM-utils-43] Exported 'D:/University/251/DA/decap/decap.sim/sim_1/behav/xsim/barrett_hqc_128.mem'
INFO: [SIM-utils-43] Exported 'D:/University/251/DA/decap/decap.sim/sim_1/behav/xsim/barrett_hqc_192.mem'
INFO: [USF-XSim-97] Finding global include files...
INFO: [USF-XSim-98] Fetching design files from 'sim_1'...
INFO: [USF-XSim-2] XSim::Compile design
INFO: [USF-XSim-61] Executing 'COMPILE and ANALYZE' step in 'D:/University/251/DA/decap/decap.sim/sim_1/behav/xsim'
"xvlog --incr --relax -prj decap_tb_vlog.prj"
INFO: [USF-XSim-69] 'compile' step finished in '2' seconds
INFO: [USF-XSim-3] XSim::Elaborate design
INFO: [USF-XSim-61] Executing 'ELABORATE' step in 'D:/University/251/DA/decap/decap.sim/sim_1/behav/xsim'
"xelab --incr --debug typical --relax --mt 2 -L xil_defaultlib -L unisims_ver -L unimacro_ver -L secureip --snapshot decap_tb_behav xil_defaultlib.decap_tb xil_defaultlib.glbl -log elaborate.log"
Vivado Simulator v2022.2
Copyright 1986-1999, 2001-2022 Xilinx, Inc. All Rights Reserved.
Running: D:/Apps/Xilinx/Vivado/2022.2/bin/unwrapped/win64.o/xelab.exe --incr --debug typical --relax --mt 2 -L xil_defaultlib -L unisims_ver -L unimacro_ver -L secureip --snapshot decap_tb_behav xil_defaultlib.decap_tb xil_defaultlib.glbl -log elaborate.log 
Using 2 slave threads.
Starting static elaboration
Pass Through NonSizing Optimizer
WARNING: [VRFC 10-3091] actual bit length 8 differs from formal bit length 9 for port 'u_addr_0' [C:/Users/THUAN/Downloads/decap/decap_tb.v:215]
WARNING: [VRFC 10-3091] actual bit length 8 differs from formal bit length 9 for port 'u_addr_1' [C:/Users/THUAN/Downloads/decap/decap_tb.v:216]
WARNING: [VRFC 10-3091] actual bit length 8 differs from formal bit length 9 for port 'v_addr_0' [C:/Users/THUAN/Downloads/decap/decap_tb.v:220]
WARNING: [VRFC 10-3091] actual bit length 8 differs from formal bit length 9 for port 'v_addr_1' [C:/Users/THUAN/Downloads/decap/decap_tb.v:221]
WARNING: [VRFC 10-3091] actual bit length 32 differs from formal bit length 128 for port 'decap_out' [C:/Users/THUAN/Downloads/decap/decap_tb.v:226]
WARNING: [VRFC 10-3091] actual bit length 32 differs from formal bit length 1 for port 'dout_ready_i' [C:/Users/THUAN/Downloads/decap/hqc_rmdecod_top.v:81]
WARNING: [VRFC 10-3091] actual bit length 32 differs from formal bit length 1 for port 'start' [C:/Users/THUAN/Downloads/decap/hqc_rsdecod_elp.v:92]
WARNING: [VRFC 10-3091] actual bit length 32 differs from formal bit length 1 for port 'start' [C:/Users/THUAN/Downloads/decap/hqc_rsdecod_elp.v:156]
WARNING: [VRFC 10-3091] actual bit length 32 differs from formal bit length 1 for port 'start' [C:/Users/THUAN/Downloads/decap/hqc_rsdecod_zpoly.v:101]
WARNING: [VRFC 10-3091] actual bit length 8 differs from formal bit length 32 for port 'dout_o' [C:/Users/THUAN/Downloads/decap/add_fft.v:81]
WARNING: [VRFC 10-3091] actual bit length 32 differs from formal bit length 1 for port 'start' [C:/Users/THUAN/Downloads/decap/fft_part1.v:143]
WARNING: [VRFC 10-3091] actual bit length 32 differs from formal bit length 1 for port 'start' [C:/Users/THUAN/Downloads/decap/fft_leaves_butterfly.v:70]
WARNING: [VRFC 10-3091] actual bit length 32 differs from formal bit length 1 for port 'start' [C:/Users/THUAN/Downloads/decap/fft_part2.v:147]
WARNING: [VRFC 10-3091] actual bit length 32 differs from formal bit length 1 for port 'start' [C:/Users/THUAN/Downloads/decap/hqc_rsdecod_err_val.v:176]
WARNING: [VRFC 10-3091] actual bit length 32 differs from formal bit length 1 for port 'start' [C:/Users/THUAN/Downloads/decap/hqc_rsdecod_err_val.v:187]
WARNING: [VRFC 10-3091] actual bit length 32 differs from formal bit length 2 for port 'encap_out_type' [C:/Users/THUAN/Downloads/decap/decap.v:526]
WARNING: [VRFC 10-3091] actual bit length 32 differs from formal bit length 1 for port 'encap_out_en' [C:/Users/THUAN/Downloads/decap/decap.v:528]
WARNING: [VRFC 10-3091] actual bit length 40 differs from formal bit length 8 for port 'encap_out_addr' [C:/Users/THUAN/Downloads/decap/decap.v:529]
WARNING: [VRFC 10-3091] actual bit length 368 differs from formal bit length 240 for port 'cdw_in' [C:/Users/THUAN/Downloads/decap/reed_solomon_encode.v:121]
WARNING: [VRFC 10-3091] actual bit length 32 differs from formal bit length 1 for port 'start' [C:/Users/THUAN/Downloads/decap/reed_solomon_encode.v:108]
WARNING: [VRFC 10-3091] actual bit length 32 differs from formal bit length 1 for port 'start' [C:/Users/THUAN/Downloads/decap/reed_muller_encode.v:80]
WARNING: [VRFC 10-3091] actual bit length 32 differs from formal bit length 1 for port 'wr_en' [C:/Users/THUAN/Downloads/decap/encrypt.v:383]
WARNING: [VRFC 10-3091] actual bit length 7 differs from formal bit length 16 for port 'loc_addr' [C:/Users/THUAN/Downloads/decap/encrypt.v:466]
WARNING: [VRFC 10-3091] actual bit length 32 differs from formal bit length 8 for port 'weight' [C:/Users/THUAN/Downloads/decap/encrypt.v:468]
WARNING: [VRFC 10-3091] actual bit length 32 differs from formal bit length 1 for port 'add_wr_en' [C:/Users/THUAN/Downloads/decap/encrypt.v:483]
WARNING: [VRFC 10-3091] actual bit length 9 differs from formal bit length 8 for port 'address_0' [C:/Users/THUAN/Downloads/decap/poly_mult.v:230]
WARNING: [VRFC 10-3091] actual bit length 9 differs from formal bit length 8 for port 'address_1' [C:/Users/THUAN/Downloads/decap/poly_mult.v:231]
WARNING: [VRFC 10-3091] actual bit length 32 differs from formal bit length 24 for port 'data_1' [C:/Users/THUAN/Downloads/decap/fixed_weight_ct.v:242]
WARNING: [VRFC 10-3091] actual bit length 32 differs from formal bit length 1 for port 'wren_1' [C:/Users/THUAN/Downloads/decap/fixed_weight_ct.v:246]
WARNING: [VRFC 10-3091] actual bit length 32 differs from formal bit length 128 for port 'data_0' [C:/Users/THUAN/Downloads/decap/decap_tb.v:361]
WARNING: [VRFC 10-3091] actual bit length 32 differs from formal bit length 128 for port 'data_1' [C:/Users/THUAN/Downloads/decap/decap_tb.v:362]
WARNING: [VRFC 10-3091] actual bit length 9 differs from formal bit length 8 for port 'address_0' [C:/Users/THUAN/Downloads/decap/decap_tb.v:363]
WARNING: [VRFC 10-3091] actual bit length 9 differs from formal bit length 8 for port 'address_1' [C:/Users/THUAN/Downloads/decap/decap_tb.v:364]
WARNING: [VRFC 10-3091] actual bit length 32 differs from formal bit length 1 for port 'wren_0' [C:/Users/THUAN/Downloads/decap/decap_tb.v:365]
WARNING: [VRFC 10-3091] actual bit length 32 differs from formal bit length 1 for port 'wren_1' [C:/Users/THUAN/Downloads/decap/decap_tb.v:366]
WARNING: [VRFC 10-3091] actual bit length 32 differs from formal bit length 128 for port 'data_0' [C:/Users/THUAN/Downloads/decap/decap_tb.v:375]
WARNING: [VRFC 10-3091] actual bit length 32 differs from formal bit length 128 for port 'data_1' [C:/Users/THUAN/Downloads/decap/decap_tb.v:376]
WARNING: [VRFC 10-3091] actual bit length 9 differs from formal bit length 8 for port 'address_0' [C:/Users/THUAN/Downloads/decap/decap_tb.v:377]
WARNING: [VRFC 10-3091] actual bit length 9 differs from formal bit length 8 for port 'address_1' [C:/Users/THUAN/Downloads/decap/decap_tb.v:378]
WARNING: [VRFC 10-3091] actual bit length 32 differs from formal bit length 1 for port 'wren_0' [C:/Users/THUAN/Downloads/decap/decap_tb.v:379]
WARNING: [VRFC 10-3091] actual bit length 32 differs from formal bit length 1 for port 'wren_1' [C:/Users/THUAN/Downloads/decap/decap_tb.v:380]
WARNING: [VRFC 10-3091] actual bit length 32 differs from formal bit length 128 for port 'data_0' [C:/Users/THUAN/Downloads/decap/decap_tb.v:409]
WARNING: [VRFC 10-3091] actual bit length 32 differs from formal bit length 128 for port 'data_1' [C:/Users/THUAN/Downloads/decap/decap_tb.v:410]
WARNING: [VRFC 10-3091] actual bit length 32 differs from formal bit length 1 for port 'wren_0' [C:/Users/THUAN/Downloads/decap/decap_tb.v:413]
WARNING: [VRFC 10-3091] actual bit length 32 differs from formal bit length 1 for port 'wren_1' [C:/Users/THUAN/Downloads/decap/decap_tb.v:414]
WARNING: [VRFC 10-3091] actual bit length 32 differs from formal bit length 128 for port 'data_0' [C:/Users/THUAN/Downloads/decap/decap_tb.v:421]
WARNING: [VRFC 10-3091] actual bit length 32 differs from formal bit length 128 for port 'data_1' [C:/Users/THUAN/Downloads/decap/decap_tb.v:422]
WARNING: [VRFC 10-3091] actual bit length 32 differs from formal bit length 1 for port 'wren_0' [C:/Users/THUAN/Downloads/decap/decap_tb.v:425]
WARNING: [VRFC 10-3091] actual bit length 32 differs from formal bit length 1 for port 'wren_1' [C:/Users/THUAN/Downloads/decap/decap_tb.v:426]
WARNING: [VRFC 10-3091] actual bit length 32 differs from formal bit length 1 for port 'wr_en' [C:/Users/THUAN/Downloads/decap/decap_tb.v:440]
WARNING: [VRFC 10-3091] actual bit length 32 differs from formal bit length 15 for port 'data' [C:/Users/THUAN/Downloads/decap/decap_tb.v:452]
WARNING: [VRFC 10-3091] actual bit length 32 differs from formal bit length 1 for port 'wr_en' [C:/Users/THUAN/Downloads/decap/decap_tb.v:454]
WARNING: [VRFC 10-8864] concatenation with an unsized literal will be treated as 32 bits [C:/Users/THUAN/Downloads/decap/decap.v:529]
WARNING: [VRFC 10-5021] port 'shake_force_done_ack' is not connected on this instance [C:/Users/THUAN/Downloads/decap/decap.v:500]
WARNING: [VRFC 10-8864] concatenation with an unsized literal will be treated as 32 bits [C:/Users/THUAN/Downloads/decap/encap.v:246]
WARNING: [VRFC 10-8864] concatenation with an unsized literal will be treated as 32 bits [C:/Users/THUAN/Downloads/decap/encap.v:247]
WARNING: [VRFC 10-8864] concatenation with an unsized literal will be treated as 32 bits [C:/Users/THUAN/Downloads/decap/encap.v:544]
WARNING: [VRFC 10-5021] port 'rst' is not connected on this instance [C:/Users/THUAN/Downloads/decap/reed_muller_encode.v:77]
Completed static elaboration
INFO: [XSIM 43-4323] No Change in HDL. Linking previously generated obj files to create kernel
INFO: [USF-XSim-69] 'elaborate' step finished in '4' seconds
INFO: [USF-XSim-4] XSim::Simulate design
INFO: [USF-XSim-61] Executing 'SIMULATE' step in 'D:/University/251/DA/decap/decap.sim/sim_1/behav/xsim'
INFO: [USF-XSim-98] *** Running xsim
   with args "decap_tb_behav -key {Behavioral:sim_1:Functional:decap_tb} -tclbatch {decap_tb.tcl} -log {simulate.log}"
INFO: [USF-XSim-8] Loading simulator feature
Time resolution is 1 ps
source decap_tb.tcl
# set curr_wave [current_wave_config]
# if { [string length $curr_wave] == 0 } {
#   if { [llength [get_objects]] > 0} {
#     add_wave /
#     set_property needs_save false [current_wave_config]
#   } else {
#      send_msg_id Add_Wave-1 WARNING "No top level signals found. Simulator will start without a wave window. If you want to open a wave window go to 'File->New Waveform Configuration' or type 'create_wave_config' in the TCL console."
#   }
# }
# run 1000ns
WARNING: Data truncated while reading Datafile: y_128.in, while loading at index: 1
WARNING: Data truncated while reading Datafile: y_128.in, while loading at index: 4
WARNING: Data truncated while reading Datafile: y_128.in, while loading at index: 7
WARNING: Data truncated while reading Datafile: y_128.in, while loading at index: 8
WARNING: Data truncated while reading Datafile: y_128.in, while loading at index: 10
WARNING: Data truncated while reading Datafile: y_128.in, while loading at index: 12
WARNING: Data truncated while reading Datafile: y_128.in, while loading at index: 15
WARNING: Data truncated while reading Datafile: y_128.in, while loading at index: 17
WARNING: Data truncated while reading Datafile: y_128.in, while loading at index: 25
WARNING: Data truncated while reading Datafile: y_128.in, while loading at index: 30
WARNING: Data truncated while reading Datafile: y_128.in, while loading at index: 33
WARNING: Data truncated while reading Datafile: y_128.in, while loading at index: 37
WARNING: Data truncated while reading Datafile: y_128.in, while loading at index: 38
WARNING: Data truncated while reading Datafile: y_128.in, while loading at index: 41
WARNING: Data truncated while reading Datafile: y_128.in, while loading at index: 43
WARNING: Data truncated while reading Datafile: y_128.in, while loading at index: 46
WARNING: Data truncated while reading Datafile: y_128.in, while loading at index: 50
WARNING: Data truncated while reading Datafile: y_128.in, while loading at index: 51
WARNING: Data truncated while reading Datafile: y_128.in, while loading at index: 57
WARNING: Data truncated while reading Datafile: y_128.in, while loading at index: 58
WARNING: Data truncated while reading Datafile: y_128.in, while loading at index: 64
WARNING: Data truncated while reading Datafile: y_128.in, while loading at index: 65
WARNING: Too many words specified in data file y_128.in

================ [DEBUG PHASE 3: DEEP DIVE] ================
>>> CHECK INTERNAL DECRYPT SIGNALS
    DECAP.uv_addr_0_dec: 000000000
>>> CHECK RESET & CLOCK
    DECAP.rst: 0
>>> CHECK MUX INPUTS
    DECAP.u_v_in_addr: 00000000
    DECAP.encap_out_addr: 00000000
    DECAP.encap_out_en: 0
>>> CHECK ENCAP INTERNAL
    ENCAP.h_addr_0: 000000000
================ [END REPORT] ================

INFO: [USF-XSim-96] XSim completed. Design snapshot 'decap_tb_behav' loaded.
INFO: [USF-XSim-97] XSim simulation ran for 1000ns
launch_simulation: Time (s): cpu = 00:00:05 ; elapsed = 00:00:10 . Memory (MB): peak = 1484.152 ; gain = 9.652
run all
Decode Clock Cycles:       4611
Total Clock Cycles:      45599
$finish called at time : 459675 ns : File "C:/Users/THUAN/Downloads/decap/decap_tb.v" Line 332
close_sim
INFO: [Simtcl 6-16] Simulation closed
exit
INFO: [Common 17-206] Exiting Vivado at Tue Jan 20 16:39:15 2026...
