#
# A fatal error has been detected by the Java Runtime Environment:
#
#  EXCEPTION_ACCESS_VIOLATION (0xc0000005) at pc=0x00007ffd51e2e215, pid=14924, tid=14276
#
# JRE version: OpenJDK Runtime Environment 18.9 (11.0.11+9) (build 11.0.11+9)
# Java VM: OpenJDK 64-Bit Server VM 18.9 (11.0.11+9, mixed mode, tiered, compressed oops, g1 gc, windows-amd64)
# Problematic frame:
# C  [librdi_filemgmt.dll+0x29e215]
#
# No core dump will be written. Minidumps are not enabled by default on client versions of Windows
#
# If you would like to submit a bug report, please visit:
#   https://bugreport.java.com/bugreport/crash.jsp
# The crash happened outside the Java Virtual Machine in native code.
# See problematic frame for where to report the bug.
#

---------------  S U M M A R Y ------------

Command Line: -Dsun.java2d.pmoffscreen=false -Dhttps.protocols=TLSv1,TLSv1.1,TLSv1.2 -Dsun.java2d.xrender=false -Dsun.java2d.d3d=false -Dsun.awt.nopixfmt=true -Dsun.java2d.dpiaware=true -Dsun.java2d.uiScale.enabled=false -Xverify:none -Dswing.aatext=true -XX:-UsePerfData -Djdk.map.althashing.threshold=512 -XX:StringTableSize=4072 --add-opens=java.desktop/com.sun.awt=ALL-UNNAMED --add-opens=java.desktop/javax.swing.plaf.synth=ALL-UNNAMED --add-opens=java.base/java.nio=ALL-UNNAMED --add-opens=java.desktop/sun.swing=ALL-UNNAMED --add-opens=java.desktop/javax.swing=ALL-UNNAMED --add-opens=java.desktop/javax.swing.tree=ALL-UNNAMED --add-opens=java.desktop/javax.swing.plaf.basic=ALL-UNNAMED --add-opens=java.desktop/javax.swing.plaf.synth=ALL-UNNAMED --add-opens=java.desktop/javax.swing.plaf.basic=ALL-UNNAMED --add-opens=java.desktop/javax.swing=ALL-UNNAMED --add-opens=java.desktop/javax.swing.tree=ALL-UNNAMED --add-opens=java.desktop/java.awt.event=ALL-UNNAMED --add-exports=java.desktop/javax.swing.plaf.synth=ALL-UNNAMED --add-exports=java.base/java.nio=ALL-UNNAMED --add-exports=java.desktop/sun.swing=ALL-UNNAMED --add-exports=java.desktop/javax.swing=ALL-UNNAMED --add-exports=java.desktop/javax.swing.tree=ALL-UNNAMED --add-exports=java.desktop/javax.swing.plaf.basic=ALL-UNNAMED --add-exports=java.desktop/sun.swing=ALL-UNNAMED --add-exports=java.desktop/sun.swing.table=ALL-UNNAMED --add-exports=java.desktop/sun.swing.plaf.synth=ALL-UNNAMED --add-exports=java.desktop/sun.awt.shell=ALL-UNNAMED --add-exports=java.base/sun.security.action=ALL-UNNAMED --add-exports=java.desktop/sun.font=ALL-UNNAMED -XX:NewSize=60m -XX:MaxNewSize=60m -Xms256m -Xmx3072m -Xss5m 

Host: 12th Gen Intel(R) Core(TM) i7-12650H, 16 cores, 7G,  Windows 10 , 64 bit Build 26100 (10.0.26100.7623)
Time: Mon Jan 26 19:58:41 2026 SE Asia Standard Time elapsed time: 4497.613561 seconds (0d 1h 14m 57s)

---------------  T H R E A D  ---------------

Current thread (0x0000020f46e85800):  JavaThread "AWT-EventQueue-0" [_thread_in_native, id=14276, stack(0x000000c5eb300000,0x000000c5eb800000)]

Stack: [0x000000c5eb300000,0x000000c5eb800000],  sp=0x000000c5eb7f7110,  free space=5084k
Native frames: (J=compiled Java code, j=interpreted, Vv=VM code, C=native code)
C  [librdi_filemgmt.dll+0x29e215]
C  [librdi_filemgmt.dll+0x29ca65]
C  [librdi_filemgmt.dll+0x2b965f]
C  0x0000020f2f4cf377

Java frames: (J=compiled Java code, j=interpreted, Vv=VM code)
j  ui.data.srcscan.srcscani.EditorAssist_createFoldInfoIter(JLjava/lang/String;)J+0
j  ui.texteditor.a.a.ZM(Ljava/lang/String;)J+5
j  ui.texteditor.a.c.a(Ljava/net/URI;)V+91
j  ui.texteditor.a.a.ZJ(Ljava/lang/String;)V+8
j  ui.views.X.a.a.axX(Ljava/lang/String;)V+27
j  ui.views.X.a.a.kCd()V+43
j  ui.views.X.a.h.aQz()V+20
J 12924 c1 ui.frmwork.x.run()V (15 bytes) @ 0x0000020f301cedfc [0x0000020f301ce8a0+0x000000000000055c]
J 12963 c2 java.awt.EventQueue$4.run()Ljava/lang/Object; java.desktop@11.0.11 (5 bytes) @ 0x0000020f37a50274 [0x0000020f37a50180+0x00000000000000f4]
v  ~StubRoutines::call_stub
J 3958  java.security.AccessController.doPrivileged(Ljava/security/PrivilegedAction;Ljava/security/AccessControlContext;)Ljava/lang/Object; java.base@11.0.11 (0 bytes) @ 0x0000020f372aa436 [0x0000020f372aa3c0+0x0000000000000076]
J 12897 c2 java.awt.EventQueue.dispatchEvent(Ljava/awt/AWTEvent;)V java.desktop@11.0.11 (80 bytes) @ 0x0000020f37a3f9fc [0x0000020f37a3f6c0+0x000000000000033c]
J 12898 c2 ui.frmwork.a.d.dispatchEvent(Ljava/awt/AWTEvent;)V (42 bytes) @ 0x0000020f37a40a44 [0x0000020f37a40880+0x00000000000001c4]
J 24517 c2 java.awt.EventDispatchThread.pumpOneEventForFilters(I)V java.desktop@11.0.11 (113 bytes) @ 0x0000020f387bd8d8 [0x0000020f387bd480+0x0000000000000458]
J 20781 c2 java.awt.EventDispatchThread.pumpEventsForFilter(ILjava/awt/Conditional;Ljava/awt/EventFilter;)V java.desktop@11.0.11 (47 bytes) @ 0x0000020f37928750 [0x0000020f37928540+0x0000000000000210]
j  java.awt.EventDispatchThread.pumpEventsForFilter(Ljava/awt/Conditional;Ljava/awt/EventFilter;)V+4 java.desktop@11.0.11
j  java.awt.WaitDispatchSupport$2.run()V+59 java.desktop@11.0.11
j  java.awt.WaitDispatchSupport$4.run()Ljava/lang/Void;+4 java.desktop@11.0.11
j  java.awt.WaitDispatchSupport$4.run()Ljava/lang/Object;+1 java.desktop@11.0.11
v  ~StubRoutines::call_stub
J 1571  java.security.AccessController.doPrivileged(Ljava/security/PrivilegedAction;)Ljava/lang/Object; java.base@11.0.11 (0 bytes) @ 0x0000020f3710a6a2 [0x0000020f3710a640+0x0000000000000062]
j  java.awt.WaitDispatchSupport.enter()Z+260 java.desktop@11.0.11
j  java.awt.Dialog.show()V+224 java.desktop@11.0.11
J 24491 c1 java.awt.Window.setVisible(Z)V java.desktop@11.0.11 (6 bytes) @ 0x0000020f32d413bc [0x0000020f32d41180+0x000000000000023c]
j  java.awt.Dialog.setVisible(Z)V+2 java.desktop@11.0.11
j  ui.dlg.c.e.setVisible(Z)V+2
j  ui.dlg.c.e.a(IILjava/awt/Component;)V+667
j  ui.dlg.c.e.a(IIZLjava/awt/Component;)V+90
j  ui.dlg.c.e.cl(II)V+5
j  ui.dlg.c.e.bBK()V+3
j  ui.dlg.c.aO.bBK()V+9
j  ui.dlg.c.u.bBK()V+27
j  ui.dlg.i.b.a(Lui/views/bI;Lui/data/experiment/A;Z)Z+92
j  ui.dlg.J.a.c.ae.eIW()Z+208
j  ui.dlg.J.a.c.ao.eIW()Z+1
j  ui.dlg.J.d.fSR()Z+33
j  ui.dlg.J.d.actionPerformed(Ljava/awt/event/ActionEvent;)V+49
j  javax.swing.AbstractButton.fireActionPerformed(Ljava/awt/event/ActionEvent;)V+83 java.desktop@11.0.11
j  ui.utils.swing.b.a.fireActionPerformed(Ljava/awt/event/ActionEvent;)V+7
j  javax.swing.AbstractButton$Handler.actionPerformed(Ljava/awt/event/ActionEvent;)V+5 java.desktop@11.0.11
j  javax.swing.DefaultButtonModel.fireActionPerformed(Ljava/awt/event/ActionEvent;)V+34 java.desktop@11.0.11
J 24330 c1 javax.swing.DefaultButtonModel.setPressed(Z)V java.desktop@11.0.11 (125 bytes) @ 0x0000020f32cc0c24 [0x0000020f32cbfc80+0x0000000000000fa4]
j  javax.swing.plaf.basic.BasicButtonListener.mouseReleased(Ljava/awt/event/MouseEvent;)V+35 java.desktop@11.0.11
J 21136 c1 java.awt.AWTEventMulticaster.mouseReleased(Ljava/awt/event/MouseEvent;)V java.desktop@11.0.11 (27 bytes) @ 0x0000020f319e78ac [0x0000020f319e7680+0x000000000000022c]
J 21136 c1 java.awt.AWTEventMulticaster.mouseReleased(Ljava/awt/event/MouseEvent;)V java.desktop@11.0.11 (27 bytes) @ 0x0000020f319e78ac [0x0000020f319e7680+0x000000000000022c]
J 15591 c1 java.awt.Component.processMouseEvent(Ljava/awt/event/MouseEvent;)V java.desktop@11.0.11 (100 bytes) @ 0x0000020f302f181c [0x0000020f302f13a0+0x000000000000047c]
J 15590 c1 javax.swing.JComponent.processMouseEvent(Ljava/awt/event/MouseEvent;)V java.desktop@11.0.11 (27 bytes) @ 0x0000020f2ff50374 [0x0000020f2ff50160+0x0000000000000214]
J 20963 c2 java.awt.Container.processEvent(Ljava/awt/AWTEvent;)V java.desktop@11.0.11 (22 bytes) @ 0x0000020f37ccd518 [0x0000020f37ccd3a0+0x0000000000000178]
J 25135 c2 java.awt.Component.dispatchEventImpl(Ljava/awt/AWTEvent;)V java.desktop@11.0.11 (777 bytes) @ 0x0000020f3887d500 [0x0000020f3887c960+0x0000000000000ba0]
J 20656 c2 java.awt.Container.dispatchEventImpl(Ljava/awt/AWTEvent;)V java.desktop@11.0.11 (129 bytes) @ 0x0000020f3792fb84 [0x0000020f3792fb20+0x0000000000000064]
J 18435 c2 java.awt.LightweightDispatcher.retargetMouseEvent(Ljava/awt/Component;ILjava/awt/event/MouseEvent;)V java.desktop@11.0.11 (372 bytes) @ 0x0000020f380afa20 [0x0000020f380af460+0x00000000000005c0]
J 20056 c2 java.awt.Window.dispatchEventImpl(Ljava/awt/AWTEvent;)V java.desktop@11.0.11 (23 bytes) @ 0x0000020f383846ac [0x0000020f38383940+0x0000000000000d6c]
J 12963 c2 java.awt.EventQueue$4.run()Ljava/lang/Object; java.desktop@11.0.11 (5 bytes) @ 0x0000020f37a50328 [0x0000020f37a50180+0x00000000000001a8]
v  ~StubRoutines::call_stub
J 3958  java.security.AccessController.doPrivileged(Ljava/security/PrivilegedAction;Ljava/security/AccessControlContext;)Ljava/lang/Object; java.base@11.0.11 (0 bytes) @ 0x0000020f372aa436 [0x0000020f372aa3c0+0x0000000000000076]
J 18777 c2 java.awt.EventQueue$5.run()Ljava/lang/Object; java.desktop@11.0.11 (5 bytes) @ 0x0000020f37b1f5f4 [0x0000020f37b1f380+0x0000000000000274]
v  ~StubRoutines::call_stub
J 3958  java.security.AccessController.doPrivileged(Ljava/security/PrivilegedAction;Ljava/security/AccessControlContext;)Ljava/lang/Object; java.base@11.0.11 (0 bytes) @ 0x0000020f372aa436 [0x0000020f372aa3c0+0x0000000000000076]
J 12897 c2 java.awt.EventQueue.dispatchEvent(Ljava/awt/AWTEvent;)V java.desktop@11.0.11 (80 bytes) @ 0x0000020f37a3fc94 [0x0000020f37a3f6c0+0x00000000000005d4]
J 12898 c2 ui.frmwork.a.d.dispatchEvent(Ljava/awt/AWTEvent;)V (42 bytes) @ 0x0000020f37a40a44 [0x0000020f37a40880+0x00000000000001c4]
J 24517 c2 java.awt.EventDispatchThread.pumpOneEventForFilters(I)V java.desktop@11.0.11 (113 bytes) @ 0x0000020f387bd8d8 [0x0000020f387bd480+0x0000000000000458]
J 20548% c2 java.awt.EventDispatchThread.pumpEventsForFilter(ILjava/awt/Conditional;Ljava/awt/EventFilter;)V java.desktop@11.0.11 (47 bytes) @ 0x0000020f3740225c [0x0000020f37402140+0x000000000000011c]
j  java.awt.EventDispatchThread.pumpEventsForHierarchy(ILjava/awt/Conditional;Ljava/awt/Component;)V+11 java.desktop@11.0.11
j  java.awt.EventDispatchThread.pumpEvents(ILjava/awt/Conditional;)V+4 java.desktop@11.0.11
j  java.awt.EventDispatchThread.pumpEvents(Ljava/awt/Conditional;)V+3 java.desktop@11.0.11
j  java.awt.EventDispatchThread.run()V+9 java.desktop@11.0.11
v  ~StubRoutines::call_stub

siginfo: EXCEPTION_ACCESS_VIOLATION (0xc0000005), reading address 0xffffffffffffffff


Register to memory mapping:

RIP=0x00007ffd51e2e215 librdi_filemgmt.dll
RAX=0x0000000000000001 is an unknown value
RBX=0x0000020f02fdf8c8 points into unknown readable memory: 0x80003e0062ef816f | 6f 81 ef 62 00 3e 00 80
RCX=0x0000020f64f18e40 points into unknown readable memory: 0x0000000000000000 | 00 00 00 00 00 00 00 00
RDX=0x80003e0062ef816f is an unknown value
RSP=0x000000c5eb7f7110 is pointing into the stack for thread: 0x0000020f46e85800
RBP=0x000000c5eb7f7260 is pointing into the stack for thread: 0x0000020f46e85800
RSI=0x0 is NULL
RDI=0x0000020f4e267060 points into unknown readable memory: 0x00007ffd51fee930 | 30 e9 fe 51 fd 7f 00 00
R8 =0x0 is NULL
R9 =0x000000c5e411f000 points into unknown readable memory: 0x0000000000000000 | 00 00 00 00 00 00 00 00
R10=0x0000020f1ac10000 points into unknown readable memory: 0x0000000000000000 | 00 00 00 00 00 00 00 00
R11=0x000000c5eb7f5040 is pointing into the stack for thread: 0x0000020f46e85800
R12=0x000000c5eb7f73f8 is pointing into the stack for thread: 0x0000020f46e85800
R13=0x0000020f4c895080 points into unknown readable memory: 0x0000020f4c94a210 | 10 a2 94 4c 0f 02 00 00
R14=0x0 is NULL
R15=0x0000020f88f6d0f0 points into unknown readable memory: 0x005c003f003f005c | 5c 00 3f 00 3f 00 5c 00


Registers:
RAX=0x0000000000000001, RBX=0x0000020f02fdf8c8, RCX=0x0000020f64f18e40, RDX=0x80003e0062ef816f
RSP=0x000000c5eb7f7110, RBP=0x000000c5eb7f7260, RSI=0x0000000000000000, RDI=0x0000020f4e267060
R8 =0x0000000000000000, R9 =0x000000c5e411f000, R10=0x0000020f1ac10000, R11=0x000000c5eb7f5040
R12=0x000000c5eb7f73f8, R13=0x0000020f4c895080, R14=0x0000000000000000, R15=0x0000020f88f6d0f0
RIP=0x00007ffd51e2e215, EFLAGS=0x0000000000010257

Top of Stack: (sp=0x000000c5eb7f7110)
0x000000c5eb7f7110:   0000000000000000 0000020f00000000
0x000000c5eb7f7120:   0000020f02fdf8c0 000000c5eb7f7260
0x000000c5eb7f7130:   fffffffffffffffe 0000020f80329700
0x000000c5eb7f7140:   00007ffde0ac88b0 0000000000000000
0x000000c5eb7f7150:   000000000000000f 0000020f80329b00
0x000000c5eb7f7160:   000000c5eb7f72a0 0000000000000000
0x000000c5eb7f7170:   000000000000000f 0000e3d84b4b5f48
0x000000c5eb7f7180:   000000000000003e 0000020f4c895080
0x000000c5eb7f7190:   000000c5eb7f7260 00007ffd51e2ca65
0x000000c5eb7f71a0:   0000000000000000 0000020f46e85800
0x000000c5eb7f71b0:   000000000000003e 0000020f4e267060
0x000000c5eb7f71c0:   0000020f1acb0000 000000c500000000
0x000000c5eb7f71d0:   0000d7c43fa1720c 0000d7c43fa1730c
0x000000c5eb7f71e0:   0000020f88f6d0f0 0000020f4c895080
0x000000c5eb7f71f0:   000000c5eb7f73f8 0000000000000001
0x000000c5eb7f7200:   0000020f46e85b48 000000c5eb7f73d8 

Instructions: (pc=0x00007ffd51e2e215)
0x00007ffd51e2e115:   c2 48 8b 4c 24 30 48 8b c1 48 81 fa 00 10 00 00
0x00007ffd51e2e125:   72 1c 48 83 c2 27 48 8b 49 f8 48 2b c1 48 83 c0
0x00007ffd51e2e135:   f8 48 83 f8 1f 76 07 ff 15 56 46 18 00 cc e8 30
0x00007ffd51e2e145:   96 08 00 66 0f 6f 05 30 78 18 00 f3 0f 7f 44 24
0x00007ffd51e2e155:   40 c6 44 24 30 00 48 8b cb e8 1d 94 08 00 85 c0
0x00007ffd51e2e165:   74 08 8b c8 e8 18 94 08 00 90 48 8b c6 48 8b 4c
0x00007ffd51e2e175:   24 50 48 33 cc e8 11 97 08 00 48 8b 9c 24 98 00
0x00007ffd51e2e185:   00 00 48 83 c4 60 5f 5e 5d c3 cc b8 02 00 00 00
0x00007ffd51e2e195:   c3 cc cc cc cc cc cc cc cc cc cc 48 8b c4 56 57
0x00007ffd51e2e1a5:   41 56 48 83 ec 70 48 c7 40 98 fe ff ff ff 48 89
0x00007ffd51e2e1b5:   58 18 48 89 68 20 48 8b 05 ae 49 38 00 48 33 c4
0x00007ffd51e2e1c5:   48 89 44 24 68 48 8b ea 48 8b f9 48 8b 01 ff 50
0x00007ffd51e2e1d5:   08 8b f0 85 c0 0f 85 1b 01 00 00 48 8b 5f 08 48
0x00007ffd51e2e1e5:   83 c3 08 48 3b 5f 10 0f 84 09 01 00 00 45 33 f6
0x00007ffd51e2e1f5:   48 8b 13 4c 89 74 24 38 48 c7 44 24 40 0f 00 00
0x00007ffd51e2e205:   00 c6 44 24 28 00 49 c7 c0 ff ff ff ff 49 ff c0
0x00007ffd51e2e215:   42 80 3c 02 00 75 f6 48 8d 4c 24 28 e8 7a a0 d7
0x00007ffd51e2e225:   ff 90 48 8d 54 24 28 48 8d 4c 24 48 ff 15 a1 50
0x00007ffd51e2e235:   18 00 90 48 8b d5 48 8d 4c 24 48 ff 15 b2 4e 18
0x00007ffd51e2e245:   00 84 c0 75 55 48 8d 4c 24 48 ff 15 8b 50 18 00
0x00007ffd51e2e255:   90 48 8b 54 24 40 48 83 fa 10 72 2e 48 ff c2 48
0x00007ffd51e2e265:   8b 4c 24 28 48 8b c1 48 81 fa 00 10 00 00 72 15
0x00007ffd51e2e275:   48 83 c2 27 48 8b 49 f8 48 2b c1 48 83 c0 f8 48
0x00007ffd51e2e285:   83 f8 1f 77 65 e8 e9 94 08 00 48 83 c3 08 48 3b
0x00007ffd51e2e295:   5f 10 0f 85 58 ff ff ff eb 5c 48 8b 07 48 8d 54
0x00007ffd51e2e2a5:   24 28 48 8b cf ff 50 08 8b f0 48 8d 4c 24 48 ff
0x00007ffd51e2e2b5:   15 26 50 18 00 90 48 8b 54 24 40 48 83 fa 10 72
0x00007ffd51e2e2c5:   35 48 ff c2 48 8b 4c 24 28 48 8b c1 48 81 fa 00
0x00007ffd51e2e2d5:   10 00 00 72 1c 48 83 c2 27 48 8b 49 f8 48 2b c1
0x00007ffd51e2e2e5:   48 83 c0 f8 48 83 f8 1f 76 07 ff 15 a3 44 18 00
0x00007ffd51e2e2f5:   cc e8 7d 94 08 00 8b c6 48 8b 4c 24 68 48 33 cc
0x00007ffd51e2e305:   e8 86 95 08 00 4c 8d 5c 24 70 49 8b 5b 30 49 8b 


Stack slot to memory mapping:
stack at sp + 0 slots: 0x0 is NULL
stack at sp + 1 slots: 0x0000020f00000000 points into unknown readable memory: 0x0000000000000000 | 00 00 00 00 00 00 00 00
stack at sp + 2 slots: 0x0000020f02fdf8c0 points into unknown readable memory: 0x0000020f4e17e820 | 20 e8 17 4e 0f 02 00 00
stack at sp + 3 slots: 0x000000c5eb7f7260 is pointing into the stack for thread: 0x0000020f46e85800
stack at sp + 4 slots: 0xfffffffffffffffe is an unknown value
stack at sp + 5 slots: 0x0000020f80329700 points into unknown readable memory: 0x0069006f006a002f | 2f 00 6a 00 6f 00 69 00
stack at sp + 6 slots: 0x00007ffde0ac88b0 ucrtbase.dll
stack at sp + 7 slots: 0x0 is NULL


---------------  P R O C E S S  ---------------

Threads class SMR info:
_java_thread_list=0x0000020f1806f2a0, length=35, elements={
0x0000020f25734800, 0x0000020f25a1a800, 0x0000020f25a1f800, 0x0000020f25a77800,
0x0000020f25a7a800, 0x0000020f25a7d800, 0x0000020f25a80000, 0x0000020f25a83000,
0x0000020f25a8a000, 0x0000020f46e7f000, 0x0000020f46e81000, 0x0000020f46e81800,
0x0000020f46e82800, 0x0000020f46e80000, 0x0000020f46e85800, 0x0000020f46e85000,
0x0000020f4a399800, 0x0000020f4a39a000, 0x0000020f4a39c800, 0x0000020f4a39e000,
0x0000020f4a3a1800, 0x0000020f4a3a0800, 0x0000020f4a3a4000, 0x0000020f4a397800,
0x0000020f4a39b000, 0x0000020f4a3a2800, 0x0000020f4a3a5800, 0x0000020f4a3a3000,
0x0000020f65318800, 0x0000020f6531e000, 0x0000020f6531f000, 0x0000020f6531b800,
0x0000020f0acf4000, 0x0000020f0acf2800, 0x0000020f0acf3800
}

Java Threads: ( => current thread )
  0x0000020f25734800 JavaThread "main" [_thread_blocked, id=14960, stack(0x000000c5e5e00000,0x000000c5e5f00000)]
  0x0000020f25a1a800 JavaThread "Reference Handler" daemon [_thread_blocked, id=14976, stack(0x000000c5e6500000,0x000000c5e6a00000)]
  0x0000020f25a1f800 JavaThread "Finalizer" daemon [_thread_blocked, id=14996, stack(0x000000c5e6a00000,0x000000c5e6f00000)]
  0x0000020f25a77800 JavaThread "Signal Dispatcher" daemon [_thread_blocked, id=15000, stack(0x000000c5e6f00000,0x000000c5e7400000)]
  0x0000020f25a7a800 JavaThread "Attach Listener" daemon [_thread_blocked, id=15004, stack(0x000000c5e7400000,0x000000c5e7900000)]
  0x0000020f25a7d800 JavaThread "Service Thread" daemon [_thread_blocked, id=14984, stack(0x000000c5e7900000,0x000000c5e7e00000)]
  0x0000020f25a80000 JavaThread "C2 CompilerThread0" daemon [_thread_blocked, id=14920, stack(0x000000c5e7e00000,0x000000c5e7f00000)]
  0x0000020f25a83000 JavaThread "C1 CompilerThread0" daemon [_thread_blocked, id=14952, stack(0x000000c5e7f00000,0x000000c5e8000000)]
  0x0000020f25a8a000 JavaThread "Sweeper thread" daemon [_thread_blocked, id=14948, stack(0x000000c5e8000000,0x000000c5e8500000)]
  0x0000020f46e7f000 JavaThread "Common-Cleaner" daemon [_thread_blocked, id=2016, stack(0x000000c5e8a00000,0x000000c5e8f00000)]
  0x0000020f46e81000 JavaThread "Java2D Disposer" daemon [_thread_blocked, id=14812, stack(0x000000c5e9000000,0x000000c5e9500000)]
  0x0000020f46e81800 JavaThread "AWT-Shutdown" [_thread_blocked, id=14816, stack(0x000000c5e9500000,0x000000c5e9a00000)]
  0x0000020f46e82800 JavaThread "AWT-Windows" daemon [_thread_in_native, id=14824, stack(0x000000c5e9a00000,0x000000c5e9f00000)]
  0x0000020f46e80000 JavaThread "TimerQueue" daemon [_thread_blocked, id=7904, stack(0x000000c5ea600000,0x000000c5eab00000)]
=>0x0000020f46e85800 JavaThread "AWT-EventQueue-0" [_thread_in_native, id=14276, stack(0x000000c5eb300000,0x000000c5eb800000)]
  0x0000020f46e85000 JavaThread "Thread-1" [_thread_in_native, id=8072, stack(0x000000c5e4800000,0x000000c5e5c00000)]
  0x0000020f4a399800 JavaThread "Process Messages Thread" [_thread_blocked, id=9820, stack(0x000000c5ec100000,0x000000c5ec600000)]
  0x0000020f4a39a000 JavaThread "Batik CleanerThread" daemon [_thread_blocked, id=9768, stack(0x000000c5eb800000,0x000000c5ebd00000)]
  0x0000020f4a39c800 JavaThread "SyntheticaCleanerThread" daemon [_thread_blocked, id=5848, stack(0x000000c5ecd00000,0x000000c5ed200000)]
  0x0000020f4a39e000 JavaThread "Monitor HEventQueue Thread" [_thread_blocked, id=5616, stack(0x000000c5ed900000,0x000000c5ede00000)]
  0x0000020f4a3a1800 JavaThread "SyntheticaAnimation 50" daemon [_thread_blocked, id=5656, stack(0x000000c5edf00000,0x000000c5ee400000)]
  0x0000020f4a3a0800 JavaThread "SyntheticaAnimation 25" daemon [_thread_blocked, id=5824, stack(0x000000c5ee500000,0x000000c5eea00000)]
  0x0000020f4a3a4000 JavaThread "SyntheticaAnimation 70" daemon [_thread_blocked, id=15348, stack(0x000000c5eef00000,0x000000c5ef400000)]
  0x0000020f4a397800 JavaThread "Refresh Filesets Swing Worker Thread" [_thread_blocked, id=10556, stack(0x000000c5ec600000,0x000000c5ecb00000)]
  0x0000020f4a39b000 JavaThread "hw_ila_monitor" [_thread_blocked, id=2984, stack(0x000000c5ed200000,0x000000c5ed700000)]
  0x0000020f4a3a2800 JavaThread "pool-1-thread-1" [_thread_blocked, id=8004, stack(0x000000c5ef900000,0x000000c5efe00000)]
  0x0000020f4a3a5800 JavaThread "pool-2-thread-1" [_thread_blocked, id=7972, stack(0x000000c5efe00000,0x000000c5f0300000)]
  0x0000020f4a3a3000 JavaThread "pool-3-thread-1" [_thread_blocked, id=5856, stack(0x000000c5f0300000,0x000000c5f0800000)]
  0x0000020f65318800 JavaThread "Update Runs Swing Worker Thread" [_thread_blocked, id=8136, stack(0x000000c5f0d00000,0x000000c5f1200000)]
  0x0000020f6531e000 JavaThread "SyntheticaAnimation 50" daemon [_thread_blocked, id=6236, stack(0x000000c5ef400000,0x000000c5ef900000)]
  0x0000020f6531f000 JavaThread "Image Animator 0" daemon [_thread_blocked, id=3408, stack(0x000000c5f1200000,0x000000c5f1700000)]
  0x0000020f6531b800 JavaThread "SyntheticaAnimation 50" daemon [_thread_blocked, id=2144, stack(0x000000c5eea00000,0x000000c5eef00000)]
  0x0000020f0acf4000 JavaThread "Swing-Shell" daemon [_thread_blocked, id=12980, stack(0x000000c5e8500000,0x000000c5e8a00000)]
  0x0000020f0acf2800 JavaThread "C2 CompilerThread1" daemon [_thread_blocked, id=8016, stack(0x000000c5e4300000,0x000000c5e4400000)]
  0x0000020f0acf3800 JavaThread "Code Inspector Thread" [_thread_in_native, id=11056, stack(0x000000c5f1c00000,0x000000c5f2100000)]

Other Threads:
  0x0000020f25a11800 VMThread "VM Thread" [stack: 0x000000c5e6400000,0x000000c5e6500000] [id=14992]
  0x0000020f46e95800 WatcherThread [stack: 0x000000c5e8f00000,0x000000c5e9000000] [id=1200]
  0x0000020f25747000 GCTaskThread "GC Thread#0" [stack: 0x000000c5e5f00000,0x000000c5e6000000] [id=14956]
  0x0000020f49125800 GCTaskThread "GC Thread#1" [stack: 0x000000c5e9f00000,0x000000c5ea000000] [id=13952]
  0x0000020f48a76000 GCTaskThread "GC Thread#2" [stack: 0x000000c5ea000000,0x000000c5ea100000] [id=1624]
  0x0000020f48a77000 GCTaskThread "GC Thread#3" [stack: 0x000000c5ea100000,0x000000c5ea200000] [id=1572]
  0x0000020f48c2b000 GCTaskThread "GC Thread#4" [stack: 0x000000c5ea200000,0x000000c5ea300000] [id=1620]
  0x0000020f48b3e000 GCTaskThread "GC Thread#5" [stack: 0x000000c5ea300000,0x000000c5ea400000] [id=7116]
  0x0000020f4a3bd800 GCTaskThread "GC Thread#6" [stack: 0x000000c5ebd00000,0x000000c5ebe00000] [id=14072]
  0x0000020f49703000 GCTaskThread "GC Thread#7" [stack: 0x000000c5ebe00000,0x000000c5ebf00000] [id=8108]
  0x0000020f49fd4000 GCTaskThread "GC Thread#8" [stack: 0x000000c5eb200000,0x000000c5eb300000] [id=9876]
  0x0000020f49602000 GCTaskThread "GC Thread#9" [stack: 0x000000c5ecb00000,0x000000c5ecc00000] [id=9996]
  0x0000020f4796a800 GCTaskThread "GC Thread#10" [stack: 0x000000c5eb000000,0x000000c5eb100000] [id=15048]
  0x0000020f4b975800 GCTaskThread "GC Thread#11" [stack: 0x000000c5eb100000,0x000000c5eb200000] [id=11424]
  0x0000020f501e9800 GCTaskThread "GC Thread#12" [stack: 0x000000c5ede00000,0x000000c5edf00000] [id=5424]
  0x0000020f257af800 ConcurrentGCThread "G1 Main Marker" [stack: 0x000000c5e6000000,0x000000c5e6100000] [id=14936]
  0x0000020f257b3000 ConcurrentGCThread "G1 Conc#0" [stack: 0x000000c5e6100000,0x000000c5e6200000] [id=14932]
  0x0000020f4a51e800 ConcurrentGCThread "G1 Conc#1" [stack: 0x000000c5ebf00000,0x000000c5ec000000] [id=14060]
  0x0000020f4a021800 ConcurrentGCThread "G1 Conc#2" [stack: 0x000000c5ec000000,0x000000c5ec100000] [id=7636]
  0x0000020f258cc000 ConcurrentGCThread "G1 Refine#0" [stack: 0x000000c5e6200000,0x000000c5e6300000] [id=14928]
  0x0000020f4938f000 ConcurrentGCThread "G1 Refine#1" [stack: 0x000000c5ea400000,0x000000c5ea500000] [id=8892]
  0x0000020f258ce800 ConcurrentGCThread "G1 Young RemSet Sampling" [stack: 0x000000c5e6300000,0x000000c5e6400000] [id=14972]

Threads with active compile tasks:

VM state:not at safepoint (normal execution)

VM Mutex/Monitor currently owned by a thread: None

Heap address: 0x0000000740000000, size: 3072 MB, Compressed Oops mode: Zero based, Oop shift amount: 3
Narrow klass base: 0x0000000800000000, Narrow klass shift: 0
Compressed class space size: 1073741824 Address: 0x0000000800000000

Heap:
 garbage-first heap   total 2037760K, used 617978K [0x0000000740000000, 0x0000000800000000)
  region size 1024K, 36 young (36864K), 5 survivors (5120K)
 Metaspace       used 109662K, capacity 111735K, committed 113388K, reserved 1146880K
  class space    used 14695K, capacity 15573K, committed 16204K, reserved 1048576K
Heap Regions: E=young(eden), S=young(survivor), O=old, HS=humongous(starts), HC=humongous(continues), CS=collection set, F=free, A=archive, TAMS=top-at-mark-start (previous, next)
|   0|0x0000000740000000, 0x0000000740100000, 0x0000000740100000|100%|HS|  |TAMS 0x0000000740000000, 0x0000000740000000| Untracked 
|   1|0x0000000740100000, 0x0000000740200000, 0x0000000740200000|100%|HC|  |TAMS 0x0000000740100000, 0x0000000740100000| Untracked 
|   2|0x0000000740200000, 0x0000000740300000, 0x0000000740300000|100%|HS|  |TAMS 0x0000000740200000, 0x0000000740200000| Untracked 
|   3|0x0000000740300000, 0x0000000740400000, 0x0000000740400000|100%|HS|  |TAMS 0x0000000740300000, 0x0000000740300000| Untracked 
|   4|0x0000000740400000, 0x00000007404ffff0, 0x0000000740500000| 99%| O|  |TAMS 0x0000000740400000, 0x0000000740400000| Untracked 
|   5|0x0000000740500000, 0x0000000740600000, 0x0000000740600000|100%| O|  |TAMS 0x0000000740500000, 0x0000000740500000| Untracked 
|   6|0x0000000740600000, 0x00000007406ffff0, 0x0000000740700000| 99%| O|  |TAMS 0x0000000740600000, 0x0000000740600000| Untracked 
|   7|0x0000000740700000, 0x0000000740800000, 0x0000000740800000|100%| O|  |TAMS 0x0000000740700000, 0x0000000740700000| Untracked 
|   8|0x0000000740800000, 0x0000000740900000, 0x0000000740900000|100%| O|  |TAMS 0x0000000740800000, 0x0000000740800000| Untracked 
|   9|0x0000000740900000, 0x00000007409ffff8, 0x0000000740a00000| 99%| O|  |TAMS 0x0000000740900000, 0x0000000740900000| Untracked 
|  10|0x0000000740a00000, 0x0000000740b00000, 0x0000000740b00000|100%| O|  |TAMS 0x0000000740a00000, 0x0000000740a00000| Untracked 
|  11|0x0000000740b00000, 0x0000000740c00000, 0x0000000740c00000|100%| O|  |TAMS 0x0000000740b00000, 0x0000000740b00000| Untracked 
|  12|0x0000000740c00000, 0x0000000740cffff8, 0x0000000740d00000| 99%| O|  |TAMS 0x0000000740c00000, 0x0000000740c00000| Untracked 
|  13|0x0000000740d00000, 0x0000000740e00000, 0x0000000740e00000|100%| O|  |TAMS 0x0000000740d00000, 0x0000000740d00000| Untracked 
|  14|0x0000000740e00000, 0x0000000740f00000, 0x0000000740f00000|100%| O|  |TAMS 0x0000000740e00000, 0x0000000740e00000| Untracked 
|  15|0x0000000740f00000, 0x0000000740ffffe0, 0x0000000741000000| 99%| O|  |TAMS 0x0000000740f00000, 0x0000000740f00000| Untracked 
|  16|0x0000000741000000, 0x00000007410fffc8, 0x0000000741100000| 99%| O|  |TAMS 0x0000000741000000, 0x0000000741000000| Untracked 
|  17|0x0000000741100000, 0x00000007411fffe8, 0x0000000741200000| 99%| O|  |TAMS 0x0000000741100000, 0x0000000741100000| Untracked 
|  18|0x0000000741200000, 0x00000007412fffe0, 0x0000000741300000| 99%| O|  |TAMS 0x0000000741200000, 0x0000000741200000| Untracked 
|  19|0x0000000741300000, 0x00000007413fffd8, 0x0000000741400000| 99%| O|  |TAMS 0x0000000741300000, 0x0000000741300000| Untracked 
|  20|0x0000000741400000, 0x00000007414fffe8, 0x0000000741500000| 99%| O|  |TAMS 0x0000000741400000, 0x0000000741400000| Untracked 
|  21|0x0000000741500000, 0x0000000741600000, 0x0000000741600000|100%| O|  |TAMS 0x0000000741500000, 0x0000000741500000| Untracked 
|  22|0x0000000741600000, 0x00000007416fffc8, 0x0000000741700000| 99%| O|  |TAMS 0x0000000741600000, 0x0000000741600000| Untracked 
|  23|0x0000000741700000, 0x00000007417fffe0, 0x0000000741800000| 99%| O|  |TAMS 0x0000000741700000, 0x0000000741700000| Untracked 
|  24|0x0000000741800000, 0x00000007418ffff0, 0x0000000741900000| 99%| O|  |TAMS 0x0000000741800000, 0x0000000741800000| Untracked 
|  25|0x0000000741900000, 0x00000007419fffe8, 0x0000000741a00000| 99%| O|  |TAMS 0x0000000741900000, 0x0000000741900000| Untracked 
|  26|0x0000000741a00000, 0x0000000741b00000, 0x0000000741b00000|100%| O|  |TAMS 0x0000000741a00000, 0x0000000741a00000| Untracked 
|  27|0x0000000741b00000, 0x0000000741bffff8, 0x0000000741c00000| 99%| O|  |TAMS 0x0000000741b00000, 0x0000000741b00000| Untracked 
|  28|0x0000000741c00000, 0x0000000741cffff0, 0x0000000741d00000| 99%| O|  |TAMS 0x0000000741c00000, 0x0000000741c00000| Untracked 
|  29|0x0000000741d00000, 0x0000000741e00000, 0x0000000741e00000|100%| O|  |TAMS 0x0000000741d00000, 0x0000000741d00000| Untracked 
|  30|0x0000000741e00000, 0x0000000741f00000, 0x0000000741f00000|100%| O|  |TAMS 0x0000000741e00000, 0x0000000741e00000| Untracked 
|  31|0x0000000741f00000, 0x0000000741ffffd0, 0x0000000742000000| 99%| O|  |TAMS 0x0000000741f00000, 0x0000000741f00000| Untracked 
|  32|0x0000000742000000, 0x00000007420fff38, 0x0000000742100000| 99%| O|  |TAMS 0x0000000742000000, 0x0000000742000000| Untracked 
|  33|0x0000000742100000, 0x00000007421ffff8, 0x0000000742200000| 99%| O|  |TAMS 0x0000000742100000, 0x0000000742100000| Untracked 
|  34|0x0000000742200000, 0x00000007422ffff8, 0x0000000742300000| 99%| O|  |TAMS 0x0000000742200000, 0x0000000742200000| Untracked 
|  35|0x0000000742300000, 0x00000007423ffff8, 0x0000000742400000| 99%| O|  |TAMS 0x0000000742300000, 0x0000000742300000| Untracked 
|  36|0x0000000742400000, 0x0000000742500000, 0x0000000742500000|100%| O|  |TAMS 0x0000000742400000, 0x0000000742400000| Untracked 
|  37|0x0000000742500000, 0x00000007425ffff8, 0x0000000742600000| 99%| O|  |TAMS 0x0000000742500000, 0x0000000742500000| Untracked 
|  38|0x0000000742600000, 0x00000007426ffff8, 0x0000000742700000| 99%| O|  |TAMS 0x0000000742600000, 0x0000000742600000| Untracked 
|  39|0x0000000742700000, 0x00000007427fc490, 0x0000000742800000| 98%| O|  |TAMS 0x0000000742700000, 0x0000000742700000| Untracked 
|  40|0x0000000742800000, 0x00000007428fffe0, 0x0000000742900000| 99%| O|  |TAMS 0x0000000742800000, 0x0000000742800000| Untracked 
|  41|0x0000000742900000, 0x00000007429fffe8, 0x0000000742a00000| 99%| O|  |TAMS 0x0000000742900000, 0x0000000742900000| Untracked 
|  42|0x0000000742a00000, 0x0000000742b00000, 0x0000000742b00000|100%| O|  |TAMS 0x0000000742a00000, 0x0000000742a00000| Untracked 
|  43|0x0000000742b00000, 0x0000000742c00000, 0x0000000742c00000|100%| O|  |TAMS 0x0000000742b00000, 0x0000000742b00000| Untracked 
|  44|0x0000000742c00000, 0x0000000742cffff8, 0x0000000742d00000| 99%| O|  |TAMS 0x0000000742c00000, 0x0000000742c00000| Untracked 
|  45|0x0000000742d00000, 0x0000000742dffff0, 0x0000000742e00000| 99%| O|  |TAMS 0x0000000742d00000, 0x0000000742d00000| Untracked 
|  46|0x0000000742e00000, 0x0000000742effff8, 0x0000000742f00000| 99%| O|  |TAMS 0x0000000742e00000, 0x0000000742e00000| Untracked 
|  47|0x0000000742f00000, 0x0000000742fffff8, 0x0000000743000000| 99%| O|  |TAMS 0x0000000742f00000, 0x0000000742f00000| Untracked 
|  48|0x0000000743000000, 0x0000000743100000, 0x0000000743100000|100%| O|  |TAMS 0x0000000743000000, 0x0000000743000000| Untracked 
|  49|0x0000000743100000, 0x00000007431fffa0, 0x0000000743200000| 99%| O|  |TAMS 0x0000000743100000, 0x0000000743100000| Untracked 
|  50|0x0000000743200000, 0x00000007432ffcd0, 0x0000000743300000| 99%| O|  |TAMS 0x0000000743200000, 0x0000000743200000| Untracked 
|  51|0x0000000743300000, 0x00000007433fa348, 0x0000000743400000| 97%| O|  |TAMS 0x0000000743300000, 0x0000000743300000| Untracked 
|  52|0x0000000743400000, 0x00000007434ffff8, 0x0000000743500000| 99%| O|  |TAMS 0x0000000743400000, 0x0000000743400000| Untracked 
|  53|0x0000000743500000, 0x00000007435ffe58, 0x0000000743600000| 99%| O|  |TAMS 0x0000000743500000, 0x0000000743500000| Untracked 
|  54|0x0000000743600000, 0x00000007436fff28, 0x0000000743700000| 99%| O|  |TAMS 0x0000000743600000, 0x0000000743600000| Untracked 
|  55|0x0000000743700000, 0x0000000743800000, 0x0000000743800000|100%| O|  |TAMS 0x0000000743700000, 0x0000000743700000| Untracked 
|  56|0x0000000743800000, 0x00000007438ffeb8, 0x0000000743900000| 99%| O|  |TAMS 0x0000000743800000, 0x0000000743800000| Untracked 
|  57|0x0000000743900000, 0x00000007439e98e8, 0x0000000743a00000| 91%| O|  |TAMS 0x0000000743900000, 0x0000000743900000| Untracked 
|  58|0x0000000743a00000, 0x0000000743affef0, 0x0000000743b00000| 99%| O|  |TAMS 0x0000000743a00000, 0x0000000743a00000| Untracked 
|  59|0x0000000743b00000, 0x0000000743bfffe8, 0x0000000743c00000| 99%| O|  |TAMS 0x0000000743b00000, 0x0000000743b00000| Untracked 
|  60|0x0000000743c00000, 0x0000000743cfffd8, 0x0000000743d00000| 99%| O|  |TAMS 0x0000000743c00000, 0x0000000743c00000| Untracked 
|  61|0x0000000743d00000, 0x0000000743dfffe8, 0x0000000743e00000| 99%| O|  |TAMS 0x0000000743d00000, 0x0000000743d00000| Untracked 
|  62|0x0000000743e00000, 0x0000000743f00000, 0x0000000743f00000|100%| O|  |TAMS 0x0000000743e00000, 0x0000000743e00000| Untracked 
|  63|0x0000000743f00000, 0x0000000743fffff8, 0x0000000744000000| 99%| O|  |TAMS 0x0000000743f00000, 0x0000000743f00000| Untracked 
|  64|0x0000000744000000, 0x00000007440ffff8, 0x0000000744100000| 99%| O|  |TAMS 0x0000000744000000, 0x0000000744000000| Untracked 
|  65|0x0000000744100000, 0x00000007441ffeb8, 0x0000000744200000| 99%| O|  |TAMS 0x0000000744100000, 0x0000000744100000| Untracked 
|  66|0x0000000744200000, 0x00000007442fffe8, 0x0000000744300000| 99%| O|  |TAMS 0x0000000744200000, 0x0000000744200000| Untracked 
|  67|0x0000000744300000, 0x0000000744400000, 0x0000000744400000|100%| O|  |TAMS 0x0000000744300000, 0x0000000744300000| Untracked 
|  68|0x0000000744400000, 0x00000007444f3688, 0x0000000744500000| 95%| O|  |TAMS 0x0000000744400000, 0x0000000744400000| Untracked 
|  69|0x0000000744500000, 0x0000000744600000, 0x0000000744600000|100%| O|  |TAMS 0x0000000744500000, 0x0000000744500000| Untracked 
|  70|0x0000000744600000, 0x00000007446ffff0, 0x0000000744700000| 99%| O|  |TAMS 0x0000000744600000, 0x0000000744600000| Untracked 
|  71|0x0000000744700000, 0x00000007447ffff8, 0x0000000744800000| 99%| O|  |TAMS 0x0000000744700000, 0x0000000744700000| Untracked 
|  72|0x0000000744800000, 0x00000007448ff760, 0x0000000744900000| 99%| O|  |TAMS 0x0000000744800000, 0x0000000744800000| Untracked 
|  73|0x0000000744900000, 0x00000007449fffd8, 0x0000000744a00000| 99%| O|  |TAMS 0x0000000744900000, 0x0000000744900000| Untracked 
|  74|0x0000000744a00000, 0x0000000744affcc0, 0x0000000744b00000| 99%| O|  |TAMS 0x0000000744a00000, 0x0000000744a00000| Untracked 
|  75|0x0000000744b00000, 0x0000000744bffff0, 0x0000000744c00000| 99%| O|  |TAMS 0x0000000744b00000, 0x0000000744b00000| Untracked 
|  76|0x0000000744c00000, 0x0000000744cfffd8, 0x0000000744d00000| 99%| O|  |TAMS 0x0000000744c00000, 0x0000000744c00000| Untracked 
|  77|0x0000000744d00000, 0x0000000744dfffd8, 0x0000000744e00000| 99%| O|  |TAMS 0x0000000744d00000, 0x0000000744d00000| Untracked 
|  78|0x0000000744e00000, 0x0000000744effff0, 0x0000000744f00000| 99%| O|  |TAMS 0x0000000744e00000, 0x0000000744e00000| Untracked 
|  79|0x0000000744f00000, 0x0000000744fffff8, 0x0000000745000000| 99%| O|  |TAMS 0x0000000744f00000, 0x0000000744f00000| Untracked 
|  80|0x0000000745000000, 0x0000000745100000, 0x0000000745100000|100%| O|  |TAMS 0x0000000745000000, 0x0000000745000000| Untracked 
|  81|0x0000000745100000, 0x00000007451fffc8, 0x0000000745200000| 99%| O|  |TAMS 0x0000000745100000, 0x0000000745100000| Untracked 
|  82|0x0000000745200000, 0x00000007452ffff8, 0x0000000745300000| 99%| O|  |TAMS 0x0000000745200000, 0x0000000745200000| Untracked 
|  83|0x0000000745300000, 0x00000007453fffe0, 0x0000000745400000| 99%| O|  |TAMS 0x0000000745300000, 0x0000000745300000| Untracked 
|  84|0x0000000745400000, 0x00000007454ffff8, 0x0000000745500000| 99%| O|  |TAMS 0x0000000745400000, 0x0000000745400000| Untracked 
|  85|0x0000000745500000, 0x0000000745600000, 0x0000000745600000|100%| O|  |TAMS 0x0000000745500000, 0x0000000745500000| Untracked 
|  86|0x0000000745600000, 0x0000000745700000, 0x0000000745700000|100%| O|  |TAMS 0x0000000745600000, 0x0000000745600000| Untracked 
|  87|0x0000000745700000, 0x00000007457ffff8, 0x0000000745800000| 99%| O|  |TAMS 0x0000000745700000, 0x0000000745700000| Untracked 
|  88|0x0000000745800000, 0x0000000745900000, 0x0000000745900000|100%| O|  |TAMS 0x0000000745800000, 0x0000000745800000| Untracked 
|  89|0x0000000745900000, 0x00000007459ffff8, 0x0000000745a00000| 99%| O|  |TAMS 0x0000000745900000, 0x0000000745900000| Untracked 
|  90|0x0000000745a00000, 0x0000000745affff8, 0x0000000745b00000| 99%| O|  |TAMS 0x0000000745a00000, 0x0000000745a00000| Untracked 
|  91|0x0000000745b00000, 0x0000000745c00000, 0x0000000745c00000|100%| O|  |TAMS 0x0000000745b00000, 0x0000000745b00000| Untracked 
|  92|0x0000000745c00000, 0x0000000745d00000, 0x0000000745d00000|100%| O|  |TAMS 0x0000000745c00000, 0x0000000745c00000| Untracked 
|  93|0x0000000745d00000, 0x0000000745e00000, 0x0000000745e00000|100%| O|  |TAMS 0x0000000745d00000, 0x0000000745d00000| Untracked 
|  94|0x0000000745e00000, 0x0000000745f00000, 0x0000000745f00000|100%| O|  |TAMS 0x0000000745e00000, 0x0000000745e00000| Untracked 
|  95|0x0000000745f00000, 0x0000000745fffff0, 0x0000000746000000| 99%| O|  |TAMS 0x0000000745f00000, 0x0000000745f00000| Untracked 
|  96|0x0000000746000000, 0x00000007460ffff8, 0x0000000746100000| 99%| O|  |TAMS 0x0000000746000000, 0x0000000746000000| Untracked 
|  97|0x0000000746100000, 0x00000007461ffba0, 0x0000000746200000| 99%| O|  |TAMS 0x0000000746100000, 0x0000000746100000| Untracked 
|  98|0x0000000746200000, 0x00000007462ffff0, 0x0000000746300000| 99%| O|  |TAMS 0x0000000746200000, 0x0000000746200000| Untracked 
|  99|0x0000000746300000, 0x00000007463fffd8, 0x0000000746400000| 99%| O|  |TAMS 0x0000000746300000, 0x0000000746300000| Untracked 
| 100|0x0000000746400000, 0x00000007464fff10, 0x0000000746500000| 99%| O|  |TAMS 0x0000000746400000, 0x0000000746400000| Untracked 
| 101|0x0000000746500000, 0x00000007465ffff0, 0x0000000746600000| 99%| O|  |TAMS 0x0000000746500000, 0x0000000746500000| Untracked 
| 102|0x0000000746600000, 0x00000007466fffe8, 0x0000000746700000| 99%| O|  |TAMS 0x0000000746600000, 0x0000000746600000| Untracked 
| 103|0x0000000746700000, 0x00000007467ffc38, 0x0000000746800000| 99%| O|  |TAMS 0x0000000746700000, 0x0000000746700000| Untracked 
| 104|0x0000000746800000, 0x0000000746900000, 0x0000000746900000|100%| O|  |TAMS 0x0000000746800000, 0x0000000746800000| Untracked 
| 105|0x0000000746900000, 0x00000007469ffff0, 0x0000000746a00000| 99%| O|  |TAMS 0x0000000746900000, 0x0000000746900000| Untracked 
| 106|0x0000000746a00000, 0x0000000746afffc0, 0x0000000746b00000| 99%| O|  |TAMS 0x0000000746a00000, 0x0000000746a00000| Untracked 
| 107|0x0000000746b00000, 0x0000000746bffff0, 0x0000000746c00000| 99%| O|  |TAMS 0x0000000746b00000, 0x0000000746b00000| Untracked 
| 108|0x0000000746c00000, 0x0000000746cfffc8, 0x0000000746d00000| 99%| O|  |TAMS 0x0000000746c00000, 0x0000000746c00000| Untracked 
| 109|0x0000000746d00000, 0x0000000746dffff8, 0x0000000746e00000| 99%| O|  |TAMS 0x0000000746d00000, 0x0000000746d00000| Untracked 
| 110|0x0000000746e00000, 0x0000000746effff8, 0x0000000746f00000| 99%| O|  |TAMS 0x0000000746e00000, 0x0000000746e00000| Untracked 
| 111|0x0000000746f00000, 0x0000000746fffe80, 0x0000000747000000| 99%| O|  |TAMS 0x0000000746f00000, 0x0000000746f00000| Untracked 
| 112|0x0000000747000000, 0x0000000747100000, 0x0000000747100000|100%| O|  |TAMS 0x0000000747000000, 0x0000000747000000| Untracked 
| 113|0x0000000747100000, 0x00000007471ffff8, 0x0000000747200000| 99%| O|  |TAMS 0x0000000747100000, 0x0000000747100000| Untracked 
| 114|0x0000000747200000, 0x00000007472ffff8, 0x0000000747300000| 99%| O|  |TAMS 0x0000000747200000, 0x0000000747200000| Untracked 
| 115|0x0000000747300000, 0x00000007473fffe0, 0x0000000747400000| 99%| O|  |TAMS 0x0000000747300000, 0x0000000747300000| Untracked 
| 116|0x0000000747400000, 0x0000000747500000, 0x0000000747500000|100%| O|  |TAMS 0x0000000747400000, 0x0000000747400000| Untracked 
| 117|0x0000000747500000, 0x00000007475fffd8, 0x0000000747600000| 99%| O|  |TAMS 0x0000000747500000, 0x0000000747500000| Untracked 
| 118|0x0000000747600000, 0x00000007476ffff0, 0x0000000747700000| 99%| O|  |TAMS 0x0000000747600000, 0x0000000747600000| Untracked 
| 119|0x0000000747700000, 0x00000007477fffe0, 0x0000000747800000| 99%| O|  |TAMS 0x0000000747700000, 0x0000000747700000| Untracked 
| 120|0x0000000747800000, 0x00000007478ffff0, 0x0000000747900000| 99%| O|  |TAMS 0x0000000747800000, 0x0000000747800000| Untracked 
| 121|0x0000000747900000, 0x00000007479ffff0, 0x0000000747a00000| 99%| O|  |TAMS 0x0000000747900000, 0x0000000747900000| Untracked 
| 122|0x0000000747a00000, 0x0000000747b00000, 0x0000000747b00000|100%| O|  |TAMS 0x0000000747a00000, 0x0000000747a00000| Untracked 
| 123|0x0000000747b00000, 0x0000000747bfffc0, 0x0000000747c00000| 99%| O|  |TAMS 0x0000000747b00000, 0x0000000747b00000| Untracked 
| 124|0x0000000747c00000, 0x0000000747cfffe0, 0x0000000747d00000| 99%| O|  |TAMS 0x0000000747c00000, 0x0000000747c00000| Untracked 
| 125|0x0000000747d00000, 0x0000000747e00000, 0x0000000747e00000|100%| O|  |TAMS 0x0000000747d00000, 0x0000000747d00000| Untracked 
| 126|0x0000000747e00000, 0x0000000747effff0, 0x0000000747f00000| 99%| O|  |TAMS 0x0000000747e00000, 0x0000000747e00000| Untracked 
| 127|0x0000000747f00000, 0x0000000747fffff8, 0x0000000748000000| 99%| O|  |TAMS 0x0000000747f00000, 0x0000000747f00000| Untracked 
| 128|0x0000000748000000, 0x00000007480ffff8, 0x0000000748100000| 99%| O|  |TAMS 0x0000000748000000, 0x0000000748000000| Untracked 
| 129|0x0000000748100000, 0x0000000748200000, 0x0000000748200000|100%| O|  |TAMS 0x0000000748100000, 0x0000000748100000| Untracked 
| 130|0x0000000748200000, 0x00000007482fffe0, 0x0000000748300000| 99%| O|  |TAMS 0x0000000748200000, 0x0000000748200000| Untracked 
| 131|0x0000000748300000, 0x0000000748400000, 0x0000000748400000|100%|HS|  |TAMS 0x0000000748300000, 0x0000000748300000| Untracked 
| 132|0x0000000748400000, 0x0000000748500000, 0x0000000748500000|100%|HC|  |TAMS 0x0000000748400000, 0x0000000748400000| Untracked 
| 133|0x0000000748500000, 0x0000000748600000, 0x0000000748600000|100%|HC|  |TAMS 0x0000000748500000, 0x0000000748500000| Untracked 
| 134|0x0000000748600000, 0x0000000748700000, 0x0000000748700000|100%|HC|  |TAMS 0x0000000748600000, 0x0000000748600000| Untracked 
| 135|0x0000000748700000, 0x0000000748800000, 0x0000000748800000|100%|HC|  |TAMS 0x0000000748700000, 0x0000000748700000| Untracked 
| 136|0x0000000748800000, 0x0000000748900000, 0x0000000748900000|100%| O|  |TAMS 0x0000000748800000, 0x0000000748800000| Untracked 
| 137|0x0000000748900000, 0x00000007489fffd8, 0x0000000748a00000| 99%| O|  |TAMS 0x0000000748900000, 0x0000000748900000| Untracked 
| 138|0x0000000748a00000, 0x0000000748b00000, 0x0000000748b00000|100%| O|  |TAMS 0x0000000748a00000, 0x0000000748a00000| Untracked 
| 139|0x0000000748b00000, 0x0000000748bffff0, 0x0000000748c00000| 99%| O|  |TAMS 0x0000000748b00000, 0x0000000748b00000| Untracked 
| 140|0x0000000748c00000, 0x0000000748cfffb0, 0x0000000748d00000| 99%| O|  |TAMS 0x0000000748c00000, 0x0000000748c00000| Untracked 
| 141|0x0000000748d00000, 0x0000000748dfffc8, 0x0000000748e00000| 99%| O|  |TAMS 0x0000000748d00000, 0x0000000748d00000| Untracked 
| 142|0x0000000748e00000, 0x0000000748efffe0, 0x0000000748f00000| 99%| O|  |TAMS 0x0000000748e00000, 0x0000000748e00000| Untracked 
| 143|0x0000000748f00000, 0x0000000748ffffd0, 0x0000000749000000| 99%| O|  |TAMS 0x0000000748f00000, 0x0000000748f00000| Untracked 
| 144|0x0000000749000000, 0x00000007490ffff0, 0x0000000749100000| 99%| O|  |TAMS 0x0000000749000000, 0x0000000749000000| Untracked 
| 145|0x0000000749100000, 0x00000007491ffff8, 0x0000000749200000| 99%| O|  |TAMS 0x0000000749100000, 0x0000000749100000| Untracked 
| 146|0x0000000749200000, 0x00000007492ffda0, 0x0000000749300000| 99%| O|  |TAMS 0x0000000749200000, 0x0000000749200000| Untracked 
| 147|0x0000000749300000, 0x00000007493fffe0, 0x0000000749400000| 99%| O|  |TAMS 0x0000000749300000, 0x0000000749300000| Untracked 
| 148|0x0000000749400000, 0x00000007494ffff8, 0x0000000749500000| 99%| O|  |TAMS 0x0000000749400000, 0x0000000749400000| Untracked 
| 149|0x0000000749500000, 0x00000007495fffe8, 0x0000000749600000| 99%| O|  |TAMS 0x0000000749500000, 0x0000000749500000| Untracked 
| 150|0x0000000749600000, 0x00000007496fffe0, 0x0000000749700000| 99%| O|  |TAMS 0x0000000749600000, 0x0000000749600000| Untracked 
| 151|0x0000000749700000, 0x00000007497ffec8, 0x0000000749800000| 99%| O|  |TAMS 0x0000000749700000, 0x0000000749700000| Untracked 
| 152|0x0000000749800000, 0x00000007498fffc0, 0x0000000749900000| 99%| O|  |TAMS 0x0000000749800000, 0x0000000749800000| Untracked 
| 153|0x0000000749900000, 0x00000007499ffff0, 0x0000000749a00000| 99%| O|  |TAMS 0x0000000749900000, 0x0000000749900000| Untracked 
| 154|0x0000000749a00000, 0x0000000749afff98, 0x0000000749b00000| 99%| O|  |TAMS 0x0000000749a00000, 0x0000000749a00000| Untracked 
| 155|0x0000000749b00000, 0x0000000749bfffd8, 0x0000000749c00000| 99%| O|  |TAMS 0x0000000749b00000, 0x0000000749b00000| Untracked 
| 156|0x0000000749c00000, 0x0000000749cffff8, 0x0000000749d00000| 99%| O|  |TAMS 0x0000000749c00000, 0x0000000749c00000| Untracked 
| 157|0x0000000749d00000, 0x0000000749e00000, 0x0000000749e00000|100%| O|  |TAMS 0x0000000749d00000, 0x0000000749d00000| Untracked 
| 158|0x0000000749e00000, 0x0000000749efffe8, 0x0000000749f00000| 99%| O|  |TAMS 0x0000000749e00000, 0x0000000749e00000| Untracked 
| 159|0x0000000749f00000, 0x0000000749ffffe0, 0x000000074a000000| 99%| O|  |TAMS 0x0000000749f00000, 0x0000000749f00000| Untracked 
| 160|0x000000074a000000, 0x000000074a0fffe0, 0x000000074a100000| 99%| O|  |TAMS 0x000000074a000000, 0x000000074a000000| Untracked 
| 161|0x000000074a100000, 0x000000074a1ffff8, 0x000000074a200000| 99%| O|  |TAMS 0x000000074a100000, 0x000000074a100000| Untracked 
| 162|0x000000074a200000, 0x000000074a2fffb8, 0x000000074a300000| 99%| O|  |TAMS 0x000000074a200000, 0x000000074a200000| Untracked 
| 163|0x000000074a300000, 0x000000074a3fffc0, 0x000000074a400000| 99%| O|  |TAMS 0x000000074a300000, 0x000000074a300000| Untracked 
| 164|0x000000074a400000, 0x000000074a4fffb8, 0x000000074a500000| 99%| O|  |TAMS 0x000000074a400000, 0x000000074a400000| Untracked 
| 165|0x000000074a500000, 0x000000074a5fffe0, 0x000000074a600000| 99%| O|  |TAMS 0x000000074a500000, 0x000000074a500000| Untracked 
| 166|0x000000074a600000, 0x000000074a6fff98, 0x000000074a700000| 99%| O|  |TAMS 0x000000074a600000, 0x000000074a600000| Untracked 
| 167|0x000000074a700000, 0x000000074a7fff28, 0x000000074a800000| 99%| O|  |TAMS 0x000000074a700000, 0x000000074a700000| Untracked 
| 168|0x000000074a800000, 0x000000074a8ffff8, 0x000000074a900000| 99%| O|  |TAMS 0x000000074a800000, 0x000000074a800000| Untracked 
| 169|0x000000074a900000, 0x000000074a9ffff0, 0x000000074aa00000| 99%| O|  |TAMS 0x000000074a900000, 0x000000074a900000| Untracked 
| 170|0x000000074aa00000, 0x000000074aafffe0, 0x000000074ab00000| 99%| O|  |TAMS 0x000000074aa00000, 0x000000074aa00000| Untracked 
| 171|0x000000074ab00000, 0x000000074abfffd8, 0x000000074ac00000| 99%| O|  |TAMS 0x000000074ab00000, 0x000000074ab00000| Untracked 
| 172|0x000000074ac00000, 0x000000074acfffd8, 0x000000074ad00000| 99%| O|  |TAMS 0x000000074ac00000, 0x000000074ac00000| Untracked 
| 173|0x000000074ad00000, 0x000000074adffff0, 0x000000074ae00000| 99%| O|  |TAMS 0x000000074ad00000, 0x000000074ad00000| Untracked 
| 174|0x000000074ae00000, 0x000000074af00000, 0x000000074af00000|100%| O|  |TAMS 0x000000074ae00000, 0x000000074ae00000| Untracked 
| 175|0x000000074af00000, 0x000000074affffc0, 0x000000074b000000| 99%| O|  |TAMS 0x000000074af00000, 0x000000074af00000| Untracked 
| 176|0x000000074b000000, 0x000000074b0ffff0, 0x000000074b100000| 99%| O|  |TAMS 0x000000074b000000, 0x000000074b000000| Untracked 
| 177|0x000000074b100000, 0x000000074b1ffff8, 0x000000074b200000| 99%| O|  |TAMS 0x000000074b100000, 0x000000074b100000| Untracked 
| 178|0x000000074b200000, 0x000000074b300000, 0x000000074b300000|100%| O|  |TAMS 0x000000074b200000, 0x000000074b200000| Untracked 
| 179|0x000000074b300000, 0x000000074b3ffff8, 0x000000074b400000| 99%| O|  |TAMS 0x000000074b300000, 0x000000074b300000| Untracked 
| 180|0x000000074b400000, 0x000000074b500000, 0x000000074b500000|100%| O|  |TAMS 0x000000074b400000, 0x000000074b400000| Untracked 
| 181|0x000000074b500000, 0x000000074b600000, 0x000000074b600000|100%| O|  |TAMS 0x000000074b500000, 0x000000074b500000| Untracked 
| 182|0x000000074b600000, 0x000000074b6fffc8, 0x000000074b700000| 99%| O|  |TAMS 0x000000074b600000, 0x000000074b600000| Untracked 
| 183|0x000000074b700000, 0x000000074b7ffff8, 0x000000074b800000| 99%| O|  |TAMS 0x000000074b700000, 0x000000074b700000| Untracked 
| 184|0x000000074b800000, 0x000000074b900000, 0x000000074b900000|100%| O|  |TAMS 0x000000074b800000, 0x000000074b800000| Untracked 
| 185|0x000000074b900000, 0x000000074b9fffd0, 0x000000074ba00000| 99%| O|  |TAMS 0x000000074b900000, 0x000000074b900000| Untracked 
| 186|0x000000074ba00000, 0x000000074bafffd8, 0x000000074bb00000| 99%| O|  |TAMS 0x000000074ba00000, 0x000000074ba00000| Untracked 
| 187|0x000000074bb00000, 0x000000074bbffff8, 0x000000074bc00000| 99%| O|  |TAMS 0x000000074bb00000, 0x000000074bb00000| Untracked 
| 188|0x000000074bc00000, 0x000000074bd00000, 0x000000074bd00000|100%|HS|  |TAMS 0x000000074bc00000, 0x000000074bc00000| Untracked 
| 189|0x000000074bd00000, 0x000000074be00000, 0x000000074be00000|100%|HC|  |TAMS 0x000000074bd00000, 0x000000074bd00000| Untracked 
| 190|0x000000074be00000, 0x000000074bf00000, 0x000000074bf00000|100%|HC|  |TAMS 0x000000074be00000, 0x000000074be00000| Untracked 
| 191|0x000000074bf00000, 0x000000074c000000, 0x000000074c000000|100%|HC|  |TAMS 0x000000074bf00000, 0x000000074bf00000| Untracked 
| 192|0x000000074c000000, 0x000000074c100000, 0x000000074c100000|100%|HC|  |TAMS 0x000000074c000000, 0x000000074c000000| Untracked 
| 193|0x000000074c100000, 0x000000074c200000, 0x000000074c200000|100%|HC|  |TAMS 0x000000074c100000, 0x000000074c100000| Untracked 
| 194|0x000000074c200000, 0x000000074c300000, 0x000000074c300000|100%|HC|  |TAMS 0x000000074c200000, 0x000000074c200000| Untracked 
| 195|0x000000074c300000, 0x000000074c400000, 0x000000074c400000|100%|HC|  |TAMS 0x000000074c300000, 0x000000074c300000| Untracked 
| 196|0x000000074c400000, 0x000000074c4fffb0, 0x000000074c500000| 99%| O|  |TAMS 0x000000074c400000, 0x000000074c400000| Untracked 
| 197|0x000000074c500000, 0x000000074c5fffe8, 0x000000074c600000| 99%| O|  |TAMS 0x000000074c500000, 0x000000074c500000| Untracked 
| 198|0x000000074c600000, 0x000000074c6ffff0, 0x000000074c700000| 99%| O|  |TAMS 0x000000074c600000, 0x000000074c600000| Untracked 
| 199|0x000000074c700000, 0x000000074c800000, 0x000000074c800000|100%| O|  |TAMS 0x000000074c700000, 0x000000074c700000| Untracked 
| 200|0x000000074c800000, 0x000000074c8ffff8, 0x000000074c900000| 99%| O|  |TAMS 0x000000074c800000, 0x000000074c800000| Untracked 
| 201|0x000000074c900000, 0x000000074c9fffe0, 0x000000074ca00000| 99%| O|  |TAMS 0x000000074c900000, 0x000000074c900000| Untracked 
| 202|0x000000074ca00000, 0x000000074caffff8, 0x000000074cb00000| 99%| O|  |TAMS 0x000000074ca00000, 0x000000074ca00000| Untracked 
| 203|0x000000074cb00000, 0x000000074cbffff0, 0x000000074cc00000| 99%| O|  |TAMS 0x000000074cb00000, 0x000000074cb00000| Untracked 
| 204|0x000000074cc00000, 0x000000074cd00000, 0x000000074cd00000|100%| O|  |TAMS 0x000000074cc00000, 0x000000074cc00000| Untracked 
| 205|0x000000074cd00000, 0x000000074ce00000, 0x000000074ce00000|100%| O|  |TAMS 0x000000074cd00000, 0x000000074cd00000| Untracked 
| 206|0x000000074ce00000, 0x000000074ceffff0, 0x000000074cf00000| 99%| O|  |TAMS 0x000000074ce00000, 0x000000074ce00000| Untracked 
| 207|0x000000074cf00000, 0x000000074d000000, 0x000000074d000000|100%| O|  |TAMS 0x000000074cf00000, 0x000000074cf00000| Untracked 
| 208|0x000000074d000000, 0x000000074d0fff70, 0x000000074d100000| 99%| O|  |TAMS 0x000000074d000000, 0x000000074d000000| Untracked 
| 209|0x000000074d100000, 0x000000074d200000, 0x000000074d200000|100%| O|  |TAMS 0x000000074d100000, 0x000000074d100000| Untracked 
| 210|0x000000074d200000, 0x000000074d2fffc0, 0x000000074d300000| 99%| O|  |TAMS 0x000000074d200000, 0x000000074d200000| Untracked 
| 211|0x000000074d300000, 0x000000074d3fffd8, 0x000000074d400000| 99%| O|  |TAMS 0x000000074d300000, 0x000000074d300000| Untracked 
| 212|0x000000074d400000, 0x000000074d4fffd8, 0x000000074d500000| 99%| O|  |TAMS 0x000000074d400000, 0x000000074d400000| Untracked 
| 213|0x000000074d500000, 0x000000074d5fffe8, 0x000000074d600000| 99%| O|  |TAMS 0x000000074d500000, 0x000000074d500000| Untracked 
| 214|0x000000074d600000, 0x000000074d6ffff0, 0x000000074d700000| 99%| O|  |TAMS 0x000000074d600000, 0x000000074d600000| Untracked 
| 215|0x000000074d700000, 0x000000074d7fffe8, 0x000000074d800000| 99%| O|  |TAMS 0x000000074d700000, 0x000000074d700000| Untracked 
| 216|0x000000074d800000, 0x000000074d8fffc0, 0x000000074d900000| 99%| O|  |TAMS 0x000000074d800000, 0x000000074d800000| Untracked 
| 217|0x000000074d900000, 0x000000074d9ffff8, 0x000000074da00000| 99%| O|  |TAMS 0x000000074d900000, 0x000000074d900000| Untracked 
| 218|0x000000074da00000, 0x000000074dafffc0, 0x000000074db00000| 99%| O|  |TAMS 0x000000074da00000, 0x000000074da00000| Untracked 
| 219|0x000000074db00000, 0x000000074dbfffc0, 0x000000074dc00000| 99%| O|  |TAMS 0x000000074db00000, 0x000000074db00000| Untracked 
| 220|0x000000074dc00000, 0x000000074dcffff0, 0x000000074dd00000| 99%| O|  |TAMS 0x000000074dc00000, 0x000000074dc00000| Untracked 
| 221|0x000000074dd00000, 0x000000074ddfffe8, 0x000000074de00000| 99%| O|  |TAMS 0x000000074dd00000, 0x000000074dd00000| Untracked 
| 222|0x000000074de00000, 0x000000074defffe8, 0x000000074df00000| 99%| O|  |TAMS 0x000000074de00000, 0x000000074de00000| Untracked 
| 223|0x000000074df00000, 0x000000074dffffe8, 0x000000074e000000| 99%| O|  |TAMS 0x000000074df00000, 0x000000074df00000| Untracked 
| 224|0x000000074e000000, 0x000000074e0ffff8, 0x000000074e100000| 99%| O|  |TAMS 0x000000074e000000, 0x000000074e000000| Untracked 
| 225|0x000000074e100000, 0x000000074e1fffe8, 0x000000074e200000| 99%| O|  |TAMS 0x000000074e100000, 0x000000074e100000| Untracked 
| 226|0x000000074e200000, 0x000000074e2fffd0, 0x000000074e300000| 99%| O|  |TAMS 0x000000074e200000, 0x000000074e200000| Untracked 
| 227|0x000000074e300000, 0x000000074e3fffb0, 0x000000074e400000| 99%| O|  |TAMS 0x000000074e300000, 0x000000074e300000| Untracked 
| 228|0x000000074e400000, 0x000000074e4ffff8, 0x000000074e500000| 99%| O|  |TAMS 0x000000074e400000, 0x000000074e400000| Untracked 
| 229|0x000000074e500000, 0x000000074e600000, 0x000000074e600000|100%|HS|  |TAMS 0x000000074e500000, 0x000000074e500000| Untracked 
| 230|0x000000074e600000, 0x000000074e700000, 0x000000074e700000|100%|HC|  |TAMS 0x000000074e600000, 0x000000074e600000| Untracked 
| 231|0x000000074e700000, 0x000000074e7ffff0, 0x000000074e800000| 99%| O|  |TAMS 0x000000074e700000, 0x000000074e700000| Untracked 
| 232|0x000000074e800000, 0x000000074e8fffe0, 0x000000074e900000| 99%| O|  |TAMS 0x000000074e800000, 0x000000074e800000| Untracked 
| 233|0x000000074e900000, 0x000000074e9ffff8, 0x000000074ea00000| 99%| O|  |TAMS 0x000000074e900000, 0x000000074e900000| Untracked 
| 234|0x000000074ea00000, 0x000000074eafffe8, 0x000000074eb00000| 99%| O|  |TAMS 0x000000074ea00000, 0x000000074ea00000| Untracked 
| 235|0x000000074eb00000, 0x000000074ebffff0, 0x000000074ec00000| 99%| O|  |TAMS 0x000000074eb00000, 0x000000074eb00000| Untracked 
| 236|0x000000074ec00000, 0x000000074ecffff0, 0x000000074ed00000| 99%| O|  |TAMS 0x000000074ec00000, 0x000000074ec00000| Untracked 
| 237|0x000000074ed00000, 0x000000074edffff8, 0x000000074ee00000| 99%| O|  |TAMS 0x000000074ed00000, 0x000000074ed00000| Untracked 
| 238|0x000000074ee00000, 0x000000074eefffe8, 0x000000074ef00000| 99%| O|  |TAMS 0x000000074ee00000, 0x000000074ee00000| Untracked 
| 239|0x000000074ef00000, 0x000000074efffff0, 0x000000074f000000| 99%| O|  |TAMS 0x000000074ef00000, 0x000000074ef00000| Untracked 
| 240|0x000000074f000000, 0x000000074f100000, 0x000000074f100000|100%| O|  |TAMS 0x000000074f000000, 0x000000074f000000| Untracked 
| 241|0x000000074f100000, 0x000000074f1fffa0, 0x000000074f200000| 99%| O|  |TAMS 0x000000074f100000, 0x000000074f100000| Untracked 
| 242|0x000000074f200000, 0x000000074f2ffff0, 0x000000074f300000| 99%| O|  |TAMS 0x000000074f200000, 0x000000074f200000| Untracked 
| 243|0x000000074f300000, 0x000000074f3ffff8, 0x000000074f400000| 99%| O|  |TAMS 0x000000074f300000, 0x000000074f300000| Untracked 
| 244|0x000000074f400000, 0x000000074f4ffff8, 0x000000074f500000| 99%| O|  |TAMS 0x000000074f400000, 0x000000074f400000| Untracked 
| 245|0x000000074f500000, 0x000000074f5fffc0, 0x000000074f600000| 99%| O|  |TAMS 0x000000074f500000, 0x000000074f500000| Untracked 
| 246|0x000000074f600000, 0x000000074f6fffd0, 0x000000074f700000| 99%| O|  |TAMS 0x000000074f600000, 0x000000074f600000| Untracked 
| 247|0x000000074f700000, 0x000000074f7fffb8, 0x000000074f800000| 99%| O|  |TAMS 0x000000074f700000, 0x000000074f700000| Untracked 
| 248|0x000000074f800000, 0x000000074f8ffff0, 0x000000074f900000| 99%| O|  |TAMS 0x000000074f800000, 0x000000074f800000| Untracked 
| 249|0x000000074f900000, 0x000000074f9fffd8, 0x000000074fa00000| 99%| O|  |TAMS 0x000000074f900000, 0x000000074f900000| Untracked 
| 250|0x000000074fa00000, 0x000000074faffff0, 0x000000074fb00000| 99%| O|  |TAMS 0x000000074fa00000, 0x000000074fa00000| Untracked 
| 251|0x000000074fb00000, 0x000000074fbffff0, 0x000000074fc00000| 99%| O|  |TAMS 0x000000074fb00000, 0x000000074fb00000| Untracked 
| 252|0x000000074fc00000, 0x000000074fcfffe8, 0x000000074fd00000| 99%| O|  |TAMS 0x000000074fc00000, 0x000000074fc00000| Untracked 
| 253|0x000000074fd00000, 0x000000074fdfffa8, 0x000000074fe00000| 99%| O|  |TAMS 0x000000074fd00000, 0x000000074fd00000| Untracked 
| 254|0x000000074fe00000, 0x000000074fefffc8, 0x000000074ff00000| 99%| O|  |TAMS 0x000000074fe00000, 0x000000074fe00000| Untracked 
| 255|0x000000074ff00000, 0x0000000750000000, 0x0000000750000000|100%| O|  |TAMS 0x000000074ff00000, 0x000000074ff00000| Untracked 
| 256|0x0000000750000000, 0x00000007500ffff8, 0x0000000750100000| 99%| O|  |TAMS 0x0000000750000000, 0x0000000750000000| Untracked 
| 257|0x0000000750100000, 0x00000007501ffff8, 0x0000000750200000| 99%| O|  |TAMS 0x0000000750100000, 0x0000000750100000| Untracked 
| 258|0x0000000750200000, 0x00000007502fffd0, 0x0000000750300000| 99%| O|  |TAMS 0x0000000750200000, 0x0000000750200000| Untracked 
| 259|0x0000000750300000, 0x0000000750400000, 0x0000000750400000|100%| O|  |TAMS 0x0000000750300000, 0x0000000750300000| Untracked 
| 260|0x0000000750400000, 0x00000007504ffff8, 0x0000000750500000| 99%| O|  |TAMS 0x0000000750400000, 0x0000000750400000| Untracked 
| 261|0x0000000750500000, 0x0000000750600000, 0x0000000750600000|100%| O|  |TAMS 0x0000000750500000, 0x0000000750500000| Untracked 
| 262|0x0000000750600000, 0x00000007506ffff0, 0x0000000750700000| 99%| O|  |TAMS 0x0000000750600000, 0x0000000750600000| Untracked 
| 263|0x0000000750700000, 0x00000007507ffff8, 0x0000000750800000| 99%| O|  |TAMS 0x0000000750700000, 0x0000000750700000| Untracked 
| 264|0x0000000750800000, 0x00000007508fffe8, 0x0000000750900000| 99%| O|  |TAMS 0x0000000750800000, 0x0000000750800000| Untracked 
| 265|0x0000000750900000, 0x00000007509ffff0, 0x0000000750a00000| 99%| O|  |TAMS 0x0000000750900000, 0x0000000750900000| Untracked 
| 266|0x0000000750a00000, 0x0000000750b00000, 0x0000000750b00000|100%| O|  |TAMS 0x0000000750a00000, 0x0000000750a00000| Untracked 
| 267|0x0000000750b00000, 0x0000000750bfffe0, 0x0000000750c00000| 99%| O|  |TAMS 0x0000000750b00000, 0x0000000750b00000| Untracked 
| 268|0x0000000750c00000, 0x0000000750cffff8, 0x0000000750d00000| 99%| O|  |TAMS 0x0000000750c00000, 0x0000000750c00000| Untracked 
| 269|0x0000000750d00000, 0x0000000750dffff0, 0x0000000750e00000| 99%| O|  |TAMS 0x0000000750d00000, 0x0000000750d00000| Untracked 
| 270|0x0000000750e00000, 0x0000000750effff0, 0x0000000750f00000| 99%| O|  |TAMS 0x0000000750e00000, 0x0000000750e00000| Untracked 
| 271|0x0000000750f00000, 0x0000000751000000, 0x0000000751000000|100%| O|  |TAMS 0x0000000750f00000, 0x0000000750f00000| Untracked 
| 272|0x0000000751000000, 0x00000007510ffff8, 0x0000000751100000| 99%| O|  |TAMS 0x0000000751000000, 0x0000000751000000| Untracked 
| 273|0x0000000751100000, 0x0000000751200000, 0x0000000751200000|100%| O|  |TAMS 0x0000000751100000, 0x0000000751100000| Untracked 
| 274|0x0000000751200000, 0x00000007512ffff8, 0x0000000751300000| 99%| O|  |TAMS 0x0000000751200000, 0x0000000751200000| Untracked 
| 275|0x0000000751300000, 0x00000007513ffff8, 0x0000000751400000| 99%| O|  |TAMS 0x0000000751300000, 0x0000000751300000| Untracked 
| 276|0x0000000751400000, 0x00000007514fffe0, 0x0000000751500000| 99%| O|  |TAMS 0x0000000751400000, 0x0000000751400000| Untracked 
| 277|0x0000000751500000, 0x0000000751600000, 0x0000000751600000|100%| O|  |TAMS 0x0000000751500000, 0x0000000751500000| Untracked 
| 278|0x0000000751600000, 0x00000007516fffa0, 0x0000000751700000| 99%| O|  |TAMS 0x0000000751600000, 0x0000000751600000| Untracked 
| 279|0x0000000751700000, 0x0000000751800000, 0x0000000751800000|100%| O|  |TAMS 0x0000000751700000, 0x0000000751700000| Untracked 
| 280|0x0000000751800000, 0x00000007518ffff8, 0x0000000751900000| 99%| O|  |TAMS 0x0000000751800000, 0x0000000751800000| Untracked 
| 281|0x0000000751900000, 0x00000007519fffd0, 0x0000000751a00000| 99%| O|  |TAMS 0x0000000751900000, 0x0000000751900000| Untracked 
| 282|0x0000000751a00000, 0x0000000751afffd0, 0x0000000751b00000| 99%| O|  |TAMS 0x0000000751a00000, 0x0000000751a00000| Untracked 
| 283|0x0000000751b00000, 0x0000000751bffff0, 0x0000000751c00000| 99%| O|  |TAMS 0x0000000751b00000, 0x0000000751b00000| Untracked 
| 284|0x0000000751c00000, 0x0000000751cfffc0, 0x0000000751d00000| 99%| O|  |TAMS 0x0000000751c00000, 0x0000000751c00000| Untracked 
| 285|0x0000000751d00000, 0x0000000751e00000, 0x0000000751e00000|100%| O|  |TAMS 0x0000000751d00000, 0x0000000751d00000| Untracked 
| 286|0x0000000751e00000, 0x0000000751effff8, 0x0000000751f00000| 99%| O|  |TAMS 0x0000000751e00000, 0x0000000751e00000| Untracked 
| 287|0x0000000751f00000, 0x0000000751ffffc8, 0x0000000752000000| 99%| O|  |TAMS 0x0000000751f00000, 0x0000000751f00000| Untracked 
| 288|0x0000000752000000, 0x00000007520fffd8, 0x0000000752100000| 99%| O|  |TAMS 0x0000000752000000, 0x0000000752000000| Untracked 
| 289|0x0000000752100000, 0x0000000752200000, 0x0000000752200000|100%| O|  |TAMS 0x0000000752100000, 0x0000000752100000| Untracked 
| 290|0x0000000752200000, 0x00000007522ffff8, 0x0000000752300000| 99%| O|  |TAMS 0x0000000752200000, 0x0000000752200000| Untracked 
| 291|0x0000000752300000, 0x0000000752400000, 0x0000000752400000|100%| O|  |TAMS 0x0000000752300000, 0x0000000752300000| Untracked 
| 292|0x0000000752400000, 0x00000007524fffe0, 0x0000000752500000| 99%| O|  |TAMS 0x0000000752400000, 0x0000000752400000| Untracked 
| 293|0x0000000752500000, 0x0000000752600000, 0x0000000752600000|100%| O|  |TAMS 0x0000000752500000, 0x0000000752500000| Untracked 
| 294|0x0000000752600000, 0x00000007526ffff0, 0x0000000752700000| 99%| O|  |TAMS 0x0000000752600000, 0x0000000752600000| Untracked 
| 295|0x0000000752700000, 0x00000007527fff88, 0x0000000752800000| 99%| O|  |TAMS 0x0000000752700000, 0x0000000752700000| Untracked 
| 296|0x0000000752800000, 0x00000007528ffff8, 0x0000000752900000| 99%| O|  |TAMS 0x0000000752800000, 0x0000000752800000| Untracked 
| 297|0x0000000752900000, 0x0000000752a00000, 0x0000000752a00000|100%| O|  |TAMS 0x0000000752900000, 0x0000000752900000| Untracked 
| 298|0x0000000752a00000, 0x0000000752affff0, 0x0000000752b00000| 99%| O|  |TAMS 0x0000000752a00000, 0x0000000752a00000| Untracked 
| 299|0x0000000752b00000, 0x0000000752c00000, 0x0000000752c00000|100%| O|  |TAMS 0x0000000752b00000, 0x0000000752b00000| Untracked 
| 300|0x0000000752c00000, 0x0000000752cffff8, 0x0000000752d00000| 99%| O|  |TAMS 0x0000000752c00000, 0x0000000752c00000| Untracked 
| 301|0x0000000752d00000, 0x0000000752e00000, 0x0000000752e00000|100%| O|  |TAMS 0x0000000752d00000, 0x0000000752d00000| Untracked 
| 302|0x0000000752e00000, 0x0000000752efffc8, 0x0000000752f00000| 99%| O|  |TAMS 0x0000000752e00000, 0x0000000752e00000| Untracked 
| 303|0x0000000752f00000, 0x0000000752fffff8, 0x0000000753000000| 99%| O|  |TAMS 0x0000000752f00000, 0x0000000752f00000| Untracked 
| 304|0x0000000753000000, 0x00000007530fffd8, 0x0000000753100000| 99%| O|  |TAMS 0x0000000753000000, 0x0000000753000000| Untracked 
| 305|0x0000000753100000, 0x00000007531fffe8, 0x0000000753200000| 99%| O|  |TAMS 0x0000000753100000, 0x0000000753100000| Untracked 
| 306|0x0000000753200000, 0x00000007532fffb8, 0x0000000753300000| 99%| O|  |TAMS 0x0000000753200000, 0x0000000753200000| Untracked 
| 307|0x0000000753300000, 0x00000007533ffff0, 0x0000000753400000| 99%| O|  |TAMS 0x0000000753300000, 0x0000000753300000| Untracked 
| 308|0x0000000753400000, 0x00000007534fffe8, 0x0000000753500000| 99%| O|  |TAMS 0x0000000753400000, 0x0000000753400000| Untracked 
| 309|0x0000000753500000, 0x00000007535ffff8, 0x0000000753600000| 99%| O|  |TAMS 0x0000000753500000, 0x0000000753500000| Untracked 
| 310|0x0000000753600000, 0x00000007536fffc0, 0x0000000753700000| 99%| O|  |TAMS 0x0000000753600000, 0x0000000753600000| Untracked 
| 311|0x0000000753700000, 0x00000007537ffff0, 0x0000000753800000| 99%| O|  |TAMS 0x0000000753700000, 0x0000000753700000| Untracked 
| 312|0x0000000753800000, 0x00000007538fffe8, 0x0000000753900000| 99%| O|  |TAMS 0x0000000753800000, 0x0000000753800000| Untracked 
| 313|0x0000000753900000, 0x00000007539fffe8, 0x0000000753a00000| 99%| O|  |TAMS 0x0000000753900000, 0x0000000753900000| Untracked 
| 314|0x0000000753a00000, 0x0000000753b00000, 0x0000000753b00000|100%| O|  |TAMS 0x0000000753a00000, 0x0000000753a00000| Untracked 
| 315|0x0000000753b00000, 0x0000000753bffff8, 0x0000000753c00000| 99%| O|  |TAMS 0x0000000753b00000, 0x0000000753b00000| Untracked 
| 316|0x0000000753c00000, 0x0000000753cffff0, 0x0000000753d00000| 99%| O|  |TAMS 0x0000000753c00000, 0x0000000753c00000| Untracked 
| 317|0x0000000753d00000, 0x0000000753dfffe0, 0x0000000753e00000| 99%| O|  |TAMS 0x0000000753d00000, 0x0000000753d00000| Untracked 
| 318|0x0000000753e00000, 0x0000000753f00000, 0x0000000753f00000|100%| O|  |TAMS 0x0000000753e00000, 0x0000000753e00000| Untracked 
| 319|0x0000000753f00000, 0x0000000754000000, 0x0000000754000000|100%| O|  |TAMS 0x0000000753f00000, 0x0000000753f00000| Untracked 
| 320|0x0000000754000000, 0x00000007540fffd0, 0x0000000754100000| 99%| O|  |TAMS 0x0000000754000000, 0x0000000754000000| Untracked 
| 321|0x0000000754100000, 0x00000007541ffff8, 0x0000000754200000| 99%| O|  |TAMS 0x0000000754100000, 0x0000000754100000| Untracked 
| 322|0x0000000754200000, 0x0000000754300000, 0x0000000754300000|100%| O|  |TAMS 0x0000000754200000, 0x0000000754200000| Untracked 
| 323|0x0000000754300000, 0x00000007543fffd8, 0x0000000754400000| 99%| O|  |TAMS 0x0000000754300000, 0x0000000754300000| Untracked 
| 324|0x0000000754400000, 0x00000007544ffff0, 0x0000000754500000| 99%| O|  |TAMS 0x0000000754400000, 0x0000000754400000| Untracked 
| 325|0x0000000754500000, 0x00000007545fffc0, 0x0000000754600000| 99%| O|  |TAMS 0x0000000754500000, 0x0000000754500000| Untracked 
| 326|0x0000000754600000, 0x00000007546ffff0, 0x0000000754700000| 99%| O|  |TAMS 0x0000000754600000, 0x0000000754600000| Untracked 
| 327|0x0000000754700000, 0x00000007547fffe0, 0x0000000754800000| 99%| O|  |TAMS 0x0000000754700000, 0x0000000754700000| Untracked 
| 328|0x0000000754800000, 0x00000007548ffff8, 0x0000000754900000| 99%| O|  |TAMS 0x0000000754800000, 0x0000000754800000| Untracked 
| 329|0x0000000754900000, 0x0000000754a00000, 0x0000000754a00000|100%| O|  |TAMS 0x0000000754900000, 0x0000000754900000| Untracked 
| 330|0x0000000754a00000, 0x0000000754afffc0, 0x0000000754b00000| 99%| O|  |TAMS 0x0000000754a00000, 0x0000000754a00000| Untracked 
| 331|0x0000000754b00000, 0x0000000754bfffe8, 0x0000000754c00000| 99%| O|  |TAMS 0x0000000754b00000, 0x0000000754b00000| Untracked 
| 332|0x0000000754c00000, 0x0000000754cffff0, 0x0000000754d00000| 99%| O|  |TAMS 0x0000000754c00000, 0x0000000754c00000| Untracked 
| 333|0x0000000754d00000, 0x0000000754e00000, 0x0000000754e00000|100%| O|  |TAMS 0x0000000754d00000, 0x0000000754d00000| Untracked 
| 334|0x0000000754e00000, 0x0000000754efffb0, 0x0000000754f00000| 99%| O|  |TAMS 0x0000000754e00000, 0x0000000754e00000| Untracked 
| 335|0x0000000754f00000, 0x0000000755000000, 0x0000000755000000|100%| O|  |TAMS 0x0000000754f00000, 0x0000000754f00000| Untracked 
| 336|0x0000000755000000, 0x00000007550ffff8, 0x0000000755100000| 99%| O|  |TAMS 0x0000000755000000, 0x0000000755000000| Untracked 
| 337|0x0000000755100000, 0x00000007551fffe8, 0x0000000755200000| 99%| O|  |TAMS 0x0000000755100000, 0x0000000755100000| Untracked 
| 338|0x0000000755200000, 0x0000000755300000, 0x0000000755300000|100%| O|  |TAMS 0x0000000755200000, 0x0000000755200000| Untracked 
| 339|0x0000000755300000, 0x00000007553ffff8, 0x0000000755400000| 99%| O|  |TAMS 0x0000000755300000, 0x0000000755300000| Untracked 
| 340|0x0000000755400000, 0x00000007554ffff8, 0x0000000755500000| 99%| O|  |TAMS 0x0000000755400000, 0x0000000755400000| Untracked 
| 341|0x0000000755500000, 0x00000007555ffff8, 0x0000000755600000| 99%| O|  |TAMS 0x0000000755500000, 0x0000000755500000| Untracked 
| 342|0x0000000755600000, 0x00000007556ffff8, 0x0000000755700000| 99%| O|  |TAMS 0x0000000755600000, 0x0000000755600000| Untracked 
| 343|0x0000000755700000, 0x00000007557fffd0, 0x0000000755800000| 99%| O|  |TAMS 0x0000000755700000, 0x0000000755700000| Untracked 
| 344|0x0000000755800000, 0x00000007558ffff8, 0x0000000755900000| 99%| O|  |TAMS 0x0000000755800000, 0x0000000755800000| Untracked 
| 345|0x0000000755900000, 0x00000007559ffff0, 0x0000000755a00000| 99%| O|  |TAMS 0x0000000755900000, 0x0000000755900000| Untracked 
| 346|0x0000000755a00000, 0x0000000755afffb0, 0x0000000755b00000| 99%| O|  |TAMS 0x0000000755a00000, 0x0000000755a00000| Untracked 
| 347|0x0000000755b00000, 0x0000000755bfffe0, 0x0000000755c00000| 99%| O|  |TAMS 0x0000000755b00000, 0x0000000755b00000| Untracked 
| 348|0x0000000755c00000, 0x0000000755d00000, 0x0000000755d00000|100%|HS|  |TAMS 0x0000000755c00000, 0x0000000755c00000| Untracked 
| 349|0x0000000755d00000, 0x0000000755e00000, 0x0000000755e00000|100%|HC|  |TAMS 0x0000000755d00000, 0x0000000755d00000| Untracked 
| 350|0x0000000755e00000, 0x0000000755f00000, 0x0000000755f00000|100%|HC|  |TAMS 0x0000000755e00000, 0x0000000755e00000| Untracked 
| 351|0x0000000755f00000, 0x0000000755ffffe8, 0x0000000756000000| 99%| O|  |TAMS 0x0000000755f00000, 0x0000000755f00000| Untracked 
| 352|0x0000000756000000, 0x00000007560fffc0, 0x0000000756100000| 99%| O|  |TAMS 0x0000000756000000, 0x0000000756000000| Untracked 
| 353|0x0000000756100000, 0x00000007561fffd8, 0x0000000756200000| 99%| O|  |TAMS 0x0000000756100000, 0x0000000756100000| Untracked 
| 354|0x0000000756200000, 0x0000000756300000, 0x0000000756300000|100%| O|  |TAMS 0x0000000756200000, 0x0000000756200000| Untracked 
| 355|0x0000000756300000, 0x00000007563ffff8, 0x0000000756400000| 99%| O|  |TAMS 0x0000000756300000, 0x0000000756300000| Untracked 
| 356|0x0000000756400000, 0x0000000756500000, 0x0000000756500000|100%| O|  |TAMS 0x0000000756400000, 0x0000000756400000| Untracked 
| 357|0x0000000756500000, 0x00000007565ebbc8, 0x0000000756600000| 92%| O|  |TAMS 0x0000000756500000, 0x0000000756500000| Untracked 
| 358|0x0000000756600000, 0x00000007566ffff0, 0x0000000756700000| 99%| O|  |TAMS 0x0000000756600000, 0x0000000756600000| Untracked 
| 359|0x0000000756700000, 0x00000007567ffff0, 0x0000000756800000| 99%| O|  |TAMS 0x0000000756700000, 0x0000000756700000| Untracked 
| 360|0x0000000756800000, 0x00000007568fffa0, 0x0000000756900000| 99%| O|  |TAMS 0x0000000756800000, 0x0000000756800000| Untracked 
| 361|0x0000000756900000, 0x00000007569ffff0, 0x0000000756a00000| 99%| O|  |TAMS 0x0000000756900000, 0x0000000756900000| Untracked 
| 362|0x0000000756a00000, 0x0000000756afffe0, 0x0000000756b00000| 99%| O|  |TAMS 0x0000000756a00000, 0x0000000756a00000| Untracked 
| 363|0x0000000756b00000, 0x0000000756c00000, 0x0000000756c00000|100%| O|  |TAMS 0x0000000756b00000, 0x0000000756b00000| Untracked 
| 364|0x0000000756c00000, 0x0000000756c7a0a8, 0x0000000756d00000| 47%| O|  |TAMS 0x0000000756c00000, 0x0000000756c00000| Untracked 
| 365|0x0000000756d00000, 0x0000000756e00000, 0x0000000756e00000|100%| O|  |TAMS 0x0000000756d00000, 0x0000000756d00000| Untracked 
| 366|0x0000000756e00000, 0x0000000756f00000, 0x0000000756f00000|100%| O|  |TAMS 0x0000000756e00000, 0x0000000756e00000| Untracked 
| 367|0x0000000756f00000, 0x0000000756ffffb0, 0x0000000757000000| 99%| O|  |TAMS 0x0000000756f00000, 0x0000000756f00000| Untracked 
| 368|0x0000000757000000, 0x00000007570fffe0, 0x0000000757100000| 99%| O|  |TAMS 0x0000000757000000, 0x0000000757000000| Untracked 
| 369|0x0000000757100000, 0x00000007571ffff8, 0x0000000757200000| 99%| O|  |TAMS 0x0000000757100000, 0x0000000757100000| Untracked 
| 370|0x0000000757200000, 0x00000007572fffe0, 0x0000000757300000| 99%| O|  |TAMS 0x0000000757200000, 0x0000000757200000| Untracked 
| 371|0x0000000757300000, 0x0000000757400000, 0x0000000757400000|100%| O|  |TAMS 0x0000000757300000, 0x0000000757300000| Untracked 
| 372|0x0000000757400000, 0x0000000757500000, 0x0000000757500000|100%| O|  |TAMS 0x0000000757400000, 0x0000000757400000| Untracked 
| 373|0x0000000757500000, 0x0000000757600000, 0x0000000757600000|100%| O|  |TAMS 0x0000000757500000, 0x0000000757500000| Untracked 
| 374|0x0000000757600000, 0x00000007576fffc0, 0x0000000757700000| 99%| O|  |TAMS 0x0000000757600000, 0x0000000757600000| Untracked 
| 375|0x0000000757700000, 0x0000000757800000, 0x0000000757800000|100%| O|  |TAMS 0x0000000757700000, 0x0000000757700000| Untracked 
| 376|0x0000000757800000, 0x00000007578fffd0, 0x0000000757900000| 99%| O|  |TAMS 0x0000000757800000, 0x0000000757800000| Untracked 
| 377|0x0000000757900000, 0x00000007579fe480, 0x0000000757a00000| 99%| O|  |TAMS 0x0000000757900000, 0x0000000757900000| Untracked 
| 378|0x0000000757a00000, 0x0000000757afffd8, 0x0000000757b00000| 99%| O|  |TAMS 0x0000000757a00000, 0x0000000757a00000| Untracked 
| 379|0x0000000757b00000, 0x0000000757bfffc8, 0x0000000757c00000| 99%| O|  |TAMS 0x0000000757b00000, 0x0000000757b00000| Untracked 
| 380|0x0000000757c00000, 0x0000000757cffff8, 0x0000000757d00000| 99%| O|  |TAMS 0x0000000757c00000, 0x0000000757c00000| Untracked 
| 381|0x0000000757d00000, 0x0000000757dfffe8, 0x0000000757e00000| 99%| O|  |TAMS 0x0000000757d00000, 0x0000000757d00000| Untracked 
| 382|0x0000000757e00000, 0x0000000757efffd0, 0x0000000757f00000| 99%| O|  |TAMS 0x0000000757e00000, 0x0000000757e00000| Untracked 
| 383|0x0000000757f00000, 0x0000000757ffffe8, 0x0000000758000000| 99%| O|  |TAMS 0x0000000757f00000, 0x0000000757f00000| Untracked 
| 384|0x0000000758000000, 0x0000000758100000, 0x0000000758100000|100%| O|  |TAMS 0x0000000758000000, 0x0000000758000000| Untracked 
| 385|0x0000000758100000, 0x00000007581fffd8, 0x0000000758200000| 99%| O|  |TAMS 0x0000000758100000, 0x0000000758100000| Untracked 
| 386|0x0000000758200000, 0x00000007582d0078, 0x0000000758300000| 81%| O|  |TAMS 0x0000000758200000, 0x0000000758200000| Untracked 
| 387|0x0000000758300000, 0x00000007583fffd8, 0x0000000758400000| 99%| O|  |TAMS 0x0000000758300000, 0x0000000758300000| Untracked 
| 388|0x0000000758400000, 0x0000000758500000, 0x0000000758500000|100%| O|  |TAMS 0x0000000758400000, 0x0000000758400000| Untracked 
| 389|0x0000000758500000, 0x00000007585ffff8, 0x0000000758600000| 99%| O|  |TAMS 0x0000000758500000, 0x0000000758500000| Untracked 
| 390|0x0000000758600000, 0x000000075860fbc8, 0x0000000758700000|  6%| O|  |TAMS 0x0000000758600000, 0x0000000758600000| Untracked 
| 391|0x0000000758700000, 0x0000000758800000, 0x0000000758800000|100%| O|  |TAMS 0x0000000758700000, 0x0000000758700000| Untracked 
| 392|0x0000000758800000, 0x00000007588ffff8, 0x0000000758900000| 99%| O|  |TAMS 0x0000000758800000, 0x0000000758800000| Untracked 
| 393|0x0000000758900000, 0x00000007589ffff0, 0x0000000758a00000| 99%| O|  |TAMS 0x0000000758900000, 0x0000000758900000| Untracked 
| 394|0x0000000758a00000, 0x0000000758a13158, 0x0000000758b00000|  7%| O|  |TAMS 0x0000000758a00000, 0x0000000758a00000| Untracked 
| 395|0x0000000758b00000, 0x0000000758b7fa10, 0x0000000758c00000| 49%| O|  |TAMS 0x0000000758b00000, 0x0000000758b00000| Untracked 
| 396|0x0000000758c00000, 0x0000000758c65ed8, 0x0000000758d00000| 39%| O|  |TAMS 0x0000000758c00000, 0x0000000758c00000| Untracked 
| 397|0x0000000758d00000, 0x0000000758e00000, 0x0000000758e00000|100%| O|  |TAMS 0x0000000758d00000, 0x0000000758d00000| Untracked 
| 398|0x0000000758e00000, 0x0000000758f00000, 0x0000000758f00000|100%| O|  |TAMS 0x0000000758e00000, 0x0000000758e00000| Untracked 
| 399|0x0000000758f00000, 0x0000000758fb8520, 0x0000000759000000| 72%| O|  |TAMS 0x0000000758f00000, 0x0000000758f00000| Untracked 
| 400|0x0000000759000000, 0x0000000759100000, 0x0000000759100000|100%| O|  |TAMS 0x0000000759000000, 0x0000000759000000| Untracked 
| 401|0x0000000759100000, 0x0000000759200000, 0x0000000759200000|100%| O|  |TAMS 0x0000000759100000, 0x0000000759100000| Untracked 
| 402|0x0000000759200000, 0x0000000759282740, 0x0000000759300000| 50%| O|  |TAMS 0x0000000759200000, 0x0000000759200000| Untracked 
| 403|0x0000000759300000, 0x0000000759400000, 0x0000000759400000|100%| O|  |TAMS 0x0000000759300000, 0x0000000759300000| Untracked 
| 404|0x0000000759400000, 0x00000007594a0938, 0x0000000759500000| 62%| O|  |TAMS 0x0000000759400000, 0x0000000759400000| Untracked 
| 405|0x0000000759500000, 0x0000000759600000, 0x0000000759600000|100%| O|  |TAMS 0x0000000759500000, 0x0000000759500000| Untracked 
| 406|0x0000000759600000, 0x00000007596ffff0, 0x0000000759700000| 99%| O|  |TAMS 0x0000000759600000, 0x0000000759600000| Untracked 
| 407|0x0000000759700000, 0x000000075973a7c8, 0x0000000759800000| 22%| O|  |TAMS 0x0000000759700000, 0x0000000759700000| Untracked 
| 408|0x0000000759800000, 0x0000000759900000, 0x0000000759900000|100%| O|  |TAMS 0x0000000759800000, 0x0000000759800000| Untracked 
| 409|0x0000000759900000, 0x0000000759a00000, 0x0000000759a00000|100%| O|  |TAMS 0x0000000759900000, 0x0000000759900000| Untracked 
| 410|0x0000000759a00000, 0x0000000759b00000, 0x0000000759b00000|100%| O|  |TAMS 0x0000000759a00000, 0x0000000759a00000| Untracked 
| 411|0x0000000759b00000, 0x0000000759c00000, 0x0000000759c00000|100%| O|  |TAMS 0x0000000759b00000, 0x0000000759b00000| Untracked 
| 412|0x0000000759c00000, 0x0000000759d00000, 0x0000000759d00000|100%| O|  |TAMS 0x0000000759c00000, 0x0000000759c00000| Untracked 
| 413|0x0000000759d00000, 0x0000000759e00000, 0x0000000759e00000|100%| O|  |TAMS 0x0000000759d00000, 0x0000000759d00000| Untracked 
| 414|0x0000000759e00000, 0x0000000759f00000, 0x0000000759f00000|100%| O|  |TAMS 0x0000000759e00000, 0x0000000759e00000| Untracked 
| 415|0x0000000759f00000, 0x000000075a000000, 0x000000075a000000|100%| O|  |TAMS 0x0000000759f00000, 0x0000000759f00000| Untracked 
| 416|0x000000075a000000, 0x000000075a100000, 0x000000075a100000|100%| O|  |TAMS 0x000000075a000000, 0x000000075a000000| Untracked 
| 417|0x000000075a100000, 0x000000075a200000, 0x000000075a200000|100%| O|  |TAMS 0x000000075a100000, 0x000000075a100000| Untracked 
| 418|0x000000075a200000, 0x000000075a22e248, 0x000000075a300000| 18%| O|  |TAMS 0x000000075a200000, 0x000000075a200000| Untracked 
| 419|0x000000075a300000, 0x000000075a400000, 0x000000075a400000|100%| O|  |TAMS 0x000000075a300000, 0x000000075a300000| Untracked 
| 420|0x000000075a400000, 0x000000075a500000, 0x000000075a500000|100%| O|  |TAMS 0x000000075a400000, 0x000000075a400000| Untracked 
| 421|0x000000075a500000, 0x000000075a600000, 0x000000075a600000|100%| O|  |TAMS 0x000000075a500000, 0x000000075a500000| Untracked 
| 422|0x000000075a600000, 0x000000075a700000, 0x000000075a700000|100%| O|  |TAMS 0x000000075a600000, 0x000000075a600000| Untracked 
| 423|0x000000075a700000, 0x000000075a800000, 0x000000075a800000|100%| O|  |TAMS 0x000000075a700000, 0x000000075a700000| Untracked 
| 424|0x000000075a800000, 0x000000075a900000, 0x000000075a900000|100%| O|  |TAMS 0x000000075a800000, 0x000000075a800000| Untracked 
| 425|0x000000075a900000, 0x000000075aa00000, 0x000000075aa00000|100%| O|  |TAMS 0x000000075a900000, 0x000000075a900000| Untracked 
| 426|0x000000075aa00000, 0x000000075ab00000, 0x000000075ab00000|100%| O|  |TAMS 0x000000075aa00000, 0x000000075aa00000| Untracked 
| 427|0x000000075ab00000, 0x000000075ac00000, 0x000000075ac00000|100%| O|  |TAMS 0x000000075ab00000, 0x000000075ab00000| Untracked 
| 428|0x000000075ac00000, 0x000000075ad00000, 0x000000075ad00000|100%| O|  |TAMS 0x000000075ac00000, 0x000000075ac00000| Untracked 
| 429|0x000000075ad00000, 0x000000075ae00000, 0x000000075ae00000|100%| O|  |TAMS 0x000000075ad00000, 0x000000075ad00000| Untracked 
| 430|0x000000075ae00000, 0x000000075af00000, 0x000000075af00000|100%| O|  |TAMS 0x000000075ae00000, 0x000000075ae00000| Untracked 
| 431|0x000000075af00000, 0x000000075b000000, 0x000000075b000000|100%| O|  |TAMS 0x000000075af00000, 0x000000075af00000| Untracked 
| 432|0x000000075b000000, 0x000000075b100000, 0x000000075b100000|100%| O|  |TAMS 0x000000075b000000, 0x000000075b000000| Untracked 
| 433|0x000000075b100000, 0x000000075b200000, 0x000000075b200000|100%| O|  |TAMS 0x000000075b100000, 0x000000075b100000| Untracked 
| 434|0x000000075b200000, 0x000000075b300000, 0x000000075b300000|100%| O|  |TAMS 0x000000075b200000, 0x000000075b200000| Untracked 
| 435|0x000000075b300000, 0x000000075b400000, 0x000000075b400000|100%| O|  |TAMS 0x000000075b300000, 0x000000075b300000| Untracked 
| 436|0x000000075b400000, 0x000000075b500000, 0x000000075b500000|100%| O|  |TAMS 0x000000075b400000, 0x000000075b400000| Untracked 
| 437|0x000000075b500000, 0x000000075b600000, 0x000000075b600000|100%| O|  |TAMS 0x000000075b500000, 0x000000075b500000| Untracked 
| 438|0x000000075b600000, 0x000000075b700000, 0x000000075b700000|100%| O|  |TAMS 0x000000075b600000, 0x000000075b600000| Untracked 
| 439|0x000000075b700000, 0x000000075b800000, 0x000000075b800000|100%| O|  |TAMS 0x000000075b700000, 0x000000075b700000| Untracked 
| 440|0x000000075b800000, 0x000000075b900000, 0x000000075b900000|100%| O|  |TAMS 0x000000075b800000, 0x000000075b800000| Untracked 
| 441|0x000000075b900000, 0x000000075ba00000, 0x000000075ba00000|100%| O|  |TAMS 0x000000075b900000, 0x000000075b900000| Untracked 
| 442|0x000000075ba00000, 0x000000075bb00000, 0x000000075bb00000|100%| O|  |TAMS 0x000000075ba00000, 0x000000075ba00000| Untracked 
| 443|0x000000075bb00000, 0x000000075bc00000, 0x000000075bc00000|100%| O|  |TAMS 0x000000075bb00000, 0x000000075bb00000| Untracked 
| 444|0x000000075bc00000, 0x000000075bd00000, 0x000000075bd00000|100%| O|  |TAMS 0x000000075bc00000, 0x000000075bc00000| Untracked 
| 445|0x000000075bd00000, 0x000000075be00000, 0x000000075be00000|100%| O|  |TAMS 0x000000075bd00000, 0x000000075bd00000| Untracked 
| 446|0x000000075be00000, 0x000000075bf00000, 0x000000075bf00000|100%| O|  |TAMS 0x000000075be00000, 0x000000075be00000| Untracked 
| 447|0x000000075bf00000, 0x000000075c000000, 0x000000075c000000|100%| O|  |TAMS 0x000000075bf00000, 0x000000075bf00000| Untracked 
| 448|0x000000075c000000, 0x000000075c100000, 0x000000075c100000|100%| O|  |TAMS 0x000000075c000000, 0x000000075c000000| Untracked 
| 449|0x000000075c100000, 0x000000075c200000, 0x000000075c200000|100%| O|  |TAMS 0x000000075c100000, 0x000000075c100000| Untracked 
| 450|0x000000075c200000, 0x000000075c300000, 0x000000075c300000|100%| O|  |TAMS 0x000000075c200000, 0x000000075c200000| Untracked 
| 451|0x000000075c300000, 0x000000075c400000, 0x000000075c400000|100%| O|  |TAMS 0x000000075c300000, 0x000000075c300000| Untracked 
| 452|0x000000075c400000, 0x000000075c500000, 0x000000075c500000|100%| O|  |TAMS 0x000000075c400000, 0x000000075c400000| Untracked 
| 453|0x000000075c500000, 0x000000075c600000, 0x000000075c600000|100%| O|  |TAMS 0x000000075c500000, 0x000000075c500000| Untracked 
| 454|0x000000075c600000, 0x000000075c700000, 0x000000075c700000|100%| O|  |TAMS 0x000000075c600000, 0x000000075c600000| Untracked 
| 455|0x000000075c700000, 0x000000075c800000, 0x000000075c800000|100%| O|  |TAMS 0x000000075c700000, 0x000000075c700000| Untracked 
| 456|0x000000075c800000, 0x000000075c900000, 0x000000075c900000|100%| O|  |TAMS 0x000000075c800000, 0x000000075c800000| Untracked 
| 457|0x000000075c900000, 0x000000075ca00000, 0x000000075ca00000|100%| O|  |TAMS 0x000000075c900000, 0x000000075c900000| Untracked 
| 458|0x000000075ca00000, 0x000000075cb00000, 0x000000075cb00000|100%| O|  |TAMS 0x000000075ca00000, 0x000000075ca00000| Untracked 
| 459|0x000000075cb00000, 0x000000075cc00000, 0x000000075cc00000|100%| O|  |TAMS 0x000000075cb00000, 0x000000075cb00000| Untracked 
| 460|0x000000075cc00000, 0x000000075cd00000, 0x000000075cd00000|100%| O|  |TAMS 0x000000075cc00000, 0x000000075cc00000| Untracked 
| 461|0x000000075cd00000, 0x000000075ce00000, 0x000000075ce00000|100%| O|  |TAMS 0x000000075cd00000, 0x000000075cd00000| Untracked 
| 462|0x000000075ce00000, 0x000000075cf00000, 0x000000075cf00000|100%| O|  |TAMS 0x000000075ce00000, 0x000000075ce00000| Untracked 
| 463|0x000000075cf00000, 0x000000075d000000, 0x000000075d000000|100%| O|  |TAMS 0x000000075cf00000, 0x000000075cf00000| Untracked 
| 464|0x000000075d000000, 0x000000075d100000, 0x000000075d100000|100%| O|  |TAMS 0x000000075d000000, 0x000000075d000000| Untracked 
| 465|0x000000075d100000, 0x000000075d200000, 0x000000075d200000|100%| O|  |TAMS 0x000000075d100000, 0x000000075d100000| Untracked 
| 466|0x000000075d200000, 0x000000075d300000, 0x000000075d300000|100%| O|  |TAMS 0x000000075d200000, 0x000000075d200000| Untracked 
| 467|0x000000075d300000, 0x000000075d400000, 0x000000075d400000|100%| O|  |TAMS 0x000000075d300000, 0x000000075d300000| Untracked 
| 468|0x000000075d400000, 0x000000075d500000, 0x000000075d500000|100%| O|  |TAMS 0x000000075d400000, 0x000000075d400000| Untracked 
| 469|0x000000075d500000, 0x000000075d600000, 0x000000075d600000|100%| O|  |TAMS 0x000000075d500000, 0x000000075d500000| Untracked 
| 470|0x000000075d600000, 0x000000075d700000, 0x000000075d700000|100%| O|  |TAMS 0x000000075d600000, 0x000000075d600000| Untracked 
| 471|0x000000075d700000, 0x000000075d800000, 0x000000075d800000|100%| O|  |TAMS 0x000000075d700000, 0x000000075d700000| Untracked 
| 472|0x000000075d800000, 0x000000075d900000, 0x000000075d900000|100%| O|  |TAMS 0x000000075d800000, 0x000000075d800000| Untracked 
| 473|0x000000075d900000, 0x000000075da00000, 0x000000075da00000|100%| O|  |TAMS 0x000000075d900000, 0x000000075d900000| Untracked 
| 474|0x000000075da00000, 0x000000075db00000, 0x000000075db00000|100%| O|  |TAMS 0x000000075da00000, 0x000000075da00000| Untracked 
| 475|0x000000075db00000, 0x000000075dc00000, 0x000000075dc00000|100%| O|  |TAMS 0x000000075db00000, 0x000000075db00000| Untracked 
| 476|0x000000075dc00000, 0x000000075dd00000, 0x000000075dd00000|100%| O|  |TAMS 0x000000075dc00000, 0x000000075dc00000| Untracked 
| 477|0x000000075dd00000, 0x000000075de00000, 0x000000075de00000|100%| O|  |TAMS 0x000000075dd00000, 0x000000075dd00000| Untracked 
| 478|0x000000075de00000, 0x000000075df00000, 0x000000075df00000|100%| O|  |TAMS 0x000000075de00000, 0x000000075de00000| Untracked 
| 479|0x000000075df00000, 0x000000075e000000, 0x000000075e000000|100%| O|  |TAMS 0x000000075df00000, 0x000000075df00000| Untracked 
| 480|0x000000075e000000, 0x000000075e100000, 0x000000075e100000|100%| O|  |TAMS 0x000000075e000000, 0x000000075e000000| Untracked 
| 481|0x000000075e100000, 0x000000075e200000, 0x000000075e200000|100%| O|  |TAMS 0x000000075e100000, 0x000000075e100000| Untracked 
| 482|0x000000075e200000, 0x000000075e300000, 0x000000075e300000|100%| O|  |TAMS 0x000000075e200000, 0x000000075e200000| Untracked 
| 483|0x000000075e300000, 0x000000075e400000, 0x000000075e400000|100%| O|  |TAMS 0x000000075e300000, 0x000000075e300000| Untracked 
| 484|0x000000075e400000, 0x000000075e500000, 0x000000075e500000|100%| O|  |TAMS 0x000000075e400000, 0x000000075e400000| Untracked 
| 485|0x000000075e500000, 0x000000075e600000, 0x000000075e600000|100%| O|  |TAMS 0x000000075e500000, 0x000000075e500000| Untracked 
| 486|0x000000075e600000, 0x000000075e700000, 0x000000075e700000|100%| O|  |TAMS 0x000000075e600000, 0x000000075e600000| Untracked 
| 487|0x000000075e700000, 0x000000075e800000, 0x000000075e800000|100%| O|  |TAMS 0x000000075e700000, 0x000000075e700000| Untracked 
| 488|0x000000075e800000, 0x000000075e900000, 0x000000075e900000|100%| O|  |TAMS 0x000000075e800000, 0x000000075e800000| Untracked 
| 489|0x000000075e900000, 0x000000075ea00000, 0x000000075ea00000|100%| O|  |TAMS 0x000000075e900000, 0x000000075e900000| Untracked 
| 490|0x000000075ea00000, 0x000000075eb00000, 0x000000075eb00000|100%| O|  |TAMS 0x000000075ea00000, 0x000000075ea00000| Untracked 
| 491|0x000000075eb00000, 0x000000075ec00000, 0x000000075ec00000|100%|HS|  |TAMS 0x000000075eb00000, 0x000000075eb00000| Complete 
| 492|0x000000075ec00000, 0x000000075ed00000, 0x000000075ed00000|100%|HC|  |TAMS 0x000000075ec00000, 0x000000075ec00000| Complete 
| 493|0x000000075ed00000, 0x000000075ee00000, 0x000000075ee00000|100%|HC|  |TAMS 0x000000075ed00000, 0x000000075ed00000| Complete 
| 494|0x000000075ee00000, 0x000000075ef00000, 0x000000075ef00000|100%| O|  |TAMS 0x000000075ee00000, 0x000000075ee00000| Untracked 
| 495|0x000000075ef00000, 0x000000075f000000, 0x000000075f000000|100%| O|  |TAMS 0x000000075ef00000, 0x000000075ef00000| Untracked 
| 496|0x000000075f000000, 0x000000075f100000, 0x000000075f100000|100%| O|  |TAMS 0x000000075f000000, 0x000000075f000000| Untracked 
| 497|0x000000075f100000, 0x000000075f200000, 0x000000075f200000|100%| O|  |TAMS 0x000000075f100000, 0x000000075f100000| Untracked 
| 498|0x000000075f200000, 0x000000075f300000, 0x000000075f300000|100%| O|  |TAMS 0x000000075f200000, 0x000000075f200000| Untracked 
| 499|0x000000075f300000, 0x000000075f400000, 0x000000075f400000|100%| O|  |TAMS 0x000000075f300000, 0x000000075f300000| Untracked 
| 500|0x000000075f400000, 0x000000075f500000, 0x000000075f500000|100%| O|  |TAMS 0x000000075f400000, 0x000000075f400000| Untracked 
| 501|0x000000075f500000, 0x000000075f600000, 0x000000075f600000|100%| O|  |TAMS 0x000000075f500000, 0x000000075f500000| Untracked 
| 502|0x000000075f600000, 0x000000075f700000, 0x000000075f700000|100%| O|  |TAMS 0x000000075f600000, 0x000000075f600000| Untracked 
| 503|0x000000075f700000, 0x000000075f800000, 0x000000075f800000|100%| O|  |TAMS 0x000000075f700000, 0x000000075f700000| Untracked 
| 504|0x000000075f800000, 0x000000075f900000, 0x000000075f900000|100%| O|  |TAMS 0x000000075f800000, 0x000000075f800000| Untracked 
| 505|0x000000075f900000, 0x000000075fa00000, 0x000000075fa00000|100%| O|  |TAMS 0x000000075f900000, 0x000000075f900000| Untracked 
| 506|0x000000075fa00000, 0x000000075fb00000, 0x000000075fb00000|100%| O|  |TAMS 0x000000075fa00000, 0x000000075fa00000| Untracked 
| 507|0x000000075fb00000, 0x000000075fc00000, 0x000000075fc00000|100%| O|  |TAMS 0x000000075fb00000, 0x000000075fb00000| Untracked 
| 508|0x000000075fc00000, 0x000000075fd00000, 0x000000075fd00000|100%| O|  |TAMS 0x000000075fc00000, 0x000000075fc00000| Untracked 
| 509|0x000000075fd00000, 0x000000075fe00000, 0x000000075fe00000|100%| O|  |TAMS 0x000000075fd00000, 0x000000075fd00000| Untracked 
| 510|0x000000075fe00000, 0x000000075ff00000, 0x000000075ff00000|100%| O|  |TAMS 0x000000075fe00000, 0x000000075fe00000| Untracked 
| 511|0x000000075ff00000, 0x0000000760000000, 0x0000000760000000|100%| O|  |TAMS 0x000000075ff00000, 0x000000075ff00000| Untracked 
| 512|0x0000000760000000, 0x0000000760100000, 0x0000000760100000|100%| O|  |TAMS 0x0000000760000000, 0x0000000760000000| Untracked 
| 513|0x0000000760100000, 0x0000000760200000, 0x0000000760200000|100%| O|  |TAMS 0x0000000760100000, 0x0000000760100000| Untracked 
| 514|0x0000000760200000, 0x0000000760300000, 0x0000000760300000|100%| O|  |TAMS 0x0000000760200000, 0x0000000760200000| Untracked 
| 515|0x0000000760300000, 0x0000000760400000, 0x0000000760400000|100%| O|  |TAMS 0x0000000760300000, 0x0000000760300000| Untracked 
| 516|0x0000000760400000, 0x0000000760500000, 0x0000000760500000|100%| O|  |TAMS 0x0000000760400000, 0x0000000760400000| Untracked 
| 517|0x0000000760500000, 0x0000000760600000, 0x0000000760600000|100%| O|  |TAMS 0x0000000760500000, 0x0000000760500000| Untracked 
| 518|0x0000000760600000, 0x0000000760700000, 0x0000000760700000|100%| O|  |TAMS 0x0000000760600000, 0x0000000760600000| Untracked 
| 519|0x0000000760700000, 0x0000000760800000, 0x0000000760800000|100%| O|  |TAMS 0x0000000760700000, 0x0000000760700000| Untracked 
| 520|0x0000000760800000, 0x0000000760900000, 0x0000000760900000|100%| O|  |TAMS 0x0000000760800000, 0x0000000760800000| Untracked 
| 521|0x0000000760900000, 0x0000000760a00000, 0x0000000760a00000|100%| O|  |TAMS 0x0000000760900000, 0x0000000760900000| Untracked 
| 522|0x0000000760a00000, 0x0000000760b00000, 0x0000000760b00000|100%| O|  |TAMS 0x0000000760a00000, 0x0000000760a00000| Untracked 
| 523|0x0000000760b00000, 0x0000000760c00000, 0x0000000760c00000|100%| O|  |TAMS 0x0000000760b00000, 0x0000000760b00000| Untracked 
| 524|0x0000000760c00000, 0x0000000760d00000, 0x0000000760d00000|100%| O|  |TAMS 0x0000000760c00000, 0x0000000760c00000| Untracked 
| 525|0x0000000760d00000, 0x0000000760e00000, 0x0000000760e00000|100%| O|  |TAMS 0x0000000760d00000, 0x0000000760d00000| Untracked 
| 526|0x0000000760e00000, 0x0000000760f00000, 0x0000000760f00000|100%| O|  |TAMS 0x0000000760e00000, 0x0000000760e00000| Untracked 
| 527|0x0000000760f00000, 0x0000000761000000, 0x0000000761000000|100%| O|  |TAMS 0x0000000760f00000, 0x0000000760f00000| Untracked 
| 528|0x0000000761000000, 0x0000000761100000, 0x0000000761100000|100%| O|  |TAMS 0x0000000761000000, 0x0000000761000000| Untracked 
| 529|0x0000000761100000, 0x0000000761200000, 0x0000000761200000|100%| O|  |TAMS 0x0000000761100000, 0x0000000761100000| Untracked 
| 530|0x0000000761200000, 0x0000000761300000, 0x0000000761300000|100%| O|  |TAMS 0x0000000761200000, 0x0000000761200000| Untracked 
| 531|0x0000000761300000, 0x0000000761400000, 0x0000000761400000|100%| O|  |TAMS 0x0000000761300000, 0x0000000761300000| Untracked 
| 532|0x0000000761400000, 0x0000000761500000, 0x0000000761500000|100%| O|  |TAMS 0x0000000761400000, 0x0000000761400000| Untracked 
| 533|0x0000000761500000, 0x0000000761600000, 0x0000000761600000|100%|HS|  |TAMS 0x0000000761500000, 0x0000000761500000| Complete 
| 534|0x0000000761600000, 0x0000000761700000, 0x0000000761700000|100%|HC|  |TAMS 0x0000000761600000, 0x0000000761600000| Complete 
| 535|0x0000000761700000, 0x0000000761800000, 0x0000000761800000|100%|HC|  |TAMS 0x0000000761700000, 0x0000000761700000| Complete 
| 536|0x0000000761800000, 0x0000000761900000, 0x0000000761900000|100%|HC|  |TAMS 0x0000000761800000, 0x0000000761800000| Complete 
| 537|0x0000000761900000, 0x0000000761a00000, 0x0000000761a00000|100%|HC|  |TAMS 0x0000000761900000, 0x0000000761900000| Complete 
| 538|0x0000000761a00000, 0x0000000761b00000, 0x0000000761b00000|100%| O|  |TAMS 0x0000000761a00000, 0x0000000761a00000| Untracked 
| 539|0x0000000761b00000, 0x0000000761c00000, 0x0000000761c00000|100%| O|  |TAMS 0x0000000761b00000, 0x0000000761b00000| Untracked 
| 540|0x0000000761c00000, 0x0000000761d00000, 0x0000000761d00000|100%| O|  |TAMS 0x0000000761c00000, 0x0000000761c00000| Untracked 
| 541|0x0000000761d00000, 0x0000000761e00000, 0x0000000761e00000|100%| O|  |TAMS 0x0000000761d00000, 0x0000000761d00000| Untracked 
| 542|0x0000000761e00000, 0x0000000761f00000, 0x0000000761f00000|100%| O|  |TAMS 0x0000000761e00000, 0x0000000761e00000| Untracked 
| 543|0x0000000761f00000, 0x0000000762000000, 0x0000000762000000|100%| O|  |TAMS 0x0000000761f00000, 0x0000000761f00000| Untracked 
| 544|0x0000000762000000, 0x0000000762100000, 0x0000000762100000|100%| O|  |TAMS 0x0000000762000000, 0x0000000762000000| Untracked 
| 545|0x0000000762100000, 0x0000000762200000, 0x0000000762200000|100%| O|  |TAMS 0x0000000762100000, 0x0000000762100000| Untracked 
| 546|0x0000000762200000, 0x0000000762300000, 0x0000000762300000|100%| O|  |TAMS 0x0000000762200000, 0x0000000762200000| Untracked 
| 547|0x0000000762300000, 0x0000000762400000, 0x0000000762400000|100%| O|  |TAMS 0x0000000762300000, 0x0000000762300000| Untracked 
| 548|0x0000000762400000, 0x0000000762500000, 0x0000000762500000|100%| O|  |TAMS 0x0000000762400000, 0x0000000762400000| Untracked 
| 549|0x0000000762500000, 0x0000000762600000, 0x0000000762600000|100%| O|  |TAMS 0x0000000762500000, 0x0000000762500000| Untracked 
| 550|0x0000000762600000, 0x0000000762700000, 0x0000000762700000|100%| O|  |TAMS 0x0000000762600000, 0x0000000762600000| Untracked 
| 551|0x0000000762700000, 0x0000000762800000, 0x0000000762800000|100%| O|  |TAMS 0x0000000762700000, 0x0000000762700000| Untracked 
| 552|0x0000000762800000, 0x0000000762900000, 0x0000000762900000|100%| O|  |TAMS 0x0000000762800000, 0x0000000762800000| Untracked 
| 553|0x0000000762900000, 0x0000000762a00000, 0x0000000762a00000|100%| O|  |TAMS 0x0000000762900000, 0x0000000762900000| Untracked 
| 554|0x0000000762a00000, 0x0000000762b00000, 0x0000000762b00000|100%| O|  |TAMS 0x0000000762a00000, 0x0000000762a00000| Untracked 
| 555|0x0000000762b00000, 0x0000000762c00000, 0x0000000762c00000|100%| O|  |TAMS 0x0000000762b00000, 0x0000000762b00000| Untracked 
| 556|0x0000000762c00000, 0x0000000762d00000, 0x0000000762d00000|100%| O|  |TAMS 0x0000000762c00000, 0x0000000762c00000| Untracked 
| 557|0x0000000762d00000, 0x0000000762e00000, 0x0000000762e00000|100%| O|  |TAMS 0x0000000762d00000, 0x0000000762d00000| Untracked 
| 558|0x0000000762e00000, 0x0000000762f00000, 0x0000000762f00000|100%| O|  |TAMS 0x0000000762e00000, 0x0000000762e00000| Untracked 
| 559|0x0000000762f00000, 0x0000000763000000, 0x0000000763000000|100%| O|  |TAMS 0x0000000762f00000, 0x0000000762f00000| Untracked 
| 560|0x0000000763000000, 0x0000000763100000, 0x0000000763100000|100%| O|  |TAMS 0x0000000763000000, 0x0000000763000000| Untracked 
| 561|0x0000000763100000, 0x0000000763200000, 0x0000000763200000|100%| O|  |TAMS 0x0000000763100000, 0x0000000763100000| Untracked 
| 562|0x0000000763200000, 0x0000000763300000, 0x0000000763300000|100%| O|  |TAMS 0x0000000763200000, 0x0000000763200000| Untracked 
| 563|0x0000000763300000, 0x0000000763400000, 0x0000000763400000|100%| O|  |TAMS 0x0000000763300000, 0x0000000763300000| Untracked 
| 564|0x0000000763400000, 0x0000000763500000, 0x0000000763500000|100%| O|  |TAMS 0x0000000763400000, 0x0000000763400000| Untracked 
| 565|0x0000000763500000, 0x0000000763600000, 0x0000000763600000|100%| O|  |TAMS 0x0000000763500000, 0x0000000763500000| Untracked 
| 566|0x0000000763600000, 0x0000000763700000, 0x0000000763700000|100%| O|  |TAMS 0x0000000763600000, 0x0000000763600000| Untracked 
| 567|0x0000000763700000, 0x0000000763800000, 0x0000000763800000|100%| O|  |TAMS 0x0000000763700000, 0x0000000763700000| Untracked 
| 568|0x0000000763800000, 0x0000000763900000, 0x0000000763900000|100%| O|  |TAMS 0x0000000763800000, 0x0000000763800000| Untracked 
| 569|0x0000000763900000, 0x0000000763a00000, 0x0000000763a00000|100%| O|  |TAMS 0x0000000763900000, 0x0000000763900000| Untracked 
| 570|0x0000000763a00000, 0x0000000763b00000, 0x0000000763b00000|100%| O|  |TAMS 0x0000000763a00000, 0x0000000763a00000| Untracked 
| 571|0x0000000763b00000, 0x0000000763c00000, 0x0000000763c00000|100%| O|  |TAMS 0x0000000763b00000, 0x0000000763b00000| Untracked 
| 572|0x0000000763c00000, 0x0000000763d00000, 0x0000000763d00000|100%| O|  |TAMS 0x0000000763c00000, 0x0000000763c00000| Untracked 
| 573|0x0000000763d00000, 0x0000000763e00000, 0x0000000763e00000|100%| O|  |TAMS 0x0000000763d00000, 0x0000000763d00000| Untracked 
| 574|0x0000000763e00000, 0x0000000763f00000, 0x0000000763f00000|100%| O|  |TAMS 0x0000000763e00000, 0x0000000763e00000| Untracked 
| 575|0x0000000763f00000, 0x0000000764000000, 0x0000000764000000|100%| O|  |TAMS 0x0000000763f00000, 0x0000000763f00000| Untracked 
| 576|0x0000000764000000, 0x00000007640f0a00, 0x0000000764100000| 93%| O|  |TAMS 0x0000000764000000, 0x0000000764000000| Untracked 
| 577|0x0000000764100000, 0x0000000764100000, 0x0000000764200000|  0%| F|  |TAMS 0x0000000764100000, 0x0000000764100000| Untracked 
| 578|0x0000000764200000, 0x0000000764200000, 0x0000000764300000|  0%| F|  |TAMS 0x0000000764200000, 0x0000000764200000| Untracked 
| 579|0x0000000764300000, 0x0000000764300000, 0x0000000764400000|  0%| F|  |TAMS 0x0000000764300000, 0x0000000764300000| Untracked 
| 580|0x0000000764400000, 0x0000000764400000, 0x0000000764500000|  0%| F|  |TAMS 0x0000000764400000, 0x0000000764400000| Untracked 
| 581|0x0000000764500000, 0x0000000764500000, 0x0000000764600000|  0%| F|  |TAMS 0x0000000764500000, 0x0000000764500000| Untracked 
| 582|0x0000000764600000, 0x0000000764600000, 0x0000000764700000|  0%| F|  |TAMS 0x0000000764600000, 0x0000000764600000| Untracked 
| 583|0x0000000764700000, 0x0000000764700000, 0x0000000764800000|  0%| F|  |TAMS 0x0000000764700000, 0x0000000764700000| Untracked 
| 584|0x0000000764800000, 0x0000000764800000, 0x0000000764900000|  0%| F|  |TAMS 0x0000000764800000, 0x0000000764800000| Untracked 
| 585|0x0000000764900000, 0x0000000764900000, 0x0000000764a00000|  0%| F|  |TAMS 0x0000000764900000, 0x0000000764900000| Untracked 
| 586|0x0000000764a00000, 0x0000000764a00000, 0x0000000764b00000|  0%| F|  |TAMS 0x0000000764a00000, 0x0000000764a00000| Untracked 
| 587|0x0000000764b00000, 0x0000000764b00000, 0x0000000764c00000|  0%| F|  |TAMS 0x0000000764b00000, 0x0000000764b00000| Untracked 
| 588|0x0000000764c00000, 0x0000000764c00000, 0x0000000764d00000|  0%| F|  |TAMS 0x0000000764c00000, 0x0000000764c00000| Untracked 
| 589|0x0000000764d00000, 0x0000000764d00000, 0x0000000764e00000|  0%| F|  |TAMS 0x0000000764d00000, 0x0000000764d00000| Untracked 
| 590|0x0000000764e00000, 0x0000000764e00000, 0x0000000764f00000|  0%| F|  |TAMS 0x0000000764e00000, 0x0000000764e00000| Untracked 
| 591|0x0000000764f00000, 0x0000000764f00000, 0x0000000765000000|  0%| F|  |TAMS 0x0000000764f00000, 0x0000000764f00000| Untracked 
| 592|0x0000000765000000, 0x0000000765000000, 0x0000000765100000|  0%| F|  |TAMS 0x0000000765000000, 0x0000000765000000| Untracked 
| 593|0x0000000765100000, 0x0000000765100000, 0x0000000765200000|  0%| F|  |TAMS 0x0000000765100000, 0x0000000765100000| Untracked 
| 594|0x0000000765200000, 0x0000000765200000, 0x0000000765300000|  0%| F|  |TAMS 0x0000000765200000, 0x0000000765200000| Untracked 
| 595|0x0000000765300000, 0x0000000765300000, 0x0000000765400000|  0%| F|  |TAMS 0x0000000765300000, 0x0000000765300000| Untracked 
| 596|0x0000000765400000, 0x0000000765400000, 0x0000000765500000|  0%| F|  |TAMS 0x0000000765400000, 0x0000000765400000| Untracked 
| 597|0x0000000765500000, 0x0000000765500000, 0x0000000765600000|  0%| F|  |TAMS 0x0000000765500000, 0x0000000765500000| Untracked 
| 598|0x0000000765600000, 0x0000000765600000, 0x0000000765700000|  0%| F|  |TAMS 0x0000000765600000, 0x0000000765600000| Untracked 
| 599|0x0000000765700000, 0x0000000765700000, 0x0000000765800000|  0%| F|  |TAMS 0x0000000765700000, 0x0000000765700000| Untracked 
| 600|0x0000000765800000, 0x0000000765800000, 0x0000000765900000|  0%| F|  |TAMS 0x0000000765800000, 0x0000000765800000| Untracked 
| 601|0x0000000765900000, 0x0000000765900000, 0x0000000765a00000|  0%| F|  |TAMS 0x0000000765900000, 0x0000000765900000| Untracked 
| 602|0x0000000765a00000, 0x0000000765a00000, 0x0000000765b00000|  0%| F|  |TAMS 0x0000000765a00000, 0x0000000765a00000| Untracked 
| 603|0x0000000765b00000, 0x0000000765b00000, 0x0000000765c00000|  0%| F|  |TAMS 0x0000000765b00000, 0x0000000765b00000| Untracked 
| 604|0x0000000765c00000, 0x0000000765c00000, 0x0000000765d00000|  0%| F|  |TAMS 0x0000000765c00000, 0x0000000765c00000| Untracked 
| 605|0x0000000765d00000, 0x0000000765d00000, 0x0000000765e00000|  0%| F|  |TAMS 0x0000000765d00000, 0x0000000765d00000| Untracked 
| 606|0x0000000765e00000, 0x0000000765e00000, 0x0000000765f00000|  0%| F|  |TAMS 0x0000000765e00000, 0x0000000765e00000| Untracked 
| 607|0x0000000765f00000, 0x0000000765f00000, 0x0000000766000000|  0%| F|  |TAMS 0x0000000765f00000, 0x0000000765f00000| Untracked 
| 608|0x0000000766000000, 0x0000000766000000, 0x0000000766100000|  0%| F|  |TAMS 0x0000000766000000, 0x0000000766000000| Untracked 
| 609|0x0000000766100000, 0x0000000766100000, 0x0000000766200000|  0%| F|  |TAMS 0x0000000766100000, 0x0000000766100000| Untracked 
| 610|0x0000000766200000, 0x0000000766200000, 0x0000000766300000|  0%| F|  |TAMS 0x0000000766200000, 0x0000000766200000| Untracked 
| 611|0x0000000766300000, 0x0000000766300000, 0x0000000766400000|  0%| F|  |TAMS 0x0000000766300000, 0x0000000766300000| Untracked 
| 612|0x0000000766400000, 0x0000000766400000, 0x0000000766500000|  0%| F|  |TAMS 0x0000000766400000, 0x0000000766400000| Untracked 
| 613|0x0000000766500000, 0x0000000766500000, 0x0000000766600000|  0%| F|  |TAMS 0x0000000766500000, 0x0000000766500000| Untracked 
| 614|0x0000000766600000, 0x0000000766600000, 0x0000000766700000|  0%| F|  |TAMS 0x0000000766600000, 0x0000000766600000| Untracked 
| 615|0x0000000766700000, 0x0000000766700000, 0x0000000766800000|  0%| F|  |TAMS 0x0000000766700000, 0x0000000766700000| Untracked 
| 616|0x0000000766800000, 0x0000000766800000, 0x0000000766900000|  0%| F|  |TAMS 0x0000000766800000, 0x0000000766800000| Untracked 
| 617|0x0000000766900000, 0x0000000766900000, 0x0000000766a00000|  0%| F|  |TAMS 0x0000000766900000, 0x0000000766900000| Untracked 
| 618|0x0000000766a00000, 0x0000000766a00000, 0x0000000766b00000|  0%| F|  |TAMS 0x0000000766a00000, 0x0000000766a00000| Untracked 
| 619|0x0000000766b00000, 0x0000000766b00000, 0x0000000766c00000|  0%| F|  |TAMS 0x0000000766b00000, 0x0000000766b00000| Untracked 
| 620|0x0000000766c00000, 0x0000000766c00000, 0x0000000766d00000|  0%| F|  |TAMS 0x0000000766c00000, 0x0000000766c00000| Untracked 
| 621|0x0000000766d00000, 0x0000000766d00000, 0x0000000766e00000|  0%| F|  |TAMS 0x0000000766d00000, 0x0000000766d00000| Untracked 
| 622|0x0000000766e00000, 0x0000000766e00000, 0x0000000766f00000|  0%| F|  |TAMS 0x0000000766e00000, 0x0000000766e00000| Untracked 
| 623|0x0000000766f00000, 0x0000000766f00000, 0x0000000767000000|  0%| F|  |TAMS 0x0000000766f00000, 0x0000000766f00000| Untracked 
| 624|0x0000000767000000, 0x0000000767000000, 0x0000000767100000|  0%| F|  |TAMS 0x0000000767000000, 0x0000000767000000| Untracked 
| 625|0x0000000767100000, 0x0000000767100000, 0x0000000767200000|  0%| F|  |TAMS 0x0000000767100000, 0x0000000767100000| Untracked 
| 626|0x0000000767200000, 0x0000000767200000, 0x0000000767300000|  0%| F|  |TAMS 0x0000000767200000, 0x0000000767200000| Untracked 
| 627|0x0000000767300000, 0x0000000767300000, 0x0000000767400000|  0%| F|  |TAMS 0x0000000767300000, 0x0000000767300000| Untracked 
| 628|0x0000000767400000, 0x0000000767400000, 0x0000000767500000|  0%| F|  |TAMS 0x0000000767400000, 0x0000000767400000| Untracked 
| 629|0x0000000767500000, 0x0000000767500000, 0x0000000767600000|  0%| F|  |TAMS 0x0000000767500000, 0x0000000767500000| Untracked 
| 630|0x0000000767600000, 0x0000000767600000, 0x0000000767700000|  0%| F|  |TAMS 0x0000000767600000, 0x0000000767600000| Untracked 
| 631|0x0000000767700000, 0x0000000767700000, 0x0000000767800000|  0%| F|  |TAMS 0x0000000767700000, 0x0000000767700000| Untracked 
| 632|0x0000000767800000, 0x0000000767800000, 0x0000000767900000|  0%| F|  |TAMS 0x0000000767800000, 0x0000000767800000| Untracked 
| 633|0x0000000767900000, 0x0000000767900000, 0x0000000767a00000|  0%| F|  |TAMS 0x0000000767900000, 0x0000000767900000| Untracked 
| 634|0x0000000767a00000, 0x0000000767a00000, 0x0000000767b00000|  0%| F|  |TAMS 0x0000000767a00000, 0x0000000767a00000| Untracked 
| 635|0x0000000767b00000, 0x0000000767b00000, 0x0000000767c00000|  0%| F|  |TAMS 0x0000000767b00000, 0x0000000767b00000| Untracked 
| 636|0x0000000767c00000, 0x0000000767c00000, 0x0000000767d00000|  0%| F|  |TAMS 0x0000000767c00000, 0x0000000767c00000| Untracked 
| 637|0x0000000767d00000, 0x0000000767d00000, 0x0000000767e00000|  0%| F|  |TAMS 0x0000000767d00000, 0x0000000767d00000| Untracked 
| 638|0x0000000767e00000, 0x0000000767e00000, 0x0000000767f00000|  0%| F|  |TAMS 0x0000000767e00000, 0x0000000767e00000| Untracked 
| 639|0x0000000767f00000, 0x0000000767f00000, 0x0000000768000000|  0%| F|  |TAMS 0x0000000767f00000, 0x0000000767f00000| Untracked 
| 640|0x0000000768000000, 0x0000000768000000, 0x0000000768100000|  0%| F|  |TAMS 0x0000000768000000, 0x0000000768000000| Untracked 
| 641|0x0000000768100000, 0x0000000768100000, 0x0000000768200000|  0%| F|  |TAMS 0x0000000768100000, 0x0000000768100000| Untracked 
| 642|0x0000000768200000, 0x0000000768200000, 0x0000000768300000|  0%| F|  |TAMS 0x0000000768200000, 0x0000000768200000| Untracked 
| 643|0x0000000768300000, 0x0000000768300000, 0x0000000768400000|  0%| F|  |TAMS 0x0000000768300000, 0x0000000768300000| Untracked 
| 644|0x0000000768400000, 0x0000000768400000, 0x0000000768500000|  0%| F|  |TAMS 0x0000000768400000, 0x0000000768400000| Untracked 
| 645|0x0000000768500000, 0x0000000768500000, 0x0000000768600000|  0%| F|  |TAMS 0x0000000768500000, 0x0000000768500000| Untracked 
| 646|0x0000000768600000, 0x0000000768600000, 0x0000000768700000|  0%| F|  |TAMS 0x0000000768600000, 0x0000000768600000| Untracked 
| 647|0x0000000768700000, 0x0000000768700000, 0x0000000768800000|  0%| F|  |TAMS 0x0000000768700000, 0x0000000768700000| Untracked 
| 648|0x0000000768800000, 0x0000000768800000, 0x0000000768900000|  0%| F|  |TAMS 0x0000000768800000, 0x0000000768800000| Untracked 
| 649|0x0000000768900000, 0x0000000768900000, 0x0000000768a00000|  0%| F|  |TAMS 0x0000000768900000, 0x0000000768900000| Untracked 
| 650|0x0000000768a00000, 0x0000000768a00000, 0x0000000768b00000|  0%| F|  |TAMS 0x0000000768a00000, 0x0000000768a00000| Untracked 
| 651|0x0000000768b00000, 0x0000000768b00000, 0x0000000768c00000|  0%| F|  |TAMS 0x0000000768b00000, 0x0000000768b00000| Untracked 
| 652|0x0000000768c00000, 0x0000000768c00000, 0x0000000768d00000|  0%| F|  |TAMS 0x0000000768c00000, 0x0000000768c00000| Untracked 
| 653|0x0000000768d00000, 0x0000000768d00000, 0x0000000768e00000|  0%| F|  |TAMS 0x0000000768d00000, 0x0000000768d00000| Untracked 
| 654|0x0000000768e00000, 0x0000000768e00000, 0x0000000768f00000|  0%| F|  |TAMS 0x0000000768e00000, 0x0000000768e00000| Untracked 
| 655|0x0000000768f00000, 0x0000000768f00000, 0x0000000769000000|  0%| F|  |TAMS 0x0000000768f00000, 0x0000000768f00000| Untracked 
| 656|0x0000000769000000, 0x0000000769000000, 0x0000000769100000|  0%| F|  |TAMS 0x0000000769000000, 0x0000000769000000| Untracked 
| 657|0x0000000769100000, 0x0000000769100000, 0x0000000769200000|  0%| F|  |TAMS 0x0000000769100000, 0x0000000769100000| Untracked 
| 658|0x0000000769200000, 0x0000000769200000, 0x0000000769300000|  0%| F|  |TAMS 0x0000000769200000, 0x0000000769200000| Untracked 
| 659|0x0000000769300000, 0x0000000769300000, 0x0000000769400000|  0%| F|  |TAMS 0x0000000769300000, 0x0000000769300000| Untracked 
| 660|0x0000000769400000, 0x0000000769400000, 0x0000000769500000|  0%| F|  |TAMS 0x0000000769400000, 0x0000000769400000| Untracked 
| 661|0x0000000769500000, 0x0000000769500000, 0x0000000769600000|  0%| F|  |TAMS 0x0000000769500000, 0x0000000769500000| Untracked 
| 662|0x0000000769600000, 0x0000000769600000, 0x0000000769700000|  0%| F|  |TAMS 0x0000000769600000, 0x0000000769600000| Untracked 
| 663|0x0000000769700000, 0x0000000769700000, 0x0000000769800000|  0%| F|  |TAMS 0x0000000769700000, 0x0000000769700000| Untracked 
| 664|0x0000000769800000, 0x0000000769800000, 0x0000000769900000|  0%| F|  |TAMS 0x0000000769800000, 0x0000000769800000| Untracked 
| 665|0x0000000769900000, 0x0000000769900000, 0x0000000769a00000|  0%| F|  |TAMS 0x0000000769900000, 0x0000000769900000| Untracked 
| 666|0x0000000769a00000, 0x0000000769a00000, 0x0000000769b00000|  0%| F|  |TAMS 0x0000000769a00000, 0x0000000769a00000| Untracked 
| 667|0x0000000769b00000, 0x0000000769b00000, 0x0000000769c00000|  0%| F|  |TAMS 0x0000000769b00000, 0x0000000769b00000| Untracked 
| 668|0x0000000769c00000, 0x0000000769c00000, 0x0000000769d00000|  0%| F|  |TAMS 0x0000000769c00000, 0x0000000769c00000| Untracked 
| 669|0x0000000769d00000, 0x0000000769d00000, 0x0000000769e00000|  0%| F|  |TAMS 0x0000000769d00000, 0x0000000769d00000| Untracked 
| 670|0x0000000769e00000, 0x0000000769e00000, 0x0000000769f00000|  0%| F|  |TAMS 0x0000000769e00000, 0x0000000769e00000| Untracked 
| 671|0x0000000769f00000, 0x0000000769f00000, 0x000000076a000000|  0%| F|  |TAMS 0x0000000769f00000, 0x0000000769f00000| Untracked 
| 672|0x000000076a000000, 0x000000076a000000, 0x000000076a100000|  0%| F|  |TAMS 0x000000076a000000, 0x000000076a000000| Untracked 
| 673|0x000000076a100000, 0x000000076a100000, 0x000000076a200000|  0%| F|  |TAMS 0x000000076a100000, 0x000000076a100000| Untracked 
| 674|0x000000076a200000, 0x000000076a200000, 0x000000076a300000|  0%| F|  |TAMS 0x000000076a200000, 0x000000076a200000| Untracked 
| 675|0x000000076a300000, 0x000000076a300000, 0x000000076a400000|  0%| F|  |TAMS 0x000000076a300000, 0x000000076a300000| Untracked 
| 676|0x000000076a400000, 0x000000076a400000, 0x000000076a500000|  0%| F|  |TAMS 0x000000076a400000, 0x000000076a400000| Untracked 
| 677|0x000000076a500000, 0x000000076a500000, 0x000000076a600000|  0%| F|  |TAMS 0x000000076a500000, 0x000000076a500000| Untracked 
| 678|0x000000076a600000, 0x000000076a600000, 0x000000076a700000|  0%| F|  |TAMS 0x000000076a600000, 0x000000076a600000| Untracked 
| 679|0x000000076a700000, 0x000000076a700000, 0x000000076a800000|  0%| F|  |TAMS 0x000000076a700000, 0x000000076a700000| Untracked 
| 680|0x000000076a800000, 0x000000076a800000, 0x000000076a900000|  0%| F|  |TAMS 0x000000076a800000, 0x000000076a800000| Untracked 
| 681|0x000000076a900000, 0x000000076a900000, 0x000000076aa00000|  0%| F|  |TAMS 0x000000076a900000, 0x000000076a900000| Untracked 
| 682|0x000000076aa00000, 0x000000076aa00000, 0x000000076ab00000|  0%| F|  |TAMS 0x000000076aa00000, 0x000000076aa00000| Untracked 
| 683|0x000000076ab00000, 0x000000076ab00000, 0x000000076ac00000|  0%| F|  |TAMS 0x000000076ab00000, 0x000000076ab00000| Untracked 
| 684|0x000000076ac00000, 0x000000076ac00000, 0x000000076ad00000|  0%| F|  |TAMS 0x000000076ac00000, 0x000000076ac00000| Untracked 
| 685|0x000000076ad00000, 0x000000076ad00000, 0x000000076ae00000|  0%| F|  |TAMS 0x000000076ad00000, 0x000000076ad00000| Untracked 
| 686|0x000000076ae00000, 0x000000076ae00000, 0x000000076af00000|  0%| F|  |TAMS 0x000000076ae00000, 0x000000076ae00000| Untracked 
| 687|0x000000076af00000, 0x000000076af00000, 0x000000076b000000|  0%| F|  |TAMS 0x000000076af00000, 0x000000076af00000| Untracked 
| 688|0x000000076b000000, 0x000000076b000000, 0x000000076b100000|  0%| F|  |TAMS 0x000000076b000000, 0x000000076b000000| Untracked 
| 689|0x000000076b100000, 0x000000076b100000, 0x000000076b200000|  0%| F|  |TAMS 0x000000076b100000, 0x000000076b100000| Untracked 
| 690|0x000000076b200000, 0x000000076b200000, 0x000000076b300000|  0%| F|  |TAMS 0x000000076b200000, 0x000000076b200000| Untracked 
| 691|0x000000076b300000, 0x000000076b300000, 0x000000076b400000|  0%| F|  |TAMS 0x000000076b300000, 0x000000076b300000| Untracked 
| 692|0x000000076b400000, 0x000000076b400000, 0x000000076b500000|  0%| F|  |TAMS 0x000000076b400000, 0x000000076b400000| Untracked 
| 693|0x000000076b500000, 0x000000076b500000, 0x000000076b600000|  0%| F|  |TAMS 0x000000076b500000, 0x000000076b500000| Untracked 
| 694|0x000000076b600000, 0x000000076b600000, 0x000000076b700000|  0%| F|  |TAMS 0x000000076b600000, 0x000000076b600000| Untracked 
| 695|0x000000076b700000, 0x000000076b700000, 0x000000076b800000|  0%| F|  |TAMS 0x000000076b700000, 0x000000076b700000| Untracked 
| 696|0x000000076b800000, 0x000000076b800000, 0x000000076b900000|  0%| F|  |TAMS 0x000000076b800000, 0x000000076b800000| Untracked 
| 697|0x000000076b900000, 0x000000076b900000, 0x000000076ba00000|  0%| F|  |TAMS 0x000000076b900000, 0x000000076b900000| Untracked 
| 698|0x000000076ba00000, 0x000000076ba00000, 0x000000076bb00000|  0%| F|  |TAMS 0x000000076ba00000, 0x000000076ba00000| Untracked 
| 699|0x000000076bb00000, 0x000000076bb00000, 0x000000076bc00000|  0%| F|  |TAMS 0x000000076bb00000, 0x000000076bb00000| Untracked 
| 700|0x000000076bc00000, 0x000000076bc00000, 0x000000076bd00000|  0%| F|  |TAMS 0x000000076bc00000, 0x000000076bc00000| Untracked 
| 701|0x000000076bd00000, 0x000000076bd00000, 0x000000076be00000|  0%| F|  |TAMS 0x000000076bd00000, 0x000000076bd00000| Untracked 
| 702|0x000000076be00000, 0x000000076be00000, 0x000000076bf00000|  0%| F|  |TAMS 0x000000076be00000, 0x000000076be00000| Untracked 
| 703|0x000000076bf00000, 0x000000076bf00000, 0x000000076c000000|  0%| F|  |TAMS 0x000000076bf00000, 0x000000076bf00000| Untracked 
| 704|0x000000076c000000, 0x000000076c000000, 0x000000076c100000|  0%| F|  |TAMS 0x000000076c000000, 0x000000076c000000| Untracked 
| 705|0x000000076c100000, 0x000000076c100000, 0x000000076c200000|  0%| F|  |TAMS 0x000000076c100000, 0x000000076c100000| Untracked 
| 706|0x000000076c200000, 0x000000076c200000, 0x000000076c300000|  0%| F|  |TAMS 0x000000076c200000, 0x000000076c200000| Untracked 
| 707|0x000000076c300000, 0x000000076c300000, 0x000000076c400000|  0%| F|  |TAMS 0x000000076c300000, 0x000000076c300000| Untracked 
| 708|0x000000076c400000, 0x000000076c400000, 0x000000076c500000|  0%| F|  |TAMS 0x000000076c400000, 0x000000076c400000| Untracked 
| 709|0x000000076c500000, 0x000000076c500000, 0x000000076c600000|  0%| F|  |TAMS 0x000000076c500000, 0x000000076c500000| Untracked 
| 710|0x000000076c600000, 0x000000076c600000, 0x000000076c700000|  0%| F|  |TAMS 0x000000076c600000, 0x000000076c600000| Untracked 
| 711|0x000000076c700000, 0x000000076c700000, 0x000000076c800000|  0%| F|  |TAMS 0x000000076c700000, 0x000000076c700000| Untracked 
| 712|0x000000076c800000, 0x000000076c800000, 0x000000076c900000|  0%| F|  |TAMS 0x000000076c800000, 0x000000076c800000| Untracked 
| 713|0x000000076c900000, 0x000000076c900000, 0x000000076ca00000|  0%| F|  |TAMS 0x000000076c900000, 0x000000076c900000| Untracked 
| 714|0x000000076ca00000, 0x000000076ca00000, 0x000000076cb00000|  0%| F|  |TAMS 0x000000076ca00000, 0x000000076ca00000| Untracked 
| 715|0x000000076cb00000, 0x000000076cb00000, 0x000000076cc00000|  0%| F|  |TAMS 0x000000076cb00000, 0x000000076cb00000| Untracked 
| 716|0x000000076cc00000, 0x000000076cc00000, 0x000000076cd00000|  0%| F|  |TAMS 0x000000076cc00000, 0x000000076cc00000| Untracked 
| 717|0x000000076cd00000, 0x000000076cd00000, 0x000000076ce00000|  0%| F|  |TAMS 0x000000076cd00000, 0x000000076cd00000| Untracked 
| 718|0x000000076ce00000, 0x000000076ce00000, 0x000000076cf00000|  0%| F|  |TAMS 0x000000076ce00000, 0x000000076ce00000| Untracked 
| 719|0x000000076cf00000, 0x000000076cf00000, 0x000000076d000000|  0%| F|  |TAMS 0x000000076cf00000, 0x000000076cf00000| Untracked 
| 720|0x000000076d000000, 0x000000076d000000, 0x000000076d100000|  0%| F|  |TAMS 0x000000076d000000, 0x000000076d000000| Untracked 
| 721|0x000000076d100000, 0x000000076d100000, 0x000000076d200000|  0%| F|  |TAMS 0x000000076d100000, 0x000000076d100000| Untracked 
| 722|0x000000076d200000, 0x000000076d200000, 0x000000076d300000|  0%| F|  |TAMS 0x000000076d200000, 0x000000076d200000| Untracked 
| 723|0x000000076d300000, 0x000000076d300000, 0x000000076d400000|  0%| F|  |TAMS 0x000000076d300000, 0x000000076d300000| Untracked 
| 724|0x000000076d400000, 0x000000076d400000, 0x000000076d500000|  0%| F|  |TAMS 0x000000076d400000, 0x000000076d400000| Untracked 
| 725|0x000000076d500000, 0x000000076d500000, 0x000000076d600000|  0%| F|  |TAMS 0x000000076d500000, 0x000000076d500000| Untracked 
| 726|0x000000076d600000, 0x000000076d600000, 0x000000076d700000|  0%| F|  |TAMS 0x000000076d600000, 0x000000076d600000| Untracked 
| 727|0x000000076d700000, 0x000000076d700000, 0x000000076d800000|  0%| F|  |TAMS 0x000000076d700000, 0x000000076d700000| Untracked 
| 728|0x000000076d800000, 0x000000076d800000, 0x000000076d900000|  0%| F|  |TAMS 0x000000076d800000, 0x000000076d800000| Untracked 
| 729|0x000000076d900000, 0x000000076d900000, 0x000000076da00000|  0%| F|  |TAMS 0x000000076d900000, 0x000000076d900000| Untracked 
| 730|0x000000076da00000, 0x000000076da00000, 0x000000076db00000|  0%| F|  |TAMS 0x000000076da00000, 0x000000076da00000| Untracked 
| 731|0x000000076db00000, 0x000000076db00000, 0x000000076dc00000|  0%| F|  |TAMS 0x000000076db00000, 0x000000076db00000| Untracked 
| 732|0x000000076dc00000, 0x000000076dc00000, 0x000000076dd00000|  0%| F|  |TAMS 0x000000076dc00000, 0x000000076dc00000| Untracked 
| 733|0x000000076dd00000, 0x000000076dd00000, 0x000000076de00000|  0%| F|  |TAMS 0x000000076dd00000, 0x000000076dd00000| Untracked 
| 734|0x000000076de00000, 0x000000076de00000, 0x000000076df00000|  0%| F|  |TAMS 0x000000076de00000, 0x000000076de00000| Untracked 
| 735|0x000000076df00000, 0x000000076df00000, 0x000000076e000000|  0%| F|  |TAMS 0x000000076df00000, 0x000000076df00000| Untracked 
| 736|0x000000076e000000, 0x000000076e000000, 0x000000076e100000|  0%| F|  |TAMS 0x000000076e000000, 0x000000076e000000| Untracked 
| 737|0x000000076e100000, 0x000000076e100000, 0x000000076e200000|  0%| F|  |TAMS 0x000000076e100000, 0x000000076e100000| Untracked 
| 738|0x000000076e200000, 0x000000076e200000, 0x000000076e300000|  0%| F|  |TAMS 0x000000076e200000, 0x000000076e200000| Untracked 
| 739|0x000000076e300000, 0x000000076e300000, 0x000000076e400000|  0%| F|  |TAMS 0x000000076e300000, 0x000000076e300000| Untracked 
| 740|0x000000076e400000, 0x000000076e400000, 0x000000076e500000|  0%| F|  |TAMS 0x000000076e400000, 0x000000076e400000| Untracked 
| 741|0x000000076e500000, 0x000000076e500000, 0x000000076e600000|  0%| F|  |TAMS 0x000000076e500000, 0x000000076e500000| Untracked 
| 742|0x000000076e600000, 0x000000076e600000, 0x000000076e700000|  0%| F|  |TAMS 0x000000076e600000, 0x000000076e600000| Untracked 
| 743|0x000000076e700000, 0x000000076e700000, 0x000000076e800000|  0%| F|  |TAMS 0x000000076e700000, 0x000000076e700000| Untracked 
| 744|0x000000076e800000, 0x000000076e800000, 0x000000076e900000|  0%| F|  |TAMS 0x000000076e800000, 0x000000076e800000| Untracked 
| 745|0x000000076e900000, 0x000000076e900000, 0x000000076ea00000|  0%| F|  |TAMS 0x000000076e900000, 0x000000076e900000| Untracked 
| 746|0x000000076ea00000, 0x000000076ea00000, 0x000000076eb00000|  0%| F|  |TAMS 0x000000076ea00000, 0x000000076ea00000| Untracked 
| 747|0x000000076eb00000, 0x000000076eb00000, 0x000000076ec00000|  0%| F|  |TAMS 0x000000076eb00000, 0x000000076eb00000| Untracked 
| 748|0x000000076ec00000, 0x000000076ec00000, 0x000000076ed00000|  0%| F|  |TAMS 0x000000076ec00000, 0x000000076ec00000| Untracked 
| 749|0x000000076ed00000, 0x000000076ed00000, 0x000000076ee00000|  0%| F|  |TAMS 0x000000076ed00000, 0x000000076ed00000| Untracked 
| 750|0x000000076ee00000, 0x000000076ee00000, 0x000000076ef00000|  0%| F|  |TAMS 0x000000076ee00000, 0x000000076ee00000| Untracked 
| 751|0x000000076ef00000, 0x000000076ef00000, 0x000000076f000000|  0%| F|  |TAMS 0x000000076ef00000, 0x000000076ef00000| Untracked 
| 752|0x000000076f000000, 0x000000076f000000, 0x000000076f100000|  0%| F|  |TAMS 0x000000076f000000, 0x000000076f000000| Untracked 
| 753|0x000000076f100000, 0x000000076f100000, 0x000000076f200000|  0%| F|  |TAMS 0x000000076f100000, 0x000000076f100000| Untracked 
| 754|0x000000076f200000, 0x000000076f200000, 0x000000076f300000|  0%| F|  |TAMS 0x000000076f200000, 0x000000076f200000| Untracked 
| 755|0x000000076f300000, 0x000000076f300000, 0x000000076f400000|  0%| F|  |TAMS 0x000000076f300000, 0x000000076f300000| Untracked 
| 756|0x000000076f400000, 0x000000076f400000, 0x000000076f500000|  0%| F|  |TAMS 0x000000076f400000, 0x000000076f400000| Untracked 
| 757|0x000000076f500000, 0x000000076f500000, 0x000000076f600000|  0%| F|  |TAMS 0x000000076f500000, 0x000000076f500000| Untracked 
| 758|0x000000076f600000, 0x000000076f600000, 0x000000076f700000|  0%| F|  |TAMS 0x000000076f600000, 0x000000076f600000| Untracked 
| 759|0x000000076f700000, 0x000000076f700000, 0x000000076f800000|  0%| F|  |TAMS 0x000000076f700000, 0x000000076f700000| Untracked 
| 760|0x000000076f800000, 0x000000076f800000, 0x000000076f900000|  0%| F|  |TAMS 0x000000076f800000, 0x000000076f800000| Untracked 
| 761|0x000000076f900000, 0x000000076f900000, 0x000000076fa00000|  0%| F|  |TAMS 0x000000076f900000, 0x000000076f900000| Untracked 
| 762|0x000000076fa00000, 0x000000076fa00000, 0x000000076fb00000|  0%| F|  |TAMS 0x000000076fa00000, 0x000000076fa00000| Untracked 
| 763|0x000000076fb00000, 0x000000076fb00000, 0x000000076fc00000|  0%| F|  |TAMS 0x000000076fb00000, 0x000000076fb00000| Untracked 
| 764|0x000000076fc00000, 0x000000076fc00000, 0x000000076fd00000|  0%| F|  |TAMS 0x000000076fc00000, 0x000000076fc00000| Untracked 
| 765|0x000000076fd00000, 0x000000076fd00000, 0x000000076fe00000|  0%| F|  |TAMS 0x000000076fd00000, 0x000000076fd00000| Untracked 
| 766|0x000000076fe00000, 0x000000076fe00000, 0x000000076ff00000|  0%| F|  |TAMS 0x000000076fe00000, 0x000000076fe00000| Untracked 
| 767|0x000000076ff00000, 0x000000076ff00000, 0x0000000770000000|  0%| F|  |TAMS 0x000000076ff00000, 0x000000076ff00000| Untracked 
| 768|0x0000000770000000, 0x0000000770000000, 0x0000000770100000|  0%| F|  |TAMS 0x0000000770000000, 0x0000000770000000| Untracked 
| 769|0x0000000770100000, 0x0000000770100000, 0x0000000770200000|  0%| F|  |TAMS 0x0000000770100000, 0x0000000770100000| Untracked 
| 770|0x0000000770200000, 0x0000000770200000, 0x0000000770300000|  0%| F|  |TAMS 0x0000000770200000, 0x0000000770200000| Untracked 
| 771|0x0000000770300000, 0x0000000770300000, 0x0000000770400000|  0%| F|  |TAMS 0x0000000770300000, 0x0000000770300000| Untracked 
| 772|0x0000000770400000, 0x0000000770400000, 0x0000000770500000|  0%| F|  |TAMS 0x0000000770400000, 0x0000000770400000| Untracked 
| 773|0x0000000770500000, 0x0000000770500000, 0x0000000770600000|  0%| F|  |TAMS 0x0000000770500000, 0x0000000770500000| Untracked 
| 774|0x0000000770600000, 0x0000000770600000, 0x0000000770700000|  0%| F|  |TAMS 0x0000000770600000, 0x0000000770600000| Untracked 
| 775|0x0000000770700000, 0x0000000770700000, 0x0000000770800000|  0%| F|  |TAMS 0x0000000770700000, 0x0000000770700000| Untracked 
| 776|0x0000000770800000, 0x0000000770800000, 0x0000000770900000|  0%| F|  |TAMS 0x0000000770800000, 0x0000000770800000| Untracked 
| 777|0x0000000770900000, 0x0000000770900000, 0x0000000770a00000|  0%| F|  |TAMS 0x0000000770900000, 0x0000000770900000| Untracked 
| 778|0x0000000770a00000, 0x0000000770a00000, 0x0000000770b00000|  0%| F|  |TAMS 0x0000000770a00000, 0x0000000770a00000| Untracked 
| 779|0x0000000770b00000, 0x0000000770b00000, 0x0000000770c00000|  0%| F|  |TAMS 0x0000000770b00000, 0x0000000770b00000| Untracked 
| 780|0x0000000770c00000, 0x0000000770c00000, 0x0000000770d00000|  0%| F|  |TAMS 0x0000000770c00000, 0x0000000770c00000| Untracked 
| 781|0x0000000770d00000, 0x0000000770d00000, 0x0000000770e00000|  0%| F|  |TAMS 0x0000000770d00000, 0x0000000770d00000| Untracked 
| 782|0x0000000770e00000, 0x0000000770e00000, 0x0000000770f00000|  0%| F|  |TAMS 0x0000000770e00000, 0x0000000770e00000| Untracked 
| 783|0x0000000770f00000, 0x0000000770f00000, 0x0000000771000000|  0%| F|  |TAMS 0x0000000770f00000, 0x0000000770f00000| Untracked 
| 784|0x0000000771000000, 0x0000000771000000, 0x0000000771100000|  0%| F|  |TAMS 0x0000000771000000, 0x0000000771000000| Untracked 
| 785|0x0000000771100000, 0x0000000771100000, 0x0000000771200000|  0%| F|  |TAMS 0x0000000771100000, 0x0000000771100000| Untracked 
| 786|0x0000000771200000, 0x0000000771200000, 0x0000000771300000|  0%| F|  |TAMS 0x0000000771200000, 0x0000000771200000| Untracked 
| 787|0x0000000771300000, 0x0000000771300000, 0x0000000771400000|  0%| F|  |TAMS 0x0000000771300000, 0x0000000771300000| Untracked 
| 788|0x0000000771400000, 0x0000000771400000, 0x0000000771500000|  0%| F|  |TAMS 0x0000000771400000, 0x0000000771400000| Untracked 
| 789|0x0000000771500000, 0x0000000771500000, 0x0000000771600000|  0%| F|  |TAMS 0x0000000771500000, 0x0000000771500000| Untracked 
| 790|0x0000000771600000, 0x0000000771600000, 0x0000000771700000|  0%| F|  |TAMS 0x0000000771600000, 0x0000000771600000| Untracked 
| 791|0x0000000771700000, 0x0000000771700000, 0x0000000771800000|  0%| F|  |TAMS 0x0000000771700000, 0x0000000771700000| Untracked 
| 792|0x0000000771800000, 0x0000000771800000, 0x0000000771900000|  0%| F|  |TAMS 0x0000000771800000, 0x0000000771800000| Untracked 
| 793|0x0000000771900000, 0x0000000771900000, 0x0000000771a00000|  0%| F|  |TAMS 0x0000000771900000, 0x0000000771900000| Untracked 
| 794|0x0000000771a00000, 0x0000000771a00000, 0x0000000771b00000|  0%| F|  |TAMS 0x0000000771a00000, 0x0000000771a00000| Untracked 
| 795|0x0000000771b00000, 0x0000000771b00000, 0x0000000771c00000|  0%| F|  |TAMS 0x0000000771b00000, 0x0000000771b00000| Untracked 
| 796|0x0000000771c00000, 0x0000000771c00000, 0x0000000771d00000|  0%| F|  |TAMS 0x0000000771c00000, 0x0000000771c00000| Untracked 
| 797|0x0000000771d00000, 0x0000000771d00000, 0x0000000771e00000|  0%| F|  |TAMS 0x0000000771d00000, 0x0000000771d00000| Untracked 
| 798|0x0000000771e00000, 0x0000000771e00000, 0x0000000771f00000|  0%| F|  |TAMS 0x0000000771e00000, 0x0000000771e00000| Untracked 
| 799|0x0000000771f00000, 0x0000000771f00000, 0x0000000772000000|  0%| F|  |TAMS 0x0000000771f00000, 0x0000000771f00000| Untracked 
| 800|0x0000000772000000, 0x0000000772000000, 0x0000000772100000|  0%| F|  |TAMS 0x0000000772000000, 0x0000000772000000| Untracked 
| 801|0x0000000772100000, 0x0000000772100000, 0x0000000772200000|  0%| F|  |TAMS 0x0000000772100000, 0x0000000772100000| Untracked 
| 802|0x0000000772200000, 0x0000000772200000, 0x0000000772300000|  0%| F|  |TAMS 0x0000000772200000, 0x0000000772200000| Untracked 
| 803|0x0000000772300000, 0x0000000772300000, 0x0000000772400000|  0%| F|  |TAMS 0x0000000772300000, 0x0000000772300000| Untracked 
| 804|0x0000000772400000, 0x0000000772400000, 0x0000000772500000|  0%| F|  |TAMS 0x0000000772400000, 0x0000000772400000| Untracked 
| 805|0x0000000772500000, 0x0000000772500000, 0x0000000772600000|  0%| F|  |TAMS 0x0000000772500000, 0x0000000772500000| Untracked 
| 806|0x0000000772600000, 0x0000000772600000, 0x0000000772700000|  0%| F|  |TAMS 0x0000000772600000, 0x0000000772600000| Untracked 
| 807|0x0000000772700000, 0x0000000772700000, 0x0000000772800000|  0%| F|  |TAMS 0x0000000772700000, 0x0000000772700000| Untracked 
| 808|0x0000000772800000, 0x0000000772800000, 0x0000000772900000|  0%| F|  |TAMS 0x0000000772800000, 0x0000000772800000| Untracked 
| 809|0x0000000772900000, 0x0000000772900000, 0x0000000772a00000|  0%| F|  |TAMS 0x0000000772900000, 0x0000000772900000| Untracked 
| 810|0x0000000772a00000, 0x0000000772a00000, 0x0000000772b00000|  0%| F|  |TAMS 0x0000000772a00000, 0x0000000772a00000| Untracked 
| 811|0x0000000772b00000, 0x0000000772b00000, 0x0000000772c00000|  0%| F|  |TAMS 0x0000000772b00000, 0x0000000772b00000| Untracked 
| 812|0x0000000772c00000, 0x0000000772c00000, 0x0000000772d00000|  0%| F|  |TAMS 0x0000000772c00000, 0x0000000772c00000| Untracked 
| 813|0x0000000772d00000, 0x0000000772d00000, 0x0000000772e00000|  0%| F|  |TAMS 0x0000000772d00000, 0x0000000772d00000| Untracked 
| 814|0x0000000772e00000, 0x0000000772e00000, 0x0000000772f00000|  0%| F|  |TAMS 0x0000000772e00000, 0x0000000772e00000| Untracked 
| 815|0x0000000772f00000, 0x0000000772f00000, 0x0000000773000000|  0%| F|  |TAMS 0x0000000772f00000, 0x0000000772f00000| Untracked 
| 816|0x0000000773000000, 0x0000000773000000, 0x0000000773100000|  0%| F|  |TAMS 0x0000000773000000, 0x0000000773000000| Untracked 
| 817|0x0000000773100000, 0x0000000773100000, 0x0000000773200000|  0%| F|  |TAMS 0x0000000773100000, 0x0000000773100000| Untracked 
| 818|0x0000000773200000, 0x0000000773200000, 0x0000000773300000|  0%| F|  |TAMS 0x0000000773200000, 0x0000000773200000| Untracked 
| 819|0x0000000773300000, 0x0000000773300000, 0x0000000773400000|  0%| F|  |TAMS 0x0000000773300000, 0x0000000773300000| Untracked 
| 820|0x0000000773400000, 0x0000000773400000, 0x0000000773500000|  0%| F|  |TAMS 0x0000000773400000, 0x0000000773400000| Untracked 
| 821|0x0000000773500000, 0x0000000773500000, 0x0000000773600000|  0%| F|  |TAMS 0x0000000773500000, 0x0000000773500000| Untracked 
| 822|0x0000000773600000, 0x0000000773600000, 0x0000000773700000|  0%| F|  |TAMS 0x0000000773600000, 0x0000000773600000| Untracked 
| 823|0x0000000773700000, 0x0000000773700000, 0x0000000773800000|  0%| F|  |TAMS 0x0000000773700000, 0x0000000773700000| Untracked 
| 824|0x0000000773800000, 0x0000000773800000, 0x0000000773900000|  0%| F|  |TAMS 0x0000000773800000, 0x0000000773800000| Untracked 
| 825|0x0000000773900000, 0x0000000773900000, 0x0000000773a00000|  0%| F|  |TAMS 0x0000000773900000, 0x0000000773900000| Untracked 
| 826|0x0000000773a00000, 0x0000000773a00000, 0x0000000773b00000|  0%| F|  |TAMS 0x0000000773a00000, 0x0000000773a00000| Untracked 
| 827|0x0000000773b00000, 0x0000000773b00000, 0x0000000773c00000|  0%| F|  |TAMS 0x0000000773b00000, 0x0000000773b00000| Untracked 
| 828|0x0000000773c00000, 0x0000000773c00000, 0x0000000773d00000|  0%| F|  |TAMS 0x0000000773c00000, 0x0000000773c00000| Untracked 
| 829|0x0000000773d00000, 0x0000000773d00000, 0x0000000773e00000|  0%| F|  |TAMS 0x0000000773d00000, 0x0000000773d00000| Untracked 
| 830|0x0000000773e00000, 0x0000000773e00000, 0x0000000773f00000|  0%| F|  |TAMS 0x0000000773e00000, 0x0000000773e00000| Untracked 
| 831|0x0000000773f00000, 0x0000000773f00000, 0x0000000774000000|  0%| F|  |TAMS 0x0000000773f00000, 0x0000000773f00000| Untracked 
| 832|0x0000000774000000, 0x0000000774000000, 0x0000000774100000|  0%| F|  |TAMS 0x0000000774000000, 0x0000000774000000| Untracked 
| 833|0x0000000774100000, 0x0000000774100000, 0x0000000774200000|  0%| F|  |TAMS 0x0000000774100000, 0x0000000774100000| Untracked 
| 834|0x0000000774200000, 0x0000000774200000, 0x0000000774300000|  0%| F|  |TAMS 0x0000000774200000, 0x0000000774200000| Untracked 
| 835|0x0000000774300000, 0x0000000774300000, 0x0000000774400000|  0%| F|  |TAMS 0x0000000774300000, 0x0000000774300000| Untracked 
| 836|0x0000000774400000, 0x0000000774400000, 0x0000000774500000|  0%| F|  |TAMS 0x0000000774400000, 0x0000000774400000| Untracked 
| 837|0x0000000774500000, 0x0000000774500000, 0x0000000774600000|  0%| F|  |TAMS 0x0000000774500000, 0x0000000774500000| Untracked 
| 838|0x0000000774600000, 0x0000000774600000, 0x0000000774700000|  0%| F|  |TAMS 0x0000000774600000, 0x0000000774600000| Untracked 
| 839|0x0000000774700000, 0x0000000774700000, 0x0000000774800000|  0%| F|  |TAMS 0x0000000774700000, 0x0000000774700000| Untracked 
| 840|0x0000000774800000, 0x0000000774800000, 0x0000000774900000|  0%| F|  |TAMS 0x0000000774800000, 0x0000000774800000| Untracked 
| 841|0x0000000774900000, 0x0000000774900000, 0x0000000774a00000|  0%| F|  |TAMS 0x0000000774900000, 0x0000000774900000| Untracked 
| 842|0x0000000774a00000, 0x0000000774a00000, 0x0000000774b00000|  0%| F|  |TAMS 0x0000000774a00000, 0x0000000774a00000| Untracked 
| 843|0x0000000774b00000, 0x0000000774b00000, 0x0000000774c00000|  0%| F|  |TAMS 0x0000000774b00000, 0x0000000774b00000| Untracked 
| 844|0x0000000774c00000, 0x0000000774c00000, 0x0000000774d00000|  0%| F|  |TAMS 0x0000000774c00000, 0x0000000774c00000| Untracked 
| 845|0x0000000774d00000, 0x0000000774d00000, 0x0000000774e00000|  0%| F|  |TAMS 0x0000000774d00000, 0x0000000774d00000| Untracked 
| 846|0x0000000774e00000, 0x0000000774e00000, 0x0000000774f00000|  0%| F|  |TAMS 0x0000000774e00000, 0x0000000774e00000| Untracked 
| 847|0x0000000774f00000, 0x0000000774f00000, 0x0000000775000000|  0%| F|  |TAMS 0x0000000774f00000, 0x0000000774f00000| Untracked 
| 848|0x0000000775000000, 0x0000000775000000, 0x0000000775100000|  0%| F|  |TAMS 0x0000000775000000, 0x0000000775000000| Untracked 
| 849|0x0000000775100000, 0x0000000775100000, 0x0000000775200000|  0%| F|  |TAMS 0x0000000775100000, 0x0000000775100000| Untracked 
| 850|0x0000000775200000, 0x0000000775200000, 0x0000000775300000|  0%| F|  |TAMS 0x0000000775200000, 0x0000000775200000| Untracked 
| 851|0x0000000775300000, 0x0000000775300000, 0x0000000775400000|  0%| F|  |TAMS 0x0000000775300000, 0x0000000775300000| Untracked 
| 852|0x0000000775400000, 0x0000000775400000, 0x0000000775500000|  0%| F|  |TAMS 0x0000000775400000, 0x0000000775400000| Untracked 
| 853|0x0000000775500000, 0x0000000775500000, 0x0000000775600000|  0%| F|  |TAMS 0x0000000775500000, 0x0000000775500000| Untracked 
| 854|0x0000000775600000, 0x0000000775600000, 0x0000000775700000|  0%| F|  |TAMS 0x0000000775600000, 0x0000000775600000| Untracked 
| 855|0x0000000775700000, 0x0000000775700000, 0x0000000775800000|  0%| F|  |TAMS 0x0000000775700000, 0x0000000775700000| Untracked 
| 856|0x0000000775800000, 0x0000000775800000, 0x0000000775900000|  0%| F|  |TAMS 0x0000000775800000, 0x0000000775800000| Untracked 
| 857|0x0000000775900000, 0x0000000775900000, 0x0000000775a00000|  0%| F|  |TAMS 0x0000000775900000, 0x0000000775900000| Untracked 
| 858|0x0000000775a00000, 0x0000000775a00000, 0x0000000775b00000|  0%| F|  |TAMS 0x0000000775a00000, 0x0000000775a00000| Untracked 
| 859|0x0000000775b00000, 0x0000000775b00000, 0x0000000775c00000|  0%| F|  |TAMS 0x0000000775b00000, 0x0000000775b00000| Untracked 
| 860|0x0000000775c00000, 0x0000000775c00000, 0x0000000775d00000|  0%| F|  |TAMS 0x0000000775c00000, 0x0000000775c00000| Untracked 
| 861|0x0000000775d00000, 0x0000000775d00000, 0x0000000775e00000|  0%| F|  |TAMS 0x0000000775d00000, 0x0000000775d00000| Untracked 
| 862|0x0000000775e00000, 0x0000000775e00000, 0x0000000775f00000|  0%| F|  |TAMS 0x0000000775e00000, 0x0000000775e00000| Untracked 
| 863|0x0000000775f00000, 0x0000000775f00000, 0x0000000776000000|  0%| F|  |TAMS 0x0000000775f00000, 0x0000000775f00000| Untracked 
| 864|0x0000000776000000, 0x0000000776000000, 0x0000000776100000|  0%| F|  |TAMS 0x0000000776000000, 0x0000000776000000| Untracked 
| 865|0x0000000776100000, 0x0000000776100000, 0x0000000776200000|  0%| F|  |TAMS 0x0000000776100000, 0x0000000776100000| Untracked 
| 866|0x0000000776200000, 0x0000000776200000, 0x0000000776300000|  0%| F|  |TAMS 0x0000000776200000, 0x0000000776200000| Untracked 
| 867|0x0000000776300000, 0x0000000776300000, 0x0000000776400000|  0%| F|  |TAMS 0x0000000776300000, 0x0000000776300000| Untracked 
| 868|0x0000000776400000, 0x0000000776400000, 0x0000000776500000|  0%| F|  |TAMS 0x0000000776400000, 0x0000000776400000| Untracked 
| 869|0x0000000776500000, 0x0000000776500000, 0x0000000776600000|  0%| F|  |TAMS 0x0000000776500000, 0x0000000776500000| Untracked 
| 870|0x0000000776600000, 0x0000000776600000, 0x0000000776700000|  0%| F|  |TAMS 0x0000000776600000, 0x0000000776600000| Untracked 
| 871|0x0000000776700000, 0x0000000776700000, 0x0000000776800000|  0%| F|  |TAMS 0x0000000776700000, 0x0000000776700000| Untracked 
| 872|0x0000000776800000, 0x0000000776800000, 0x0000000776900000|  0%| F|  |TAMS 0x0000000776800000, 0x0000000776800000| Untracked 
| 873|0x0000000776900000, 0x0000000776900000, 0x0000000776a00000|  0%| F|  |TAMS 0x0000000776900000, 0x0000000776900000| Untracked 
| 874|0x0000000776a00000, 0x0000000776a00000, 0x0000000776b00000|  0%| F|  |TAMS 0x0000000776a00000, 0x0000000776a00000| Untracked 
| 875|0x0000000776b00000, 0x0000000776b00000, 0x0000000776c00000|  0%| F|  |TAMS 0x0000000776b00000, 0x0000000776b00000| Untracked 
| 876|0x0000000776c00000, 0x0000000776c00000, 0x0000000776d00000|  0%| F|  |TAMS 0x0000000776c00000, 0x0000000776c00000| Untracked 
| 877|0x0000000776d00000, 0x0000000776d00000, 0x0000000776e00000|  0%| F|  |TAMS 0x0000000776d00000, 0x0000000776d00000| Untracked 
| 878|0x0000000776e00000, 0x0000000776e00000, 0x0000000776f00000|  0%| F|  |TAMS 0x0000000776e00000, 0x0000000776e00000| Untracked 
| 879|0x0000000776f00000, 0x0000000776f00000, 0x0000000777000000|  0%| F|  |TAMS 0x0000000776f00000, 0x0000000776f00000| Untracked 
| 880|0x0000000777000000, 0x0000000777000000, 0x0000000777100000|  0%| F|  |TAMS 0x0000000777000000, 0x0000000777000000| Untracked 
| 881|0x0000000777100000, 0x0000000777100000, 0x0000000777200000|  0%| F|  |TAMS 0x0000000777100000, 0x0000000777100000| Untracked 
| 882|0x0000000777200000, 0x0000000777200000, 0x0000000777300000|  0%| F|  |TAMS 0x0000000777200000, 0x0000000777200000| Untracked 
| 883|0x0000000777300000, 0x0000000777300000, 0x0000000777400000|  0%| F|  |TAMS 0x0000000777300000, 0x0000000777300000| Untracked 
| 884|0x0000000777400000, 0x0000000777400000, 0x0000000777500000|  0%| F|  |TAMS 0x0000000777400000, 0x0000000777400000| Untracked 
| 885|0x0000000777500000, 0x0000000777500000, 0x0000000777600000|  0%| F|  |TAMS 0x0000000777500000, 0x0000000777500000| Untracked 
| 886|0x0000000777600000, 0x0000000777600000, 0x0000000777700000|  0%| F|  |TAMS 0x0000000777600000, 0x0000000777600000| Untracked 
| 887|0x0000000777700000, 0x0000000777700000, 0x0000000777800000|  0%| F|  |TAMS 0x0000000777700000, 0x0000000777700000| Untracked 
| 888|0x0000000777800000, 0x0000000777800000, 0x0000000777900000|  0%| F|  |TAMS 0x0000000777800000, 0x0000000777800000| Untracked 
| 889|0x0000000777900000, 0x0000000777900000, 0x0000000777a00000|  0%| F|  |TAMS 0x0000000777900000, 0x0000000777900000| Untracked 
| 890|0x0000000777a00000, 0x0000000777a00000, 0x0000000777b00000|  0%| F|  |TAMS 0x0000000777a00000, 0x0000000777a00000| Untracked 
| 891|0x0000000777b00000, 0x0000000777b00000, 0x0000000777c00000|  0%| F|  |TAMS 0x0000000777b00000, 0x0000000777b00000| Untracked 
| 892|0x0000000777c00000, 0x0000000777c00000, 0x0000000777d00000|  0%| F|  |TAMS 0x0000000777c00000, 0x0000000777c00000| Untracked 
| 893|0x0000000777d00000, 0x0000000777d00000, 0x0000000777e00000|  0%| F|  |TAMS 0x0000000777d00000, 0x0000000777d00000| Untracked 
| 894|0x0000000777e00000, 0x0000000777e00000, 0x0000000777f00000|  0%| F|  |TAMS 0x0000000777e00000, 0x0000000777e00000| Untracked 
| 895|0x0000000777f00000, 0x0000000777f00000, 0x0000000778000000|  0%| F|  |TAMS 0x0000000777f00000, 0x0000000777f00000| Untracked 
| 896|0x0000000778000000, 0x0000000778000000, 0x0000000778100000|  0%| F|  |TAMS 0x0000000778000000, 0x0000000778000000| Untracked 
| 897|0x0000000778100000, 0x0000000778100000, 0x0000000778200000|  0%| F|  |TAMS 0x0000000778100000, 0x0000000778100000| Untracked 
| 898|0x0000000778200000, 0x0000000778200000, 0x0000000778300000|  0%| F|  |TAMS 0x0000000778200000, 0x0000000778200000| Untracked 
| 899|0x0000000778300000, 0x0000000778300000, 0x0000000778400000|  0%| F|  |TAMS 0x0000000778300000, 0x0000000778300000| Untracked 
| 900|0x0000000778400000, 0x0000000778400000, 0x0000000778500000|  0%| F|  |TAMS 0x0000000778400000, 0x0000000778400000| Untracked 
| 901|0x0000000778500000, 0x0000000778500000, 0x0000000778600000|  0%| F|  |TAMS 0x0000000778500000, 0x0000000778500000| Untracked 
| 902|0x0000000778600000, 0x0000000778600000, 0x0000000778700000|  0%| F|  |TAMS 0x0000000778600000, 0x0000000778600000| Untracked 
| 903|0x0000000778700000, 0x0000000778700000, 0x0000000778800000|  0%| F|  |TAMS 0x0000000778700000, 0x0000000778700000| Untracked 
| 904|0x0000000778800000, 0x0000000778800000, 0x0000000778900000|  0%| F|  |TAMS 0x0000000778800000, 0x0000000778800000| Untracked 
| 905|0x0000000778900000, 0x0000000778900000, 0x0000000778a00000|  0%| F|  |TAMS 0x0000000778900000, 0x0000000778900000| Untracked 
| 906|0x0000000778a00000, 0x0000000778a00000, 0x0000000778b00000|  0%| F|  |TAMS 0x0000000778a00000, 0x0000000778a00000| Untracked 
| 907|0x0000000778b00000, 0x0000000778b00000, 0x0000000778c00000|  0%| F|  |TAMS 0x0000000778b00000, 0x0000000778b00000| Untracked 
| 908|0x0000000778c00000, 0x0000000778c00000, 0x0000000778d00000|  0%| F|  |TAMS 0x0000000778c00000, 0x0000000778c00000| Untracked 
| 909|0x0000000778d00000, 0x0000000778d00000, 0x0000000778e00000|  0%| F|  |TAMS 0x0000000778d00000, 0x0000000778d00000| Untracked 
| 910|0x0000000778e00000, 0x0000000778e00000, 0x0000000778f00000|  0%| F|  |TAMS 0x0000000778e00000, 0x0000000778e00000| Untracked 
| 911|0x0000000778f00000, 0x0000000778f00000, 0x0000000779000000|  0%| F|  |TAMS 0x0000000778f00000, 0x0000000778f00000| Untracked 
| 912|0x0000000779000000, 0x0000000779000000, 0x0000000779100000|  0%| F|  |TAMS 0x0000000779000000, 0x0000000779000000| Untracked 
| 913|0x0000000779100000, 0x0000000779100000, 0x0000000779200000|  0%| F|  |TAMS 0x0000000779100000, 0x0000000779100000| Untracked 
| 914|0x0000000779200000, 0x0000000779200000, 0x0000000779300000|  0%| F|  |TAMS 0x0000000779200000, 0x0000000779200000| Untracked 
| 915|0x0000000779300000, 0x0000000779300000, 0x0000000779400000|  0%| F|  |TAMS 0x0000000779300000, 0x0000000779300000| Untracked 
| 916|0x0000000779400000, 0x0000000779400000, 0x0000000779500000|  0%| F|  |TAMS 0x0000000779400000, 0x0000000779400000| Untracked 
| 917|0x0000000779500000, 0x0000000779500000, 0x0000000779600000|  0%| F|  |TAMS 0x0000000779500000, 0x0000000779500000| Untracked 
| 918|0x0000000779600000, 0x0000000779600000, 0x0000000779700000|  0%| F|  |TAMS 0x0000000779600000, 0x0000000779600000| Untracked 
| 919|0x0000000779700000, 0x0000000779700000, 0x0000000779800000|  0%| F|  |TAMS 0x0000000779700000, 0x0000000779700000| Untracked 
| 920|0x0000000779800000, 0x0000000779800000, 0x0000000779900000|  0%| F|  |TAMS 0x0000000779800000, 0x0000000779800000| Untracked 
| 921|0x0000000779900000, 0x0000000779900000, 0x0000000779a00000|  0%| F|  |TAMS 0x0000000779900000, 0x0000000779900000| Untracked 
| 922|0x0000000779a00000, 0x0000000779a00000, 0x0000000779b00000|  0%| F|  |TAMS 0x0000000779a00000, 0x0000000779a00000| Untracked 
| 923|0x0000000779b00000, 0x0000000779b00000, 0x0000000779c00000|  0%| F|  |TAMS 0x0000000779b00000, 0x0000000779b00000| Untracked 
| 924|0x0000000779c00000, 0x0000000779c00000, 0x0000000779d00000|  0%| F|  |TAMS 0x0000000779c00000, 0x0000000779c00000| Untracked 
| 925|0x0000000779d00000, 0x0000000779d00000, 0x0000000779e00000|  0%| F|  |TAMS 0x0000000779d00000, 0x0000000779d00000| Untracked 
| 926|0x0000000779e00000, 0x0000000779e00000, 0x0000000779f00000|  0%| F|  |TAMS 0x0000000779e00000, 0x0000000779e00000| Untracked 
| 927|0x0000000779f00000, 0x0000000779f00000, 0x000000077a000000|  0%| F|  |TAMS 0x0000000779f00000, 0x0000000779f00000| Untracked 
| 928|0x000000077a000000, 0x000000077a000000, 0x000000077a100000|  0%| F|  |TAMS 0x000000077a000000, 0x000000077a000000| Untracked 
| 929|0x000000077a100000, 0x000000077a100000, 0x000000077a200000|  0%| F|  |TAMS 0x000000077a100000, 0x000000077a100000| Untracked 
| 930|0x000000077a200000, 0x000000077a200000, 0x000000077a300000|  0%| F|  |TAMS 0x000000077a200000, 0x000000077a200000| Untracked 
| 931|0x000000077a300000, 0x000000077a300000, 0x000000077a400000|  0%| F|  |TAMS 0x000000077a300000, 0x000000077a300000| Untracked 
| 932|0x000000077a400000, 0x000000077a400000, 0x000000077a500000|  0%| F|  |TAMS 0x000000077a400000, 0x000000077a400000| Untracked 
| 933|0x000000077a500000, 0x000000077a500000, 0x000000077a600000|  0%| F|  |TAMS 0x000000077a500000, 0x000000077a500000| Untracked 
| 934|0x000000077a600000, 0x000000077a600000, 0x000000077a700000|  0%| F|  |TAMS 0x000000077a600000, 0x000000077a600000| Untracked 
| 935|0x000000077a700000, 0x000000077a700000, 0x000000077a800000|  0%| F|  |TAMS 0x000000077a700000, 0x000000077a700000| Untracked 
| 936|0x000000077a800000, 0x000000077a800000, 0x000000077a900000|  0%| F|  |TAMS 0x000000077a800000, 0x000000077a800000| Untracked 
| 937|0x000000077a900000, 0x000000077a900000, 0x000000077aa00000|  0%| F|  |TAMS 0x000000077a900000, 0x000000077a900000| Untracked 
| 938|0x000000077aa00000, 0x000000077aa00000, 0x000000077ab00000|  0%| F|  |TAMS 0x000000077aa00000, 0x000000077aa00000| Untracked 
| 939|0x000000077ab00000, 0x000000077ab00000, 0x000000077ac00000|  0%| F|  |TAMS 0x000000077ab00000, 0x000000077ab00000| Untracked 
| 940|0x000000077ac00000, 0x000000077ac00000, 0x000000077ad00000|  0%| F|  |TAMS 0x000000077ac00000, 0x000000077ac00000| Untracked 
| 941|0x000000077ad00000, 0x000000077ad00000, 0x000000077ae00000|  0%| F|  |TAMS 0x000000077ad00000, 0x000000077ad00000| Untracked 
| 942|0x000000077ae00000, 0x000000077ae00000, 0x000000077af00000|  0%| F|  |TAMS 0x000000077ae00000, 0x000000077ae00000| Untracked 
| 943|0x000000077af00000, 0x000000077af00000, 0x000000077b000000|  0%| F|  |TAMS 0x000000077af00000, 0x000000077af00000| Untracked 
| 944|0x000000077b000000, 0x000000077b000000, 0x000000077b100000|  0%| F|  |TAMS 0x000000077b000000, 0x000000077b000000| Untracked 
| 945|0x000000077b100000, 0x000000077b100000, 0x000000077b200000|  0%| F|  |TAMS 0x000000077b100000, 0x000000077b100000| Untracked 
| 946|0x000000077b200000, 0x000000077b200000, 0x000000077b300000|  0%| F|  |TAMS 0x000000077b200000, 0x000000077b200000| Untracked 
| 947|0x000000077b300000, 0x000000077b300000, 0x000000077b400000|  0%| F|  |TAMS 0x000000077b300000, 0x000000077b300000| Untracked 
| 948|0x000000077b400000, 0x000000077b400000, 0x000000077b500000|  0%| F|  |TAMS 0x000000077b400000, 0x000000077b400000| Untracked 
| 949|0x000000077b500000, 0x000000077b500000, 0x000000077b600000|  0%| F|  |TAMS 0x000000077b500000, 0x000000077b500000| Untracked 
| 950|0x000000077b600000, 0x000000077b600000, 0x000000077b700000|  0%| F|  |TAMS 0x000000077b600000, 0x000000077b600000| Untracked 
| 951|0x000000077b700000, 0x000000077b700000, 0x000000077b800000|  0%| F|  |TAMS 0x000000077b700000, 0x000000077b700000| Untracked 
| 952|0x000000077b800000, 0x000000077b800000, 0x000000077b900000|  0%| F|  |TAMS 0x000000077b800000, 0x000000077b800000| Untracked 
| 953|0x000000077b900000, 0x000000077b900000, 0x000000077ba00000|  0%| F|  |TAMS 0x000000077b900000, 0x000000077b900000| Untracked 
| 954|0x000000077ba00000, 0x000000077ba00000, 0x000000077bb00000|  0%| F|  |TAMS 0x000000077ba00000, 0x000000077ba00000| Untracked 
| 955|0x000000077bb00000, 0x000000077bb00000, 0x000000077bc00000|  0%| F|  |TAMS 0x000000077bb00000, 0x000000077bb00000| Untracked 
| 956|0x000000077bc00000, 0x000000077bc00000, 0x000000077bd00000|  0%| F|  |TAMS 0x000000077bc00000, 0x000000077bc00000| Untracked 
| 957|0x000000077bd00000, 0x000000077bd00000, 0x000000077be00000|  0%| F|  |TAMS 0x000000077bd00000, 0x000000077bd00000| Untracked 
| 958|0x000000077be00000, 0x000000077be00000, 0x000000077bf00000|  0%| F|  |TAMS 0x000000077be00000, 0x000000077be00000| Untracked 
| 959|0x000000077bf00000, 0x000000077bf00000, 0x000000077c000000|  0%| F|  |TAMS 0x000000077bf00000, 0x000000077bf00000| Untracked 
| 960|0x000000077c000000, 0x000000077c000000, 0x000000077c100000|  0%| F|  |TAMS 0x000000077c000000, 0x000000077c000000| Untracked 
| 961|0x000000077c100000, 0x000000077c100000, 0x000000077c200000|  0%| F|  |TAMS 0x000000077c100000, 0x000000077c100000| Untracked 
| 962|0x000000077c200000, 0x000000077c200000, 0x000000077c300000|  0%| F|  |TAMS 0x000000077c200000, 0x000000077c200000| Untracked 
| 963|0x000000077c300000, 0x000000077c300000, 0x000000077c400000|  0%| F|  |TAMS 0x000000077c300000, 0x000000077c300000| Untracked 
| 964|0x000000077c400000, 0x000000077c400000, 0x000000077c500000|  0%| F|  |TAMS 0x000000077c400000, 0x000000077c400000| Untracked 
| 965|0x000000077c500000, 0x000000077c500000, 0x000000077c600000|  0%| F|  |TAMS 0x000000077c500000, 0x000000077c500000| Untracked 
| 966|0x000000077c600000, 0x000000077c600000, 0x000000077c700000|  0%| F|  |TAMS 0x000000077c600000, 0x000000077c600000| Untracked 
| 967|0x000000077c700000, 0x000000077c700000, 0x000000077c800000|  0%| F|  |TAMS 0x000000077c700000, 0x000000077c700000| Untracked 
| 968|0x000000077c800000, 0x000000077c800000, 0x000000077c900000|  0%| F|  |TAMS 0x000000077c800000, 0x000000077c800000| Untracked 
| 969|0x000000077c900000, 0x000000077c900000, 0x000000077ca00000|  0%| F|  |TAMS 0x000000077c900000, 0x000000077c900000| Untracked 
| 970|0x000000077ca00000, 0x000000077ca00000, 0x000000077cb00000|  0%| F|  |TAMS 0x000000077ca00000, 0x000000077ca00000| Untracked 
| 971|0x000000077cb00000, 0x000000077cb00000, 0x000000077cc00000|  0%| F|  |TAMS 0x000000077cb00000, 0x000000077cb00000| Untracked 
| 972|0x000000077cc00000, 0x000000077cc00000, 0x000000077cd00000|  0%| F|  |TAMS 0x000000077cc00000, 0x000000077cc00000| Untracked 
| 973|0x000000077cd00000, 0x000000077cd00000, 0x000000077ce00000|  0%| F|  |TAMS 0x000000077cd00000, 0x000000077cd00000| Untracked 
| 974|0x000000077ce00000, 0x000000077ce00000, 0x000000077cf00000|  0%| F|  |TAMS 0x000000077ce00000, 0x000000077ce00000| Untracked 
| 975|0x000000077cf00000, 0x000000077cf00000, 0x000000077d000000|  0%| F|  |TAMS 0x000000077cf00000, 0x000000077cf00000| Untracked 
| 976|0x000000077d000000, 0x000000077d000000, 0x000000077d100000|  0%| F|  |TAMS 0x000000077d000000, 0x000000077d000000| Untracked 
| 977|0x000000077d100000, 0x000000077d100000, 0x000000077d200000|  0%| F|  |TAMS 0x000000077d100000, 0x000000077d100000| Untracked 
| 978|0x000000077d200000, 0x000000077d200000, 0x000000077d300000|  0%| F|  |TAMS 0x000000077d200000, 0x000000077d200000| Untracked 
| 979|0x000000077d300000, 0x000000077d300000, 0x000000077d400000|  0%| F|  |TAMS 0x000000077d300000, 0x000000077d300000| Untracked 
| 980|0x000000077d400000, 0x000000077d400000, 0x000000077d500000|  0%| F|  |TAMS 0x000000077d400000, 0x000000077d400000| Untracked 
| 981|0x000000077d500000, 0x000000077d500000, 0x000000077d600000|  0%| F|  |TAMS 0x000000077d500000, 0x000000077d500000| Untracked 
| 982|0x000000077d600000, 0x000000077d600000, 0x000000077d700000|  0%| F|  |TAMS 0x000000077d600000, 0x000000077d600000| Untracked 
| 983|0x000000077d700000, 0x000000077d700000, 0x000000077d800000|  0%| F|  |TAMS 0x000000077d700000, 0x000000077d700000| Untracked 
| 984|0x000000077d800000, 0x000000077d800000, 0x000000077d900000|  0%| F|  |TAMS 0x000000077d800000, 0x000000077d800000| Untracked 
| 985|0x000000077d900000, 0x000000077d900000, 0x000000077da00000|  0%| F|  |TAMS 0x000000077d900000, 0x000000077d900000| Untracked 
| 986|0x000000077da00000, 0x000000077da00000, 0x000000077db00000|  0%| F|  |TAMS 0x000000077da00000, 0x000000077da00000| Untracked 
| 987|0x000000077db00000, 0x000000077db00000, 0x000000077dc00000|  0%| F|  |TAMS 0x000000077db00000, 0x000000077db00000| Untracked 
| 988|0x000000077dc00000, 0x000000077dc00000, 0x000000077dd00000|  0%| F|  |TAMS 0x000000077dc00000, 0x000000077dc00000| Untracked 
| 989|0x000000077dd00000, 0x000000077dd00000, 0x000000077de00000|  0%| F|  |TAMS 0x000000077dd00000, 0x000000077dd00000| Untracked 
| 990|0x000000077de00000, 0x000000077de00000, 0x000000077df00000|  0%| F|  |TAMS 0x000000077de00000, 0x000000077de00000| Untracked 
| 991|0x000000077df00000, 0x000000077df00000, 0x000000077e000000|  0%| F|  |TAMS 0x000000077df00000, 0x000000077df00000| Untracked 
| 992|0x000000077e000000, 0x000000077e000000, 0x000000077e100000|  0%| F|  |TAMS 0x000000077e000000, 0x000000077e000000| Untracked 
| 993|0x000000077e100000, 0x000000077e100000, 0x000000077e200000|  0%| F|  |TAMS 0x000000077e100000, 0x000000077e100000| Untracked 
| 994|0x000000077e200000, 0x000000077e200000, 0x000000077e300000|  0%| F|  |TAMS 0x000000077e200000, 0x000000077e200000| Untracked 
| 995|0x000000077e300000, 0x000000077e300000, 0x000000077e400000|  0%| F|  |TAMS 0x000000077e300000, 0x000000077e300000| Untracked 
| 996|0x000000077e400000, 0x000000077e400000, 0x000000077e500000|  0%| F|  |TAMS 0x000000077e400000, 0x000000077e400000| Untracked 
| 997|0x000000077e500000, 0x000000077e500000, 0x000000077e600000|  0%| F|  |TAMS 0x000000077e500000, 0x000000077e500000| Untracked 
| 998|0x000000077e600000, 0x000000077e600000, 0x000000077e700000|  0%| F|  |TAMS 0x000000077e600000, 0x000000077e600000| Untracked 
| 999|0x000000077e700000, 0x000000077e700000, 0x000000077e800000|  0%| F|  |TAMS 0x000000077e700000, 0x000000077e700000| Untracked 
|1000|0x000000077e800000, 0x000000077e800000, 0x000000077e900000|  0%| F|  |TAMS 0x000000077e800000, 0x000000077e800000| Untracked 
|1001|0x000000077e900000, 0x000000077e900000, 0x000000077ea00000|  0%| F|  |TAMS 0x000000077e900000, 0x000000077e900000| Untracked 
|1002|0x000000077ea00000, 0x000000077ea00000, 0x000000077eb00000|  0%| F|  |TAMS 0x000000077ea00000, 0x000000077ea00000| Untracked 
|1003|0x000000077eb00000, 0x000000077eb00000, 0x000000077ec00000|  0%| F|  |TAMS 0x000000077eb00000, 0x000000077eb00000| Untracked 
|1004|0x000000077ec00000, 0x000000077ec00000, 0x000000077ed00000|  0%| F|  |TAMS 0x000000077ec00000, 0x000000077ec00000| Untracked 
|1005|0x000000077ed00000, 0x000000077ed00000, 0x000000077ee00000|  0%| F|  |TAMS 0x000000077ed00000, 0x000000077ed00000| Untracked 
|1006|0x000000077ee00000, 0x000000077ee00000, 0x000000077ef00000|  0%| F|  |TAMS 0x000000077ee00000, 0x000000077ee00000| Untracked 
|1007|0x000000077ef00000, 0x000000077ef00000, 0x000000077f000000|  0%| F|  |TAMS 0x000000077ef00000, 0x000000077ef00000| Untracked 
|1008|0x000000077f000000, 0x000000077f000000, 0x000000077f100000|  0%| F|  |TAMS 0x000000077f000000, 0x000000077f000000| Untracked 
|1009|0x000000077f100000, 0x000000077f100000, 0x000000077f200000|  0%| F|  |TAMS 0x000000077f100000, 0x000000077f100000| Untracked 
|1010|0x000000077f200000, 0x000000077f200000, 0x000000077f300000|  0%| F|  |TAMS 0x000000077f200000, 0x000000077f200000| Untracked 
|1011|0x000000077f300000, 0x000000077f300000, 0x000000077f400000|  0%| F|  |TAMS 0x000000077f300000, 0x000000077f300000| Untracked 
|1012|0x000000077f400000, 0x000000077f400000, 0x000000077f500000|  0%| F|  |TAMS 0x000000077f400000, 0x000000077f400000| Untracked 
|1013|0x000000077f500000, 0x000000077f500000, 0x000000077f600000|  0%| F|  |TAMS 0x000000077f500000, 0x000000077f500000| Untracked 
|1014|0x000000077f600000, 0x000000077f600000, 0x000000077f700000|  0%| F|  |TAMS 0x000000077f600000, 0x000000077f600000| Untracked 
|1015|0x000000077f700000, 0x000000077f700000, 0x000000077f800000|  0%| F|  |TAMS 0x000000077f700000, 0x000000077f700000| Untracked 
|1016|0x000000077f800000, 0x000000077f800000, 0x000000077f900000|  0%| F|  |TAMS 0x000000077f800000, 0x000000077f800000| Untracked 
|1017|0x000000077f900000, 0x000000077f900000, 0x000000077fa00000|  0%| F|  |TAMS 0x000000077f900000, 0x000000077f900000| Untracked 
|1018|0x000000077fa00000, 0x000000077fa00000, 0x000000077fb00000|  0%| F|  |TAMS 0x000000077fa00000, 0x000000077fa00000| Untracked 
|1019|0x000000077fb00000, 0x000000077fb00000, 0x000000077fc00000|  0%| F|  |TAMS 0x000000077fb00000, 0x000000077fb00000| Untracked 
|1020|0x000000077fc00000, 0x000000077fc00000, 0x000000077fd00000|  0%| F|  |TAMS 0x000000077fc00000, 0x000000077fc00000| Untracked 
|1021|0x000000077fd00000, 0x000000077fd00000, 0x000000077fe00000|  0%| F|  |TAMS 0x000000077fd00000, 0x000000077fd00000| Untracked 
|1022|0x000000077fe00000, 0x000000077fe00000, 0x000000077ff00000|  0%| F|  |TAMS 0x000000077fe00000, 0x000000077fe00000| Untracked 
|1023|0x000000077ff00000, 0x000000077ff00000, 0x0000000780000000|  0%| F|  |TAMS 0x000000077ff00000, 0x000000077ff00000| Untracked 
|1024|0x0000000780000000, 0x0000000780000000, 0x0000000780100000|  0%| F|  |TAMS 0x0000000780000000, 0x0000000780000000| Untracked 
|1025|0x0000000780100000, 0x0000000780100000, 0x0000000780200000|  0%| F|  |TAMS 0x0000000780100000, 0x0000000780100000| Untracked 
|1026|0x0000000780200000, 0x0000000780200000, 0x0000000780300000|  0%| F|  |TAMS 0x0000000780200000, 0x0000000780200000| Untracked 
|1027|0x0000000780300000, 0x0000000780300000, 0x0000000780400000|  0%| F|  |TAMS 0x0000000780300000, 0x0000000780300000| Untracked 
|1028|0x0000000780400000, 0x0000000780400000, 0x0000000780500000|  0%| F|  |TAMS 0x0000000780400000, 0x0000000780400000| Untracked 
|1029|0x0000000780500000, 0x0000000780500000, 0x0000000780600000|  0%| F|  |TAMS 0x0000000780500000, 0x0000000780500000| Untracked 
|1030|0x0000000780600000, 0x0000000780600000, 0x0000000780700000|  0%| F|  |TAMS 0x0000000780600000, 0x0000000780600000| Untracked 
|1031|0x0000000780700000, 0x0000000780700000, 0x0000000780800000|  0%| F|  |TAMS 0x0000000780700000, 0x0000000780700000| Untracked 
|1032|0x0000000780800000, 0x0000000780800000, 0x0000000780900000|  0%| F|  |TAMS 0x0000000780800000, 0x0000000780800000| Untracked 
|1033|0x0000000780900000, 0x0000000780900000, 0x0000000780a00000|  0%| F|  |TAMS 0x0000000780900000, 0x0000000780900000| Untracked 
|1034|0x0000000780a00000, 0x0000000780a00000, 0x0000000780b00000|  0%| F|  |TAMS 0x0000000780a00000, 0x0000000780a00000| Untracked 
|1035|0x0000000780b00000, 0x0000000780b00000, 0x0000000780c00000|  0%| F|  |TAMS 0x0000000780b00000, 0x0000000780b00000| Untracked 
|1036|0x0000000780c00000, 0x0000000780c00000, 0x0000000780d00000|  0%| F|  |TAMS 0x0000000780c00000, 0x0000000780c00000| Untracked 
|1037|0x0000000780d00000, 0x0000000780d00000, 0x0000000780e00000|  0%| F|  |TAMS 0x0000000780d00000, 0x0000000780d00000| Untracked 
|1038|0x0000000780e00000, 0x0000000780e00000, 0x0000000780f00000|  0%| F|  |TAMS 0x0000000780e00000, 0x0000000780e00000| Untracked 
|1039|0x0000000780f00000, 0x0000000780f00000, 0x0000000781000000|  0%| F|  |TAMS 0x0000000780f00000, 0x0000000780f00000| Untracked 
|1040|0x0000000781000000, 0x0000000781000000, 0x0000000781100000|  0%| F|  |TAMS 0x0000000781000000, 0x0000000781000000| Untracked 
|1041|0x0000000781100000, 0x0000000781100000, 0x0000000781200000|  0%| F|  |TAMS 0x0000000781100000, 0x0000000781100000| Untracked 
|1042|0x0000000781200000, 0x0000000781200000, 0x0000000781300000|  0%| F|  |TAMS 0x0000000781200000, 0x0000000781200000| Untracked 
|1043|0x0000000781300000, 0x0000000781300000, 0x0000000781400000|  0%| F|  |TAMS 0x0000000781300000, 0x0000000781300000| Untracked 
|1044|0x0000000781400000, 0x0000000781400000, 0x0000000781500000|  0%| F|  |TAMS 0x0000000781400000, 0x0000000781400000| Untracked 
|1045|0x0000000781500000, 0x0000000781500000, 0x0000000781600000|  0%| F|  |TAMS 0x0000000781500000, 0x0000000781500000| Untracked 
|1046|0x0000000781600000, 0x0000000781600000, 0x0000000781700000|  0%| F|  |TAMS 0x0000000781600000, 0x0000000781600000| Untracked 
|1047|0x0000000781700000, 0x0000000781700000, 0x0000000781800000|  0%| F|  |TAMS 0x0000000781700000, 0x0000000781700000| Untracked 
|1048|0x0000000781800000, 0x0000000781800000, 0x0000000781900000|  0%| F|  |TAMS 0x0000000781800000, 0x0000000781800000| Untracked 
|1049|0x0000000781900000, 0x0000000781900000, 0x0000000781a00000|  0%| F|  |TAMS 0x0000000781900000, 0x0000000781900000| Untracked 
|1050|0x0000000781a00000, 0x0000000781a00000, 0x0000000781b00000|  0%| F|  |TAMS 0x0000000781a00000, 0x0000000781a00000| Untracked 
|1051|0x0000000781b00000, 0x0000000781b00000, 0x0000000781c00000|  0%| F|  |TAMS 0x0000000781b00000, 0x0000000781b00000| Untracked 
|1052|0x0000000781c00000, 0x0000000781c00000, 0x0000000781d00000|  0%| F|  |TAMS 0x0000000781c00000, 0x0000000781c00000| Untracked 
|1053|0x0000000781d00000, 0x0000000781d00000, 0x0000000781e00000|  0%| F|  |TAMS 0x0000000781d00000, 0x0000000781d00000| Untracked 
|1054|0x0000000781e00000, 0x0000000781e00000, 0x0000000781f00000|  0%| F|  |TAMS 0x0000000781e00000, 0x0000000781e00000| Untracked 
|1055|0x0000000781f00000, 0x0000000781f00000, 0x0000000782000000|  0%| F|  |TAMS 0x0000000781f00000, 0x0000000781f00000| Untracked 
|1056|0x0000000782000000, 0x0000000782000000, 0x0000000782100000|  0%| F|  |TAMS 0x0000000782000000, 0x0000000782000000| Untracked 
|1057|0x0000000782100000, 0x0000000782100000, 0x0000000782200000|  0%| F|  |TAMS 0x0000000782100000, 0x0000000782100000| Untracked 
|1058|0x0000000782200000, 0x0000000782200000, 0x0000000782300000|  0%| F|  |TAMS 0x0000000782200000, 0x0000000782200000| Untracked 
|1059|0x0000000782300000, 0x0000000782300000, 0x0000000782400000|  0%| F|  |TAMS 0x0000000782300000, 0x0000000782300000| Untracked 
|1060|0x0000000782400000, 0x0000000782400000, 0x0000000782500000|  0%| F|  |TAMS 0x0000000782400000, 0x0000000782400000| Untracked 
|1061|0x0000000782500000, 0x0000000782500000, 0x0000000782600000|  0%| F|  |TAMS 0x0000000782500000, 0x0000000782500000| Untracked 
|1062|0x0000000782600000, 0x0000000782600000, 0x0000000782700000|  0%| F|  |TAMS 0x0000000782600000, 0x0000000782600000| Untracked 
|1063|0x0000000782700000, 0x0000000782700000, 0x0000000782800000|  0%| F|  |TAMS 0x0000000782700000, 0x0000000782700000| Untracked 
|1064|0x0000000782800000, 0x0000000782800000, 0x0000000782900000|  0%| F|  |TAMS 0x0000000782800000, 0x0000000782800000| Untracked 
|1065|0x0000000782900000, 0x0000000782900000, 0x0000000782a00000|  0%| F|  |TAMS 0x0000000782900000, 0x0000000782900000| Untracked 
|1066|0x0000000782a00000, 0x0000000782a00000, 0x0000000782b00000|  0%| F|  |TAMS 0x0000000782a00000, 0x0000000782a00000| Untracked 
|1067|0x0000000782b00000, 0x0000000782b00000, 0x0000000782c00000|  0%| F|  |TAMS 0x0000000782b00000, 0x0000000782b00000| Untracked 
|1068|0x0000000782c00000, 0x0000000782c00000, 0x0000000782d00000|  0%| F|  |TAMS 0x0000000782c00000, 0x0000000782c00000| Untracked 
|1069|0x0000000782d00000, 0x0000000782d00000, 0x0000000782e00000|  0%| F|  |TAMS 0x0000000782d00000, 0x0000000782d00000| Untracked 
|1070|0x0000000782e00000, 0x0000000782e00000, 0x0000000782f00000|  0%| F|  |TAMS 0x0000000782e00000, 0x0000000782e00000| Untracked 
|1071|0x0000000782f00000, 0x0000000782f00000, 0x0000000783000000|  0%| F|  |TAMS 0x0000000782f00000, 0x0000000782f00000| Untracked 
|1072|0x0000000783000000, 0x0000000783000000, 0x0000000783100000|  0%| F|  |TAMS 0x0000000783000000, 0x0000000783000000| Untracked 
|1073|0x0000000783100000, 0x0000000783100000, 0x0000000783200000|  0%| F|  |TAMS 0x0000000783100000, 0x0000000783100000| Untracked 
|1074|0x0000000783200000, 0x0000000783200000, 0x0000000783300000|  0%| F|  |TAMS 0x0000000783200000, 0x0000000783200000| Untracked 
|1075|0x0000000783300000, 0x0000000783300000, 0x0000000783400000|  0%| F|  |TAMS 0x0000000783300000, 0x0000000783300000| Untracked 
|1076|0x0000000783400000, 0x0000000783400000, 0x0000000783500000|  0%| F|  |TAMS 0x0000000783400000, 0x0000000783400000| Untracked 
|1077|0x0000000783500000, 0x0000000783500000, 0x0000000783600000|  0%| F|  |TAMS 0x0000000783500000, 0x0000000783500000| Untracked 
|1078|0x0000000783600000, 0x0000000783600000, 0x0000000783700000|  0%| F|  |TAMS 0x0000000783600000, 0x0000000783600000| Untracked 
|1079|0x0000000783700000, 0x0000000783700000, 0x0000000783800000|  0%| F|  |TAMS 0x0000000783700000, 0x0000000783700000| Untracked 
|1080|0x0000000783800000, 0x0000000783800000, 0x0000000783900000|  0%| F|  |TAMS 0x0000000783800000, 0x0000000783800000| Untracked 
|1081|0x0000000783900000, 0x0000000783900000, 0x0000000783a00000|  0%| F|  |TAMS 0x0000000783900000, 0x0000000783900000| Untracked 
|1082|0x0000000783a00000, 0x0000000783a00000, 0x0000000783b00000|  0%| F|  |TAMS 0x0000000783a00000, 0x0000000783a00000| Untracked 
|1083|0x0000000783b00000, 0x0000000783b00000, 0x0000000783c00000|  0%| F|  |TAMS 0x0000000783b00000, 0x0000000783b00000| Untracked 
|1084|0x0000000783c00000, 0x0000000783c00000, 0x0000000783d00000|  0%| F|  |TAMS 0x0000000783c00000, 0x0000000783c00000| Untracked 
|1085|0x0000000783d00000, 0x0000000783d00000, 0x0000000783e00000|  0%| F|  |TAMS 0x0000000783d00000, 0x0000000783d00000| Untracked 
|1086|0x0000000783e00000, 0x0000000783e00000, 0x0000000783f00000|  0%| F|  |TAMS 0x0000000783e00000, 0x0000000783e00000| Untracked 
|1087|0x0000000783f00000, 0x0000000783f00000, 0x0000000784000000|  0%| F|  |TAMS 0x0000000783f00000, 0x0000000783f00000| Untracked 
|1088|0x0000000784000000, 0x0000000784000000, 0x0000000784100000|  0%| F|  |TAMS 0x0000000784000000, 0x0000000784000000| Untracked 
|1089|0x0000000784100000, 0x0000000784100000, 0x0000000784200000|  0%| F|  |TAMS 0x0000000784100000, 0x0000000784100000| Untracked 
|1090|0x0000000784200000, 0x0000000784200000, 0x0000000784300000|  0%| F|  |TAMS 0x0000000784200000, 0x0000000784200000| Untracked 
|1091|0x0000000784300000, 0x0000000784300000, 0x0000000784400000|  0%| F|  |TAMS 0x0000000784300000, 0x0000000784300000| Untracked 
|1092|0x0000000784400000, 0x0000000784400000, 0x0000000784500000|  0%| F|  |TAMS 0x0000000784400000, 0x0000000784400000| Untracked 
|1093|0x0000000784500000, 0x0000000784500000, 0x0000000784600000|  0%| F|  |TAMS 0x0000000784500000, 0x0000000784500000| Untracked 
|1094|0x0000000784600000, 0x0000000784600000, 0x0000000784700000|  0%| F|  |TAMS 0x0000000784600000, 0x0000000784600000| Untracked 
|1095|0x0000000784700000, 0x0000000784700000, 0x0000000784800000|  0%| F|  |TAMS 0x0000000784700000, 0x0000000784700000| Untracked 
|1096|0x0000000784800000, 0x0000000784800000, 0x0000000784900000|  0%| F|  |TAMS 0x0000000784800000, 0x0000000784800000| Untracked 
|1097|0x0000000784900000, 0x0000000784900000, 0x0000000784a00000|  0%| F|  |TAMS 0x0000000784900000, 0x0000000784900000| Untracked 
|1098|0x0000000784a00000, 0x0000000784a00000, 0x0000000784b00000|  0%| F|  |TAMS 0x0000000784a00000, 0x0000000784a00000| Untracked 
|1099|0x0000000784b00000, 0x0000000784b00000, 0x0000000784c00000|  0%| F|  |TAMS 0x0000000784b00000, 0x0000000784b00000| Untracked 
|1100|0x0000000784c00000, 0x0000000784c00000, 0x0000000784d00000|  0%| F|  |TAMS 0x0000000784c00000, 0x0000000784c00000| Untracked 
|1101|0x0000000784d00000, 0x0000000784d00000, 0x0000000784e00000|  0%| F|  |TAMS 0x0000000784d00000, 0x0000000784d00000| Untracked 
|1102|0x0000000784e00000, 0x0000000784e00000, 0x0000000784f00000|  0%| F|  |TAMS 0x0000000784e00000, 0x0000000784e00000| Untracked 
|1103|0x0000000784f00000, 0x0000000784f00000, 0x0000000785000000|  0%| F|  |TAMS 0x0000000784f00000, 0x0000000784f00000| Untracked 
|1104|0x0000000785000000, 0x0000000785000000, 0x0000000785100000|  0%| F|  |TAMS 0x0000000785000000, 0x0000000785000000| Untracked 
|1105|0x0000000785100000, 0x0000000785100000, 0x0000000785200000|  0%| F|  |TAMS 0x0000000785100000, 0x0000000785100000| Untracked 
|1106|0x0000000785200000, 0x0000000785200000, 0x0000000785300000|  0%| F|  |TAMS 0x0000000785200000, 0x0000000785200000| Untracked 
|1107|0x0000000785300000, 0x0000000785300000, 0x0000000785400000|  0%| F|  |TAMS 0x0000000785300000, 0x0000000785300000| Untracked 
|1108|0x0000000785400000, 0x0000000785400000, 0x0000000785500000|  0%| F|  |TAMS 0x0000000785400000, 0x0000000785400000| Untracked 
|1109|0x0000000785500000, 0x0000000785500000, 0x0000000785600000|  0%| F|  |TAMS 0x0000000785500000, 0x0000000785500000| Untracked 
|1110|0x0000000785600000, 0x0000000785600000, 0x0000000785700000|  0%| F|  |TAMS 0x0000000785600000, 0x0000000785600000| Untracked 
|1111|0x0000000785700000, 0x0000000785700000, 0x0000000785800000|  0%| F|  |TAMS 0x0000000785700000, 0x0000000785700000| Untracked 
|1112|0x0000000785800000, 0x0000000785800000, 0x0000000785900000|  0%| F|  |TAMS 0x0000000785800000, 0x0000000785800000| Untracked 
|1113|0x0000000785900000, 0x0000000785900000, 0x0000000785a00000|  0%| F|  |TAMS 0x0000000785900000, 0x0000000785900000| Untracked 
|1114|0x0000000785a00000, 0x0000000785a00000, 0x0000000785b00000|  0%| F|  |TAMS 0x0000000785a00000, 0x0000000785a00000| Untracked 
|1115|0x0000000785b00000, 0x0000000785b00000, 0x0000000785c00000|  0%| F|  |TAMS 0x0000000785b00000, 0x0000000785b00000| Untracked 
|1116|0x0000000785c00000, 0x0000000785c00000, 0x0000000785d00000|  0%| F|  |TAMS 0x0000000785c00000, 0x0000000785c00000| Untracked 
|1117|0x0000000785d00000, 0x0000000785d00000, 0x0000000785e00000|  0%| F|  |TAMS 0x0000000785d00000, 0x0000000785d00000| Untracked 
|1118|0x0000000785e00000, 0x0000000785e00000, 0x0000000785f00000|  0%| F|  |TAMS 0x0000000785e00000, 0x0000000785e00000| Untracked 
|1119|0x0000000785f00000, 0x0000000785f00000, 0x0000000786000000|  0%| F|  |TAMS 0x0000000785f00000, 0x0000000785f00000| Untracked 
|1120|0x0000000786000000, 0x0000000786000000, 0x0000000786100000|  0%| F|  |TAMS 0x0000000786000000, 0x0000000786000000| Untracked 
|1121|0x0000000786100000, 0x0000000786100000, 0x0000000786200000|  0%| F|  |TAMS 0x0000000786100000, 0x0000000786100000| Untracked 
|1122|0x0000000786200000, 0x0000000786200000, 0x0000000786300000|  0%| F|  |TAMS 0x0000000786200000, 0x0000000786200000| Untracked 
|1123|0x0000000786300000, 0x0000000786300000, 0x0000000786400000|  0%| F|  |TAMS 0x0000000786300000, 0x0000000786300000| Untracked 
|1124|0x0000000786400000, 0x0000000786400000, 0x0000000786500000|  0%| F|  |TAMS 0x0000000786400000, 0x0000000786400000| Untracked 
|1125|0x0000000786500000, 0x0000000786500000, 0x0000000786600000|  0%| F|  |TAMS 0x0000000786500000, 0x0000000786500000| Untracked 
|1126|0x0000000786600000, 0x0000000786600000, 0x0000000786700000|  0%| F|  |TAMS 0x0000000786600000, 0x0000000786600000| Untracked 
|1127|0x0000000786700000, 0x0000000786700000, 0x0000000786800000|  0%| F|  |TAMS 0x0000000786700000, 0x0000000786700000| Untracked 
|1128|0x0000000786800000, 0x0000000786800000, 0x0000000786900000|  0%| F|  |TAMS 0x0000000786800000, 0x0000000786800000| Untracked 
|1129|0x0000000786900000, 0x0000000786900000, 0x0000000786a00000|  0%| F|  |TAMS 0x0000000786900000, 0x0000000786900000| Untracked 
|1130|0x0000000786a00000, 0x0000000786a00000, 0x0000000786b00000|  0%| F|  |TAMS 0x0000000786a00000, 0x0000000786a00000| Untracked 
|1131|0x0000000786b00000, 0x0000000786b00000, 0x0000000786c00000|  0%| F|  |TAMS 0x0000000786b00000, 0x0000000786b00000| Untracked 
|1132|0x0000000786c00000, 0x0000000786c00000, 0x0000000786d00000|  0%| F|  |TAMS 0x0000000786c00000, 0x0000000786c00000| Untracked 
|1133|0x0000000786d00000, 0x0000000786d00000, 0x0000000786e00000|  0%| F|  |TAMS 0x0000000786d00000, 0x0000000786d00000| Untracked 
|1134|0x0000000786e00000, 0x0000000786e00000, 0x0000000786f00000|  0%| F|  |TAMS 0x0000000786e00000, 0x0000000786e00000| Untracked 
|1135|0x0000000786f00000, 0x0000000786f00000, 0x0000000787000000|  0%| F|  |TAMS 0x0000000786f00000, 0x0000000786f00000| Untracked 
|1136|0x0000000787000000, 0x0000000787000000, 0x0000000787100000|  0%| F|  |TAMS 0x0000000787000000, 0x0000000787000000| Untracked 
|1137|0x0000000787100000, 0x0000000787100000, 0x0000000787200000|  0%| F|  |TAMS 0x0000000787100000, 0x0000000787100000| Untracked 
|1138|0x0000000787200000, 0x0000000787200000, 0x0000000787300000|  0%| F|  |TAMS 0x0000000787200000, 0x0000000787200000| Untracked 
|1139|0x0000000787300000, 0x0000000787300000, 0x0000000787400000|  0%| F|  |TAMS 0x0000000787300000, 0x0000000787300000| Untracked 
|1140|0x0000000787400000, 0x0000000787400000, 0x0000000787500000|  0%| F|  |TAMS 0x0000000787400000, 0x0000000787400000| Untracked 
|1141|0x0000000787500000, 0x0000000787500000, 0x0000000787600000|  0%| F|  |TAMS 0x0000000787500000, 0x0000000787500000| Untracked 
|1142|0x0000000787600000, 0x0000000787600000, 0x0000000787700000|  0%| F|  |TAMS 0x0000000787600000, 0x0000000787600000| Untracked 
|1143|0x0000000787700000, 0x0000000787700000, 0x0000000787800000|  0%| F|  |TAMS 0x0000000787700000, 0x0000000787700000| Untracked 
|1144|0x0000000787800000, 0x0000000787800000, 0x0000000787900000|  0%| F|  |TAMS 0x0000000787800000, 0x0000000787800000| Untracked 
|1145|0x0000000787900000, 0x0000000787900000, 0x0000000787a00000|  0%| F|  |TAMS 0x0000000787900000, 0x0000000787900000| Untracked 
|1146|0x0000000787a00000, 0x0000000787a00000, 0x0000000787b00000|  0%| F|  |TAMS 0x0000000787a00000, 0x0000000787a00000| Untracked 
|1147|0x0000000787b00000, 0x0000000787b00000, 0x0000000787c00000|  0%| F|  |TAMS 0x0000000787b00000, 0x0000000787b00000| Untracked 
|1148|0x0000000787c00000, 0x0000000787c00000, 0x0000000787d00000|  0%| F|  |TAMS 0x0000000787c00000, 0x0000000787c00000| Untracked 
|1149|0x0000000787d00000, 0x0000000787d00000, 0x0000000787e00000|  0%| F|  |TAMS 0x0000000787d00000, 0x0000000787d00000| Untracked 
|1150|0x0000000787e00000, 0x0000000787e00000, 0x0000000787f00000|  0%| F|  |TAMS 0x0000000787e00000, 0x0000000787e00000| Untracked 
|1151|0x0000000787f00000, 0x0000000787f00000, 0x0000000788000000|  0%| F|  |TAMS 0x0000000787f00000, 0x0000000787f00000| Untracked 
|1152|0x0000000788000000, 0x0000000788000000, 0x0000000788100000|  0%| F|  |TAMS 0x0000000788000000, 0x0000000788000000| Untracked 
|1153|0x0000000788100000, 0x0000000788100000, 0x0000000788200000|  0%| F|  |TAMS 0x0000000788100000, 0x0000000788100000| Untracked 
|1154|0x0000000788200000, 0x0000000788200000, 0x0000000788300000|  0%| F|  |TAMS 0x0000000788200000, 0x0000000788200000| Untracked 
|1155|0x0000000788300000, 0x0000000788300000, 0x0000000788400000|  0%| F|  |TAMS 0x0000000788300000, 0x0000000788300000| Untracked 
|1156|0x0000000788400000, 0x0000000788400000, 0x0000000788500000|  0%| F|  |TAMS 0x0000000788400000, 0x0000000788400000| Untracked 
|1157|0x0000000788500000, 0x0000000788500000, 0x0000000788600000|  0%| F|  |TAMS 0x0000000788500000, 0x0000000788500000| Untracked 
|1158|0x0000000788600000, 0x0000000788600000, 0x0000000788700000|  0%| F|  |TAMS 0x0000000788600000, 0x0000000788600000| Untracked 
|1159|0x0000000788700000, 0x0000000788700000, 0x0000000788800000|  0%| F|  |TAMS 0x0000000788700000, 0x0000000788700000| Untracked 
|1160|0x0000000788800000, 0x0000000788800000, 0x0000000788900000|  0%| F|  |TAMS 0x0000000788800000, 0x0000000788800000| Untracked 
|1161|0x0000000788900000, 0x0000000788900000, 0x0000000788a00000|  0%| F|  |TAMS 0x0000000788900000, 0x0000000788900000| Untracked 
|1162|0x0000000788a00000, 0x0000000788a00000, 0x0000000788b00000|  0%| F|  |TAMS 0x0000000788a00000, 0x0000000788a00000| Untracked 
|1163|0x0000000788b00000, 0x0000000788b00000, 0x0000000788c00000|  0%| F|  |TAMS 0x0000000788b00000, 0x0000000788b00000| Untracked 
|1164|0x0000000788c00000, 0x0000000788c00000, 0x0000000788d00000|  0%| F|  |TAMS 0x0000000788c00000, 0x0000000788c00000| Untracked 
|1165|0x0000000788d00000, 0x0000000788d00000, 0x0000000788e00000|  0%| F|  |TAMS 0x0000000788d00000, 0x0000000788d00000| Untracked 
|1166|0x0000000788e00000, 0x0000000788e00000, 0x0000000788f00000|  0%| F|  |TAMS 0x0000000788e00000, 0x0000000788e00000| Untracked 
|1167|0x0000000788f00000, 0x0000000788f00000, 0x0000000789000000|  0%| F|  |TAMS 0x0000000788f00000, 0x0000000788f00000| Untracked 
|1168|0x0000000789000000, 0x0000000789000000, 0x0000000789100000|  0%| F|  |TAMS 0x0000000789000000, 0x0000000789000000| Untracked 
|1169|0x0000000789100000, 0x0000000789100000, 0x0000000789200000|  0%| F|  |TAMS 0x0000000789100000, 0x0000000789100000| Untracked 
|1170|0x0000000789200000, 0x0000000789200000, 0x0000000789300000|  0%| F|  |TAMS 0x0000000789200000, 0x0000000789200000| Untracked 
|1171|0x0000000789300000, 0x0000000789300000, 0x0000000789400000|  0%| F|  |TAMS 0x0000000789300000, 0x0000000789300000| Untracked 
|1172|0x0000000789400000, 0x0000000789400000, 0x0000000789500000|  0%| F|  |TAMS 0x0000000789400000, 0x0000000789400000| Untracked 
|1173|0x0000000789500000, 0x0000000789500000, 0x0000000789600000|  0%| F|  |TAMS 0x0000000789500000, 0x0000000789500000| Untracked 
|1174|0x0000000789600000, 0x0000000789600000, 0x0000000789700000|  0%| F|  |TAMS 0x0000000789600000, 0x0000000789600000| Untracked 
|1175|0x0000000789700000, 0x0000000789700000, 0x0000000789800000|  0%| F|  |TAMS 0x0000000789700000, 0x0000000789700000| Untracked 
|1176|0x0000000789800000, 0x0000000789800000, 0x0000000789900000|  0%| F|  |TAMS 0x0000000789800000, 0x0000000789800000| Untracked 
|1177|0x0000000789900000, 0x0000000789900000, 0x0000000789a00000|  0%| F|  |TAMS 0x0000000789900000, 0x0000000789900000| Untracked 
|1178|0x0000000789a00000, 0x0000000789a00000, 0x0000000789b00000|  0%| F|  |TAMS 0x0000000789a00000, 0x0000000789a00000| Untracked 
|1179|0x0000000789b00000, 0x0000000789b00000, 0x0000000789c00000|  0%| F|  |TAMS 0x0000000789b00000, 0x0000000789b00000| Untracked 
|1180|0x0000000789c00000, 0x0000000789c00000, 0x0000000789d00000|  0%| F|  |TAMS 0x0000000789c00000, 0x0000000789c00000| Untracked 
|1181|0x0000000789d00000, 0x0000000789d00000, 0x0000000789e00000|  0%| F|  |TAMS 0x0000000789d00000, 0x0000000789d00000| Untracked 
|1182|0x0000000789e00000, 0x0000000789e00000, 0x0000000789f00000|  0%| F|  |TAMS 0x0000000789e00000, 0x0000000789e00000| Untracked 
|1183|0x0000000789f00000, 0x0000000789f00000, 0x000000078a000000|  0%| F|  |TAMS 0x0000000789f00000, 0x0000000789f00000| Untracked 
|1184|0x000000078a000000, 0x000000078a000000, 0x000000078a100000|  0%| F|  |TAMS 0x000000078a000000, 0x000000078a000000| Untracked 
|1185|0x000000078a100000, 0x000000078a100000, 0x000000078a200000|  0%| F|  |TAMS 0x000000078a100000, 0x000000078a100000| Untracked 
|1186|0x000000078a200000, 0x000000078a200000, 0x000000078a300000|  0%| F|  |TAMS 0x000000078a200000, 0x000000078a200000| Untracked 
|1187|0x000000078a300000, 0x000000078a300000, 0x000000078a400000|  0%| F|  |TAMS 0x000000078a300000, 0x000000078a300000| Untracked 
|1188|0x000000078a400000, 0x000000078a400000, 0x000000078a500000|  0%| F|  |TAMS 0x000000078a400000, 0x000000078a400000| Untracked 
|1189|0x000000078a500000, 0x000000078a500000, 0x000000078a600000|  0%| F|  |TAMS 0x000000078a500000, 0x000000078a500000| Untracked 
|1190|0x000000078a600000, 0x000000078a600000, 0x000000078a700000|  0%| F|  |TAMS 0x000000078a600000, 0x000000078a600000| Untracked 
|1191|0x000000078a700000, 0x000000078a700000, 0x000000078a800000|  0%| F|  |TAMS 0x000000078a700000, 0x000000078a700000| Untracked 
|1192|0x000000078a800000, 0x000000078a800000, 0x000000078a900000|  0%| F|  |TAMS 0x000000078a800000, 0x000000078a800000| Untracked 
|1193|0x000000078a900000, 0x000000078a900000, 0x000000078aa00000|  0%| F|  |TAMS 0x000000078a900000, 0x000000078a900000| Untracked 
|1194|0x000000078aa00000, 0x000000078aa00000, 0x000000078ab00000|  0%| F|  |TAMS 0x000000078aa00000, 0x000000078aa00000| Untracked 
|1195|0x000000078ab00000, 0x000000078ab00000, 0x000000078ac00000|  0%| F|  |TAMS 0x000000078ab00000, 0x000000078ab00000| Untracked 
|1196|0x000000078ac00000, 0x000000078ac00000, 0x000000078ad00000|  0%| F|  |TAMS 0x000000078ac00000, 0x000000078ac00000| Untracked 
|1197|0x000000078ad00000, 0x000000078ad00000, 0x000000078ae00000|  0%| F|  |TAMS 0x000000078ad00000, 0x000000078ad00000| Untracked 
|1198|0x000000078ae00000, 0x000000078ae00000, 0x000000078af00000|  0%| F|  |TAMS 0x000000078ae00000, 0x000000078ae00000| Untracked 
|1199|0x000000078af00000, 0x000000078af00000, 0x000000078b000000|  0%| F|  |TAMS 0x000000078af00000, 0x000000078af00000| Untracked 
|1200|0x000000078b000000, 0x000000078b000000, 0x000000078b100000|  0%| F|  |TAMS 0x000000078b000000, 0x000000078b000000| Untracked 
|1201|0x000000078b100000, 0x000000078b100000, 0x000000078b200000|  0%| F|  |TAMS 0x000000078b100000, 0x000000078b100000| Untracked 
|1202|0x000000078b200000, 0x000000078b200000, 0x000000078b300000|  0%| F|  |TAMS 0x000000078b200000, 0x000000078b200000| Untracked 
|1203|0x000000078b300000, 0x000000078b300000, 0x000000078b400000|  0%| F|  |TAMS 0x000000078b300000, 0x000000078b300000| Untracked 
|1204|0x000000078b400000, 0x000000078b400000, 0x000000078b500000|  0%| F|  |TAMS 0x000000078b400000, 0x000000078b400000| Untracked 
|1205|0x000000078b500000, 0x000000078b500000, 0x000000078b600000|  0%| F|  |TAMS 0x000000078b500000, 0x000000078b500000| Untracked 
|1206|0x000000078b600000, 0x000000078b600000, 0x000000078b700000|  0%| F|  |TAMS 0x000000078b600000, 0x000000078b600000| Untracked 
|1207|0x000000078b700000, 0x000000078b700000, 0x000000078b800000|  0%| F|  |TAMS 0x000000078b700000, 0x000000078b700000| Untracked 
|1208|0x000000078b800000, 0x000000078b800000, 0x000000078b900000|  0%| F|  |TAMS 0x000000078b800000, 0x000000078b800000| Untracked 
|1209|0x000000078b900000, 0x000000078b900000, 0x000000078ba00000|  0%| F|  |TAMS 0x000000078b900000, 0x000000078b900000| Untracked 
|1210|0x000000078ba00000, 0x000000078ba00000, 0x000000078bb00000|  0%| F|  |TAMS 0x000000078ba00000, 0x000000078ba00000| Untracked 
|1211|0x000000078bb00000, 0x000000078bb00000, 0x000000078bc00000|  0%| F|  |TAMS 0x000000078bb00000, 0x000000078bb00000| Untracked 
|1212|0x000000078bc00000, 0x000000078bc00000, 0x000000078bd00000|  0%| F|  |TAMS 0x000000078bc00000, 0x000000078bc00000| Untracked 
|1213|0x000000078bd00000, 0x000000078bd00000, 0x000000078be00000|  0%| F|  |TAMS 0x000000078bd00000, 0x000000078bd00000| Untracked 
|1214|0x000000078be00000, 0x000000078be00000, 0x000000078bf00000|  0%| F|  |TAMS 0x000000078be00000, 0x000000078be00000| Untracked 
|1215|0x000000078bf00000, 0x000000078bf00000, 0x000000078c000000|  0%| F|  |TAMS 0x000000078bf00000, 0x000000078bf00000| Untracked 
|1216|0x000000078c000000, 0x000000078c000000, 0x000000078c100000|  0%| F|  |TAMS 0x000000078c000000, 0x000000078c000000| Untracked 
|1217|0x000000078c100000, 0x000000078c100000, 0x000000078c200000|  0%| F|  |TAMS 0x000000078c100000, 0x000000078c100000| Untracked 
|1218|0x000000078c200000, 0x000000078c200000, 0x000000078c300000|  0%| F|  |TAMS 0x000000078c200000, 0x000000078c200000| Untracked 
|1219|0x000000078c300000, 0x000000078c300000, 0x000000078c400000|  0%| F|  |TAMS 0x000000078c300000, 0x000000078c300000| Untracked 
|1220|0x000000078c400000, 0x000000078c400000, 0x000000078c500000|  0%| F|  |TAMS 0x000000078c400000, 0x000000078c400000| Untracked 
|1221|0x000000078c500000, 0x000000078c500000, 0x000000078c600000|  0%| F|  |TAMS 0x000000078c500000, 0x000000078c500000| Untracked 
|1222|0x000000078c600000, 0x000000078c600000, 0x000000078c700000|  0%| F|  |TAMS 0x000000078c600000, 0x000000078c600000| Untracked 
|1223|0x000000078c700000, 0x000000078c700000, 0x000000078c800000|  0%| F|  |TAMS 0x000000078c700000, 0x000000078c700000| Untracked 
|1224|0x000000078c800000, 0x000000078c800000, 0x000000078c900000|  0%| F|  |TAMS 0x000000078c800000, 0x000000078c800000| Untracked 
|1225|0x000000078c900000, 0x000000078c900000, 0x000000078ca00000|  0%| F|  |TAMS 0x000000078c900000, 0x000000078c900000| Untracked 
|1226|0x000000078ca00000, 0x000000078ca00000, 0x000000078cb00000|  0%| F|  |TAMS 0x000000078ca00000, 0x000000078ca00000| Untracked 
|1227|0x000000078cb00000, 0x000000078cb00000, 0x000000078cc00000|  0%| F|  |TAMS 0x000000078cb00000, 0x000000078cb00000| Untracked 
|1228|0x000000078cc00000, 0x000000078cc00000, 0x000000078cd00000|  0%| F|  |TAMS 0x000000078cc00000, 0x000000078cc00000| Untracked 
|1229|0x000000078cd00000, 0x000000078cd00000, 0x000000078ce00000|  0%| F|  |TAMS 0x000000078cd00000, 0x000000078cd00000| Untracked 
|1230|0x000000078ce00000, 0x000000078ce00000, 0x000000078cf00000|  0%| F|  |TAMS 0x000000078ce00000, 0x000000078ce00000| Untracked 
|1231|0x000000078cf00000, 0x000000078cf00000, 0x000000078d000000|  0%| F|  |TAMS 0x000000078cf00000, 0x000000078cf00000| Untracked 
|1232|0x000000078d000000, 0x000000078d000000, 0x000000078d100000|  0%| F|  |TAMS 0x000000078d000000, 0x000000078d000000| Untracked 
|1233|0x000000078d100000, 0x000000078d100000, 0x000000078d200000|  0%| F|  |TAMS 0x000000078d100000, 0x000000078d100000| Untracked 
|1234|0x000000078d200000, 0x000000078d200000, 0x000000078d300000|  0%| F|  |TAMS 0x000000078d200000, 0x000000078d200000| Untracked 
|1235|0x000000078d300000, 0x000000078d300000, 0x000000078d400000|  0%| F|  |TAMS 0x000000078d300000, 0x000000078d300000| Untracked 
|1236|0x000000078d400000, 0x000000078d400000, 0x000000078d500000|  0%| F|  |TAMS 0x000000078d400000, 0x000000078d400000| Untracked 
|1237|0x000000078d500000, 0x000000078d500000, 0x000000078d600000|  0%| F|  |TAMS 0x000000078d500000, 0x000000078d500000| Untracked 
|1238|0x000000078d600000, 0x000000078d600000, 0x000000078d700000|  0%| F|  |TAMS 0x000000078d600000, 0x000000078d600000| Untracked 
|1239|0x000000078d700000, 0x000000078d700000, 0x000000078d800000|  0%| F|  |TAMS 0x000000078d700000, 0x000000078d700000| Untracked 
|1240|0x000000078d800000, 0x000000078d800000, 0x000000078d900000|  0%| F|  |TAMS 0x000000078d800000, 0x000000078d800000| Untracked 
|1241|0x000000078d900000, 0x000000078d900000, 0x000000078da00000|  0%| F|  |TAMS 0x000000078d900000, 0x000000078d900000| Untracked 
|1242|0x000000078da00000, 0x000000078da00000, 0x000000078db00000|  0%| F|  |TAMS 0x000000078da00000, 0x000000078da00000| Untracked 
|1243|0x000000078db00000, 0x000000078db00000, 0x000000078dc00000|  0%| F|  |TAMS 0x000000078db00000, 0x000000078db00000| Untracked 
|1244|0x000000078dc00000, 0x000000078dc00000, 0x000000078dd00000|  0%| F|  |TAMS 0x000000078dc00000, 0x000000078dc00000| Untracked 
|1245|0x000000078dd00000, 0x000000078dd00000, 0x000000078de00000|  0%| F|  |TAMS 0x000000078dd00000, 0x000000078dd00000| Untracked 
|1246|0x000000078de00000, 0x000000078de00000, 0x000000078df00000|  0%| F|  |TAMS 0x000000078de00000, 0x000000078de00000| Untracked 
|1247|0x000000078df00000, 0x000000078df00000, 0x000000078e000000|  0%| F|  |TAMS 0x000000078df00000, 0x000000078df00000| Untracked 
|1248|0x000000078e000000, 0x000000078e000000, 0x000000078e100000|  0%| F|  |TAMS 0x000000078e000000, 0x000000078e000000| Untracked 
|1249|0x000000078e100000, 0x000000078e100000, 0x000000078e200000|  0%| F|  |TAMS 0x000000078e100000, 0x000000078e100000| Untracked 
|1250|0x000000078e200000, 0x000000078e200000, 0x000000078e300000|  0%| F|  |TAMS 0x000000078e200000, 0x000000078e200000| Untracked 
|1251|0x000000078e300000, 0x000000078e300000, 0x000000078e400000|  0%| F|  |TAMS 0x000000078e300000, 0x000000078e300000| Untracked 
|1252|0x000000078e400000, 0x000000078e400000, 0x000000078e500000|  0%| F|  |TAMS 0x000000078e400000, 0x000000078e400000| Untracked 
|1253|0x000000078e500000, 0x000000078e500000, 0x000000078e600000|  0%| F|  |TAMS 0x000000078e500000, 0x000000078e500000| Untracked 
|1254|0x000000078e600000, 0x000000078e600000, 0x000000078e700000|  0%| F|  |TAMS 0x000000078e600000, 0x000000078e600000| Untracked 
|1255|0x000000078e700000, 0x000000078e700000, 0x000000078e800000|  0%| F|  |TAMS 0x000000078e700000, 0x000000078e700000| Untracked 
|1256|0x000000078e800000, 0x000000078e800000, 0x000000078e900000|  0%| F|  |TAMS 0x000000078e800000, 0x000000078e800000| Untracked 
|1257|0x000000078e900000, 0x000000078e900000, 0x000000078ea00000|  0%| F|  |TAMS 0x000000078e900000, 0x000000078e900000| Untracked 
|1258|0x000000078ea00000, 0x000000078ea00000, 0x000000078eb00000|  0%| F|  |TAMS 0x000000078ea00000, 0x000000078ea00000| Untracked 
|1259|0x000000078eb00000, 0x000000078eb00000, 0x000000078ec00000|  0%| F|  |TAMS 0x000000078eb00000, 0x000000078eb00000| Untracked 
|1260|0x000000078ec00000, 0x000000078ec00000, 0x000000078ed00000|  0%| F|  |TAMS 0x000000078ec00000, 0x000000078ec00000| Untracked 
|1261|0x000000078ed00000, 0x000000078ed00000, 0x000000078ee00000|  0%| F|  |TAMS 0x000000078ed00000, 0x000000078ed00000| Untracked 
|1262|0x000000078ee00000, 0x000000078ee00000, 0x000000078ef00000|  0%| F|  |TAMS 0x000000078ee00000, 0x000000078ee00000| Untracked 
|1263|0x000000078ef00000, 0x000000078ef00000, 0x000000078f000000|  0%| F|  |TAMS 0x000000078ef00000, 0x000000078ef00000| Untracked 
|1264|0x000000078f000000, 0x000000078f000000, 0x000000078f100000|  0%| F|  |TAMS 0x000000078f000000, 0x000000078f000000| Untracked 
|1265|0x000000078f100000, 0x000000078f100000, 0x000000078f200000|  0%| F|  |TAMS 0x000000078f100000, 0x000000078f100000| Untracked 
|1266|0x000000078f200000, 0x000000078f200000, 0x000000078f300000|  0%| F|  |TAMS 0x000000078f200000, 0x000000078f200000| Untracked 
|1267|0x000000078f300000, 0x000000078f300000, 0x000000078f400000|  0%| F|  |TAMS 0x000000078f300000, 0x000000078f300000| Untracked 
|1268|0x000000078f400000, 0x000000078f400000, 0x000000078f500000|  0%| F|  |TAMS 0x000000078f400000, 0x000000078f400000| Untracked 
|1269|0x000000078f500000, 0x000000078f500000, 0x000000078f600000|  0%| F|  |TAMS 0x000000078f500000, 0x000000078f500000| Untracked 
|1270|0x000000078f600000, 0x000000078f600000, 0x000000078f700000|  0%| F|  |TAMS 0x000000078f600000, 0x000000078f600000| Untracked 
|1271|0x000000078f700000, 0x000000078f700000, 0x000000078f800000|  0%| F|  |TAMS 0x000000078f700000, 0x000000078f700000| Untracked 
|1272|0x000000078f800000, 0x000000078f800000, 0x000000078f900000|  0%| F|  |TAMS 0x000000078f800000, 0x000000078f800000| Untracked 
|1273|0x000000078f900000, 0x000000078f900000, 0x000000078fa00000|  0%| F|  |TAMS 0x000000078f900000, 0x000000078f900000| Untracked 
|1274|0x000000078fa00000, 0x000000078fa00000, 0x000000078fb00000|  0%| F|  |TAMS 0x000000078fa00000, 0x000000078fa00000| Untracked 
|1275|0x000000078fb00000, 0x000000078fb00000, 0x000000078fc00000|  0%| F|  |TAMS 0x000000078fb00000, 0x000000078fb00000| Untracked 
|1276|0x000000078fc00000, 0x000000078fc00000, 0x000000078fd00000|  0%| F|  |TAMS 0x000000078fc00000, 0x000000078fc00000| Untracked 
|1277|0x000000078fd00000, 0x000000078fd00000, 0x000000078fe00000|  0%| F|  |TAMS 0x000000078fd00000, 0x000000078fd00000| Untracked 
|1278|0x000000078fe00000, 0x000000078fe00000, 0x000000078ff00000|  0%| F|  |TAMS 0x000000078fe00000, 0x000000078fe00000| Untracked 
|1279|0x000000078ff00000, 0x000000078ff00000, 0x0000000790000000|  0%| F|  |TAMS 0x000000078ff00000, 0x000000078ff00000| Untracked 
|1280|0x0000000790000000, 0x0000000790000000, 0x0000000790100000|  0%| F|  |TAMS 0x0000000790000000, 0x0000000790000000| Untracked 
|1281|0x0000000790100000, 0x0000000790100000, 0x0000000790200000|  0%| F|  |TAMS 0x0000000790100000, 0x0000000790100000| Untracked 
|1282|0x0000000790200000, 0x0000000790200000, 0x0000000790300000|  0%| F|  |TAMS 0x0000000790200000, 0x0000000790200000| Untracked 
|1283|0x0000000790300000, 0x0000000790300000, 0x0000000790400000|  0%| F|  |TAMS 0x0000000790300000, 0x0000000790300000| Untracked 
|1284|0x0000000790400000, 0x0000000790400000, 0x0000000790500000|  0%| F|  |TAMS 0x0000000790400000, 0x0000000790400000| Untracked 
|1285|0x0000000790500000, 0x0000000790500000, 0x0000000790600000|  0%| F|  |TAMS 0x0000000790500000, 0x0000000790500000| Untracked 
|1286|0x0000000790600000, 0x0000000790600000, 0x0000000790700000|  0%| F|  |TAMS 0x0000000790600000, 0x0000000790600000| Untracked 
|1287|0x0000000790700000, 0x0000000790700000, 0x0000000790800000|  0%| F|  |TAMS 0x0000000790700000, 0x0000000790700000| Untracked 
|1288|0x0000000790800000, 0x0000000790800000, 0x0000000790900000|  0%| F|  |TAMS 0x0000000790800000, 0x0000000790800000| Untracked 
|1289|0x0000000790900000, 0x0000000790900000, 0x0000000790a00000|  0%| F|  |TAMS 0x0000000790900000, 0x0000000790900000| Untracked 
|1290|0x0000000790a00000, 0x0000000790a00000, 0x0000000790b00000|  0%| F|  |TAMS 0x0000000790a00000, 0x0000000790a00000| Untracked 
|1291|0x0000000790b00000, 0x0000000790b00000, 0x0000000790c00000|  0%| F|  |TAMS 0x0000000790b00000, 0x0000000790b00000| Untracked 
|1292|0x0000000790c00000, 0x0000000790c00000, 0x0000000790d00000|  0%| F|  |TAMS 0x0000000790c00000, 0x0000000790c00000| Untracked 
|1293|0x0000000790d00000, 0x0000000790d00000, 0x0000000790e00000|  0%| F|  |TAMS 0x0000000790d00000, 0x0000000790d00000| Untracked 
|1294|0x0000000790e00000, 0x0000000790e00000, 0x0000000790f00000|  0%| F|  |TAMS 0x0000000790e00000, 0x0000000790e00000| Untracked 
|1295|0x0000000790f00000, 0x0000000790f00000, 0x0000000791000000|  0%| F|  |TAMS 0x0000000790f00000, 0x0000000790f00000| Untracked 
|1296|0x0000000791000000, 0x0000000791000000, 0x0000000791100000|  0%| F|  |TAMS 0x0000000791000000, 0x0000000791000000| Untracked 
|1297|0x0000000791100000, 0x0000000791100000, 0x0000000791200000|  0%| F|  |TAMS 0x0000000791100000, 0x0000000791100000| Untracked 
|1298|0x0000000791200000, 0x0000000791200000, 0x0000000791300000|  0%| F|  |TAMS 0x0000000791200000, 0x0000000791200000| Untracked 
|1299|0x0000000791300000, 0x0000000791300000, 0x0000000791400000|  0%| F|  |TAMS 0x0000000791300000, 0x0000000791300000| Untracked 
|1300|0x0000000791400000, 0x0000000791400000, 0x0000000791500000|  0%| F|  |TAMS 0x0000000791400000, 0x0000000791400000| Untracked 
|1301|0x0000000791500000, 0x0000000791500000, 0x0000000791600000|  0%| F|  |TAMS 0x0000000791500000, 0x0000000791500000| Untracked 
|1302|0x0000000791600000, 0x0000000791600000, 0x0000000791700000|  0%| F|  |TAMS 0x0000000791600000, 0x0000000791600000| Untracked 
|1303|0x0000000791700000, 0x0000000791700000, 0x0000000791800000|  0%| F|  |TAMS 0x0000000791700000, 0x0000000791700000| Untracked 
|1304|0x0000000791800000, 0x0000000791800000, 0x0000000791900000|  0%| F|  |TAMS 0x0000000791800000, 0x0000000791800000| Untracked 
|1305|0x0000000791900000, 0x0000000791900000, 0x0000000791a00000|  0%| F|  |TAMS 0x0000000791900000, 0x0000000791900000| Untracked 
|1306|0x0000000791a00000, 0x0000000791a00000, 0x0000000791b00000|  0%| F|  |TAMS 0x0000000791a00000, 0x0000000791a00000| Untracked 
|1307|0x0000000791b00000, 0x0000000791b00000, 0x0000000791c00000|  0%| F|  |TAMS 0x0000000791b00000, 0x0000000791b00000| Untracked 
|1308|0x0000000791c00000, 0x0000000791c00000, 0x0000000791d00000|  0%| F|  |TAMS 0x0000000791c00000, 0x0000000791c00000| Untracked 
|1309|0x0000000791d00000, 0x0000000791d00000, 0x0000000791e00000|  0%| F|  |TAMS 0x0000000791d00000, 0x0000000791d00000| Untracked 
|1310|0x0000000791e00000, 0x0000000791e00000, 0x0000000791f00000|  0%| F|  |TAMS 0x0000000791e00000, 0x0000000791e00000| Untracked 
|1311|0x0000000791f00000, 0x0000000791f00000, 0x0000000792000000|  0%| F|  |TAMS 0x0000000791f00000, 0x0000000791f00000| Untracked 
|1312|0x0000000792000000, 0x0000000792000000, 0x0000000792100000|  0%| F|  |TAMS 0x0000000792000000, 0x0000000792000000| Untracked 
|1313|0x0000000792100000, 0x0000000792100000, 0x0000000792200000|  0%| F|  |TAMS 0x0000000792100000, 0x0000000792100000| Untracked 
|1314|0x0000000792200000, 0x0000000792200000, 0x0000000792300000|  0%| F|  |TAMS 0x0000000792200000, 0x0000000792200000| Untracked 
|1315|0x0000000792300000, 0x0000000792300000, 0x0000000792400000|  0%| F|  |TAMS 0x0000000792300000, 0x0000000792300000| Untracked 
|1316|0x0000000792400000, 0x0000000792400000, 0x0000000792500000|  0%| F|  |TAMS 0x0000000792400000, 0x0000000792400000| Untracked 
|1317|0x0000000792500000, 0x0000000792500000, 0x0000000792600000|  0%| F|  |TAMS 0x0000000792500000, 0x0000000792500000| Untracked 
|1318|0x0000000792600000, 0x0000000792600000, 0x0000000792700000|  0%| F|  |TAMS 0x0000000792600000, 0x0000000792600000| Untracked 
|1319|0x0000000792700000, 0x0000000792700000, 0x0000000792800000|  0%| F|  |TAMS 0x0000000792700000, 0x0000000792700000| Untracked 
|1320|0x0000000792800000, 0x0000000792800000, 0x0000000792900000|  0%| F|  |TAMS 0x0000000792800000, 0x0000000792800000| Untracked 
|1321|0x0000000792900000, 0x0000000792900000, 0x0000000792a00000|  0%| F|  |TAMS 0x0000000792900000, 0x0000000792900000| Untracked 
|1322|0x0000000792a00000, 0x0000000792a00000, 0x0000000792b00000|  0%| F|  |TAMS 0x0000000792a00000, 0x0000000792a00000| Untracked 
|1323|0x0000000792b00000, 0x0000000792b00000, 0x0000000792c00000|  0%| F|  |TAMS 0x0000000792b00000, 0x0000000792b00000| Untracked 
|1324|0x0000000792c00000, 0x0000000792c00000, 0x0000000792d00000|  0%| F|  |TAMS 0x0000000792c00000, 0x0000000792c00000| Untracked 
|1325|0x0000000792d00000, 0x0000000792d00000, 0x0000000792e00000|  0%| F|  |TAMS 0x0000000792d00000, 0x0000000792d00000| Untracked 
|1326|0x0000000792e00000, 0x0000000792e00000, 0x0000000792f00000|  0%| F|  |TAMS 0x0000000792e00000, 0x0000000792e00000| Untracked 
|1327|0x0000000792f00000, 0x0000000792f00000, 0x0000000793000000|  0%| F|  |TAMS 0x0000000792f00000, 0x0000000792f00000| Untracked 
|1328|0x0000000793000000, 0x0000000793000000, 0x0000000793100000|  0%| F|  |TAMS 0x0000000793000000, 0x0000000793000000| Untracked 
|1329|0x0000000793100000, 0x0000000793100000, 0x0000000793200000|  0%| F|  |TAMS 0x0000000793100000, 0x0000000793100000| Untracked 
|1330|0x0000000793200000, 0x0000000793200000, 0x0000000793300000|  0%| F|  |TAMS 0x0000000793200000, 0x0000000793200000| Untracked 
|1331|0x0000000793300000, 0x0000000793300000, 0x0000000793400000|  0%| F|  |TAMS 0x0000000793300000, 0x0000000793300000| Untracked 
|1332|0x0000000793400000, 0x0000000793400000, 0x0000000793500000|  0%| F|  |TAMS 0x0000000793400000, 0x0000000793400000| Untracked 
|1333|0x0000000793500000, 0x0000000793500000, 0x0000000793600000|  0%| F|  |TAMS 0x0000000793500000, 0x0000000793500000| Untracked 
|1334|0x0000000793600000, 0x0000000793600000, 0x0000000793700000|  0%| F|  |TAMS 0x0000000793600000, 0x0000000793600000| Untracked 
|1335|0x0000000793700000, 0x0000000793700000, 0x0000000793800000|  0%| F|  |TAMS 0x0000000793700000, 0x0000000793700000| Untracked 
|1336|0x0000000793800000, 0x0000000793800000, 0x0000000793900000|  0%| F|  |TAMS 0x0000000793800000, 0x0000000793800000| Untracked 
|1337|0x0000000793900000, 0x0000000793900000, 0x0000000793a00000|  0%| F|  |TAMS 0x0000000793900000, 0x0000000793900000| Untracked 
|1338|0x0000000793a00000, 0x0000000793a00000, 0x0000000793b00000|  0%| F|  |TAMS 0x0000000793a00000, 0x0000000793a00000| Untracked 
|1339|0x0000000793b00000, 0x0000000793b00000, 0x0000000793c00000|  0%| F|  |TAMS 0x0000000793b00000, 0x0000000793b00000| Untracked 
|1340|0x0000000793c00000, 0x0000000793c00000, 0x0000000793d00000|  0%| F|  |TAMS 0x0000000793c00000, 0x0000000793c00000| Untracked 
|1341|0x0000000793d00000, 0x0000000793d00000, 0x0000000793e00000|  0%| F|  |TAMS 0x0000000793d00000, 0x0000000793d00000| Untracked 
|1342|0x0000000793e00000, 0x0000000793e00000, 0x0000000793f00000|  0%| F|  |TAMS 0x0000000793e00000, 0x0000000793e00000| Untracked 
|1343|0x0000000793f00000, 0x0000000793f00000, 0x0000000794000000|  0%| F|  |TAMS 0x0000000793f00000, 0x0000000793f00000| Untracked 
|1344|0x0000000794000000, 0x0000000794000000, 0x0000000794100000|  0%| F|  |TAMS 0x0000000794000000, 0x0000000794000000| Untracked 
|1345|0x0000000794100000, 0x0000000794100000, 0x0000000794200000|  0%| F|  |TAMS 0x0000000794100000, 0x0000000794100000| Untracked 
|1346|0x0000000794200000, 0x0000000794200000, 0x0000000794300000|  0%| F|  |TAMS 0x0000000794200000, 0x0000000794200000| Untracked 
|1347|0x0000000794300000, 0x0000000794300000, 0x0000000794400000|  0%| F|  |TAMS 0x0000000794300000, 0x0000000794300000| Untracked 
|1348|0x0000000794400000, 0x0000000794400000, 0x0000000794500000|  0%| F|  |TAMS 0x0000000794400000, 0x0000000794400000| Untracked 
|1349|0x0000000794500000, 0x0000000794500000, 0x0000000794600000|  0%| F|  |TAMS 0x0000000794500000, 0x0000000794500000| Untracked 
|1350|0x0000000794600000, 0x0000000794600000, 0x0000000794700000|  0%| F|  |TAMS 0x0000000794600000, 0x0000000794600000| Untracked 
|1351|0x0000000794700000, 0x0000000794700000, 0x0000000794800000|  0%| F|  |TAMS 0x0000000794700000, 0x0000000794700000| Untracked 
|1352|0x0000000794800000, 0x0000000794800000, 0x0000000794900000|  0%| F|  |TAMS 0x0000000794800000, 0x0000000794800000| Untracked 
|1353|0x0000000794900000, 0x0000000794900000, 0x0000000794a00000|  0%| F|  |TAMS 0x0000000794900000, 0x0000000794900000| Untracked 
|1354|0x0000000794a00000, 0x0000000794a00000, 0x0000000794b00000|  0%| F|  |TAMS 0x0000000794a00000, 0x0000000794a00000| Untracked 
|1355|0x0000000794b00000, 0x0000000794b00000, 0x0000000794c00000|  0%| F|  |TAMS 0x0000000794b00000, 0x0000000794b00000| Untracked 
|1356|0x0000000794c00000, 0x0000000794c00000, 0x0000000794d00000|  0%| F|  |TAMS 0x0000000794c00000, 0x0000000794c00000| Untracked 
|1357|0x0000000794d00000, 0x0000000794d00000, 0x0000000794e00000|  0%| F|  |TAMS 0x0000000794d00000, 0x0000000794d00000| Untracked 
|1358|0x0000000794e00000, 0x0000000794e00000, 0x0000000794f00000|  0%| F|  |TAMS 0x0000000794e00000, 0x0000000794e00000| Untracked 
|1359|0x0000000794f00000, 0x0000000794f00000, 0x0000000795000000|  0%| F|  |TAMS 0x0000000794f00000, 0x0000000794f00000| Untracked 
|1360|0x0000000795000000, 0x0000000795000000, 0x0000000795100000|  0%| F|  |TAMS 0x0000000795000000, 0x0000000795000000| Untracked 
|1361|0x0000000795100000, 0x0000000795100000, 0x0000000795200000|  0%| F|  |TAMS 0x0000000795100000, 0x0000000795100000| Untracked 
|1362|0x0000000795200000, 0x0000000795200000, 0x0000000795300000|  0%| F|  |TAMS 0x0000000795200000, 0x0000000795200000| Untracked 
|1363|0x0000000795300000, 0x0000000795300000, 0x0000000795400000|  0%| F|  |TAMS 0x0000000795300000, 0x0000000795300000| Untracked 
|1364|0x0000000795400000, 0x0000000795400000, 0x0000000795500000|  0%| F|  |TAMS 0x0000000795400000, 0x0000000795400000| Untracked 
|1365|0x0000000795500000, 0x0000000795500000, 0x0000000795600000|  0%| F|  |TAMS 0x0000000795500000, 0x0000000795500000| Untracked 
|1366|0x0000000795600000, 0x0000000795600000, 0x0000000795700000|  0%| F|  |TAMS 0x0000000795600000, 0x0000000795600000| Untracked 
|1367|0x0000000795700000, 0x0000000795700000, 0x0000000795800000|  0%| F|  |TAMS 0x0000000795700000, 0x0000000795700000| Untracked 
|1368|0x0000000795800000, 0x0000000795800000, 0x0000000795900000|  0%| F|  |TAMS 0x0000000795800000, 0x0000000795800000| Untracked 
|1369|0x0000000795900000, 0x0000000795900000, 0x0000000795a00000|  0%| F|  |TAMS 0x0000000795900000, 0x0000000795900000| Untracked 
|1370|0x0000000795a00000, 0x0000000795a00000, 0x0000000795b00000|  0%| F|  |TAMS 0x0000000795a00000, 0x0000000795a00000| Untracked 
|1371|0x0000000795b00000, 0x0000000795b00000, 0x0000000795c00000|  0%| F|  |TAMS 0x0000000795b00000, 0x0000000795b00000| Untracked 
|1372|0x0000000795c00000, 0x0000000795c00000, 0x0000000795d00000|  0%| F|  |TAMS 0x0000000795c00000, 0x0000000795c00000| Untracked 
|1373|0x0000000795d00000, 0x0000000795d00000, 0x0000000795e00000|  0%| F|  |TAMS 0x0000000795d00000, 0x0000000795d00000| Untracked 
|1374|0x0000000795e00000, 0x0000000795e00000, 0x0000000795f00000|  0%| F|  |TAMS 0x0000000795e00000, 0x0000000795e00000| Untracked 
|1375|0x0000000795f00000, 0x0000000795f00000, 0x0000000796000000|  0%| F|  |TAMS 0x0000000795f00000, 0x0000000795f00000| Untracked 
|1376|0x0000000796000000, 0x0000000796000000, 0x0000000796100000|  0%| F|  |TAMS 0x0000000796000000, 0x0000000796000000| Untracked 
|1377|0x0000000796100000, 0x0000000796100000, 0x0000000796200000|  0%| F|  |TAMS 0x0000000796100000, 0x0000000796100000| Untracked 
|1378|0x0000000796200000, 0x0000000796200000, 0x0000000796300000|  0%| F|  |TAMS 0x0000000796200000, 0x0000000796200000| Untracked 
|1379|0x0000000796300000, 0x0000000796300000, 0x0000000796400000|  0%| F|  |TAMS 0x0000000796300000, 0x0000000796300000| Untracked 
|1380|0x0000000796400000, 0x0000000796400000, 0x0000000796500000|  0%| F|  |TAMS 0x0000000796400000, 0x0000000796400000| Untracked 
|1381|0x0000000796500000, 0x0000000796500000, 0x0000000796600000|  0%| F|  |TAMS 0x0000000796500000, 0x0000000796500000| Untracked 
|1382|0x0000000796600000, 0x0000000796600000, 0x0000000796700000|  0%| F|  |TAMS 0x0000000796600000, 0x0000000796600000| Untracked 
|1383|0x0000000796700000, 0x0000000796700000, 0x0000000796800000|  0%| F|  |TAMS 0x0000000796700000, 0x0000000796700000| Untracked 
|1384|0x0000000796800000, 0x0000000796800000, 0x0000000796900000|  0%| F|  |TAMS 0x0000000796800000, 0x0000000796800000| Untracked 
|1385|0x0000000796900000, 0x0000000796900000, 0x0000000796a00000|  0%| F|  |TAMS 0x0000000796900000, 0x0000000796900000| Untracked 
|1386|0x0000000796a00000, 0x0000000796a00000, 0x0000000796b00000|  0%| F|  |TAMS 0x0000000796a00000, 0x0000000796a00000| Untracked 
|1387|0x0000000796b00000, 0x0000000796b00000, 0x0000000796c00000|  0%| F|  |TAMS 0x0000000796b00000, 0x0000000796b00000| Untracked 
|1388|0x0000000796c00000, 0x0000000796c00000, 0x0000000796d00000|  0%| F|  |TAMS 0x0000000796c00000, 0x0000000796c00000| Untracked 
|1389|0x0000000796d00000, 0x0000000796d00000, 0x0000000796e00000|  0%| F|  |TAMS 0x0000000796d00000, 0x0000000796d00000| Untracked 
|1390|0x0000000796e00000, 0x0000000796e00000, 0x0000000796f00000|  0%| F|  |TAMS 0x0000000796e00000, 0x0000000796e00000| Untracked 
|1391|0x0000000796f00000, 0x0000000796f00000, 0x0000000797000000|  0%| F|  |TAMS 0x0000000796f00000, 0x0000000796f00000| Untracked 
|1392|0x0000000797000000, 0x0000000797000000, 0x0000000797100000|  0%| F|  |TAMS 0x0000000797000000, 0x0000000797000000| Untracked 
|1393|0x0000000797100000, 0x0000000797100000, 0x0000000797200000|  0%| F|  |TAMS 0x0000000797100000, 0x0000000797100000| Untracked 
|1394|0x0000000797200000, 0x0000000797200000, 0x0000000797300000|  0%| F|  |TAMS 0x0000000797200000, 0x0000000797200000| Untracked 
|1395|0x0000000797300000, 0x0000000797300000, 0x0000000797400000|  0%| F|  |TAMS 0x0000000797300000, 0x0000000797300000| Untracked 
|1396|0x0000000797400000, 0x0000000797400000, 0x0000000797500000|  0%| F|  |TAMS 0x0000000797400000, 0x0000000797400000| Untracked 
|1397|0x0000000797500000, 0x0000000797500000, 0x0000000797600000|  0%| F|  |TAMS 0x0000000797500000, 0x0000000797500000| Untracked 
|1398|0x0000000797600000, 0x0000000797600000, 0x0000000797700000|  0%| F|  |TAMS 0x0000000797600000, 0x0000000797600000| Untracked 
|1399|0x0000000797700000, 0x0000000797700000, 0x0000000797800000|  0%| F|  |TAMS 0x0000000797700000, 0x0000000797700000| Untracked 
|1400|0x0000000797800000, 0x0000000797800000, 0x0000000797900000|  0%| F|  |TAMS 0x0000000797800000, 0x0000000797800000| Untracked 
|1401|0x0000000797900000, 0x0000000797900000, 0x0000000797a00000|  0%| F|  |TAMS 0x0000000797900000, 0x0000000797900000| Untracked 
|1402|0x0000000797a00000, 0x0000000797a00000, 0x0000000797b00000|  0%| F|  |TAMS 0x0000000797a00000, 0x0000000797a00000| Untracked 
|1403|0x0000000797b00000, 0x0000000797b00000, 0x0000000797c00000|  0%| F|  |TAMS 0x0000000797b00000, 0x0000000797b00000| Untracked 
|1404|0x0000000797c00000, 0x0000000797c00000, 0x0000000797d00000|  0%| F|  |TAMS 0x0000000797c00000, 0x0000000797c00000| Untracked 
|1405|0x0000000797d00000, 0x0000000797d00000, 0x0000000797e00000|  0%| F|  |TAMS 0x0000000797d00000, 0x0000000797d00000| Untracked 
|1406|0x0000000797e00000, 0x0000000797e00000, 0x0000000797f00000|  0%| F|  |TAMS 0x0000000797e00000, 0x0000000797e00000| Untracked 
|1407|0x0000000797f00000, 0x0000000797f00000, 0x0000000798000000|  0%| F|  |TAMS 0x0000000797f00000, 0x0000000797f00000| Untracked 
|1408|0x0000000798000000, 0x0000000798000000, 0x0000000798100000|  0%| F|  |TAMS 0x0000000798000000, 0x0000000798000000| Untracked 
|1409|0x0000000798100000, 0x0000000798100000, 0x0000000798200000|  0%| F|  |TAMS 0x0000000798100000, 0x0000000798100000| Untracked 
|1410|0x0000000798200000, 0x0000000798200000, 0x0000000798300000|  0%| F|  |TAMS 0x0000000798200000, 0x0000000798200000| Untracked 
|1411|0x0000000798300000, 0x0000000798300000, 0x0000000798400000|  0%| F|  |TAMS 0x0000000798300000, 0x0000000798300000| Untracked 
|1412|0x0000000798400000, 0x0000000798400000, 0x0000000798500000|  0%| F|  |TAMS 0x0000000798400000, 0x0000000798400000| Untracked 
|1413|0x0000000798500000, 0x0000000798500000, 0x0000000798600000|  0%| F|  |TAMS 0x0000000798500000, 0x0000000798500000| Untracked 
|1414|0x0000000798600000, 0x0000000798600000, 0x0000000798700000|  0%| F|  |TAMS 0x0000000798600000, 0x0000000798600000| Untracked 
|1415|0x0000000798700000, 0x0000000798700000, 0x0000000798800000|  0%| F|  |TAMS 0x0000000798700000, 0x0000000798700000| Untracked 
|1416|0x0000000798800000, 0x0000000798800000, 0x0000000798900000|  0%| F|  |TAMS 0x0000000798800000, 0x0000000798800000| Untracked 
|1417|0x0000000798900000, 0x0000000798900000, 0x0000000798a00000|  0%| F|  |TAMS 0x0000000798900000, 0x0000000798900000| Untracked 
|1418|0x0000000798a00000, 0x0000000798a00000, 0x0000000798b00000|  0%| F|  |TAMS 0x0000000798a00000, 0x0000000798a00000| Untracked 
|1419|0x0000000798b00000, 0x0000000798b00000, 0x0000000798c00000|  0%| F|  |TAMS 0x0000000798b00000, 0x0000000798b00000| Untracked 
|1420|0x0000000798c00000, 0x0000000798c00000, 0x0000000798d00000|  0%| F|  |TAMS 0x0000000798c00000, 0x0000000798c00000| Untracked 
|1421|0x0000000798d00000, 0x0000000798d00000, 0x0000000798e00000|  0%| F|  |TAMS 0x0000000798d00000, 0x0000000798d00000| Untracked 
|1422|0x0000000798e00000, 0x0000000798e00000, 0x0000000798f00000|  0%| F|  |TAMS 0x0000000798e00000, 0x0000000798e00000| Untracked 
|1423|0x0000000798f00000, 0x0000000798f00000, 0x0000000799000000|  0%| F|  |TAMS 0x0000000798f00000, 0x0000000798f00000| Untracked 
|1424|0x0000000799000000, 0x0000000799000000, 0x0000000799100000|  0%| F|  |TAMS 0x0000000799000000, 0x0000000799000000| Untracked 
|1425|0x0000000799100000, 0x0000000799100000, 0x0000000799200000|  0%| F|  |TAMS 0x0000000799100000, 0x0000000799100000| Untracked 
|1426|0x0000000799200000, 0x0000000799200000, 0x0000000799300000|  0%| F|  |TAMS 0x0000000799200000, 0x0000000799200000| Untracked 
|1427|0x0000000799300000, 0x0000000799300000, 0x0000000799400000|  0%| F|  |TAMS 0x0000000799300000, 0x0000000799300000| Untracked 
|1428|0x0000000799400000, 0x0000000799400000, 0x0000000799500000|  0%| F|  |TAMS 0x0000000799400000, 0x0000000799400000| Untracked 
|1429|0x0000000799500000, 0x0000000799500000, 0x0000000799600000|  0%| F|  |TAMS 0x0000000799500000, 0x0000000799500000| Untracked 
|1430|0x0000000799600000, 0x0000000799600000, 0x0000000799700000|  0%| F|  |TAMS 0x0000000799600000, 0x0000000799600000| Untracked 
|1431|0x0000000799700000, 0x0000000799700000, 0x0000000799800000|  0%| F|  |TAMS 0x0000000799700000, 0x0000000799700000| Untracked 
|1432|0x0000000799800000, 0x0000000799800000, 0x0000000799900000|  0%| F|  |TAMS 0x0000000799800000, 0x0000000799800000| Untracked 
|1433|0x0000000799900000, 0x0000000799900000, 0x0000000799a00000|  0%| F|  |TAMS 0x0000000799900000, 0x0000000799900000| Untracked 
|1434|0x0000000799a00000, 0x0000000799a00000, 0x0000000799b00000|  0%| F|  |TAMS 0x0000000799a00000, 0x0000000799a00000| Untracked 
|1435|0x0000000799b00000, 0x0000000799b00000, 0x0000000799c00000|  0%| F|  |TAMS 0x0000000799b00000, 0x0000000799b00000| Untracked 
|1436|0x0000000799c00000, 0x0000000799c00000, 0x0000000799d00000|  0%| F|  |TAMS 0x0000000799c00000, 0x0000000799c00000| Untracked 
|1437|0x0000000799d00000, 0x0000000799d00000, 0x0000000799e00000|  0%| F|  |TAMS 0x0000000799d00000, 0x0000000799d00000| Untracked 
|1438|0x0000000799e00000, 0x0000000799e00000, 0x0000000799f00000|  0%| F|  |TAMS 0x0000000799e00000, 0x0000000799e00000| Untracked 
|1439|0x0000000799f00000, 0x0000000799f00000, 0x000000079a000000|  0%| F|  |TAMS 0x0000000799f00000, 0x0000000799f00000| Untracked 
|1440|0x000000079a000000, 0x000000079a000000, 0x000000079a100000|  0%| F|  |TAMS 0x000000079a000000, 0x000000079a000000| Untracked 
|1441|0x000000079a100000, 0x000000079a100000, 0x000000079a200000|  0%| F|  |TAMS 0x000000079a100000, 0x000000079a100000| Untracked 
|1442|0x000000079a200000, 0x000000079a200000, 0x000000079a300000|  0%| F|  |TAMS 0x000000079a200000, 0x000000079a200000| Untracked 
|1443|0x000000079a300000, 0x000000079a300000, 0x000000079a400000|  0%| F|  |TAMS 0x000000079a300000, 0x000000079a300000| Untracked 
|1444|0x000000079a400000, 0x000000079a400000, 0x000000079a500000|  0%| F|  |TAMS 0x000000079a400000, 0x000000079a400000| Untracked 
|1445|0x000000079a500000, 0x000000079a500000, 0x000000079a600000|  0%| F|  |TAMS 0x000000079a500000, 0x000000079a500000| Untracked 
|1446|0x000000079a600000, 0x000000079a600000, 0x000000079a700000|  0%| F|  |TAMS 0x000000079a600000, 0x000000079a600000| Untracked 
|1447|0x000000079a700000, 0x000000079a700000, 0x000000079a800000|  0%| F|  |TAMS 0x000000079a700000, 0x000000079a700000| Untracked 
|1448|0x000000079a800000, 0x000000079a800000, 0x000000079a900000|  0%| F|  |TAMS 0x000000079a800000, 0x000000079a800000| Untracked 
|1449|0x000000079a900000, 0x000000079a900000, 0x000000079aa00000|  0%| F|  |TAMS 0x000000079a900000, 0x000000079a900000| Untracked 
|1450|0x000000079aa00000, 0x000000079aa00000, 0x000000079ab00000|  0%| F|  |TAMS 0x000000079aa00000, 0x000000079aa00000| Untracked 
|1451|0x000000079ab00000, 0x000000079ab00000, 0x000000079ac00000|  0%| F|  |TAMS 0x000000079ab00000, 0x000000079ab00000| Untracked 
|1452|0x000000079ac00000, 0x000000079ac00000, 0x000000079ad00000|  0%| F|  |TAMS 0x000000079ac00000, 0x000000079ac00000| Untracked 
|1453|0x000000079ad00000, 0x000000079ad00000, 0x000000079ae00000|  0%| F|  |TAMS 0x000000079ad00000, 0x000000079ad00000| Untracked 
|1454|0x000000079ae00000, 0x000000079ae00000, 0x000000079af00000|  0%| F|  |TAMS 0x000000079ae00000, 0x000000079ae00000| Untracked 
|1455|0x000000079af00000, 0x000000079af00000, 0x000000079b000000|  0%| F|  |TAMS 0x000000079af00000, 0x000000079af00000| Untracked 
|1456|0x000000079b000000, 0x000000079b000000, 0x000000079b100000|  0%| F|  |TAMS 0x000000079b000000, 0x000000079b000000| Untracked 
|1457|0x000000079b100000, 0x000000079b100000, 0x000000079b200000|  0%| F|  |TAMS 0x000000079b100000, 0x000000079b100000| Untracked 
|1458|0x000000079b200000, 0x000000079b200000, 0x000000079b300000|  0%| F|  |TAMS 0x000000079b200000, 0x000000079b200000| Untracked 
|1459|0x000000079b300000, 0x000000079b300000, 0x000000079b400000|  0%| F|  |TAMS 0x000000079b300000, 0x000000079b300000| Untracked 
|1460|0x000000079b400000, 0x000000079b400000, 0x000000079b500000|  0%| F|  |TAMS 0x000000079b400000, 0x000000079b400000| Untracked 
|1461|0x000000079b500000, 0x000000079b500000, 0x000000079b600000|  0%| F|  |TAMS 0x000000079b500000, 0x000000079b500000| Untracked 
|1462|0x000000079b600000, 0x000000079b600000, 0x000000079b700000|  0%| F|  |TAMS 0x000000079b600000, 0x000000079b600000| Untracked 
|1463|0x000000079b700000, 0x000000079b700000, 0x000000079b800000|  0%| F|  |TAMS 0x000000079b700000, 0x000000079b700000| Untracked 
|1464|0x000000079b800000, 0x000000079b800000, 0x000000079b900000|  0%| F|  |TAMS 0x000000079b800000, 0x000000079b800000| Untracked 
|1465|0x000000079b900000, 0x000000079b900000, 0x000000079ba00000|  0%| F|  |TAMS 0x000000079b900000, 0x000000079b900000| Untracked 
|1466|0x000000079ba00000, 0x000000079ba00000, 0x000000079bb00000|  0%| F|  |TAMS 0x000000079ba00000, 0x000000079ba00000| Untracked 
|1467|0x000000079bb00000, 0x000000079bb00000, 0x000000079bc00000|  0%| F|  |TAMS 0x000000079bb00000, 0x000000079bb00000| Untracked 
|1468|0x000000079bc00000, 0x000000079bc00000, 0x000000079bd00000|  0%| F|  |TAMS 0x000000079bc00000, 0x000000079bc00000| Untracked 
|1469|0x000000079bd00000, 0x000000079bd00000, 0x000000079be00000|  0%| F|  |TAMS 0x000000079bd00000, 0x000000079bd00000| Untracked 
|1470|0x000000079be00000, 0x000000079be00000, 0x000000079bf00000|  0%| F|  |TAMS 0x000000079be00000, 0x000000079be00000| Untracked 
|1471|0x000000079bf00000, 0x000000079bf00000, 0x000000079c000000|  0%| F|  |TAMS 0x000000079bf00000, 0x000000079bf00000| Untracked 
|1472|0x000000079c000000, 0x000000079c000000, 0x000000079c100000|  0%| F|  |TAMS 0x000000079c000000, 0x000000079c000000| Untracked 
|1473|0x000000079c100000, 0x000000079c100000, 0x000000079c200000|  0%| F|  |TAMS 0x000000079c100000, 0x000000079c100000| Untracked 
|1474|0x000000079c200000, 0x000000079c200000, 0x000000079c300000|  0%| F|  |TAMS 0x000000079c200000, 0x000000079c200000| Untracked 
|1475|0x000000079c300000, 0x000000079c300000, 0x000000079c400000|  0%| F|  |TAMS 0x000000079c300000, 0x000000079c300000| Untracked 
|1476|0x000000079c400000, 0x000000079c400000, 0x000000079c500000|  0%| F|  |TAMS 0x000000079c400000, 0x000000079c400000| Untracked 
|1477|0x000000079c500000, 0x000000079c500000, 0x000000079c600000|  0%| F|  |TAMS 0x000000079c500000, 0x000000079c500000| Untracked 
|1478|0x000000079c600000, 0x000000079c600000, 0x000000079c700000|  0%| F|  |TAMS 0x000000079c600000, 0x000000079c600000| Untracked 
|1479|0x000000079c700000, 0x000000079c700000, 0x000000079c800000|  0%| F|  |TAMS 0x000000079c700000, 0x000000079c700000| Untracked 
|1480|0x000000079c800000, 0x000000079c800000, 0x000000079c900000|  0%| F|  |TAMS 0x000000079c800000, 0x000000079c800000| Untracked 
|1481|0x000000079c900000, 0x000000079c900000, 0x000000079ca00000|  0%| F|  |TAMS 0x000000079c900000, 0x000000079c900000| Untracked 
|1482|0x000000079ca00000, 0x000000079ca00000, 0x000000079cb00000|  0%| F|  |TAMS 0x000000079ca00000, 0x000000079ca00000| Untracked 
|1483|0x000000079cb00000, 0x000000079cb00000, 0x000000079cc00000|  0%| F|  |TAMS 0x000000079cb00000, 0x000000079cb00000| Untracked 
|1484|0x000000079cc00000, 0x000000079cc00000, 0x000000079cd00000|  0%| F|  |TAMS 0x000000079cc00000, 0x000000079cc00000| Untracked 
|1485|0x000000079cd00000, 0x000000079cd00000, 0x000000079ce00000|  0%| F|  |TAMS 0x000000079cd00000, 0x000000079cd00000| Untracked 
|1486|0x000000079ce00000, 0x000000079ce00000, 0x000000079cf00000|  0%| F|  |TAMS 0x000000079ce00000, 0x000000079ce00000| Untracked 
|1487|0x000000079cf00000, 0x000000079cf00000, 0x000000079d000000|  0%| F|  |TAMS 0x000000079cf00000, 0x000000079cf00000| Untracked 
|1488|0x000000079d000000, 0x000000079d000000, 0x000000079d100000|  0%| F|  |TAMS 0x000000079d000000, 0x000000079d000000| Untracked 
|1489|0x000000079d100000, 0x000000079d100000, 0x000000079d200000|  0%| F|  |TAMS 0x000000079d100000, 0x000000079d100000| Untracked 
|1490|0x000000079d200000, 0x000000079d200000, 0x000000079d300000|  0%| F|  |TAMS 0x000000079d200000, 0x000000079d200000| Untracked 
|1491|0x000000079d300000, 0x000000079d300000, 0x000000079d400000|  0%| F|  |TAMS 0x000000079d300000, 0x000000079d300000| Untracked 
|1492|0x000000079d400000, 0x000000079d400000, 0x000000079d500000|  0%| F|  |TAMS 0x000000079d400000, 0x000000079d400000| Untracked 
|1493|0x000000079d500000, 0x000000079d500000, 0x000000079d600000|  0%| F|  |TAMS 0x000000079d500000, 0x000000079d500000| Untracked 
|1494|0x000000079d600000, 0x000000079d600000, 0x000000079d700000|  0%| F|  |TAMS 0x000000079d600000, 0x000000079d600000| Untracked 
|1495|0x000000079d700000, 0x000000079d700000, 0x000000079d800000|  0%| F|  |TAMS 0x000000079d700000, 0x000000079d700000| Untracked 
|1496|0x000000079d800000, 0x000000079d800000, 0x000000079d900000|  0%| F|  |TAMS 0x000000079d800000, 0x000000079d800000| Untracked 
|1497|0x000000079d900000, 0x000000079d900000, 0x000000079da00000|  0%| F|  |TAMS 0x000000079d900000, 0x000000079d900000| Untracked 
|1498|0x000000079da00000, 0x000000079da00000, 0x000000079db00000|  0%| F|  |TAMS 0x000000079da00000, 0x000000079da00000| Untracked 
|1499|0x000000079db00000, 0x000000079db00000, 0x000000079dc00000|  0%| F|  |TAMS 0x000000079db00000, 0x000000079db00000| Untracked 
|1500|0x000000079dc00000, 0x000000079dc00000, 0x000000079dd00000|  0%| F|  |TAMS 0x000000079dc00000, 0x000000079dc00000| Untracked 
|1501|0x000000079dd00000, 0x000000079dd00000, 0x000000079de00000|  0%| F|  |TAMS 0x000000079dd00000, 0x000000079dd00000| Untracked 
|1502|0x000000079de00000, 0x000000079de00000, 0x000000079df00000|  0%| F|  |TAMS 0x000000079de00000, 0x000000079de00000| Untracked 
|1503|0x000000079df00000, 0x000000079df00000, 0x000000079e000000|  0%| F|  |TAMS 0x000000079df00000, 0x000000079df00000| Untracked 
|1504|0x000000079e000000, 0x000000079e000000, 0x000000079e100000|  0%| F|  |TAMS 0x000000079e000000, 0x000000079e000000| Untracked 
|1505|0x000000079e100000, 0x000000079e100000, 0x000000079e200000|  0%| F|  |TAMS 0x000000079e100000, 0x000000079e100000| Untracked 
|1506|0x000000079e200000, 0x000000079e200000, 0x000000079e300000|  0%| F|  |TAMS 0x000000079e200000, 0x000000079e200000| Untracked 
|1507|0x000000079e300000, 0x000000079e300000, 0x000000079e400000|  0%| F|  |TAMS 0x000000079e300000, 0x000000079e300000| Untracked 
|1508|0x000000079e400000, 0x000000079e400000, 0x000000079e500000|  0%| F|  |TAMS 0x000000079e400000, 0x000000079e400000| Untracked 
|1509|0x000000079e500000, 0x000000079e500000, 0x000000079e600000|  0%| F|  |TAMS 0x000000079e500000, 0x000000079e500000| Untracked 
|1510|0x000000079e600000, 0x000000079e600000, 0x000000079e700000|  0%| F|  |TAMS 0x000000079e600000, 0x000000079e600000| Untracked 
|1511|0x000000079e700000, 0x000000079e700000, 0x000000079e800000|  0%| F|  |TAMS 0x000000079e700000, 0x000000079e700000| Untracked 
|1512|0x000000079e800000, 0x000000079e800000, 0x000000079e900000|  0%| F|  |TAMS 0x000000079e800000, 0x000000079e800000| Untracked 
|1513|0x000000079e900000, 0x000000079e900000, 0x000000079ea00000|  0%| F|  |TAMS 0x000000079e900000, 0x000000079e900000| Untracked 
|1514|0x000000079ea00000, 0x000000079ea00000, 0x000000079eb00000|  0%| F|  |TAMS 0x000000079ea00000, 0x000000079ea00000| Untracked 
|1515|0x000000079eb00000, 0x000000079eb00000, 0x000000079ec00000|  0%| F|  |TAMS 0x000000079eb00000, 0x000000079eb00000| Untracked 
|1516|0x000000079ec00000, 0x000000079ec00000, 0x000000079ed00000|  0%| F|  |TAMS 0x000000079ec00000, 0x000000079ec00000| Untracked 
|1517|0x000000079ed00000, 0x000000079ed00000, 0x000000079ee00000|  0%| F|  |TAMS 0x000000079ed00000, 0x000000079ed00000| Untracked 
|1518|0x000000079ee00000, 0x000000079ee00000, 0x000000079ef00000|  0%| F|  |TAMS 0x000000079ee00000, 0x000000079ee00000| Untracked 
|1519|0x000000079ef00000, 0x000000079ef00000, 0x000000079f000000|  0%| F|  |TAMS 0x000000079ef00000, 0x000000079ef00000| Untracked 
|1520|0x000000079f000000, 0x000000079f000000, 0x000000079f100000|  0%| F|  |TAMS 0x000000079f000000, 0x000000079f000000| Untracked 
|1521|0x000000079f100000, 0x000000079f100000, 0x000000079f200000|  0%| F|  |TAMS 0x000000079f100000, 0x000000079f100000| Untracked 
|1522|0x000000079f200000, 0x000000079f200000, 0x000000079f300000|  0%| F|  |TAMS 0x000000079f200000, 0x000000079f200000| Untracked 
|1523|0x000000079f300000, 0x000000079f300000, 0x000000079f400000|  0%| F|  |TAMS 0x000000079f300000, 0x000000079f300000| Untracked 
|1524|0x000000079f400000, 0x000000079f400000, 0x000000079f500000|  0%| F|  |TAMS 0x000000079f400000, 0x000000079f400000| Untracked 
|1525|0x000000079f500000, 0x000000079f500000, 0x000000079f600000|  0%| F|  |TAMS 0x000000079f500000, 0x000000079f500000| Untracked 
|1526|0x000000079f600000, 0x000000079f600000, 0x000000079f700000|  0%| F|  |TAMS 0x000000079f600000, 0x000000079f600000| Untracked 
|1527|0x000000079f700000, 0x000000079f700000, 0x000000079f800000|  0%| F|  |TAMS 0x000000079f700000, 0x000000079f700000| Untracked 
|1528|0x000000079f800000, 0x000000079f800000, 0x000000079f900000|  0%| F|  |TAMS 0x000000079f800000, 0x000000079f800000| Untracked 
|1529|0x000000079f900000, 0x000000079f900000, 0x000000079fa00000|  0%| F|  |TAMS 0x000000079f900000, 0x000000079f900000| Untracked 
|1530|0x000000079fa00000, 0x000000079fa00000, 0x000000079fb00000|  0%| F|  |TAMS 0x000000079fa00000, 0x000000079fa00000| Untracked 
|1531|0x000000079fb00000, 0x000000079fb00000, 0x000000079fc00000|  0%| F|  |TAMS 0x000000079fb00000, 0x000000079fb00000| Untracked 
|1532|0x000000079fc00000, 0x000000079fc00000, 0x000000079fd00000|  0%| F|  |TAMS 0x000000079fc00000, 0x000000079fc00000| Untracked 
|1533|0x000000079fd00000, 0x000000079fd00000, 0x000000079fe00000|  0%| F|  |TAMS 0x000000079fd00000, 0x000000079fd00000| Untracked 
|1534|0x000000079fe00000, 0x000000079fe00000, 0x000000079ff00000|  0%| F|  |TAMS 0x000000079fe00000, 0x000000079fe00000| Untracked 
|1535|0x000000079ff00000, 0x000000079ff00000, 0x00000007a0000000|  0%| F|  |TAMS 0x000000079ff00000, 0x000000079ff00000| Untracked 
|1536|0x00000007a0000000, 0x00000007a0000000, 0x00000007a0100000|  0%| F|  |TAMS 0x00000007a0000000, 0x00000007a0000000| Untracked 
|1537|0x00000007a0100000, 0x00000007a0100000, 0x00000007a0200000|  0%| F|  |TAMS 0x00000007a0100000, 0x00000007a0100000| Untracked 
|1538|0x00000007a0200000, 0x00000007a0200000, 0x00000007a0300000|  0%| F|  |TAMS 0x00000007a0200000, 0x00000007a0200000| Untracked 
|1539|0x00000007a0300000, 0x00000007a0300000, 0x00000007a0400000|  0%| F|  |TAMS 0x00000007a0300000, 0x00000007a0300000| Untracked 
|1540|0x00000007a0400000, 0x00000007a0400000, 0x00000007a0500000|  0%| F|  |TAMS 0x00000007a0400000, 0x00000007a0400000| Untracked 
|1541|0x00000007a0500000, 0x00000007a0500000, 0x00000007a0600000|  0%| F|  |TAMS 0x00000007a0500000, 0x00000007a0500000| Untracked 
|1542|0x00000007a0600000, 0x00000007a0600000, 0x00000007a0700000|  0%| F|  |TAMS 0x00000007a0600000, 0x00000007a0600000| Untracked 
|1543|0x00000007a0700000, 0x00000007a0700000, 0x00000007a0800000|  0%| F|  |TAMS 0x00000007a0700000, 0x00000007a0700000| Untracked 
|1544|0x00000007a0800000, 0x00000007a0800000, 0x00000007a0900000|  0%| F|  |TAMS 0x00000007a0800000, 0x00000007a0800000| Untracked 
|1545|0x00000007a0900000, 0x00000007a0900000, 0x00000007a0a00000|  0%| F|  |TAMS 0x00000007a0900000, 0x00000007a0900000| Untracked 
|1546|0x00000007a0a00000, 0x00000007a0a00000, 0x00000007a0b00000|  0%| F|  |TAMS 0x00000007a0a00000, 0x00000007a0a00000| Untracked 
|1547|0x00000007a0b00000, 0x00000007a0b00000, 0x00000007a0c00000|  0%| F|  |TAMS 0x00000007a0b00000, 0x00000007a0b00000| Untracked 
|1548|0x00000007a0c00000, 0x00000007a0c00000, 0x00000007a0d00000|  0%| F|  |TAMS 0x00000007a0c00000, 0x00000007a0c00000| Untracked 
|1549|0x00000007a0d00000, 0x00000007a0d00000, 0x00000007a0e00000|  0%| F|  |TAMS 0x00000007a0d00000, 0x00000007a0d00000| Untracked 
|1550|0x00000007a0e00000, 0x00000007a0e00000, 0x00000007a0f00000|  0%| F|  |TAMS 0x00000007a0e00000, 0x00000007a0e00000| Untracked 
|1551|0x00000007a0f00000, 0x00000007a0f00000, 0x00000007a1000000|  0%| F|  |TAMS 0x00000007a0f00000, 0x00000007a0f00000| Untracked 
|1552|0x00000007a1000000, 0x00000007a1000000, 0x00000007a1100000|  0%| F|  |TAMS 0x00000007a1000000, 0x00000007a1000000| Untracked 
|1553|0x00000007a1100000, 0x00000007a1100000, 0x00000007a1200000|  0%| F|  |TAMS 0x00000007a1100000, 0x00000007a1100000| Untracked 
|1554|0x00000007a1200000, 0x00000007a1200000, 0x00000007a1300000|  0%| F|  |TAMS 0x00000007a1200000, 0x00000007a1200000| Untracked 
|1555|0x00000007a1300000, 0x00000007a1300000, 0x00000007a1400000|  0%| F|  |TAMS 0x00000007a1300000, 0x00000007a1300000| Untracked 
|1556|0x00000007a1400000, 0x00000007a1400000, 0x00000007a1500000|  0%| F|  |TAMS 0x00000007a1400000, 0x00000007a1400000| Untracked 
|1557|0x00000007a1500000, 0x00000007a1500000, 0x00000007a1600000|  0%| F|  |TAMS 0x00000007a1500000, 0x00000007a1500000| Untracked 
|1558|0x00000007a1600000, 0x00000007a1600000, 0x00000007a1700000|  0%| F|  |TAMS 0x00000007a1600000, 0x00000007a1600000| Untracked 
|1559|0x00000007a1700000, 0x00000007a1700000, 0x00000007a1800000|  0%| F|  |TAMS 0x00000007a1700000, 0x00000007a1700000| Untracked 
|1560|0x00000007a1800000, 0x00000007a1800000, 0x00000007a1900000|  0%| F|  |TAMS 0x00000007a1800000, 0x00000007a1800000| Untracked 
|1561|0x00000007a1900000, 0x00000007a1900000, 0x00000007a1a00000|  0%| F|  |TAMS 0x00000007a1900000, 0x00000007a1900000| Untracked 
|1562|0x00000007a1a00000, 0x00000007a1a00000, 0x00000007a1b00000|  0%| F|  |TAMS 0x00000007a1a00000, 0x00000007a1a00000| Untracked 
|1563|0x00000007a1b00000, 0x00000007a1b00000, 0x00000007a1c00000|  0%| F|  |TAMS 0x00000007a1b00000, 0x00000007a1b00000| Untracked 
|1564|0x00000007a1c00000, 0x00000007a1c00000, 0x00000007a1d00000|  0%| F|  |TAMS 0x00000007a1c00000, 0x00000007a1c00000| Untracked 
|1565|0x00000007a1d00000, 0x00000007a1d00000, 0x00000007a1e00000|  0%| F|  |TAMS 0x00000007a1d00000, 0x00000007a1d00000| Untracked 
|1566|0x00000007a1e00000, 0x00000007a1e00000, 0x00000007a1f00000|  0%| F|  |TAMS 0x00000007a1e00000, 0x00000007a1e00000| Untracked 
|1567|0x00000007a1f00000, 0x00000007a1f00000, 0x00000007a2000000|  0%| F|  |TAMS 0x00000007a1f00000, 0x00000007a1f00000| Untracked 
|1568|0x00000007a2000000, 0x00000007a2000000, 0x00000007a2100000|  0%| F|  |TAMS 0x00000007a2000000, 0x00000007a2000000| Untracked 
|1569|0x00000007a2100000, 0x00000007a2100000, 0x00000007a2200000|  0%| F|  |TAMS 0x00000007a2100000, 0x00000007a2100000| Untracked 
|1570|0x00000007a2200000, 0x00000007a2200000, 0x00000007a2300000|  0%| F|  |TAMS 0x00000007a2200000, 0x00000007a2200000| Untracked 
|1571|0x00000007a2300000, 0x00000007a2300000, 0x00000007a2400000|  0%| F|  |TAMS 0x00000007a2300000, 0x00000007a2300000| Untracked 
|1572|0x00000007a2400000, 0x00000007a2400000, 0x00000007a2500000|  0%| F|  |TAMS 0x00000007a2400000, 0x00000007a2400000| Untracked 
|1573|0x00000007a2500000, 0x00000007a2500000, 0x00000007a2600000|  0%| F|  |TAMS 0x00000007a2500000, 0x00000007a2500000| Untracked 
|1574|0x00000007a2600000, 0x00000007a2600000, 0x00000007a2700000|  0%| F|  |TAMS 0x00000007a2600000, 0x00000007a2600000| Untracked 
|1575|0x00000007a2700000, 0x00000007a2700000, 0x00000007a2800000|  0%| F|  |TAMS 0x00000007a2700000, 0x00000007a2700000| Untracked 
|1576|0x00000007a2800000, 0x00000007a2800000, 0x00000007a2900000|  0%| F|  |TAMS 0x00000007a2800000, 0x00000007a2800000| Untracked 
|1577|0x00000007a2900000, 0x00000007a2900000, 0x00000007a2a00000|  0%| F|  |TAMS 0x00000007a2900000, 0x00000007a2900000| Untracked 
|1578|0x00000007a2a00000, 0x00000007a2a00000, 0x00000007a2b00000|  0%| F|  |TAMS 0x00000007a2a00000, 0x00000007a2a00000| Untracked 
|1579|0x00000007a2b00000, 0x00000007a2b00000, 0x00000007a2c00000|  0%| F|  |TAMS 0x00000007a2b00000, 0x00000007a2b00000| Untracked 
|1580|0x00000007a2c00000, 0x00000007a2c00000, 0x00000007a2d00000|  0%| F|  |TAMS 0x00000007a2c00000, 0x00000007a2c00000| Untracked 
|1581|0x00000007a2d00000, 0x00000007a2d00000, 0x00000007a2e00000|  0%| F|  |TAMS 0x00000007a2d00000, 0x00000007a2d00000| Untracked 
|1582|0x00000007a2e00000, 0x00000007a2e00000, 0x00000007a2f00000|  0%| F|  |TAMS 0x00000007a2e00000, 0x00000007a2e00000| Untracked 
|1583|0x00000007a2f00000, 0x00000007a2f00000, 0x00000007a3000000|  0%| F|  |TAMS 0x00000007a2f00000, 0x00000007a2f00000| Untracked 
|1584|0x00000007a3000000, 0x00000007a3000000, 0x00000007a3100000|  0%| F|  |TAMS 0x00000007a3000000, 0x00000007a3000000| Untracked 
|1585|0x00000007a3100000, 0x00000007a3100000, 0x00000007a3200000|  0%| F|  |TAMS 0x00000007a3100000, 0x00000007a3100000| Untracked 
|1586|0x00000007a3200000, 0x00000007a3200000, 0x00000007a3300000|  0%| F|  |TAMS 0x00000007a3200000, 0x00000007a3200000| Untracked 
|1587|0x00000007a3300000, 0x00000007a3300000, 0x00000007a3400000|  0%| F|  |TAMS 0x00000007a3300000, 0x00000007a3300000| Untracked 
|1588|0x00000007a3400000, 0x00000007a3400000, 0x00000007a3500000|  0%| F|  |TAMS 0x00000007a3400000, 0x00000007a3400000| Untracked 
|1589|0x00000007a3500000, 0x00000007a3500000, 0x00000007a3600000|  0%| F|  |TAMS 0x00000007a3500000, 0x00000007a3500000| Untracked 
|1590|0x00000007a3600000, 0x00000007a3600000, 0x00000007a3700000|  0%| F|  |TAMS 0x00000007a3600000, 0x00000007a3600000| Untracked 
|1591|0x00000007a3700000, 0x00000007a3700000, 0x00000007a3800000|  0%| F|  |TAMS 0x00000007a3700000, 0x00000007a3700000| Untracked 
|1592|0x00000007a3800000, 0x00000007a3800000, 0x00000007a3900000|  0%| F|  |TAMS 0x00000007a3800000, 0x00000007a3800000| Untracked 
|1593|0x00000007a3900000, 0x00000007a3900000, 0x00000007a3a00000|  0%| F|  |TAMS 0x00000007a3900000, 0x00000007a3900000| Untracked 
|1594|0x00000007a3a00000, 0x00000007a3a00000, 0x00000007a3b00000|  0%| F|  |TAMS 0x00000007a3a00000, 0x00000007a3a00000| Untracked 
|1595|0x00000007a3b00000, 0x00000007a3b00000, 0x00000007a3c00000|  0%| F|  |TAMS 0x00000007a3b00000, 0x00000007a3b00000| Untracked 
|1596|0x00000007a3c00000, 0x00000007a3c00000, 0x00000007a3d00000|  0%| F|  |TAMS 0x00000007a3c00000, 0x00000007a3c00000| Untracked 
|1597|0x00000007a3d00000, 0x00000007a3d00000, 0x00000007a3e00000|  0%| F|  |TAMS 0x00000007a3d00000, 0x00000007a3d00000| Untracked 
|1598|0x00000007a3e00000, 0x00000007a3e00000, 0x00000007a3f00000|  0%| F|  |TAMS 0x00000007a3e00000, 0x00000007a3e00000| Untracked 
|1599|0x00000007a3f00000, 0x00000007a3f00000, 0x00000007a4000000|  0%| F|  |TAMS 0x00000007a3f00000, 0x00000007a3f00000| Untracked 
|1600|0x00000007a4000000, 0x00000007a4000000, 0x00000007a4100000|  0%| F|  |TAMS 0x00000007a4000000, 0x00000007a4000000| Untracked 
|1601|0x00000007a4100000, 0x00000007a4100000, 0x00000007a4200000|  0%| F|  |TAMS 0x00000007a4100000, 0x00000007a4100000| Untracked 
|1602|0x00000007a4200000, 0x00000007a4200000, 0x00000007a4300000|  0%| F|  |TAMS 0x00000007a4200000, 0x00000007a4200000| Untracked 
|1603|0x00000007a4300000, 0x00000007a4300000, 0x00000007a4400000|  0%| F|  |TAMS 0x00000007a4300000, 0x00000007a4300000| Untracked 
|1604|0x00000007a4400000, 0x00000007a4400000, 0x00000007a4500000|  0%| F|  |TAMS 0x00000007a4400000, 0x00000007a4400000| Untracked 
|1605|0x00000007a4500000, 0x00000007a4500000, 0x00000007a4600000|  0%| F|  |TAMS 0x00000007a4500000, 0x00000007a4500000| Untracked 
|1606|0x00000007a4600000, 0x00000007a4600000, 0x00000007a4700000|  0%| F|  |TAMS 0x00000007a4600000, 0x00000007a4600000| Untracked 
|1607|0x00000007a4700000, 0x00000007a4700000, 0x00000007a4800000|  0%| F|  |TAMS 0x00000007a4700000, 0x00000007a4700000| Untracked 
|1608|0x00000007a4800000, 0x00000007a4800000, 0x00000007a4900000|  0%| F|  |TAMS 0x00000007a4800000, 0x00000007a4800000| Untracked 
|1609|0x00000007a4900000, 0x00000007a4900000, 0x00000007a4a00000|  0%| F|  |TAMS 0x00000007a4900000, 0x00000007a4900000| Untracked 
|1610|0x00000007a4a00000, 0x00000007a4a00000, 0x00000007a4b00000|  0%| F|  |TAMS 0x00000007a4a00000, 0x00000007a4a00000| Untracked 
|1611|0x00000007a4b00000, 0x00000007a4b00000, 0x00000007a4c00000|  0%| F|  |TAMS 0x00000007a4b00000, 0x00000007a4b00000| Untracked 
|1612|0x00000007a4c00000, 0x00000007a4c00000, 0x00000007a4d00000|  0%| F|  |TAMS 0x00000007a4c00000, 0x00000007a4c00000| Untracked 
|1613|0x00000007a4d00000, 0x00000007a4d00000, 0x00000007a4e00000|  0%| F|  |TAMS 0x00000007a4d00000, 0x00000007a4d00000| Untracked 
|1614|0x00000007a4e00000, 0x00000007a4e00000, 0x00000007a4f00000|  0%| F|  |TAMS 0x00000007a4e00000, 0x00000007a4e00000| Untracked 
|1615|0x00000007a4f00000, 0x00000007a4f00000, 0x00000007a5000000|  0%| F|  |TAMS 0x00000007a4f00000, 0x00000007a4f00000| Untracked 
|1616|0x00000007a5000000, 0x00000007a5000000, 0x00000007a5100000|  0%| F|  |TAMS 0x00000007a5000000, 0x00000007a5000000| Untracked 
|1617|0x00000007a5100000, 0x00000007a5100000, 0x00000007a5200000|  0%| F|  |TAMS 0x00000007a5100000, 0x00000007a5100000| Untracked 
|1618|0x00000007a5200000, 0x00000007a5200000, 0x00000007a5300000|  0%| F|  |TAMS 0x00000007a5200000, 0x00000007a5200000| Untracked 
|1619|0x00000007a5300000, 0x00000007a5300000, 0x00000007a5400000|  0%| F|  |TAMS 0x00000007a5300000, 0x00000007a5300000| Untracked 
|1620|0x00000007a5400000, 0x00000007a5400000, 0x00000007a5500000|  0%| F|  |TAMS 0x00000007a5400000, 0x00000007a5400000| Untracked 
|1621|0x00000007a5500000, 0x00000007a5500000, 0x00000007a5600000|  0%| F|  |TAMS 0x00000007a5500000, 0x00000007a5500000| Untracked 
|1622|0x00000007a5600000, 0x00000007a5600000, 0x00000007a5700000|  0%| F|  |TAMS 0x00000007a5600000, 0x00000007a5600000| Untracked 
|1623|0x00000007a5700000, 0x00000007a5700000, 0x00000007a5800000|  0%| F|  |TAMS 0x00000007a5700000, 0x00000007a5700000| Untracked 
|1624|0x00000007a5800000, 0x00000007a5800000, 0x00000007a5900000|  0%| F|  |TAMS 0x00000007a5800000, 0x00000007a5800000| Untracked 
|1625|0x00000007a5900000, 0x00000007a5900000, 0x00000007a5a00000|  0%| F|  |TAMS 0x00000007a5900000, 0x00000007a5900000| Untracked 
|1626|0x00000007a5a00000, 0x00000007a5a00000, 0x00000007a5b00000|  0%| F|  |TAMS 0x00000007a5a00000, 0x00000007a5a00000| Untracked 
|1627|0x00000007a5b00000, 0x00000007a5b00000, 0x00000007a5c00000|  0%| F|  |TAMS 0x00000007a5b00000, 0x00000007a5b00000| Untracked 
|1628|0x00000007a5c00000, 0x00000007a5c00000, 0x00000007a5d00000|  0%| F|  |TAMS 0x00000007a5c00000, 0x00000007a5c00000| Untracked 
|1629|0x00000007a5d00000, 0x00000007a5d00000, 0x00000007a5e00000|  0%| F|  |TAMS 0x00000007a5d00000, 0x00000007a5d00000| Untracked 
|1630|0x00000007a5e00000, 0x00000007a5e00000, 0x00000007a5f00000|  0%| F|  |TAMS 0x00000007a5e00000, 0x00000007a5e00000| Untracked 
|1631|0x00000007a5f00000, 0x00000007a5f00000, 0x00000007a6000000|  0%| F|  |TAMS 0x00000007a5f00000, 0x00000007a5f00000| Untracked 
|1632|0x00000007a6000000, 0x00000007a6000000, 0x00000007a6100000|  0%| F|  |TAMS 0x00000007a6000000, 0x00000007a6000000| Untracked 
|1633|0x00000007a6100000, 0x00000007a6100000, 0x00000007a6200000|  0%| F|  |TAMS 0x00000007a6100000, 0x00000007a6100000| Untracked 
|1634|0x00000007a6200000, 0x00000007a6200000, 0x00000007a6300000|  0%| F|  |TAMS 0x00000007a6200000, 0x00000007a6200000| Untracked 
|1635|0x00000007a6300000, 0x00000007a6300000, 0x00000007a6400000|  0%| F|  |TAMS 0x00000007a6300000, 0x00000007a6300000| Untracked 
|1636|0x00000007a6400000, 0x00000007a6400000, 0x00000007a6500000|  0%| F|  |TAMS 0x00000007a6400000, 0x00000007a6400000| Untracked 
|1637|0x00000007a6500000, 0x00000007a6500000, 0x00000007a6600000|  0%| F|  |TAMS 0x00000007a6500000, 0x00000007a6500000| Untracked 
|1638|0x00000007a6600000, 0x00000007a6600000, 0x00000007a6700000|  0%| F|  |TAMS 0x00000007a6600000, 0x00000007a6600000| Untracked 
|1639|0x00000007a6700000, 0x00000007a6700000, 0x00000007a6800000|  0%| F|  |TAMS 0x00000007a6700000, 0x00000007a6700000| Untracked 
|1640|0x00000007a6800000, 0x00000007a6800000, 0x00000007a6900000|  0%| F|  |TAMS 0x00000007a6800000, 0x00000007a6800000| Untracked 
|1641|0x00000007a6900000, 0x00000007a6900000, 0x00000007a6a00000|  0%| F|  |TAMS 0x00000007a6900000, 0x00000007a6900000| Untracked 
|1642|0x00000007a6a00000, 0x00000007a6a00000, 0x00000007a6b00000|  0%| F|  |TAMS 0x00000007a6a00000, 0x00000007a6a00000| Untracked 
|1643|0x00000007a6b00000, 0x00000007a6b00000, 0x00000007a6c00000|  0%| F|  |TAMS 0x00000007a6b00000, 0x00000007a6b00000| Untracked 
|1644|0x00000007a6c00000, 0x00000007a6c00000, 0x00000007a6d00000|  0%| F|  |TAMS 0x00000007a6c00000, 0x00000007a6c00000| Untracked 
|1645|0x00000007a6d00000, 0x00000007a6d00000, 0x00000007a6e00000|  0%| F|  |TAMS 0x00000007a6d00000, 0x00000007a6d00000| Untracked 
|1646|0x00000007a6e00000, 0x00000007a6e00000, 0x00000007a6f00000|  0%| F|  |TAMS 0x00000007a6e00000, 0x00000007a6e00000| Untracked 
|1647|0x00000007a6f00000, 0x00000007a6f00000, 0x00000007a7000000|  0%| F|  |TAMS 0x00000007a6f00000, 0x00000007a6f00000| Untracked 
|1648|0x00000007a7000000, 0x00000007a7000000, 0x00000007a7100000|  0%| F|  |TAMS 0x00000007a7000000, 0x00000007a7000000| Untracked 
|1649|0x00000007a7100000, 0x00000007a7100000, 0x00000007a7200000|  0%| F|  |TAMS 0x00000007a7100000, 0x00000007a7100000| Untracked 
|1650|0x00000007a7200000, 0x00000007a7200000, 0x00000007a7300000|  0%| F|  |TAMS 0x00000007a7200000, 0x00000007a7200000| Untracked 
|1651|0x00000007a7300000, 0x00000007a7300000, 0x00000007a7400000|  0%| F|  |TAMS 0x00000007a7300000, 0x00000007a7300000| Untracked 
|1652|0x00000007a7400000, 0x00000007a7400000, 0x00000007a7500000|  0%| F|  |TAMS 0x00000007a7400000, 0x00000007a7400000| Untracked 
|1653|0x00000007a7500000, 0x00000007a7500000, 0x00000007a7600000|  0%| F|  |TAMS 0x00000007a7500000, 0x00000007a7500000| Untracked 
|1654|0x00000007a7600000, 0x00000007a7600000, 0x00000007a7700000|  0%| F|  |TAMS 0x00000007a7600000, 0x00000007a7600000| Untracked 
|1655|0x00000007a7700000, 0x00000007a7700000, 0x00000007a7800000|  0%| F|  |TAMS 0x00000007a7700000, 0x00000007a7700000| Untracked 
|1656|0x00000007a7800000, 0x00000007a7800000, 0x00000007a7900000|  0%| F|  |TAMS 0x00000007a7800000, 0x00000007a7800000| Untracked 
|1657|0x00000007a7900000, 0x00000007a7900000, 0x00000007a7a00000|  0%| F|  |TAMS 0x00000007a7900000, 0x00000007a7900000| Untracked 
|1658|0x00000007a7a00000, 0x00000007a7a00000, 0x00000007a7b00000|  0%| F|  |TAMS 0x00000007a7a00000, 0x00000007a7a00000| Untracked 
|1659|0x00000007a7b00000, 0x00000007a7b00000, 0x00000007a7c00000|  0%| F|  |TAMS 0x00000007a7b00000, 0x00000007a7b00000| Untracked 
|1660|0x00000007a7c00000, 0x00000007a7c00000, 0x00000007a7d00000|  0%| F|  |TAMS 0x00000007a7c00000, 0x00000007a7c00000| Untracked 
|1661|0x00000007a7d00000, 0x00000007a7d00000, 0x00000007a7e00000|  0%| F|  |TAMS 0x00000007a7d00000, 0x00000007a7d00000| Untracked 
|1662|0x00000007a7e00000, 0x00000007a7e00000, 0x00000007a7f00000|  0%| F|  |TAMS 0x00000007a7e00000, 0x00000007a7e00000| Untracked 
|1663|0x00000007a7f00000, 0x00000007a7f00000, 0x00000007a8000000|  0%| F|  |TAMS 0x00000007a7f00000, 0x00000007a7f00000| Untracked 
|1664|0x00000007a8000000, 0x00000007a8000000, 0x00000007a8100000|  0%| F|  |TAMS 0x00000007a8000000, 0x00000007a8000000| Untracked 
|1665|0x00000007a8100000, 0x00000007a8100000, 0x00000007a8200000|  0%| F|  |TAMS 0x00000007a8100000, 0x00000007a8100000| Untracked 
|1666|0x00000007a8200000, 0x00000007a8200000, 0x00000007a8300000|  0%| F|  |TAMS 0x00000007a8200000, 0x00000007a8200000| Untracked 
|1667|0x00000007a8300000, 0x00000007a8300000, 0x00000007a8400000|  0%| F|  |TAMS 0x00000007a8300000, 0x00000007a8300000| Untracked 
|1668|0x00000007a8400000, 0x00000007a8400000, 0x00000007a8500000|  0%| F|  |TAMS 0x00000007a8400000, 0x00000007a8400000| Untracked 
|1669|0x00000007a8500000, 0x00000007a8500000, 0x00000007a8600000|  0%| F|  |TAMS 0x00000007a8500000, 0x00000007a8500000| Untracked 
|1670|0x00000007a8600000, 0x00000007a8600000, 0x00000007a8700000|  0%| F|  |TAMS 0x00000007a8600000, 0x00000007a8600000| Untracked 
|1671|0x00000007a8700000, 0x00000007a8700000, 0x00000007a8800000|  0%| F|  |TAMS 0x00000007a8700000, 0x00000007a8700000| Untracked 
|1672|0x00000007a8800000, 0x00000007a8800000, 0x00000007a8900000|  0%| F|  |TAMS 0x00000007a8800000, 0x00000007a8800000| Untracked 
|1673|0x00000007a8900000, 0x00000007a8900000, 0x00000007a8a00000|  0%| F|  |TAMS 0x00000007a8900000, 0x00000007a8900000| Untracked 
|1674|0x00000007a8a00000, 0x00000007a8a00000, 0x00000007a8b00000|  0%| F|  |TAMS 0x00000007a8a00000, 0x00000007a8a00000| Untracked 
|1675|0x00000007a8b00000, 0x00000007a8b00000, 0x00000007a8c00000|  0%| F|  |TAMS 0x00000007a8b00000, 0x00000007a8b00000| Untracked 
|1676|0x00000007a8c00000, 0x00000007a8c00000, 0x00000007a8d00000|  0%| F|  |TAMS 0x00000007a8c00000, 0x00000007a8c00000| Untracked 
|1677|0x00000007a8d00000, 0x00000007a8d00000, 0x00000007a8e00000|  0%| F|  |TAMS 0x00000007a8d00000, 0x00000007a8d00000| Untracked 
|1678|0x00000007a8e00000, 0x00000007a8e00000, 0x00000007a8f00000|  0%| F|  |TAMS 0x00000007a8e00000, 0x00000007a8e00000| Untracked 
|1679|0x00000007a8f00000, 0x00000007a8f00000, 0x00000007a9000000|  0%| F|  |TAMS 0x00000007a8f00000, 0x00000007a8f00000| Untracked 
|1680|0x00000007a9000000, 0x00000007a9000000, 0x00000007a9100000|  0%| F|  |TAMS 0x00000007a9000000, 0x00000007a9000000| Untracked 
|1681|0x00000007a9100000, 0x00000007a9100000, 0x00000007a9200000|  0%| F|  |TAMS 0x00000007a9100000, 0x00000007a9100000| Untracked 
|1682|0x00000007a9200000, 0x00000007a9200000, 0x00000007a9300000|  0%| F|  |TAMS 0x00000007a9200000, 0x00000007a9200000| Untracked 
|1683|0x00000007a9300000, 0x00000007a9300000, 0x00000007a9400000|  0%| F|  |TAMS 0x00000007a9300000, 0x00000007a9300000| Untracked 
|1684|0x00000007a9400000, 0x00000007a9400000, 0x00000007a9500000|  0%| F|  |TAMS 0x00000007a9400000, 0x00000007a9400000| Untracked 
|1685|0x00000007a9500000, 0x00000007a9500000, 0x00000007a9600000|  0%| F|  |TAMS 0x00000007a9500000, 0x00000007a9500000| Untracked 
|1686|0x00000007a9600000, 0x00000007a9600000, 0x00000007a9700000|  0%| F|  |TAMS 0x00000007a9600000, 0x00000007a9600000| Untracked 
|1687|0x00000007a9700000, 0x00000007a9700000, 0x00000007a9800000|  0%| F|  |TAMS 0x00000007a9700000, 0x00000007a9700000| Untracked 
|1688|0x00000007a9800000, 0x00000007a9800000, 0x00000007a9900000|  0%| F|  |TAMS 0x00000007a9800000, 0x00000007a9800000| Untracked 
|1689|0x00000007a9900000, 0x00000007a9900000, 0x00000007a9a00000|  0%| F|  |TAMS 0x00000007a9900000, 0x00000007a9900000| Untracked 
|1690|0x00000007a9a00000, 0x00000007a9a00000, 0x00000007a9b00000|  0%| F|  |TAMS 0x00000007a9a00000, 0x00000007a9a00000| Untracked 
|1691|0x00000007a9b00000, 0x00000007a9b00000, 0x00000007a9c00000|  0%| F|  |TAMS 0x00000007a9b00000, 0x00000007a9b00000| Untracked 
|1692|0x00000007a9c00000, 0x00000007a9c00000, 0x00000007a9d00000|  0%| F|  |TAMS 0x00000007a9c00000, 0x00000007a9c00000| Untracked 
|1693|0x00000007a9d00000, 0x00000007a9d00000, 0x00000007a9e00000|  0%| F|  |TAMS 0x00000007a9d00000, 0x00000007a9d00000| Untracked 
|1694|0x00000007a9e00000, 0x00000007a9e00000, 0x00000007a9f00000|  0%| F|  |TAMS 0x00000007a9e00000, 0x00000007a9e00000| Untracked 
|1695|0x00000007a9f00000, 0x00000007a9f00000, 0x00000007aa000000|  0%| F|  |TAMS 0x00000007a9f00000, 0x00000007a9f00000| Untracked 
|1696|0x00000007aa000000, 0x00000007aa000000, 0x00000007aa100000|  0%| F|  |TAMS 0x00000007aa000000, 0x00000007aa000000| Untracked 
|1697|0x00000007aa100000, 0x00000007aa100000, 0x00000007aa200000|  0%| F|  |TAMS 0x00000007aa100000, 0x00000007aa100000| Untracked 
|1698|0x00000007aa200000, 0x00000007aa200000, 0x00000007aa300000|  0%| F|  |TAMS 0x00000007aa200000, 0x00000007aa200000| Untracked 
|1699|0x00000007aa300000, 0x00000007aa300000, 0x00000007aa400000|  0%| F|  |TAMS 0x00000007aa300000, 0x00000007aa300000| Untracked 
|1700|0x00000007aa400000, 0x00000007aa400000, 0x00000007aa500000|  0%| F|  |TAMS 0x00000007aa400000, 0x00000007aa400000| Untracked 
|1701|0x00000007aa500000, 0x00000007aa500000, 0x00000007aa600000|  0%| F|  |TAMS 0x00000007aa500000, 0x00000007aa500000| Untracked 
|1702|0x00000007aa600000, 0x00000007aa600000, 0x00000007aa700000|  0%| F|  |TAMS 0x00000007aa600000, 0x00000007aa600000| Untracked 
|1703|0x00000007aa700000, 0x00000007aa700000, 0x00000007aa800000|  0%| F|  |TAMS 0x00000007aa700000, 0x00000007aa700000| Untracked 
|1704|0x00000007aa800000, 0x00000007aa800000, 0x00000007aa900000|  0%| F|  |TAMS 0x00000007aa800000, 0x00000007aa800000| Untracked 
|1705|0x00000007aa900000, 0x00000007aa900000, 0x00000007aaa00000|  0%| F|  |TAMS 0x00000007aa900000, 0x00000007aa900000| Untracked 
|1706|0x00000007aaa00000, 0x00000007aaa00000, 0x00000007aab00000|  0%| F|  |TAMS 0x00000007aaa00000, 0x00000007aaa00000| Untracked 
|1707|0x00000007aab00000, 0x00000007aab00000, 0x00000007aac00000|  0%| F|  |TAMS 0x00000007aab00000, 0x00000007aab00000| Untracked 
|1708|0x00000007aac00000, 0x00000007aac00000, 0x00000007aad00000|  0%| F|  |TAMS 0x00000007aac00000, 0x00000007aac00000| Untracked 
|1709|0x00000007aad00000, 0x00000007aad00000, 0x00000007aae00000|  0%| F|  |TAMS 0x00000007aad00000, 0x00000007aad00000| Untracked 
|1710|0x00000007aae00000, 0x00000007aae00000, 0x00000007aaf00000|  0%| F|  |TAMS 0x00000007aae00000, 0x00000007aae00000| Untracked 
|1711|0x00000007aaf00000, 0x00000007aaf00000, 0x00000007ab000000|  0%| F|  |TAMS 0x00000007aaf00000, 0x00000007aaf00000| Untracked 
|1712|0x00000007ab000000, 0x00000007ab000000, 0x00000007ab100000|  0%| F|  |TAMS 0x00000007ab000000, 0x00000007ab000000| Untracked 
|1713|0x00000007ab100000, 0x00000007ab100000, 0x00000007ab200000|  0%| F|  |TAMS 0x00000007ab100000, 0x00000007ab100000| Untracked 
|1714|0x00000007ab200000, 0x00000007ab200000, 0x00000007ab300000|  0%| F|  |TAMS 0x00000007ab200000, 0x00000007ab200000| Untracked 
|1715|0x00000007ab300000, 0x00000007ab300000, 0x00000007ab400000|  0%| F|  |TAMS 0x00000007ab300000, 0x00000007ab300000| Untracked 
|1716|0x00000007ab400000, 0x00000007ab400000, 0x00000007ab500000|  0%| F|  |TAMS 0x00000007ab400000, 0x00000007ab400000| Untracked 
|1717|0x00000007ab500000, 0x00000007ab500000, 0x00000007ab600000|  0%| F|  |TAMS 0x00000007ab500000, 0x00000007ab500000| Untracked 
|1718|0x00000007ab600000, 0x00000007ab600000, 0x00000007ab700000|  0%| F|  |TAMS 0x00000007ab600000, 0x00000007ab600000| Untracked 
|1719|0x00000007ab700000, 0x00000007ab700000, 0x00000007ab800000|  0%| F|  |TAMS 0x00000007ab700000, 0x00000007ab700000| Untracked 
|1720|0x00000007ab800000, 0x00000007ab800000, 0x00000007ab900000|  0%| F|  |TAMS 0x00000007ab800000, 0x00000007ab800000| Untracked 
|1721|0x00000007ab900000, 0x00000007ab900000, 0x00000007aba00000|  0%| F|  |TAMS 0x00000007ab900000, 0x00000007ab900000| Untracked 
|1722|0x00000007aba00000, 0x00000007aba00000, 0x00000007abb00000|  0%| F|  |TAMS 0x00000007aba00000, 0x00000007aba00000| Untracked 
|1723|0x00000007abb00000, 0x00000007abb00000, 0x00000007abc00000|  0%| F|  |TAMS 0x00000007abb00000, 0x00000007abb00000| Untracked 
|1724|0x00000007abc00000, 0x00000007abc00000, 0x00000007abd00000|  0%| F|  |TAMS 0x00000007abc00000, 0x00000007abc00000| Untracked 
|1725|0x00000007abd00000, 0x00000007abd00000, 0x00000007abe00000|  0%| F|  |TAMS 0x00000007abd00000, 0x00000007abd00000| Untracked 
|1726|0x00000007abe00000, 0x00000007abe00000, 0x00000007abf00000|  0%| F|  |TAMS 0x00000007abe00000, 0x00000007abe00000| Untracked 
|1727|0x00000007abf00000, 0x00000007abf00000, 0x00000007ac000000|  0%| F|  |TAMS 0x00000007abf00000, 0x00000007abf00000| Untracked 
|1728|0x00000007ac000000, 0x00000007ac000000, 0x00000007ac100000|  0%| F|  |TAMS 0x00000007ac000000, 0x00000007ac000000| Untracked 
|1729|0x00000007ac100000, 0x00000007ac100000, 0x00000007ac200000|  0%| F|  |TAMS 0x00000007ac100000, 0x00000007ac100000| Untracked 
|1730|0x00000007ac200000, 0x00000007ac200000, 0x00000007ac300000|  0%| F|  |TAMS 0x00000007ac200000, 0x00000007ac200000| Untracked 
|1731|0x00000007ac300000, 0x00000007ac300000, 0x00000007ac400000|  0%| F|  |TAMS 0x00000007ac300000, 0x00000007ac300000| Untracked 
|1732|0x00000007ac400000, 0x00000007ac400000, 0x00000007ac500000|  0%| F|  |TAMS 0x00000007ac400000, 0x00000007ac400000| Untracked 
|1733|0x00000007ac500000, 0x00000007ac500000, 0x00000007ac600000|  0%| F|  |TAMS 0x00000007ac500000, 0x00000007ac500000| Untracked 
|1734|0x00000007ac600000, 0x00000007ac600000, 0x00000007ac700000|  0%| F|  |TAMS 0x00000007ac600000, 0x00000007ac600000| Untracked 
|1735|0x00000007ac700000, 0x00000007ac700000, 0x00000007ac800000|  0%| F|  |TAMS 0x00000007ac700000, 0x00000007ac700000| Untracked 
|1736|0x00000007ac800000, 0x00000007ac800000, 0x00000007ac900000|  0%| F|  |TAMS 0x00000007ac800000, 0x00000007ac800000| Untracked 
|1737|0x00000007ac900000, 0x00000007ac900000, 0x00000007aca00000|  0%| F|  |TAMS 0x00000007ac900000, 0x00000007ac900000| Untracked 
|1738|0x00000007aca00000, 0x00000007aca00000, 0x00000007acb00000|  0%| F|  |TAMS 0x00000007aca00000, 0x00000007aca00000| Untracked 
|1739|0x00000007acb00000, 0x00000007acb00000, 0x00000007acc00000|  0%| F|  |TAMS 0x00000007acb00000, 0x00000007acb00000| Untracked 
|1740|0x00000007acc00000, 0x00000007acc00000, 0x00000007acd00000|  0%| F|  |TAMS 0x00000007acc00000, 0x00000007acc00000| Untracked 
|1741|0x00000007acd00000, 0x00000007acd00000, 0x00000007ace00000|  0%| F|  |TAMS 0x00000007acd00000, 0x00000007acd00000| Untracked 
|1742|0x00000007ace00000, 0x00000007ace00000, 0x00000007acf00000|  0%| F|  |TAMS 0x00000007ace00000, 0x00000007ace00000| Untracked 
|1743|0x00000007acf00000, 0x00000007acf00000, 0x00000007ad000000|  0%| F|  |TAMS 0x00000007acf00000, 0x00000007acf00000| Untracked 
|1744|0x00000007ad000000, 0x00000007ad000000, 0x00000007ad100000|  0%| F|  |TAMS 0x00000007ad000000, 0x00000007ad000000| Untracked 
|1745|0x00000007ad100000, 0x00000007ad100000, 0x00000007ad200000|  0%| F|  |TAMS 0x00000007ad100000, 0x00000007ad100000| Untracked 
|1746|0x00000007ad200000, 0x00000007ad200000, 0x00000007ad300000|  0%| F|  |TAMS 0x00000007ad200000, 0x00000007ad200000| Untracked 
|1747|0x00000007ad300000, 0x00000007ad300000, 0x00000007ad400000|  0%| F|  |TAMS 0x00000007ad300000, 0x00000007ad300000| Untracked 
|1748|0x00000007ad400000, 0x00000007ad400000, 0x00000007ad500000|  0%| F|  |TAMS 0x00000007ad400000, 0x00000007ad400000| Untracked 
|1749|0x00000007ad500000, 0x00000007ad500000, 0x00000007ad600000|  0%| F|  |TAMS 0x00000007ad500000, 0x00000007ad500000| Untracked 
|1750|0x00000007ad600000, 0x00000007ad600000, 0x00000007ad700000|  0%| F|  |TAMS 0x00000007ad600000, 0x00000007ad600000| Untracked 
|1751|0x00000007ad700000, 0x00000007ad700000, 0x00000007ad800000|  0%| F|  |TAMS 0x00000007ad700000, 0x00000007ad700000| Untracked 
|1752|0x00000007ad800000, 0x00000007ad800000, 0x00000007ad900000|  0%| F|  |TAMS 0x00000007ad800000, 0x00000007ad800000| Untracked 
|1753|0x00000007ad900000, 0x00000007ad900000, 0x00000007ada00000|  0%| F|  |TAMS 0x00000007ad900000, 0x00000007ad900000| Untracked 
|1754|0x00000007ada00000, 0x00000007ada00000, 0x00000007adb00000|  0%| F|  |TAMS 0x00000007ada00000, 0x00000007ada00000| Untracked 
|1755|0x00000007adb00000, 0x00000007adb00000, 0x00000007adc00000|  0%| F|  |TAMS 0x00000007adb00000, 0x00000007adb00000| Untracked 
|1756|0x00000007adc00000, 0x00000007adc00000, 0x00000007add00000|  0%| F|  |TAMS 0x00000007adc00000, 0x00000007adc00000| Untracked 
|1757|0x00000007add00000, 0x00000007add00000, 0x00000007ade00000|  0%| F|  |TAMS 0x00000007add00000, 0x00000007add00000| Untracked 
|1758|0x00000007ade00000, 0x00000007ade00000, 0x00000007adf00000|  0%| F|  |TAMS 0x00000007ade00000, 0x00000007ade00000| Untracked 
|1759|0x00000007adf00000, 0x00000007adf00000, 0x00000007ae000000|  0%| F|  |TAMS 0x00000007adf00000, 0x00000007adf00000| Untracked 
|1760|0x00000007ae000000, 0x00000007ae000000, 0x00000007ae100000|  0%| F|  |TAMS 0x00000007ae000000, 0x00000007ae000000| Untracked 
|1761|0x00000007ae100000, 0x00000007ae100000, 0x00000007ae200000|  0%| F|  |TAMS 0x00000007ae100000, 0x00000007ae100000| Untracked 
|1762|0x00000007ae200000, 0x00000007ae200000, 0x00000007ae300000|  0%| F|  |TAMS 0x00000007ae200000, 0x00000007ae200000| Untracked 
|1763|0x00000007ae300000, 0x00000007ae300000, 0x00000007ae400000|  0%| F|  |TAMS 0x00000007ae300000, 0x00000007ae300000| Untracked 
|1764|0x00000007ae400000, 0x00000007ae400000, 0x00000007ae500000|  0%| F|  |TAMS 0x00000007ae400000, 0x00000007ae400000| Untracked 
|1765|0x00000007ae500000, 0x00000007ae500000, 0x00000007ae600000|  0%| F|  |TAMS 0x00000007ae500000, 0x00000007ae500000| Untracked 
|1766|0x00000007ae600000, 0x00000007ae600000, 0x00000007ae700000|  0%| F|  |TAMS 0x00000007ae600000, 0x00000007ae600000| Untracked 
|1767|0x00000007ae700000, 0x00000007ae700000, 0x00000007ae800000|  0%| F|  |TAMS 0x00000007ae700000, 0x00000007ae700000| Untracked 
|1768|0x00000007ae800000, 0x00000007ae800000, 0x00000007ae900000|  0%| F|  |TAMS 0x00000007ae800000, 0x00000007ae800000| Untracked 
|1769|0x00000007ae900000, 0x00000007ae900000, 0x00000007aea00000|  0%| F|  |TAMS 0x00000007ae900000, 0x00000007ae900000| Untracked 
|1770|0x00000007aea00000, 0x00000007aea00000, 0x00000007aeb00000|  0%| F|  |TAMS 0x00000007aea00000, 0x00000007aea00000| Untracked 
|1771|0x00000007aeb00000, 0x00000007aeb00000, 0x00000007aec00000|  0%| F|  |TAMS 0x00000007aeb00000, 0x00000007aeb00000| Untracked 
|1772|0x00000007aec00000, 0x00000007aec00000, 0x00000007aed00000|  0%| F|  |TAMS 0x00000007aec00000, 0x00000007aec00000| Untracked 
|1773|0x00000007aed00000, 0x00000007aed00000, 0x00000007aee00000|  0%| F|  |TAMS 0x00000007aed00000, 0x00000007aed00000| Untracked 
|1774|0x00000007aee00000, 0x00000007aee00000, 0x00000007aef00000|  0%| F|  |TAMS 0x00000007aee00000, 0x00000007aee00000| Untracked 
|1775|0x00000007aef00000, 0x00000007aef00000, 0x00000007af000000|  0%| F|  |TAMS 0x00000007aef00000, 0x00000007aef00000| Untracked 
|1776|0x00000007af000000, 0x00000007af000000, 0x00000007af100000|  0%| F|  |TAMS 0x00000007af000000, 0x00000007af000000| Untracked 
|1777|0x00000007af100000, 0x00000007af100000, 0x00000007af200000|  0%| F|  |TAMS 0x00000007af100000, 0x00000007af100000| Untracked 
|1778|0x00000007af200000, 0x00000007af200000, 0x00000007af300000|  0%| F|  |TAMS 0x00000007af200000, 0x00000007af200000| Untracked 
|1779|0x00000007af300000, 0x00000007af300000, 0x00000007af400000|  0%| F|  |TAMS 0x00000007af300000, 0x00000007af300000| Untracked 
|1780|0x00000007af400000, 0x00000007af400000, 0x00000007af500000|  0%| F|  |TAMS 0x00000007af400000, 0x00000007af400000| Untracked 
|1781|0x00000007af500000, 0x00000007af500000, 0x00000007af600000|  0%| F|  |TAMS 0x00000007af500000, 0x00000007af500000| Untracked 
|1782|0x00000007af600000, 0x00000007af600000, 0x00000007af700000|  0%| F|  |TAMS 0x00000007af600000, 0x00000007af600000| Untracked 
|1783|0x00000007af700000, 0x00000007af700000, 0x00000007af800000|  0%| F|  |TAMS 0x00000007af700000, 0x00000007af700000| Untracked 
|1784|0x00000007af800000, 0x00000007af800000, 0x00000007af900000|  0%| F|  |TAMS 0x00000007af800000, 0x00000007af800000| Untracked 
|1785|0x00000007af900000, 0x00000007af900000, 0x00000007afa00000|  0%| F|  |TAMS 0x00000007af900000, 0x00000007af900000| Untracked 
|1786|0x00000007afa00000, 0x00000007afa00000, 0x00000007afb00000|  0%| F|  |TAMS 0x00000007afa00000, 0x00000007afa00000| Untracked 
|1787|0x00000007afb00000, 0x00000007afb00000, 0x00000007afc00000|  0%| F|  |TAMS 0x00000007afb00000, 0x00000007afb00000| Untracked 
|1788|0x00000007afc00000, 0x00000007afc00000, 0x00000007afd00000|  0%| F|  |TAMS 0x00000007afc00000, 0x00000007afc00000| Untracked 
|1789|0x00000007afd00000, 0x00000007afd00000, 0x00000007afe00000|  0%| F|  |TAMS 0x00000007afd00000, 0x00000007afd00000| Untracked 
|1790|0x00000007afe00000, 0x00000007afe00000, 0x00000007aff00000|  0%| F|  |TAMS 0x00000007afe00000, 0x00000007afe00000| Untracked 
|1791|0x00000007aff00000, 0x00000007aff00000, 0x00000007b0000000|  0%| F|  |TAMS 0x00000007aff00000, 0x00000007aff00000| Untracked 
|1792|0x00000007b0000000, 0x00000007b0000000, 0x00000007b0100000|  0%| F|  |TAMS 0x00000007b0000000, 0x00000007b0000000| Untracked 
|1793|0x00000007b0100000, 0x00000007b0100000, 0x00000007b0200000|  0%| F|  |TAMS 0x00000007b0100000, 0x00000007b0100000| Untracked 
|1794|0x00000007b0200000, 0x00000007b0200000, 0x00000007b0300000|  0%| F|  |TAMS 0x00000007b0200000, 0x00000007b0200000| Untracked 
|1795|0x00000007b0300000, 0x00000007b0300000, 0x00000007b0400000|  0%| F|  |TAMS 0x00000007b0300000, 0x00000007b0300000| Untracked 
|1796|0x00000007b0400000, 0x00000007b0400000, 0x00000007b0500000|  0%| F|  |TAMS 0x00000007b0400000, 0x00000007b0400000| Untracked 
|1797|0x00000007b0500000, 0x00000007b0500000, 0x00000007b0600000|  0%| F|  |TAMS 0x00000007b0500000, 0x00000007b0500000| Untracked 
|1798|0x00000007b0600000, 0x00000007b0600000, 0x00000007b0700000|  0%| F|  |TAMS 0x00000007b0600000, 0x00000007b0600000| Untracked 
|1799|0x00000007b0700000, 0x00000007b0700000, 0x00000007b0800000|  0%| F|  |TAMS 0x00000007b0700000, 0x00000007b0700000| Untracked 
|1800|0x00000007b0800000, 0x00000007b0800000, 0x00000007b0900000|  0%| F|  |TAMS 0x00000007b0800000, 0x00000007b0800000| Untracked 
|1801|0x00000007b0900000, 0x00000007b0900000, 0x00000007b0a00000|  0%| F|  |TAMS 0x00000007b0900000, 0x00000007b0900000| Untracked 
|1802|0x00000007b0a00000, 0x00000007b0a00000, 0x00000007b0b00000|  0%| F|  |TAMS 0x00000007b0a00000, 0x00000007b0a00000| Untracked 
|1803|0x00000007b0b00000, 0x00000007b0b00000, 0x00000007b0c00000|  0%| F|  |TAMS 0x00000007b0b00000, 0x00000007b0b00000| Untracked 
|1804|0x00000007b0c00000, 0x00000007b0c00000, 0x00000007b0d00000|  0%| F|  |TAMS 0x00000007b0c00000, 0x00000007b0c00000| Untracked 
|1805|0x00000007b0d00000, 0x00000007b0d00000, 0x00000007b0e00000|  0%| F|  |TAMS 0x00000007b0d00000, 0x00000007b0d00000| Untracked 
|1806|0x00000007b0e00000, 0x00000007b0e00000, 0x00000007b0f00000|  0%| F|  |TAMS 0x00000007b0e00000, 0x00000007b0e00000| Untracked 
|1807|0x00000007b0f00000, 0x00000007b0f00000, 0x00000007b1000000|  0%| F|  |TAMS 0x00000007b0f00000, 0x00000007b0f00000| Untracked 
|1808|0x00000007b1000000, 0x00000007b1000000, 0x00000007b1100000|  0%| F|  |TAMS 0x00000007b1000000, 0x00000007b1000000| Untracked 
|1809|0x00000007b1100000, 0x00000007b1100000, 0x00000007b1200000|  0%| F|  |TAMS 0x00000007b1100000, 0x00000007b1100000| Untracked 
|1810|0x00000007b1200000, 0x00000007b1200000, 0x00000007b1300000|  0%| F|  |TAMS 0x00000007b1200000, 0x00000007b1200000| Untracked 
|1811|0x00000007b1300000, 0x00000007b1300000, 0x00000007b1400000|  0%| F|  |TAMS 0x00000007b1300000, 0x00000007b1300000| Untracked 
|1812|0x00000007b1400000, 0x00000007b1400000, 0x00000007b1500000|  0%| F|  |TAMS 0x00000007b1400000, 0x00000007b1400000| Untracked 
|1813|0x00000007b1500000, 0x00000007b1500000, 0x00000007b1600000|  0%| F|  |TAMS 0x00000007b1500000, 0x00000007b1500000| Untracked 
|1814|0x00000007b1600000, 0x00000007b1600000, 0x00000007b1700000|  0%| F|  |TAMS 0x00000007b1600000, 0x00000007b1600000| Untracked 
|1815|0x00000007b1700000, 0x00000007b1700000, 0x00000007b1800000|  0%| F|  |TAMS 0x00000007b1700000, 0x00000007b1700000| Untracked 
|1816|0x00000007b1800000, 0x00000007b1800000, 0x00000007b1900000|  0%| F|  |TAMS 0x00000007b1800000, 0x00000007b1800000| Untracked 
|1817|0x00000007b1900000, 0x00000007b1900000, 0x00000007b1a00000|  0%| F|  |TAMS 0x00000007b1900000, 0x00000007b1900000| Untracked 
|1818|0x00000007b1a00000, 0x00000007b1a00000, 0x00000007b1b00000|  0%| F|  |TAMS 0x00000007b1a00000, 0x00000007b1a00000| Untracked 
|1819|0x00000007b1b00000, 0x00000007b1b00000, 0x00000007b1c00000|  0%| F|  |TAMS 0x00000007b1b00000, 0x00000007b1b00000| Untracked 
|1820|0x00000007b1c00000, 0x00000007b1c00000, 0x00000007b1d00000|  0%| F|  |TAMS 0x00000007b1c00000, 0x00000007b1c00000| Untracked 
|1821|0x00000007b1d00000, 0x00000007b1d00000, 0x00000007b1e00000|  0%| F|  |TAMS 0x00000007b1d00000, 0x00000007b1d00000| Untracked 
|1822|0x00000007b1e00000, 0x00000007b1e00000, 0x00000007b1f00000|  0%| F|  |TAMS 0x00000007b1e00000, 0x00000007b1e00000| Untracked 
|1823|0x00000007b1f00000, 0x00000007b1f00000, 0x00000007b2000000|  0%| F|  |TAMS 0x00000007b1f00000, 0x00000007b1f00000| Untracked 
|1824|0x00000007b2000000, 0x00000007b2000000, 0x00000007b2100000|  0%| F|  |TAMS 0x00000007b2000000, 0x00000007b2000000| Untracked 
|1825|0x00000007b2100000, 0x00000007b2100000, 0x00000007b2200000|  0%| F|  |TAMS 0x00000007b2100000, 0x00000007b2100000| Untracked 
|1826|0x00000007b2200000, 0x00000007b2200000, 0x00000007b2300000|  0%| F|  |TAMS 0x00000007b2200000, 0x00000007b2200000| Untracked 
|1827|0x00000007b2300000, 0x00000007b2300000, 0x00000007b2400000|  0%| F|  |TAMS 0x00000007b2300000, 0x00000007b2300000| Untracked 
|1828|0x00000007b2400000, 0x00000007b2400000, 0x00000007b2500000|  0%| F|  |TAMS 0x00000007b2400000, 0x00000007b2400000| Untracked 
|1829|0x00000007b2500000, 0x00000007b2500000, 0x00000007b2600000|  0%| F|  |TAMS 0x00000007b2500000, 0x00000007b2500000| Untracked 
|1830|0x00000007b2600000, 0x00000007b2600000, 0x00000007b2700000|  0%| F|  |TAMS 0x00000007b2600000, 0x00000007b2600000| Untracked 
|1831|0x00000007b2700000, 0x00000007b2700000, 0x00000007b2800000|  0%| F|  |TAMS 0x00000007b2700000, 0x00000007b2700000| Untracked 
|1832|0x00000007b2800000, 0x00000007b2800000, 0x00000007b2900000|  0%| F|  |TAMS 0x00000007b2800000, 0x00000007b2800000| Untracked 
|1833|0x00000007b2900000, 0x00000007b2900000, 0x00000007b2a00000|  0%| F|  |TAMS 0x00000007b2900000, 0x00000007b2900000| Untracked 
|1834|0x00000007b2a00000, 0x00000007b2a00000, 0x00000007b2b00000|  0%| F|  |TAMS 0x00000007b2a00000, 0x00000007b2a00000| Untracked 
|1835|0x00000007b2b00000, 0x00000007b2b00000, 0x00000007b2c00000|  0%| F|  |TAMS 0x00000007b2b00000, 0x00000007b2b00000| Untracked 
|1836|0x00000007b2c00000, 0x00000007b2c00000, 0x00000007b2d00000|  0%| F|  |TAMS 0x00000007b2c00000, 0x00000007b2c00000| Untracked 
|1837|0x00000007b2d00000, 0x00000007b2d00000, 0x00000007b2e00000|  0%| F|  |TAMS 0x00000007b2d00000, 0x00000007b2d00000| Untracked 
|1838|0x00000007b2e00000, 0x00000007b2e00000, 0x00000007b2f00000|  0%| F|  |TAMS 0x00000007b2e00000, 0x00000007b2e00000| Untracked 
|1839|0x00000007b2f00000, 0x00000007b2f00000, 0x00000007b3000000|  0%| F|  |TAMS 0x00000007b2f00000, 0x00000007b2f00000| Untracked 
|1840|0x00000007b3000000, 0x00000007b3000000, 0x00000007b3100000|  0%| F|  |TAMS 0x00000007b3000000, 0x00000007b3000000| Untracked 
|1841|0x00000007b3100000, 0x00000007b3100000, 0x00000007b3200000|  0%| F|  |TAMS 0x00000007b3100000, 0x00000007b3100000| Untracked 
|1842|0x00000007b3200000, 0x00000007b3200000, 0x00000007b3300000|  0%| F|  |TAMS 0x00000007b3200000, 0x00000007b3200000| Untracked 
|1843|0x00000007b3300000, 0x00000007b3300000, 0x00000007b3400000|  0%| F|  |TAMS 0x00000007b3300000, 0x00000007b3300000| Untracked 
|1844|0x00000007b3400000, 0x00000007b3400000, 0x00000007b3500000|  0%| F|  |TAMS 0x00000007b3400000, 0x00000007b3400000| Untracked 
|1845|0x00000007b3500000, 0x00000007b3500000, 0x00000007b3600000|  0%| F|  |TAMS 0x00000007b3500000, 0x00000007b3500000| Untracked 
|1846|0x00000007b3600000, 0x00000007b3600000, 0x00000007b3700000|  0%| F|  |TAMS 0x00000007b3600000, 0x00000007b3600000| Untracked 
|1847|0x00000007b3700000, 0x00000007b3700000, 0x00000007b3800000|  0%| F|  |TAMS 0x00000007b3700000, 0x00000007b3700000| Untracked 
|1848|0x00000007b3800000, 0x00000007b3800000, 0x00000007b3900000|  0%| F|  |TAMS 0x00000007b3800000, 0x00000007b3800000| Untracked 
|1849|0x00000007b3900000, 0x00000007b3900000, 0x00000007b3a00000|  0%| F|  |TAMS 0x00000007b3900000, 0x00000007b3900000| Untracked 
|1850|0x00000007b3a00000, 0x00000007b3a00000, 0x00000007b3b00000|  0%| F|  |TAMS 0x00000007b3a00000, 0x00000007b3a00000| Untracked 
|1851|0x00000007b3b00000, 0x00000007b3b00000, 0x00000007b3c00000|  0%| F|  |TAMS 0x00000007b3b00000, 0x00000007b3b00000| Untracked 
|1852|0x00000007b3c00000, 0x00000007b3c00000, 0x00000007b3d00000|  0%| F|  |TAMS 0x00000007b3c00000, 0x00000007b3c00000| Untracked 
|1853|0x00000007b3d00000, 0x00000007b3d00000, 0x00000007b3e00000|  0%| F|  |TAMS 0x00000007b3d00000, 0x00000007b3d00000| Untracked 
|1854|0x00000007b3e00000, 0x00000007b3e00000, 0x00000007b3f00000|  0%| F|  |TAMS 0x00000007b3e00000, 0x00000007b3e00000| Untracked 
|1855|0x00000007b3f00000, 0x00000007b3f00000, 0x00000007b4000000|  0%| F|  |TAMS 0x00000007b3f00000, 0x00000007b3f00000| Untracked 
|1856|0x00000007b4000000, 0x00000007b4000000, 0x00000007b4100000|  0%| F|  |TAMS 0x00000007b4000000, 0x00000007b4000000| Untracked 
|1857|0x00000007b4100000, 0x00000007b4100000, 0x00000007b4200000|  0%| F|  |TAMS 0x00000007b4100000, 0x00000007b4100000| Untracked 
|1858|0x00000007b4200000, 0x00000007b4200000, 0x00000007b4300000|  0%| F|  |TAMS 0x00000007b4200000, 0x00000007b4200000| Untracked 
|1859|0x00000007b4300000, 0x00000007b4300000, 0x00000007b4400000|  0%| F|  |TAMS 0x00000007b4300000, 0x00000007b4300000| Untracked 
|1860|0x00000007b4400000, 0x00000007b4400000, 0x00000007b4500000|  0%| F|  |TAMS 0x00000007b4400000, 0x00000007b4400000| Untracked 
|1861|0x00000007b4500000, 0x00000007b4500000, 0x00000007b4600000|  0%| F|  |TAMS 0x00000007b4500000, 0x00000007b4500000| Untracked 
|1862|0x00000007b4600000, 0x00000007b4600000, 0x00000007b4700000|  0%| F|  |TAMS 0x00000007b4600000, 0x00000007b4600000| Untracked 
|1863|0x00000007b4700000, 0x00000007b4700000, 0x00000007b4800000|  0%| F|  |TAMS 0x00000007b4700000, 0x00000007b4700000| Untracked 
|1864|0x00000007b4800000, 0x00000007b4800000, 0x00000007b4900000|  0%| F|  |TAMS 0x00000007b4800000, 0x00000007b4800000| Untracked 
|1865|0x00000007b4900000, 0x00000007b4900000, 0x00000007b4a00000|  0%| F|  |TAMS 0x00000007b4900000, 0x00000007b4900000| Untracked 
|1866|0x00000007b4a00000, 0x00000007b4a00000, 0x00000007b4b00000|  0%| F|  |TAMS 0x00000007b4a00000, 0x00000007b4a00000| Untracked 
|1867|0x00000007b4b00000, 0x00000007b4b00000, 0x00000007b4c00000|  0%| F|  |TAMS 0x00000007b4b00000, 0x00000007b4b00000| Untracked 
|1868|0x00000007b4c00000, 0x00000007b4c00000, 0x00000007b4d00000|  0%| F|  |TAMS 0x00000007b4c00000, 0x00000007b4c00000| Untracked 
|1869|0x00000007b4d00000, 0x00000007b4d00000, 0x00000007b4e00000|  0%| F|  |TAMS 0x00000007b4d00000, 0x00000007b4d00000| Untracked 
|1870|0x00000007b4e00000, 0x00000007b4e00000, 0x00000007b4f00000|  0%| F|  |TAMS 0x00000007b4e00000, 0x00000007b4e00000| Untracked 
|1871|0x00000007b4f00000, 0x00000007b4f00000, 0x00000007b5000000|  0%| F|  |TAMS 0x00000007b4f00000, 0x00000007b4f00000| Untracked 
|1872|0x00000007b5000000, 0x00000007b5000000, 0x00000007b5100000|  0%| F|  |TAMS 0x00000007b5000000, 0x00000007b5000000| Untracked 
|1873|0x00000007b5100000, 0x00000007b5100000, 0x00000007b5200000|  0%| F|  |TAMS 0x00000007b5100000, 0x00000007b5100000| Untracked 
|1874|0x00000007b5200000, 0x00000007b5200000, 0x00000007b5300000|  0%| F|  |TAMS 0x00000007b5200000, 0x00000007b5200000| Untracked 
|1875|0x00000007b5300000, 0x00000007b5300000, 0x00000007b5400000|  0%| F|  |TAMS 0x00000007b5300000, 0x00000007b5300000| Untracked 
|1876|0x00000007b5400000, 0x00000007b5400000, 0x00000007b5500000|  0%| F|  |TAMS 0x00000007b5400000, 0x00000007b5400000| Untracked 
|1877|0x00000007b5500000, 0x00000007b5500000, 0x00000007b5600000|  0%| F|  |TAMS 0x00000007b5500000, 0x00000007b5500000| Untracked 
|1878|0x00000007b5600000, 0x00000007b5600000, 0x00000007b5700000|  0%| F|  |TAMS 0x00000007b5600000, 0x00000007b5600000| Untracked 
|1879|0x00000007b5700000, 0x00000007b5700000, 0x00000007b5800000|  0%| F|  |TAMS 0x00000007b5700000, 0x00000007b5700000| Untracked 
|1880|0x00000007b5800000, 0x00000007b5800000, 0x00000007b5900000|  0%| F|  |TAMS 0x00000007b5800000, 0x00000007b5800000| Untracked 
|1881|0x00000007b5900000, 0x00000007b5900000, 0x00000007b5a00000|  0%| F|  |TAMS 0x00000007b5900000, 0x00000007b5900000| Untracked 
|1882|0x00000007b5a00000, 0x00000007b5a00000, 0x00000007b5b00000|  0%| F|  |TAMS 0x00000007b5a00000, 0x00000007b5a00000| Untracked 
|1883|0x00000007b5b00000, 0x00000007b5b00000, 0x00000007b5c00000|  0%| F|  |TAMS 0x00000007b5b00000, 0x00000007b5b00000| Untracked 
|1884|0x00000007b5c00000, 0x00000007b5c00000, 0x00000007b5d00000|  0%| F|  |TAMS 0x00000007b5c00000, 0x00000007b5c00000| Untracked 
|1885|0x00000007b5d00000, 0x00000007b5d00000, 0x00000007b5e00000|  0%| F|  |TAMS 0x00000007b5d00000, 0x00000007b5d00000| Untracked 
|1886|0x00000007b5e00000, 0x00000007b5e00000, 0x00000007b5f00000|  0%| F|  |TAMS 0x00000007b5e00000, 0x00000007b5e00000| Untracked 
|1887|0x00000007b5f00000, 0x00000007b5f00000, 0x00000007b6000000|  0%| F|  |TAMS 0x00000007b5f00000, 0x00000007b5f00000| Untracked 
|1888|0x00000007b6000000, 0x00000007b6000000, 0x00000007b6100000|  0%| F|  |TAMS 0x00000007b6000000, 0x00000007b6000000| Untracked 
|1889|0x00000007b6100000, 0x00000007b6100000, 0x00000007b6200000|  0%| F|  |TAMS 0x00000007b6100000, 0x00000007b6100000| Untracked 
|1890|0x00000007b6200000, 0x00000007b6200000, 0x00000007b6300000|  0%| F|  |TAMS 0x00000007b6200000, 0x00000007b6200000| Untracked 
|1891|0x00000007b6300000, 0x00000007b6300000, 0x00000007b6400000|  0%| F|  |TAMS 0x00000007b6300000, 0x00000007b6300000| Untracked 
|1892|0x00000007b6400000, 0x00000007b6400000, 0x00000007b6500000|  0%| F|  |TAMS 0x00000007b6400000, 0x00000007b6400000| Untracked 
|1893|0x00000007b6500000, 0x00000007b6500000, 0x00000007b6600000|  0%| F|  |TAMS 0x00000007b6500000, 0x00000007b6500000| Untracked 
|1894|0x00000007b6600000, 0x00000007b6600000, 0x00000007b6700000|  0%| F|  |TAMS 0x00000007b6600000, 0x00000007b6600000| Untracked 
|1895|0x00000007b6700000, 0x00000007b6700000, 0x00000007b6800000|  0%| F|  |TAMS 0x00000007b6700000, 0x00000007b6700000| Untracked 
|1896|0x00000007b6800000, 0x00000007b6800000, 0x00000007b6900000|  0%| F|  |TAMS 0x00000007b6800000, 0x00000007b6800000| Untracked 
|1897|0x00000007b6900000, 0x00000007b6900000, 0x00000007b6a00000|  0%| F|  |TAMS 0x00000007b6900000, 0x00000007b6900000| Untracked 
|1898|0x00000007b6a00000, 0x00000007b6a00000, 0x00000007b6b00000|  0%| F|  |TAMS 0x00000007b6a00000, 0x00000007b6a00000| Untracked 
|1899|0x00000007b6b00000, 0x00000007b6b00000, 0x00000007b6c00000|  0%| F|  |TAMS 0x00000007b6b00000, 0x00000007b6b00000| Untracked 
|1900|0x00000007b6c00000, 0x00000007b6c00000, 0x00000007b6d00000|  0%| F|  |TAMS 0x00000007b6c00000, 0x00000007b6c00000| Untracked 
|1901|0x00000007b6d00000, 0x00000007b6d00000, 0x00000007b6e00000|  0%| F|  |TAMS 0x00000007b6d00000, 0x00000007b6d00000| Untracked 
|1902|0x00000007b6e00000, 0x00000007b6e00000, 0x00000007b6f00000|  0%| F|  |TAMS 0x00000007b6e00000, 0x00000007b6e00000| Untracked 
|1903|0x00000007b6f00000, 0x00000007b6f00000, 0x00000007b7000000|  0%| F|  |TAMS 0x00000007b6f00000, 0x00000007b6f00000| Untracked 
|1904|0x00000007b7000000, 0x00000007b7000000, 0x00000007b7100000|  0%| F|  |TAMS 0x00000007b7000000, 0x00000007b7000000| Untracked 
|1905|0x00000007b7100000, 0x00000007b7100000, 0x00000007b7200000|  0%| F|  |TAMS 0x00000007b7100000, 0x00000007b7100000| Untracked 
|1906|0x00000007b7200000, 0x00000007b7200000, 0x00000007b7300000|  0%| F|  |TAMS 0x00000007b7200000, 0x00000007b7200000| Untracked 
|1907|0x00000007b7300000, 0x00000007b7300000, 0x00000007b7400000|  0%| F|  |TAMS 0x00000007b7300000, 0x00000007b7300000| Untracked 
|1908|0x00000007b7400000, 0x00000007b7400000, 0x00000007b7500000|  0%| F|  |TAMS 0x00000007b7400000, 0x00000007b7400000| Untracked 
|1909|0x00000007b7500000, 0x00000007b7500000, 0x00000007b7600000|  0%| F|  |TAMS 0x00000007b7500000, 0x00000007b7500000| Untracked 
|1910|0x00000007b7600000, 0x00000007b7600000, 0x00000007b7700000|  0%| F|  |TAMS 0x00000007b7600000, 0x00000007b7600000| Untracked 
|1911|0x00000007b7700000, 0x00000007b7700000, 0x00000007b7800000|  0%| F|  |TAMS 0x00000007b7700000, 0x00000007b7700000| Untracked 
|1912|0x00000007b7800000, 0x00000007b7800000, 0x00000007b7900000|  0%| F|  |TAMS 0x00000007b7800000, 0x00000007b7800000| Untracked 
|1913|0x00000007b7900000, 0x00000007b7900000, 0x00000007b7a00000|  0%| F|  |TAMS 0x00000007b7900000, 0x00000007b7900000| Untracked 
|1914|0x00000007b7a00000, 0x00000007b7a00000, 0x00000007b7b00000|  0%| F|  |TAMS 0x00000007b7a00000, 0x00000007b7a00000| Untracked 
|1915|0x00000007b7b00000, 0x00000007b7b00000, 0x00000007b7c00000|  0%| F|  |TAMS 0x00000007b7b00000, 0x00000007b7b00000| Untracked 
|1916|0x00000007b7c00000, 0x00000007b7c00000, 0x00000007b7d00000|  0%| F|  |TAMS 0x00000007b7c00000, 0x00000007b7c00000| Untracked 
|1917|0x00000007b7d00000, 0x00000007b7d00000, 0x00000007b7e00000|  0%| F|  |TAMS 0x00000007b7d00000, 0x00000007b7d00000| Untracked 
|1918|0x00000007b7e00000, 0x00000007b7e00000, 0x00000007b7f00000|  0%| F|  |TAMS 0x00000007b7e00000, 0x00000007b7e00000| Untracked 
|1919|0x00000007b7f00000, 0x00000007b7f00000, 0x00000007b8000000|  0%| F|  |TAMS 0x00000007b7f00000, 0x00000007b7f00000| Untracked 
|1920|0x00000007b8000000, 0x00000007b8000000, 0x00000007b8100000|  0%| F|  |TAMS 0x00000007b8000000, 0x00000007b8000000| Untracked 
|1921|0x00000007b8100000, 0x00000007b8100000, 0x00000007b8200000|  0%| F|  |TAMS 0x00000007b8100000, 0x00000007b8100000| Untracked 
|1922|0x00000007b8200000, 0x00000007b8200000, 0x00000007b8300000|  0%| F|  |TAMS 0x00000007b8200000, 0x00000007b8200000| Untracked 
|1923|0x00000007b8300000, 0x00000007b8300000, 0x00000007b8400000|  0%| F|  |TAMS 0x00000007b8300000, 0x00000007b8300000| Untracked 
|1924|0x00000007b8400000, 0x00000007b8400000, 0x00000007b8500000|  0%| F|  |TAMS 0x00000007b8400000, 0x00000007b8400000| Untracked 
|1925|0x00000007b8500000, 0x00000007b853e648, 0x00000007b8600000| 24%| S|CS|TAMS 0x00000007b8500000, 0x00000007b8500000| Complete 
|1926|0x00000007b8600000, 0x00000007b8600000, 0x00000007b8700000|  0%| F|  |TAMS 0x00000007b8600000, 0x00000007b8600000| Untracked 
|1927|0x00000007b8700000, 0x00000007b8700000, 0x00000007b8800000|  0%| F|  |TAMS 0x00000007b8700000, 0x00000007b8700000| Untracked 
|1928|0x00000007b8800000, 0x00000007b8800000, 0x00000007b8900000|  0%| F|  |TAMS 0x00000007b8800000, 0x00000007b8800000| Untracked 
|1929|0x00000007b8900000, 0x00000007b8900000, 0x00000007b8a00000|  0%| F|  |TAMS 0x00000007b8900000, 0x00000007b8900000| Untracked 
|1930|0x00000007b8a00000, 0x00000007b8b00000, 0x00000007b8b00000|100%| S|CS|TAMS 0x00000007b8a00000, 0x00000007b8a00000| Complete 
|1931|0x00000007b8b00000, 0x00000007b8c00000, 0x00000007b8c00000|100%| S|CS|TAMS 0x00000007b8b00000, 0x00000007b8b00000| Complete 
|1932|0x00000007b8c00000, 0x00000007b8d00000, 0x00000007b8d00000|100%| S|CS|TAMS 0x00000007b8c00000, 0x00000007b8c00000| Complete 
|1933|0x00000007b8d00000, 0x00000007b8e00000, 0x00000007b8e00000|100%| S|CS|TAMS 0x00000007b8d00000, 0x00000007b8d00000| Complete 
|1934|0x00000007b8e00000, 0x00000007b8e00000, 0x00000007b8f00000|  0%| F|  |TAMS 0x00000007b8e00000, 0x00000007b8e00000| Untracked 
|1935|0x00000007b8f00000, 0x00000007b8f00000, 0x00000007b9000000|  0%| F|  |TAMS 0x00000007b8f00000, 0x00000007b8f00000| Untracked 
|1936|0x00000007b9000000, 0x00000007b9000000, 0x00000007b9100000|  0%| F|  |TAMS 0x00000007b9000000, 0x00000007b9000000| Untracked 
|1937|0x00000007b9100000, 0x00000007b9100000, 0x00000007b9200000|  0%| F|  |TAMS 0x00000007b9100000, 0x00000007b9100000| Untracked 
|1938|0x00000007b9200000, 0x00000007b9200000, 0x00000007b9300000|  0%| F|  |TAMS 0x00000007b9200000, 0x00000007b9200000| Untracked 
|1939|0x00000007b9300000, 0x00000007b9300000, 0x00000007b9400000|  0%| F|  |TAMS 0x00000007b9300000, 0x00000007b9300000| Untracked 
|1940|0x00000007b9400000, 0x00000007b9400000, 0x00000007b9500000|  0%| F|  |TAMS 0x00000007b9400000, 0x00000007b9400000| Untracked 
|1941|0x00000007b9500000, 0x00000007b9500000, 0x00000007b9600000|  0%| F|  |TAMS 0x00000007b9500000, 0x00000007b9500000| Untracked 
|1942|0x00000007b9600000, 0x00000007b9600000, 0x00000007b9700000|  0%| F|  |TAMS 0x00000007b9600000, 0x00000007b9600000| Untracked 
|1943|0x00000007b9700000, 0x00000007b9700000, 0x00000007b9800000|  0%| F|  |TAMS 0x00000007b9700000, 0x00000007b9700000| Untracked 
|1944|0x00000007b9800000, 0x00000007b9800000, 0x00000007b9900000|  0%| F|  |TAMS 0x00000007b9800000, 0x00000007b9800000| Untracked 
|1945|0x00000007b9900000, 0x00000007b9900000, 0x00000007b9a00000|  0%| F|  |TAMS 0x00000007b9900000, 0x00000007b9900000| Untracked 
|1946|0x00000007b9a00000, 0x00000007b9a00000, 0x00000007b9b00000|  0%| F|  |TAMS 0x00000007b9a00000, 0x00000007b9a00000| Untracked 
|1947|0x00000007b9b00000, 0x00000007b9b00000, 0x00000007b9c00000|  0%| F|  |TAMS 0x00000007b9b00000, 0x00000007b9b00000| Untracked 
|1948|0x00000007b9c00000, 0x00000007b9c00000, 0x00000007b9d00000|  0%| F|  |TAMS 0x00000007b9c00000, 0x00000007b9c00000| Untracked 
|1949|0x00000007b9d00000, 0x00000007b9d00000, 0x00000007b9e00000|  0%| F|  |TAMS 0x00000007b9d00000, 0x00000007b9d00000| Untracked 
|1950|0x00000007b9e00000, 0x00000007b9e00000, 0x00000007b9f00000|  0%| F|  |TAMS 0x00000007b9e00000, 0x00000007b9e00000| Untracked 
|1951|0x00000007b9f00000, 0x00000007b9f00000, 0x00000007ba000000|  0%| F|  |TAMS 0x00000007b9f00000, 0x00000007b9f00000| Untracked 
|1952|0x00000007ba000000, 0x00000007ba000000, 0x00000007ba100000|  0%| F|  |TAMS 0x00000007ba000000, 0x00000007ba000000| Untracked 
|1953|0x00000007ba100000, 0x00000007ba100000, 0x00000007ba200000|  0%| F|  |TAMS 0x00000007ba100000, 0x00000007ba100000| Untracked 
|1954|0x00000007ba200000, 0x00000007ba200000, 0x00000007ba300000|  0%| F|  |TAMS 0x00000007ba200000, 0x00000007ba200000| Untracked 
|1955|0x00000007ba300000, 0x00000007ba300000, 0x00000007ba400000|  0%| F|  |TAMS 0x00000007ba300000, 0x00000007ba300000| Untracked 
|1956|0x00000007ba400000, 0x00000007ba400000, 0x00000007ba500000|  0%| F|  |TAMS 0x00000007ba400000, 0x00000007ba400000| Untracked 
|1957|0x00000007ba500000, 0x00000007ba500000, 0x00000007ba600000|  0%| F|  |TAMS 0x00000007ba500000, 0x00000007ba500000| Untracked 
|1958|0x00000007ba600000, 0x00000007ba600000, 0x00000007ba700000|  0%| F|  |TAMS 0x00000007ba600000, 0x00000007ba600000| Untracked 
|1959|0x00000007ba700000, 0x00000007ba72b6a0, 0x00000007ba800000| 16%| E|  |TAMS 0x00000007ba700000, 0x00000007ba700000| Complete 
|1960|0x00000007ba800000, 0x00000007ba900000, 0x00000007ba900000|100%| E|CS|TAMS 0x00000007ba800000, 0x00000007ba800000| Complete 
|1961|0x00000007ba900000, 0x00000007baa00000, 0x00000007baa00000|100%| E|CS|TAMS 0x00000007ba900000, 0x00000007ba900000| Complete 
|1962|0x00000007baa00000, 0x00000007bab00000, 0x00000007bab00000|100%| E|CS|TAMS 0x00000007baa00000, 0x00000007baa00000| Complete 
|1963|0x00000007bab00000, 0x00000007bac00000, 0x00000007bac00000|100%| E|CS|TAMS 0x00000007bab00000, 0x00000007bab00000| Complete 
|1964|0x00000007bac00000, 0x00000007bad00000, 0x00000007bad00000|100%| E|CS|TAMS 0x00000007bac00000, 0x00000007bac00000| Complete 
|1965|0x00000007bad00000, 0x00000007bae00000, 0x00000007bae00000|100%| E|CS|TAMS 0x00000007bad00000, 0x00000007bad00000| Complete 
|1966|0x00000007bae00000, 0x00000007baf00000, 0x00000007baf00000|100%| E|CS|TAMS 0x00000007bae00000, 0x00000007bae00000| Complete 
|1967|0x00000007baf00000, 0x00000007bb000000, 0x00000007bb000000|100%| E|CS|TAMS 0x00000007baf00000, 0x00000007baf00000| Complete 
|1968|0x00000007bb000000, 0x00000007bb100000, 0x00000007bb100000|100%| E|CS|TAMS 0x00000007bb000000, 0x00000007bb000000| Complete 
|1969|0x00000007bb100000, 0x00000007bb200000, 0x00000007bb200000|100%| E|CS|TAMS 0x00000007bb100000, 0x00000007bb100000| Complete 
|1970|0x00000007bb200000, 0x00000007bb300000, 0x00000007bb300000|100%| E|CS|TAMS 0x00000007bb200000, 0x00000007bb200000| Complete 
|1971|0x00000007bb300000, 0x00000007bb400000, 0x00000007bb400000|100%| E|CS|TAMS 0x00000007bb300000, 0x00000007bb300000| Complete 
|1972|0x00000007bb400000, 0x00000007bb500000, 0x00000007bb500000|100%| E|CS|TAMS 0x00000007bb400000, 0x00000007bb400000| Complete 
|1973|0x00000007bb500000, 0x00000007bb600000, 0x00000007bb600000|100%| E|CS|TAMS 0x00000007bb500000, 0x00000007bb500000| Complete 
|1974|0x00000007bb600000, 0x00000007bb700000, 0x00000007bb700000|100%| E|CS|TAMS 0x00000007bb600000, 0x00000007bb600000| Complete 
|1975|0x00000007bb700000, 0x00000007bb800000, 0x00000007bb800000|100%| E|CS|TAMS 0x00000007bb700000, 0x00000007bb700000| Complete 
|1976|0x00000007bb800000, 0x00000007bb900000, 0x00000007bb900000|100%| E|CS|TAMS 0x00000007bb800000, 0x00000007bb800000| Complete 
|1977|0x00000007bb900000, 0x00000007bba00000, 0x00000007bba00000|100%| E|CS|TAMS 0x00000007bb900000, 0x00000007bb900000| Complete 
|1978|0x00000007bba00000, 0x00000007bbb00000, 0x00000007bbb00000|100%| E|CS|TAMS 0x00000007bba00000, 0x00000007bba00000| Complete 
|1979|0x00000007bbb00000, 0x00000007bbc00000, 0x00000007bbc00000|100%| E|CS|TAMS 0x00000007bbb00000, 0x00000007bbb00000| Complete 
|1980|0x00000007bbc00000, 0x00000007bbd00000, 0x00000007bbd00000|100%| E|CS|TAMS 0x00000007bbc00000, 0x00000007bbc00000| Complete 
|1981|0x00000007bbd00000, 0x00000007bbe00000, 0x00000007bbe00000|100%| E|CS|TAMS 0x00000007bbd00000, 0x00000007bbd00000| Complete 
|1982|0x00000007bbe00000, 0x00000007bbf00000, 0x00000007bbf00000|100%| E|CS|TAMS 0x00000007bbe00000, 0x00000007bbe00000| Complete 
|1983|0x00000007bbf00000, 0x00000007bc000000, 0x00000007bc000000|100%| E|CS|TAMS 0x00000007bbf00000, 0x00000007bbf00000| Complete 
|1984|0x00000007bc000000, 0x00000007bc100000, 0x00000007bc100000|100%| E|  |TAMS 0x00000007bc000000, 0x00000007bc000000| Complete 
|1985|0x00000007bc100000, 0x00000007bc200000, 0x00000007bc200000|100%| E|CS|TAMS 0x00000007bc100000, 0x00000007bc100000| Complete 
|1986|0x00000007bc200000, 0x00000007bc300000, 0x00000007bc300000|100%| E|CS|TAMS 0x00000007bc200000, 0x00000007bc200000| Complete 
|1987|0x00000007bc300000, 0x00000007bc400000, 0x00000007bc400000|100%| E|CS|TAMS 0x00000007bc300000, 0x00000007bc300000| Complete 
|1988|0x00000007bc400000, 0x00000007bc500000, 0x00000007bc500000|100%| E|CS|TAMS 0x00000007bc400000, 0x00000007bc400000| Complete 
|1989|0x00000007bc500000, 0x00000007bc600000, 0x00000007bc600000|100%| E|CS|TAMS 0x00000007bc500000, 0x00000007bc500000| Complete 

Card table byte_map: [0x0000020f22780000,0x0000020f22d80000] _byte_map_base: 0x0000020f1ed80000

Marking Bits (Prev, Next): (CMBitMap*) 0x0000020f257a2860, (CMBitMap*) 0x0000020f257a2828
 Prev Bits: [0x0000020f414c0000, 0x0000020f444c0000)
 Next Bits: [0x0000020f3e4c0000, 0x0000020f414c0000)

Polling page: 0x0000020f1c7e0000

Metaspace:

Usage:
  Non-class:     93.91 MB capacity,    92.74 MB ( 99%) used,   904.59 KB ( <1%) free+waste,   290.25 KB ( <1%) overhead. 
      Class:     15.21 MB capacity,    14.35 MB ( 94%) used,   742.77 KB (  5%) free+waste,   134.81 KB ( <1%) overhead. 
       Both:    109.12 MB capacity,   107.09 MB ( 98%) used,     1.61 MB (  1%) free+waste,   425.06 KB ( <1%) overhead. 

Virtual space:
  Non-class space:       96.00 MB reserved,      94.91 MB ( 99%) committed 
      Class space:        1.00 GB reserved,      15.82 MB (  2%) committed 
             Both:        1.09 GB reserved,     110.73 MB ( 10%) committed 

Chunk freelists:
   Non-Class:  958.00 KB
       Class:  523.00 KB
        Both:  1.45 MB

MaxMetaspaceSize: 17179869184.00 GB
CompressedClassSpaceSize: 1.00 GB

CodeHeap 'non-profiled nmethods': size=119168Kb used=29040Kb max_used=30340Kb free=90128Kb
 bounds [0x0000020f37060000, 0x0000020f38e10000, 0x0000020f3e4c0000]
CodeHeap 'profiled nmethods': size=119168Kb used=52514Kb max_used=53680Kb free=66653Kb
 bounds [0x0000020f2fc00000, 0x0000020f330e0000, 0x0000020f37060000]
CodeHeap 'non-nmethods': size=7424Kb used=1727Kb max_used=3473Kb free=5696Kb
 bounds [0x0000020f2f4c0000, 0x0000020f2f8c0000, 0x0000020f2fc00000]
 total_blobs=23417 nmethods=22088 adapters=1230
 compilation: enabled
              stopped_count=0, restarted_count=0
 full_count=0

Compilation events (20 events):
Event: 4497.123 Thread 0x0000020f0acf2800 28917       4       ui.views.x.b.p::aqC (320 bytes)
Event: 4497.127 Thread 0x0000020f0acf2800 nmethod 28917 0x0000020f372f1590 code [0x0000020f372f1740, 0x0000020f372f24b8]
Event: 4497.129 Thread 0x0000020f25a83000 28919       3       ui.views.x.b.p::o (57 bytes)
Event: 4497.130 Thread 0x0000020f25a83000 nmethod 28919 0x0000020f3008ff90 code [0x0000020f300901c0, 0x0000020f30090968]
Event: 4497.130 Thread 0x0000020f25a83000 28918       3       ui.views.x.b.p::d (66 bytes)
Event: 4497.131 Thread 0x0000020f25a83000 nmethod 28918 0x0000020f30095c90 code [0x0000020f30095f20, 0x0000020f30096c28]
Event: 4497.131 Thread 0x0000020f25a80000 28920       4       javax.swing.tree.DefaultMutableTreeNode::getIndex (33 bytes)
Event: 4497.131 Thread 0x0000020f0acf2800 28921       4       ui.views.x.b.d::getChildren (18 bytes)
Event: 4497.131 Thread 0x0000020f0acf2800 nmethod 28921 0x0000020f372f1310 code [0x0000020f372f14a0, 0x0000020f372f1518]
Event: 4497.131 Thread 0x0000020f0acf2800 28922       4       ui.views.x.b.p::a (216 bytes)
Event: 4497.133 Thread 0x0000020f25a80000 nmethod 28920 0x0000020f372f0990 code [0x0000020f372f0b40, 0x0000020f372f1058]
Event: 4497.133 Thread 0x0000020f25a80000 28924       4       javax.swing.tree.VariableHeightLayoutCache::treeNodesInserted (264 bytes)
Event: 4497.143 Thread 0x0000020f25a83000 28926       3       javax.swing.text.BoxView::isAllocationValid (20 bytes)
Event: 4497.143 Thread 0x0000020f25a83000 nmethod 28926 0x0000020f2fc50710 code [0x0000020f2fc508c0, 0x0000020f2fc50a58]
Event: 4497.144 Thread 0x0000020f25a80000 nmethod 28924 0x0000020f372ef110 code [0x0000020f372ef3a0, 0x0000020f372eff98]
Event: 4497.144 Thread 0x0000020f25a80000 28923       4       javax.swing.plaf.basic.BasicTreeUI$Handler::treeNodesInserted (111 bytes)
Event: 4497.156 Thread 0x0000020f25a80000 nmethod 28923 0x0000020f372ed690 code [0x0000020f372ed920, 0x0000020f372ee620]
Event: 4497.156 Thread 0x0000020f25a80000 28925       4       javax.swing.JComponent::removeNotify (55 bytes)
Event: 4497.196 Thread 0x0000020f25a80000 nmethod 28925 0x0000020f376c2990 code [0x0000020f376c2ce0, 0x0000020f376c67d8]
Event: 4497.205 Thread 0x0000020f0acf2800 nmethod 28922 0x0000020f37785390 code [0x0000020f377856c0, 0x0000020f37788940]

GC Heap History (20 events):
Event: 4496.387 GC heap before
{Heap before GC invocations=496 (full 32):
 garbage-first heap   total 1975296K, used 632282K [0x0000000740000000, 0x0000000800000000)
  region size 1024K, 60 young (61440K), 5 survivors (5120K)
 Metaspace       used 109557K, capacity 111596K, committed 113388K, reserved 1146880K
  class space    used 14685K, capacity 15569K, committed 16204K, reserved 1048576K
}
Event: 4496.394 GC heap after
{Heap after GC invocations=497 (full 32):
 garbage-first heap   total 1975296K, used 578304K [0x0000000740000000, 0x0000000800000000)
  region size 1024K, 5 young (5120K), 5 survivors (5120K)
 Metaspace       used 109557K, capacity 111596K, committed 113388K, reserved 1146880K
  class space    used 14685K, capacity 15569K, committed 16204K, reserved 1048576K
}
Event: 4496.452 GC heap before
{Heap before GC invocations=497 (full 32):
 garbage-first heap   total 1975296K, used 633600K [0x0000000740000000, 0x0000000800000000)
  region size 1024K, 60 young (61440K), 5 survivors (5120K)
 Metaspace       used 109557K, capacity 111596K, committed 113388K, reserved 1146880K
  class space    used 14685K, capacity 15569K, committed 16204K, reserved 1048576K
}
Event: 4496.457 GC heap after
{Heap after GC invocations=498 (full 32):
 garbage-first heap   total 1975296K, used 579567K [0x0000000740000000, 0x0000000800000000)
  region size 1024K, 5 young (5120K), 5 survivors (5120K)
 Metaspace       used 109557K, capacity 111596K, committed 113388K, reserved 1146880K
  class space    used 14685K, capacity 15569K, committed 16204K, reserved 1048576K
}
Event: 4496.513 GC heap before
{Heap before GC invocations=498 (full 32):
 garbage-first heap   total 1975296K, used 634863K [0x0000000740000000, 0x0000000800000000)
  region size 1024K, 60 young (61440K), 5 survivors (5120K)
 Metaspace       used 109557K, capacity 111596K, committed 113388K, reserved 1146880K
  class space    used 14685K, capacity 15569K, committed 16204K, reserved 1048576K
}
Event: 4496.517 GC heap after
{Heap after GC invocations=499 (full 32):
 garbage-first heap   total 1975296K, used 580999K [0x0000000740000000, 0x0000000800000000)
  region size 1024K, 5 young (5120K), 5 survivors (5120K)
 Metaspace       used 109557K, capacity 111596K, committed 113388K, reserved 1146880K
  class space    used 14685K, capacity 15569K, committed 16204K, reserved 1048576K
}
Event: 4496.576 GC heap before
{Heap before GC invocations=499 (full 32):
 garbage-first heap   total 1975296K, used 636295K [0x0000000740000000, 0x0000000800000000)
  region size 1024K, 60 young (61440K), 5 survivors (5120K)
 Metaspace       used 109557K, capacity 111596K, committed 113388K, reserved 1146880K
  class space    used 14685K, capacity 15569K, committed 16204K, reserved 1048576K
}
Event: 4496.583 GC heap after
{Heap after GC invocations=500 (full 32):
 garbage-first heap   total 1975296K, used 582214K [0x0000000740000000, 0x0000000800000000)
  region size 1024K, 5 young (5120K), 5 survivors (5120K)
 Metaspace       used 109557K, capacity 111596K, committed 113388K, reserved 1146880K
  class space    used 14685K, capacity 15569K, committed 16204K, reserved 1048576K
}
Event: 4496.639 GC heap before
{Heap before GC invocations=500 (full 32):
 garbage-first heap   total 1975296K, used 637510K [0x0000000740000000, 0x0000000800000000)
  region size 1024K, 60 young (61440K), 5 survivors (5120K)
 Metaspace       used 109557K, capacity 111596K, committed 113388K, reserved 1146880K
  class space    used 14685K, capacity 15569K, committed 16204K, reserved 1048576K
}
Event: 4496.645 GC heap after
{Heap after GC invocations=501 (full 32):
 garbage-first heap   total 1975296K, used 583503K [0x0000000740000000, 0x0000000800000000)
  region size 1024K, 5 young (5120K), 5 survivors (5120K)
 Metaspace       used 109557K, capacity 111596K, committed 113388K, reserved 1146880K
  class space    used 14685K, capacity 15569K, committed 16204K, reserved 1048576K
}
Event: 4496.704 GC heap before
{Heap before GC invocations=501 (full 32):
 garbage-first heap   total 1975296K, used 638799K [0x0000000740000000, 0x0000000800000000)
  region size 1024K, 60 young (61440K), 5 survivors (5120K)
 Metaspace       used 109557K, capacity 111596K, committed 113388K, reserved 1146880K
  class space    used 14685K, capacity 15569K, committed 16204K, reserved 1048576K
}
Event: 4496.710 GC heap after
{Heap after GC invocations=502 (full 32):
 garbage-first heap   total 1975296K, used 585138K [0x0000000740000000, 0x0000000800000000)
  region size 1024K, 5 young (5120K), 5 survivors (5120K)
 Metaspace       used 109557K, capacity 111596K, committed 113388K, reserved 1146880K
  class space    used 14685K, capacity 15569K, committed 16204K, reserved 1048576K
}
Event: 4496.772 GC heap before
{Heap before GC invocations=502 (full 32):
 garbage-first heap   total 1975296K, used 640434K [0x0000000740000000, 0x0000000800000000)
  region size 1024K, 60 young (61440K), 5 survivors (5120K)
 Metaspace       used 109557K, capacity 111596K, committed 113388K, reserved 1146880K
  class space    used 14685K, capacity 15569K, committed 16204K, reserved 1048576K
}
Event: 4496.780 GC heap after
{Heap after GC invocations=503 (full 32):
 garbage-first heap   total 2037760K, used 586099K [0x0000000740000000, 0x0000000800000000)
  region size 1024K, 5 young (5120K), 5 survivors (5120K)
 Metaspace       used 109557K, capacity 111596K, committed 113388K, reserved 1146880K
  class space    used 14685K, capacity 15569K, committed 16204K, reserved 1048576K
}
Event: 4496.856 GC heap before
{Heap before GC invocations=503 (full 32):
 garbage-first heap   total 2037760K, used 641395K [0x0000000740000000, 0x0000000800000000)
  region size 1024K, 60 young (61440K), 5 survivors (5120K)
 Metaspace       used 109557K, capacity 111596K, committed 113388K, reserved 1146880K
  class space    used 14685K, capacity 15569K, committed 16204K, reserved 1048576K
}
Event: 4496.860 GC heap after
{Heap after GC invocations=504 (full 32):
 garbage-first heap   total 2037760K, used 587526K [0x0000000740000000, 0x0000000800000000)
  region size 1024K, 5 young (5120K), 5 survivors (5120K)
 Metaspace       used 109557K, capacity 111596K, committed 113388K, reserved 1146880K
  class space    used 14685K, capacity 15569K, committed 16204K, reserved 1048576K
}
Event: 4496.923 GC heap before
{Heap before GC invocations=504 (full 32):
 garbage-first heap   total 2037760K, used 642822K [0x0000000740000000, 0x0000000800000000)
  region size 1024K, 60 young (61440K), 5 survivors (5120K)
 Metaspace       used 109585K, capacity 111668K, committed 113388K, reserved 1146880K
  class space    used 14687K, capacity 15572K, committed 16204K, reserved 1048576K
}
Event: 4496.927 GC heap after
{Heap after GC invocations=505 (full 32):
 garbage-first heap   total 2037760K, used 587886K [0x0000000740000000, 0x0000000800000000)
  region size 1024K, 4 young (4096K), 4 survivors (4096K)
 Metaspace       used 109585K, capacity 111668K, committed 113388K, reserved 1146880K
  class space    used 14687K, capacity 15572K, committed 16204K, reserved 1048576K
}
Event: 4497.049 GC heap before
{Heap before GC invocations=505 (full 32):
 garbage-first heap   total 2037760K, used 644206K [0x0000000740000000, 0x0000000800000000)
  region size 1024K, 60 young (61440K), 4 survivors (4096K)
 Metaspace       used 109655K, capacity 111735K, committed 113388K, reserved 1146880K
  class space    used 14695K, capacity 15573K, committed 16204K, reserved 1048576K
}
Event: 4497.053 GC heap after
{Heap after GC invocations=506 (full 32):
 garbage-first heap   total 2037760K, used 588282K [0x0000000740000000, 0x0000000800000000)
  region size 1024K, 5 young (5120K), 5 survivors (5120K)
 Metaspace       used 109655K, capacity 111735K, committed 113388K, reserved 1146880K
  class space    used 14695K, capacity 15573K, committed 16204K, reserved 1048576K
}

Deoptimization events (20 events):
Event: 4497.413 Thread 0x0000020f0acf5000 Uncommon trap: trap_request=0xffffffde fr.pc=0x0000020f3851b29c relative=0x000000000000007c
Event: 4497.413 Thread 0x0000020f0acf5000 Uncommon trap: reason=class_check action=maybe_recompile pc=0x0000020f3851b29c method=ui.views.X.a.ac.hUe()Lui/texteditor/a/a; @ 20 c2
Event: 4497.413 Thread 0x0000020f0acf5000 DEOPT PACKING pc=0x0000020f3851b29c sp=0x000000c5f0cfedc0
Event: 4497.413 Thread 0x0000020f0acf5000 DEOPT UNPACKING pc=0x0000020f2f4e68af sp=0x000000c5f0cfed48 mode 2
Event: 4497.413 Thread 0x0000020f0acf5000 Uncommon trap: trap_request=0xffffffc6 fr.pc=0x0000020f387c44f0 relative=0x0000000000000110
Event: 4497.413 Thread 0x0000020f0acf5000 Uncommon trap: reason=bimorphic_or_optimized_type_check action=maybe_recompile pc=0x0000020f387c44f0 method=ui.views.X.a.ac.ffk()Lui/data/design/n; @ 11 c2
Event: 4497.413 Thread 0x0000020f0acf5000 DEOPT PACKING pc=0x0000020f387c44f0 sp=0x000000c5f0cfedb0
Event: 4497.413 Thread 0x0000020f0acf5000 DEOPT UNPACKING pc=0x0000020f2f4e68af sp=0x000000c5f0cfece8 mode 2
Event: 4497.421 Thread 0x0000020f0acf0000 Uncommon trap: trap_request=0xffffffde fr.pc=0x0000020f3851b29c relative=0x000000000000007c
Event: 4497.421 Thread 0x0000020f0acf0000 Uncommon trap: reason=class_check action=maybe_recompile pc=0x0000020f3851b29c method=ui.views.X.a.ac.hUe()Lui/texteditor/a/a; @ 20 c2
Event: 4497.421 Thread 0x0000020f0acf0000 DEOPT PACKING pc=0x0000020f3851b29c sp=0x000000c5eafff120
Event: 4497.421 Thread 0x0000020f0acf0000 DEOPT UNPACKING pc=0x0000020f2f4e68af sp=0x000000c5eafff0a8 mode 2
Event: 4497.428 Thread 0x0000020f0acf5800 Uncommon trap: trap_request=0xffffffde fr.pc=0x0000020f3851b29c relative=0x000000000000007c
Event: 4497.428 Thread 0x0000020f0acf5800 Uncommon trap: reason=class_check action=maybe_recompile pc=0x0000020f3851b29c method=ui.views.X.a.ac.hUe()Lui/texteditor/a/a; @ 20 c2
Event: 4497.428 Thread 0x0000020f0acf5800 DEOPT PACKING pc=0x0000020f3851b29c sp=0x000000c5f1bfec00
Event: 4497.428 Thread 0x0000020f0acf5800 DEOPT UNPACKING pc=0x0000020f2f4e68af sp=0x000000c5f1bfeb88 mode 2
Event: 4497.440 Thread 0x0000020f46e85800 Uncommon trap: trap_request=0xffffffde fr.pc=0x0000020f3851b29c relative=0x000000000000007c
Event: 4497.440 Thread 0x0000020f46e85800 Uncommon trap: reason=class_check action=maybe_recompile pc=0x0000020f3851b29c method=ui.views.X.a.ac.hUe()Lui/texteditor/a/a; @ 20 c2
Event: 4497.440 Thread 0x0000020f46e85800 DEOPT PACKING pc=0x0000020f3851b29c sp=0x000000c5eb7f75c0
Event: 4497.440 Thread 0x0000020f46e85800 DEOPT UNPACKING pc=0x0000020f2f4e68af sp=0x000000c5eb7f7548 mode 2

Classes redefined (0 events):
No events

Internal exceptions (20 events):
Event: 4386.147 Thread 0x0000020f46e85800 Exception <a 'java/lang/NoSuchMethodError'{0x000000074d66e058}: 'java.lang.Object java.lang.invoke.DirectMethodHandle$Holder.invokeSpecial(java.lang.Object, java.lang.Object, int, int, int, java.lang.Object, java.lang.Object, int, int, int, int)'> (0x000000074d66e058) thrown at [./src/hotspot/share/interpreter/linkResolver.cpp, line 773]
Event: 4386.147 Thread 0x0000020f46e85800 Exception <a 'java/lang/NoSuchMethodError'{0x000000074d671a98}: 'java.lang.Object java.lang.invoke.DelegatingMethodHandle$Holder.reinvoke_L(java.lang.Object, int, int, int, java.lang.Object, java.lang.Object, int, int, int, int)'> (0x000000074d671a98) thrown at [./src/hotspot/share/interpreter/linkResolver.cpp, line 773]
Event: 4386.147 Thread 0x0000020f46e85800 Exception <a 'java/lang/NoSuchMethodError'{0x000000074d68adb8}: 'java.lang.Object java.lang.invoke.Invokers$Holder.linkToTargetMethod(java.lang.Object, java.lang.Object, int, int, int, int, java.lang.Object)'> (0x000000074d68adb8) thrown at [./src/hotspot/share/interpreter/linkResolver.cpp, line 773]
Event: 4392.015 Thread 0x0000020f46e85800 Exception <a 'java/lang/NoSuchMethodError'{0x00000007552e4248}: 'java.lang.Object java.lang.invoke.DirectMethodHandle$Holder.invokeSpecial(java.lang.Object, java.lang.Object, int, int, java.lang.Object, int, java.lang.Object, int)'> (0x00000007552e4248) thrown at [./src/hotspot/share/interpreter/linkResolver.cpp, line 773]
Event: 4392.015 Thread 0x0000020f46e85800 Exception <a 'java/lang/NoSuchMethodError'{0x00000007552e7a28}: 'java.lang.Object java.lang.invoke.DelegatingMethodHandle$Holder.reinvoke_L(java.lang.Object, int, int, java.lang.Object, int, java.lang.Object, int)'> (0x00000007552e7a28) thrown at [./src/hotspot/share/interpreter/linkResolver.cpp, line 773]
Event: 4423.953 Thread 0x0000020f46e85800 Implicit null exception at 0x0000020f37401351 to 0x0000020f37401870
Event: 4423.991 Thread 0x0000020f46e85800 Implicit null exception at 0x0000020f37eaba61 to 0x0000020f37eae0f4
Event: 4424.307 Thread 0x0000020f46e85800 Implicit null exception at 0x0000020f37c7e3cc to 0x0000020f37c801f8
Event: 4424.312 Thread 0x0000020f46e85800 Implicit null exception at 0x0000020f37baedab to 0x0000020f37baefa8
Event: 4424.354 Thread 0x0000020f46e85800 Exception <a 'java/lang/NoSuchMethodError'{0x000000075997b5f8}: 'java.lang.Object java.lang.invoke.DirectMethodHandle$Holder.invokeSpecial(java.lang.Object, java.lang.Object, int, int, int, java.lang.Object, java.lang.Object, java.lang.Object, java.lang.Object, java.lang.Object, java.lang.Object, java.lang.Object, java.lang.Object, java.lang.Object, java.lang.Object)'> (0x000000075997b5f8) thrown at [./src/hotspot/share/interpreter/linkResolver.cpp, line 773]
Event: 4424.354 Thread 0x0000020f46e85800 Exception <a 'java/lang/NoSuchMethodError'{0x000000075997fdf8}: 'java.lang.Object java.lang.invoke.DelegatingMethodHandle$Holder.reinvoke_L(java.lang.Object, int, int, int, java.lang.Object, java.lang.Object, java.lang.Object, java.lang.Object, java.lang.Object, java.lang.Object, java.lang.Object, java.lang.Object, java.lang.Object, java.lang.Object)'> (0x000000075997fdf8) thrown at [./src/hotspot/share/interpreter/linkResolver.cpp, line 773]
Event: 4424.355 Thread 0x0000020f46e85800 Exception <a 'java/lang/NoSuchMethodError'{0x0000000759837f58}: 'java.lang.Object java.lang.invoke.DirectMethodHandle$Holder.invokeSpecial(java.lang.Object, java.lang.Object, java.lang.Object, java.lang.Object, java.lang.Object, java.lang.Object, java.lang.Object, java.lang.Object, java.lang.Object, java.lang.Object, java.lang.Object, java.lang.Object)'> (0x0000000759837f58) thrown at [./src/hotspot/share/interpreter/linkResolver.cpp, line 773]
Event: 4424.355 Thread 0x0000020f46e85800 Exception <a 'java/lang/NoSuchMethodError'{0x000000075985e3b8}: 'java.lang.Object java.lang.invoke.Invokers$Holder.linkToTargetMethod(java.lang.Object, java.lang.Object, java.lang.Object, java.lang.Object, java.lang.Object, java.lang.Object, java.lang.Object, java.lang.Object, java.lang.Object, java.lang.Object, java.lang.Object)'> (0x000000075985e3b8) thrown at [./src/hotspot/share/interpreter/linkResolver.cpp, line 773]
Event: 4424.378 Thread 0x0000020f46e85800 Exception <a 'java/lang/NoSuchMethodError'{0x00000007596d1db8}: 'java.lang.Object java.lang.invoke.DirectMethodHandle$Holder.invokeSpecial(java.lang.Object, java.lang.Object, int, int, java.lang.Object, java.lang.Object, java.lang.Object, java.lang.Object, java.lang.Object, java.lang.Object, java.lang.Object, java.lang.Object, java.lang.Object, java.lang.Object, java.lang.Object)'> (0x00000007596d1db8) thrown at [./src/hotspot/share/interpreter/linkResolver.cpp, line 773]
Event: 4424.378 Thread 0x0000020f46e85800 Exception <a 'java/lang/NoSuchMethodError'{0x00000007596d6730}: 'java.lang.Object java.lang.invoke.DelegatingMethodHandle$Holder.reinvoke_L(java.lang.Object, int, int, java.lang.Object, java.lang.Object, java.lang.Object, java.lang.Object, java.lang.Object, java.lang.Object, java.lang.Object, java.lang.Object, java.lang.Object, java.lang.Object, java.lang.Object)'> (0x00000007596d6730) thrown at [./src/hotspot/share/interpreter/linkResolver.cpp, line 773]
Event: 4424.380 Thread 0x0000020f46e85800 Exception <a 'java/lang/NoSuchMethodError'{0x000000075959aa40}: 'java.lang.Object java.lang.invoke.DirectMethodHandle$Holder.invokeSpecial(java.lang.Object, java.lang.Object, java.lang.Object, java.lang.Object, java.lang.Object, java.lang.Object, java.lang.Object, java.lang.Object, java.lang.Object, java.lang.Object, java.lang.Object, java.lang.Object, java.lang.Object)'> (0x000000075959aa40) thrown at [./src/hotspot/share/interpreter/linkResolver.cpp, line 773]
Event: 4424.381 Thread 0x0000020f46e85800 Exception <a 'java/lang/NoSuchMethodError'{0x00000007595da6f0}: 'java.lang.Object java.lang.invoke.Invokers$Holder.linkToTargetMethod(java.lang.Object, java.lang.Object, java.lang.Object, java.lang.Object, java.lang.Object, java.lang.Object, java.lang.Object, java.lang.Object, java.lang.Object, java.lang.Object, java.lang.Object, java.lang.Object)'> (0x00000007595da6f0) thrown at [./src/hotspot/share/interpreter/linkResolver.cpp, line 773]
Event: 4424.682 Thread 0x0000020f46e85800 Implicit null exception at 0x0000020f376ed810 to 0x0000020f376ed86d
Event: 4424.847 Thread 0x0000020f46e85800 Implicit null exception at 0x0000020f38225ca2 to 0x0000020f38226bb8
Event: 4496.964 Thread 0x0000020f46e85800 Implicit null exception at 0x0000020f380e9c0a to 0x0000020f380e9dab

Events (20 events):
Event: 4497.049 Executing VM operation: G1CollectForAllocation
Event: 4497.053 Executing VM operation: G1CollectForAllocation done
Event: 4497.071 Thread 0x0000020f0acf0000 Thread added: 0x0000020f0acf0000
Event: 4497.078 Thread 0x0000020f0acf0000 Thread exited: 0x0000020f0acf0000
Event: 4497.079 Executing VM operation: BulkRevokeBias
Event: 4497.080 Executing VM operation: BulkRevokeBias done
Event: 4497.089 Thread 0x0000020f0acf0000 Thread added: 0x0000020f0acf0000
Event: 4497.092 Thread 0x0000020f0acf0000 Thread exited: 0x0000020f0acf0000
Event: 4497.094 Loaded shared library D:\Apps\Xilinx\Vivado\2022.2\lib\win64.o\librdi_device.dll
Event: 4497.208 Executing VM operation: RevokeBias
Event: 4497.208 Executing VM operation: RevokeBias done
Event: 4497.388 Thread 0x0000020f0acf0000 Thread added: 0x0000020f0acf0000
Event: 4497.389 Thread 0x0000020f0acf5000 Thread added: 0x0000020f0acf5000
Event: 4497.389 Thread 0x0000020f0acf5800 Thread added: 0x0000020f0acf5800
Event: 4497.389 Thread 0x0000020f0acf3800 Thread added: 0x0000020f0acf3800
Event: 4497.439 Thread 0x0000020f0acf0000 Thread exited: 0x0000020f0acf0000
Event: 4497.439 Thread 0x0000020f0acf5000 Thread exited: 0x0000020f0acf5000
Event: 4497.439 Executing VM operation: RevokeBias
Event: 4497.440 Executing VM operation: RevokeBias done
Event: 4497.446 Thread 0x0000020f0acf5800 Thread exited: 0x0000020f0acf5800


Dynamic libraries:
0x00007ff7eaeb0000 - 0x00007ff7eaee1000 	D:\Apps\Xilinx\Vivado\2022.2\bin\unwrapped\win64.o\vivado.exe
0x00007ffde2e80000 - 0x00007ffde30e7000 	C:\WINDOWS\SYSTEM32\ntdll.dll
0x00007ffde1060000 - 0x00007ffde1129000 	C:\WINDOWS\System32\KERNEL32.DLL
0x00007ffde03f0000 - 0x00007ffde07df000 	C:\WINDOWS\System32\KERNELBASE.dll
0x00007ffde0990000 - 0x00007ffde0adb000 	C:\WINDOWS\System32\ucrtbase.dll
0x00007ffdb63e0000 - 0x00007ffdb646d000 	C:\WINDOWS\SYSTEM32\MSVCP140.dll
0x00007ffdb66e0000 - 0x00007ffdb66fe000 	C:\WINDOWS\SYSTEM32\VCRUNTIME140.dll
0x00007ffdb66d0000 - 0x00007ffdb66dc000 	C:\WINDOWS\SYSTEM32\VCRUNTIME140_1.dll
0x00007ffd9c960000 - 0x00007ffd9c978000 	D:\Apps\Xilinx\Vivado\2022.2\lib\win64.o\librdi_commonmain.dll
0x00007ffd68f00000 - 0x00007ffd68f21000 	D:\Apps\Xilinx\Vivado\2022.2\lib\win64.o\libboost_filesystem.dll
0x00007ffde1d00000 - 0x00007ffde1db4000 	C:\WINDOWS\System32\ADVAPI32.dll
0x00007ffde11b0000 - 0x00007ffde1259000 	C:\WINDOWS\System32\msvcrt.dll
0x00007ffde2810000 - 0x00007ffde28b6000 	C:\WINDOWS\System32\sechost.dll
0x00007ffde2580000 - 0x00007ffde2698000 	C:\WINDOWS\System32\RPCRT4.dll
0x00007ffdcf7e0000 - 0x00007ffdcf7e9000 	D:\Apps\Xilinx\Vivado\2022.2\lib\win64.o\librdi_commonversion.dll
0x00007ffd68d40000 - 0x00007ffd68ef5000 	D:\Apps\Xilinx\Vivado\2022.2\lib\win64.o\librdi_commonxillic.dll
0x00007ffde1290000 - 0x00007ffde1455000 	C:\WINDOWS\System32\USER32.dll
0x00007ffde07f0000 - 0x00007ffde0817000 	C:\WINDOWS\System32\win32u.dll
0x00007ffde0c20000 - 0x00007ffde0c4b000 	C:\WINDOWS\System32\GDI32.dll
0x00007ffddffd0000 - 0x00007ffde00fc000 	C:\WINDOWS\System32\gdi32full.dll
0x00007ffde0100000 - 0x00007ffde01a3000 	C:\WINDOWS\System32\msvcp_win.dll
0x00007ffde24f0000 - 0x00007ffde2564000 	C:\WINDOWS\System32\WS2_32.dll
0x00000000700c0000 - 0x00000000701eb000 	D:\Apps\Xilinx\Vivado\2022.2\lib\win64.o\tcl85t.dll
0x00007ffd68a20000 - 0x00007ffd68d36000 	D:\Apps\Xilinx\Vivado\2022.2\lib\win64.o\libXil_lmgr11.dll
0x00007ffde0c50000 - 0x00007ffde0d40000 	C:\WINDOWS\System32\COMDLG32.dll
0x00007ffde1ec0000 - 0x00007ffde2246000 	C:\WINDOWS\System32\combase.dll
0x00007ffde1dc0000 - 0x00007ffde1eb5000 	C:\WINDOWS\System32\shcore.dll
0x00007ffde27a0000 - 0x00007ffde2806000 	C:\WINDOWS\System32\SHLWAPI.dll
0x00007ffde1460000 - 0x00007ffde1bb3000 	C:\WINDOWS\System32\SHELL32.dll
0x00007ffde0820000 - 0x00007ffde098a000 	C:\WINDOWS\System32\wintypes.dll
0x00007ffde1bd0000 - 0x00007ffde1ca6000 	C:\WINDOWS\System32\OLEAUT32.dll
0x00007ffde0d50000 - 0x00007ffde0ee7000 	C:\WINDOWS\System32\ole32.dll
0x00007ffde0b90000 - 0x00007ffde0c10000 	C:\WINDOWS\System32\WINTRUST.dll
0x00007ffde0270000 - 0x00007ffde03e7000 	C:\WINDOWS\System32\CRYPT32.dll
0x00007ffd608c0000 - 0x00007ffd61cf1000 	D:\Apps\Xilinx\Vivado\2022.2\lib\win64.o\librdi_common.dll
0x00007ffddfec0000 - 0x00007ffddfeea000 	C:\WINDOWS\SYSTEM32\bcrypt.dll
0x00007ffdb4510000 - 0x00007ffdb452a000 	C:\WINDOWS\SYSTEM32\NETAPI32.dll
0x00007ffdb2a60000 - 0x00007ffdb2b14000 	C:\WINDOWS\WinSxS\amd64_microsoft.windows.common-controls_6595b64144ccf1df_5.82.26100.7309_none_87ef0e2f7a2c9771\COMCTL32.dll
0x00007ffdcf350000 - 0x00007ffdcf35a000 	C:\WINDOWS\SYSTEM32\WSOCK32.dll
0x00007ffdd7bc0000 - 0x00007ffdd7be3000 	C:\WINDOWS\SYSTEM32\dhcpcsvc.DLL
0x00007ffddf3a0000 - 0x00007ffddf3cb000 	C:\WINDOWS\SYSTEM32\USERENV.dll
0x00007ffd68900000 - 0x00007ffd68a14000 	D:\Apps\Xilinx\Vivado\2022.2\lib\win64.o\libboost_regex.dll
0x00007ffd688e0000 - 0x00007ffd688f1000 	D:\Apps\Xilinx\Vivado\2022.2\lib\win64.o\libboost_date_time.dll
0x00007ffd60550000 - 0x00007ffd608be000 	D:\Apps\Xilinx\Vivado\2022.2\lib\win64.o\libCOIN-all.dll
0x00007ffd68860000 - 0x00007ffd688d9000 	D:\Apps\Xilinx\Vivado\2022.2\lib\win64.o\libboost_program_options.dll
0x00007ffd68840000 - 0x00007ffd6885c000 	D:\Apps\Xilinx\Vivado\2022.2\lib\win64.o\libboost_thread.dll
0x00007ffdc34e0000 - 0x00007ffdc34ec000 	D:\Apps\Xilinx\Vivado\2022.2\lib\win64.o\libboost_xilinx.dll
0x00007ffd687b0000 - 0x00007ffd68832000 	D:\Apps\Xilinx\Vivado\2022.2\lib\win64.o\libhdlpsolve.dll
0x00007ffd68700000 - 0x00007ffd687a5000 	D:\Apps\Xilinx\Vivado\2022.2\lib\win64.o\libhdxml.dll
0x00007ffd686d0000 - 0x00007ffd686fa000 	D:\Apps\Xilinx\Vivado\2022.2\lib\win64.o\libisl_sysinfo.dll
0x00007ffd68550000 - 0x00007ffd685b5000 	D:\Apps\Xilinx\Vivado\2022.2\lib\win64.o\liblmx6.0.dll
0x00007ffd68530000 - 0x00007ffd6854a000 	D:\Apps\Xilinx\Vivado\2022.2\lib\win64.o\pthreadVC2.dll
0x00007ffd68510000 - 0x00007ffd6852c000 	D:\Apps\Xilinx\Vivado\2022.2\lib\win64.o\librdiconfig.dll
0x00007ffd684e0000 - 0x00007ffd68501000 	D:\Apps\Xilinx\Vivado\2022.2\lib\win64.o\librdizlib.dll
0x00007ffdc65d0000 - 0x00007ffdc6858000 	C:\WINDOWS\SYSTEM32\WININET.dll
0x00007ffdd6e70000 - 0x00007ffdd6f98000 	C:\WINDOWS\SYSTEM32\WINHTTP.dll
0x00007ffdca360000 - 0x00007ffdca540000 	C:\WINDOWS\SYSTEM32\urlmon.dll
0x00007ffd5e630000 - 0x00007ffd60547000 	D:\Apps\Xilinx\Vivado\2022.2\lib\win64.o\gurobi90.dll
0x00007ffde28c0000 - 0x00007ffde2934000 	C:\WINDOWS\System32\WLDAP32.dll
0x00007ffde1bc0000 - 0x00007ffde1bc8000 	C:\WINDOWS\System32\Normaliz.dll
0x00007ffd684b0000 - 0x00007ffd684e0000 	C:\WINDOWS\SYSTEM32\VCOMP140.DLL
0x00007ffdc9fc0000 - 0x00007ffdca285000 	C:\WINDOWS\SYSTEM32\iertutil.dll
0x00007ffdddba0000 - 0x00007ffdde3fe000 	C:\WINDOWS\SYSTEM32\windows.storage.dll
0x00007ffdc9d00000 - 0x00007ffdc9d29000 	C:\WINDOWS\SYSTEM32\srvcli.dll
0x00007ffdde710000 - 0x00007ffdde71d000 	C:\WINDOWS\SYSTEM32\netutils.dll
0x00007ffd5e360000 - 0x00007ffd5e621000 	D:\Apps\Xilinx\Vivado\2022.2\lib\win64.o\xerces-c_3_2.dll
0x00007ffd5d3e0000 - 0x00007ffd5e35d200 	D:\Apps\Xilinx\Vivado\2022.2\lib\win64.o\libisl_iostreams.dll
0x00007ffd68480000 - 0x00007ffd684a4000 	D:\Apps\Xilinx\Vivado\2022.2\lib\win64.o\libisl_iosutils.dll
0x00007ffd68460000 - 0x00007ffd68478000 	D:\Apps\Xilinx\Vivado\2022.2\lib\win64.o\libboost_iostreams.dll
0x00007ffddf2f0000 - 0x00007ffddf35b000 	C:\WINDOWS\SYSTEM32\MSWSOCK.DLL
0x00007ffde26a0000 - 0x00007ffde26d1000 	C:\WINDOWS\System32\IMM32.DLL
0x00007ffddf6e0000 - 0x00007ffddf6f3000 	C:\WINDOWS\SYSTEM32\MSASN1.dll
0x00007ffddf5c0000 - 0x00007ffddf5db000 	C:\WINDOWS\SYSTEM32\CRYPTSP.dll
0x00007ffddece0000 - 0x00007ffdded1a000 	C:\WINDOWS\system32\rsaenh.dll
0x00007ffddf5b0000 - 0x00007ffddf5bc000 	C:\WINDOWS\SYSTEM32\CRYPTBASE.dll
0x00007ffde0ae0000 - 0x00007ffde0b85000 	C:\WINDOWS\System32\bcryptPrimitives.dll
0x00007ffde2430000 - 0x00007ffde2450000 	C:\WINDOWS\System32\imagehlp.dll
0x00007ffdded80000 - 0x00007ffdded9b000 	C:\WINDOWS\SYSTEM32\kernel.appcore.dll
0x00007ffd5cea0000 - 0x00007ffd5d3d3000 	D:\Apps\Xilinx\Vivado\2022.2\lib\win64.o\librdi_commontasks.dll
0x00007ffdd4810000 - 0x00007ffdd481b000 	C:\WINDOWS\SYSTEM32\VERSION.dll
0x00007ffd5c350000 - 0x00007ffd5ce9d000 	D:\Apps\Xilinx\Vivado\2022.2\tps\win64\jre11.0.11_9\bin\server\jvm.dll
0x00007ffde1260000 - 0x00007ffde1268000 	C:\WINDOWS\System32\PSAPI.DLL
0x00007ffdbd970000 - 0x00007ffdbd9a5000 	C:\WINDOWS\SYSTEM32\WINMM.dll
0x00007ffd5c020000 - 0x00007ffd5c345a00 	D:\Apps\Xilinx\Vivado\2022.2\lib\win64.o\librdi_sio.dll
0x00007ffdde750000 - 0x00007ffdde784000 	C:\WINDOWS\SYSTEM32\IPHLPAPI.DLL
0x00007ffddf020000 - 0x00007ffddf069000 	C:\WINDOWS\SYSTEM32\SspiCli.dll
0x00007ffdae310000 - 0x00007ffdae328000 	C:\WINDOWS\system32\napinsp.dll
0x00007ffdde840000 - 0x00007ffdde96c000 	C:\WINDOWS\SYSTEM32\DNSAPI.dll
0x00007ffde2570000 - 0x00007ffde257a000 	C:\WINDOWS\System32\NSI.dll
0x00007ffdae2f0000 - 0x00007ffdae302000 	C:\WINDOWS\System32\winrnr.dll
0x00007ffdae2c0000 - 0x00007ffdae2e2000 	C:\WINDOWS\system32\nlansp_c.dll
0x00007ffda9620000 - 0x00007ffda9636000 	C:\WINDOWS\system32\wshbth.dll
0x00007ffd592f0000 - 0x00007ffd5c015000 	D:\Apps\Xilinx\Vivado\2022.2\lib\win64.o\librdi_tcltasks.dll
0x00007ffd68410000 - 0x00007ffd68454000 	D:\Apps\Xilinx\Vivado\2022.2\lib\win64.o\libboost_serialization.dll
0x00007ffd58e10000 - 0x00007ffd592ed000 	D:\Apps\Xilinx\Vivado\2022.2\lib\win64.o\librdi_bitstream.dll
0x00007ffd58c20000 - 0x00007ffd58e03000 	D:\Apps\Xilinx\Vivado\2022.2\lib\win64.o\librdi_board.dll
0x00007ffd68390000 - 0x00007ffd68410000 	D:\Apps\Xilinx\Vivado\2022.2\lib\win64.o\librdi_boarddep.dll
0x00007ffd58a10000 - 0x00007ffd58c12000 	D:\Apps\Xilinx\Vivado\2022.2\lib\win64.o\librdi_chipscopeimpl.dll
0x00007ffd588e0000 - 0x00007ffd58a07000 	D:\Apps\Xilinx\Vivado\2022.2\lib\win64.o\librdi_chipscope.dll
0x00007ffd58770000 - 0x00007ffd588d5000 	D:\Apps\Xilinx\Vivado\2022.2\lib\win64.o\librdi_containers.dll
0x00007ffd56760000 - 0x00007ffd5876d000 	D:\Apps\Xilinx\Vivado\2022.2\lib\win64.o\librdi_designutils.dll
0x00007ffd563d0000 - 0x00007ffd56753000 	D:\Apps\Xilinx\Vivado\2022.2\lib\win64.o\librdi_dlyest.dll
0x00007ffd55cf0000 - 0x00007ffd563cb000 	D:\Apps\Xilinx\Vivado\2022.2\lib\win64.o\librdi_drc.dll
0x00007ffd682d0000 - 0x00007ffd68384000 	D:\Apps\Xilinx\Vivado\2022.2\lib\win64.o\librdi_dsp.dll
0x00007ffd53ac0000 - 0x00007ffd55cec000 	D:\Apps\Xilinx\Vivado\2022.2\lib\win64.o\librdi_constraints.dll
0x00007ffd525d0000 - 0x00007ffd53ab5000 	D:\Apps\Xilinx\Vivado\2022.2\lib\win64.o\librdi_device.dll
0x00007ffd52560000 - 0x00007ffd525cb000 	D:\Apps\Xilinx\Vivado\2022.2\lib\win64.o\librdi_hdf.dll
0x00007ffd52230000 - 0x00007ffd5255b000 	D:\Apps\Xilinx\Vivado\2022.2\lib\win64.o\librdi_guitools.dll
0x00007ffd51b90000 - 0x00007ffd52225000 	D:\Apps\Xilinx\Vivado\2022.2\lib\win64.o\librdi_filemgmt.dll
0x00007ffd4f5a0000 - 0x00007ffd51b85000 	D:\Apps\Xilinx\Vivado\2022.2\lib\win64.o\librdi_coregen.dll
0x00007ffd4f450000 - 0x00007ffd4f597000 	D:\Apps\Xilinx\Vivado\2022.2\lib\win64.o\librdi_hip_perf_analysis.dll
0x00007ffd4f190000 - 0x00007ffd4f44d000 	D:\Apps\Xilinx\Vivado\2022.2\lib\win64.o\librdi_hip_devdesign.dll
0x00007ffd4e350000 - 0x00007ffd4f183000 	D:\Apps\Xilinx\Vivado\2022.2\lib\win64.o\librdi_ippcw.dll
0x00007ffd4dba0000 - 0x00007ffd4e341000 	D:\Apps\Xilinx\Vivado\2022.2\lib\win64.o\librdi_lopt.dll
0x00007ffd4cc80000 - 0x00007ffd4db9b000 	D:\Apps\Xilinx\Vivado\2022.2\lib\win64.o\librdi_implflow.dll
0x00007ffd4c620000 - 0x00007ffd4cc75000 	D:\Apps\Xilinx\Vivado\2022.2\lib\win64.o\librdi_memdata.dll
0x00007ffd4c5a0000 - 0x00007ffd4c61d000 	D:\Apps\Xilinx\Vivado\2022.2\lib\win64.o\librdi_memoryarray.dll
0x00007ffd4c540000 - 0x00007ffd4c59b000 	D:\Apps\Xilinx\Vivado\2022.2\lib\win64.o\librdi_pfi.dll
0x00007ffd49c70000 - 0x00007ffd4c535000 	D:\Apps\Xilinx\Vivado\2022.2\lib\win64.o\librdi_mig.dll
0x00007ffd49500000 - 0x00007ffd49c6d000 	D:\Apps\Xilinx\Vivado\2022.2\lib\win64.o\librdi_netlist.dll
0x00007ffd49090000 - 0x00007ffd49500000 	D:\Apps\Xilinx\Vivado\2022.2\lib\win64.o\librdi_platform.dll
0x00007ffd487b0000 - 0x00007ffd49084000 	D:\Apps\Xilinx\Vivado\2022.2\lib\win64.o\librdi_power.dll
0x00007ffd45690000 - 0x00007ffd487b0000 	D:\Apps\Xilinx\Vivado\2022.2\lib\win64.o\librdi_place.dll
0x00007ffd44f20000 - 0x00007ffd45687000 	D:\Apps\Xilinx\Vivado\2022.2\lib\win64.o\librdi_project.dll
0x00007ffd445d0000 - 0x00007ffd44f20000 	D:\Apps\Xilinx\Vivado\2022.2\lib\win64.o\librdi_rsb.dll
0x00007ffd43e90000 - 0x00007ffd445c5000 	D:\Apps\Xilinx\Vivado\2022.2\lib\win64.o\librdi_psta.dll
0x00007ffd43d70000 - 0x00007ffd43e89000 	D:\Apps\Xilinx\Vivado\2022.2\lib\win64.o\librdi_runsbase.dll
0x00007ffd43800000 - 0x00007ffd43d63000 	D:\Apps\Xilinx\Vivado\2022.2\lib\win64.o\librdi_runs.dll

dbghelp: loaded successfully - version: 4.0.5 - missing functions: none
symbol engine: initialized successfully - sym options: 0x614 - pdb path: .;D:\Apps\Xilinx\Vivado\2022.2\bin\unwrapped\win64.o;C:\WINDOWS\SYSTEM32;D:\Apps\Xilinx\Vivado\2022.2\lib\win64.o;C:\WINDOWS\WinSxS\amd64_microsoft.windows.common-controls_6595b64144ccf1df_5.82.26100.7309_none_87ef0e2f7a2c9771;D:\Apps\Xilinx\Vivado\2022.2\tps\win64\jre11.0.11_9\bin\server;D:\Apps\Xilinx\Vivado\2022.2\tps\win64\python-3.8.3;D:\Apps\Xilinx\Vivado\2022.2\tps\win64\jre11.0.11_9\bin;C:\ProgramData\A-Volute\A-Volute.Nahimic\Modules\Scheduled\x64;C:\WINDOWS\WinSxS\amd64_microsoft.windows.common-controls_6595b64144ccf1df_6.0.26100.7309_none_3e05feeae336a044

VM Arguments:
jvm_args: -Dsun.java2d.pmoffscreen=false -Dhttps.protocols=TLSv1,TLSv1.1,TLSv1.2 -Dsun.java2d.xrender=false -Dsun.java2d.d3d=false -Dsun.awt.nopixfmt=true -Dsun.java2d.dpiaware=true -Dsun.java2d.uiScale.enabled=false -Xverify:none -Dswing.aatext=true -XX:-UsePerfData -Djdk.map.althashing.threshold=512 -XX:StringTableSize=4072 --add-opens=java.desktop/com.sun.awt=ALL-UNNAMED --add-opens=java.desktop/javax.swing.plaf.synth=ALL-UNNAMED --add-opens=java.base/java.nio=ALL-UNNAMED --add-opens=java.desktop/sun.swing=ALL-UNNAMED --add-opens=java.desktop/javax.swing=ALL-UNNAMED --add-opens=java.desktop/javax.swing.tree=ALL-UNNAMED --add-opens=java.desktop/javax.swing.plaf.basic=ALL-UNNAMED --add-opens=java.desktop/javax.swing.plaf.synth=ALL-UNNAMED --add-opens=java.desktop/javax.swing.plaf.basic=ALL-UNNAMED --add-opens=java.desktop/javax.swing=ALL-UNNAMED --add-opens=java.desktop/javax.swing.tree=ALL-UNNAMED --add-opens=java.desktop/java.awt.event=ALL-UNNAMED --add-exports=java.desktop/javax.swing.plaf.synth=ALL-UNNAMED --add-exports=java.base/java.nio=ALL-UNNAMED --add-exports=java.desktop/sun.swing=ALL-UNNAMED --add-exports=java.desktop/javax.swing=ALL-UNNAMED --add-exports=java.desktop/javax.swing.tree=ALL-UNNAMED --add-exports=java.desktop/javax.swing.plaf.basic=ALL-UNNAMED --add-exports=java.desktop/sun.swing=ALL-UNNAMED --add-exports=java.desktop/sun.swing.table=ALL-UNNAMED --add-exports=java.desktop/sun.swing.plaf.synth=ALL-UNNAMED --add-exports=java.desktop/sun.awt.shell=ALL-UNNAMED --add-exports=java.base/sun.security.action=ALL-UNNAMED --add-exports=java.desktop/sun.font=ALL-UNNAMED -XX:NewSize=60m -XX:MaxNewSize=60m -Xms256m -Xmx3072m -Xss5m 
java_command: <unknown>
java_class_path (initial): D:/Apps/Xilinx/Vivado/2022.2\lib\classes\alloy.jar;D:/Apps/Xilinx/Vivado/2022.2\lib\classes\asm-9.3.jar;D:/Apps/Xilinx/Vivado/2022.2\lib\classes\asm-analysis-9.3.jar;D:/Apps/Xilinx/Vivado/2022.2\lib\classes\asm-commons-9.3.jar;D:/Apps/Xilinx/Vivado/2022.2\lib\classes\asm-tree-9.3.jar;D:/Apps/Xilinx/Vivado/2022.2\lib\classes\autoesl-models.jar;D:/Apps/Xilinx/Vivado/2022.2\lib\classes\batik-anim.jar;D:/Apps/Xilinx/Vivado/2022.2\lib\classes\batik-awt-util.jar;D:/Apps/Xilinx/Vivado/2022.2\lib\classes\batik-bridge.jar;D:/Apps/Xilinx/Vivado/2022.2\lib\classes\batik-codec.jar;D:/Apps/Xilinx/Vivado/2022.2\lib\classes\batik-css.jar;D:/Apps/Xilinx/Vivado/2022.2\lib\classes\batik-dom.jar;D:/Apps/Xilinx/Vivado/2022.2\lib\classes\batik-ext.jar;D:/Apps/Xilinx/Vivado/2022.2\lib\classes\batik-gui-util.jar;D:/Apps/Xilinx/Vivado/2022.2\lib\classes\batik-gvt.jar;D:/Apps/Xilinx/Vivado/2022.2\lib\classes\batik-parser.jar;D:/Apps/Xilinx/Vivado/2022.2\lib\classes\batik-script.jar;D:/Apps/Xilinx/Vivado/2022.2\lib\classes\batik-svg-dom.jar;D:/Apps/Xilinx/Vivado/2022.2\lib\classes\batik-svggen.jar;D:/Apps/Xilinx/Vivado/2022.2\lib\classes\batik-swing.jar;D:/Apps/Xilinx/Vivado/2022.2\lib\classes\batik-transcoder.jar;D:/Apps/Xilinx/Vivado/2022.2\lib\classes\batik-util.jar;D:/Apps/Xilinx/Vivado/2022.2\lib\classes\batik-xml.jar;D:/Apps/Xilinx/Vivado/2022.2\lib\classes\com.fasterxml.jackson.core.jackson-annotations_2.12.1.v20210128-1726.jar;D:/Apps/Xilinx/Vivado/2022.2\lib\classes\com.fasterxml.jackson.core.jackson-core_2.12.1.v20210128-1726.jar;D:/Apps/Xilinx/Vivado/2022.2\lib\classes\com.fasterxml.jackson.core.jackson-databind_2.12.1.v20210128-1726.jar;D:/Apps/Xilinx/Vivado/2022.2\lib\classes\com.google.gson_2.8.7.v20210624-1215.jar;D:/Apps/Xilinx/Vivado/2022.2\lib\classes\com.google.guava_30.1.0.v20210127-2300.jar;D:/Apps/Xilinx/Vivado/2022.2\lib\classes\com.sigasi.hdt.connection_4.15.0.202201101137.jar;D:/Apps/Xilinx/Vivado/2022.2\lib\classes\com.sigasi.hdt.epl_4.1
Launcher Type: generic

[Global flags]
     bool BytecodeVerificationLocal                = false                                     {product} {command line}
     bool BytecodeVerificationRemote               = false                                     {product} {command line}
     intx CICompilerCount                          = 12                                        {product} {ergonomic}
     uint ConcGCThreads                            = 3                                         {product} {ergonomic}
     uint G1ConcRefinementThreads                  = 13                                        {product} {ergonomic}
   size_t G1HeapRegionSize                         = 1048576                                   {product} {ergonomic}
    uintx GCDrainStackTargetSize                   = 64                                        {product} {ergonomic}
   size_t InitialHeapSize                          = 268435456                                 {product} {command line}
   size_t MarkStackSize                            = 4194304                                   {product} {ergonomic}
   size_t MaxHeapSize                              = 3221225472                                {product} {command line}
   size_t MaxNewSize                               = 62914560                                  {product} {command line}
   size_t MinHeapDeltaBytes                        = 1048576                                   {product} {ergonomic}
   size_t NewSize                                  = 62914560                                  {product} {command line}
    uintx NonNMethodCodeHeapSize                   = 7594288                                {pd product} {ergonomic}
    uintx NonProfiledCodeHeapSize                  = 122031976                              {pd product} {ergonomic}
    uintx ProfiledCodeHeapSize                     = 122031976                              {pd product} {ergonomic}
    uintx ReservedCodeCacheSize                    = 251658240                              {pd product} {ergonomic}
     bool SegmentedCodeCache                       = true                                      {product} {ergonomic}
    uintx StringTableSize                          = 4072                                      {product} {command line}
     intx ThreadStackSize                          = 5120                                   {pd product} {command line}
     bool UseCompressedClassPointers               = true                                 {lp64_product} {ergonomic}
     bool UseCompressedOops                        = true                                 {lp64_product} {ergonomic}
     bool UseG1GC                                  = true                                      {product} {ergonomic}
     bool UseLargePagesIndividualAllocation        = false                                  {pd product} {ergonomic}
     bool UsePerfData                              = false                                     {product} {command line}

Logging:
Log output configuration:
 #0: stdout all=warning uptime,level,tags
 #1: stderr all=off uptime,level,tags

Environment Variables:
JAVA_HOME=C:\Program Files\Java\jdk-23
PATH=D:/Apps/Xilinx/Vivado/2022.2/bin;D:/Apps/Xilinx/Vivado/2022.2/tps/win64/java-cef-95.0.4638.69/bin/lib/win64;D:/Apps/Xilinx/Vivado/2022.2/tps/win64/javafx-sdk-11.0.2/lib;D:/Apps/Xilinx/Vivado/2022.2/tps/win64/javafx-sdk-11.0.2/bin;D:/Apps/Xilinx/Vivado/2022.2/lib/win64.o;D:/Apps/Xilinx/Vivado/2022.2/tps/win64/jre11.0.11_9/bin/server;D:/Apps/Xilinx/Vivado/2022.2/tps/win64/jre11.0.11_9/bin;D:/Apps/Xilinx/Vivado/2022.2/ids_lite/ISE/bin/nt64;D:/Apps/Xilinx/Vivado/2022.2/ids_lite/ISE/lib/nt64;D:/Apps/Xilinx/Vitis_HLS/2022.2/bin;C:\Program Files\Common Files\Oracle\Java\javapath;C:\Program Files (x86)\Common Files\Oracle\Java\java8path;C:\Program Files (x86)\Common Files\Oracle\Java\javapath;C:\Windows\system32;C:\Windows;C:\Windows\System32\Wbem;C:\Windows\System32\WindowsPowerShell\v1.0\;C:\Windows\System32\OpenSSH\;C:\Program Files (x86)\NVIDIA Corporation\PhysX\Common;C:\Program Files\NVIDIA Corporation\NVIDIA NvDLISR;D:\Apps\Git\cmd;C:\glpk-4.65\w64;C:\gcc-14.2.0\bin;C:\Program Files\SQLite_3;C:\Program Files\nodejs\;C:\Users\THUAN\AppData\Local\Programs\Python\Python313\Scripts\;C:\Users\THUAN\AppData\Local\Programs\Python\Python313\;C:\Users\THUAN\AppData\Local\Microsoft\WindowsApps;C:\mingw64\bin;D:\Apps\MiKTeX\miktex\bin\x64\;D:\Apps\Microsoft VS Code\bin;C:\flutter\src\flutter\bin;C:\xampp\php;C:\Users\THUAN\AppData\Roaming\npm;D:/Apps/Xilinx/Vivado/2022.2\tps\mingw\6.2.0\win64.o\nt\bin;D:/Apps/Xilinx/Vivado/2022.2\tps\mingw\6.2.0\win64.o\nt\libexec\gcc\x86_64-w64-mingw32\6.2.0;D:/Apps/Xilinx/Vivado/2022.2\tps\win64\python-3.8.3;D:/Apps/Xilinx/Vivado/2022.2\tps\win64\python-3.8.3\bin;D:/Apps/Xilinx/Vivado/2022.2\tps\win64\python-3.8.3\lib;D:/Apps/Xilinx/Vivado/2022.2\tps\win64\python-3.8.3\lib\site-packages
USERNAME=THUAN
OS=Windows_NT
PROCESSOR_IDENTIFIER=Intel64 Family 6 Model 154 Stepping 3, GenuineIntel



---------------  S Y S T E M  ---------------

OS: Windows 10 , 64 bit Build 26100 (10.0.26100.7623)
OS uptime: 0 days 1:15 hours
Hyper-V role detected

CPU:total 16 (initial active 16) (8 cores per cpu, 2 threads per core) family 6 model 154 stepping 3 microcode 0x416, cmov, cx8, fxsr, mmx, sse, sse2, sse3, ssse3, sse4.1, sse4.2, popcnt, avx, avx2, aes, clmul, erms, 3dnowpref, lzcnt, ht, tsc, tscinvbit, bmi1, bmi2, adx, sha, fma

Memory: 4k page, system-wide physical 7892M (702M free)
TotalPageFile size 17108M (AvailPageFile size 2923M)
current process WorkingSet (physical memory assigned to process): 2977M, peak: 2977M
current process commit charge ("private bytes"): 4253M, peak: 4253M

vm_info: OpenJDK 64-Bit Server VM (11.0.11+9) for windows-amd64 JRE (11.0.11+9), built on Apr  9 2021 19:32:08 by "" with MS VC++ 15.5 (VS2017)

END.
