#-----------------------------------------------------------
# Vivado v2022.2 (64-bit)
# SW Build 3671981 on Fri Oct 14 05:00:03 MDT 2022
# IP Build 3669848 on Fri Oct 14 08:30:02 MDT 2022
# Start of session at: Fri Jan 30 18:42:28 2026
# Process ID: 3184
# Current directory: D:/University/251/DA/joint
# Command line: vivado.exe -gui_launcher_event rodinguilauncherevent18312 D:\University\251\DA\joint\joint.xpr
# Log file: D:/University/251/DA/joint/vivado.log
# Journal file: D:/University/251/DA/joint\vivado.jou
# Running On: MSI, OS: Windows, CPU Frequency: 2688 MHz, CPU Physical cores: 10, Host memory: 8276 MB
#-----------------------------------------------------------
start_gui
open_project D:/University/251/DA/joint/joint.xpr
WARNING: [Board 49-26] cannot add Board Part xilinx.com:kc705:part0:1.6 available at D:/Apps/Xilinx/Vivado/2022.2/data/xhub/boards/XilinxBoardStore/boards/Xilinx/kc705/1.6/board.xml as part xc7k325tffg900-2 specified in board_part file is either invalid or not available
WARNING: [Board 49-26] cannot add Board Part xilinx.com:kcu105:part0:1.6 available at D:/Apps/Xilinx/Vivado/2022.2/data/xhub/boards/XilinxBoardStore/boards/Xilinx/kcu105/1.6/board.xml as part xcku040-ffva1156-2-e specified in board_part file is either invalid or not available
WARNING: [Board 49-26] cannot add Board Part xilinx.com:kcu105:part0:1.7 available at D:/Apps/Xilinx/Vivado/2022.2/data/xhub/boards/XilinxBoardStore/boards/Xilinx/kcu105/1.7/board.xml as part xcku040-ffva1156-2-e specified in board_part file is either invalid or not available
WARNING: [Board 49-26] cannot add Board Part xilinx.com:kcu1500:part0:1.2 available at D:/Apps/Xilinx/Vivado/2022.2/data/xhub/boards/XilinxBoardStore/boards/Xilinx/kcu1500/1.2/board.xml as part xcku115-flvb2104-2-e specified in board_part file is either invalid or not available
WARNING: [Board 49-26] cannot add Board Part xilinx.com:vc707:part0:1.4 available at D:/Apps/Xilinx/Vivado/2022.2/data/xhub/boards/XilinxBoardStore/boards/Xilinx/vc707/1.4/board.xml as part xc7vx485tffg1761-2 specified in board_part file is either invalid or not available
WARNING: [Board 49-26] cannot add Board Part xilinx.com:vc709:part0:1.8 available at D:/Apps/Xilinx/Vivado/2022.2/data/xhub/boards/XilinxBoardStore/boards/Xilinx/vc709/1.8/board.xml as part xc7vx690tffg1761-2 specified in board_part file is either invalid or not available
WARNING: [Board 49-26] cannot add Board Part xilinx.com:vck190:part0:2.2 available at D:/Apps/Xilinx/Vivado/2022.2/data/xhub/boards/XilinxBoardStore/boards/Xilinx/vck190/production/2.2/board.xml as part xcvc1902-vsva2197-2mp-e-s specified in board_part file is either invalid or not available
WARNING: [Board 49-26] cannot add Board Part xilinx.com:vck190:part0:3.0 available at D:/Apps/Xilinx/Vivado/2022.2/data/xhub/boards/XilinxBoardStore/boards/Xilinx/vck190/production/3.0/board.xml as part xcvc1902-vsva2197-2mp-e-s specified in board_part file is either invalid or not available
WARNING: [Board 49-26] cannot add Board Part xilinx.com:vck190:part0:3.1 available at D:/Apps/Xilinx/Vivado/2022.2/data/xhub/boards/XilinxBoardStore/boards/Xilinx/vck190/production/3.1/board.xml as part xcvc1902-vsva2197-2mp-e-s specified in board_part file is either invalid or not available
WARNING: [Board 49-26] cannot add Board Part xilinx.com:vck190_newl:part0:1.0 available at D:/Apps/Xilinx/Vivado/2022.2/data/xhub/boards/XilinxBoardStore/boards/Xilinx/vck190_newl/production/1.0/board.xml as part xcvc1902-vsva2197-2mp-e-s specified in board_part file is either invalid or not available
WARNING: [Board 49-26] cannot add Board Part xilinx.com:vcu108:part0:1.6 available at D:/Apps/Xilinx/Vivado/2022.2/data/xhub/boards/XilinxBoardStore/boards/Xilinx/vcu108/1.6/board.xml as part xcvu095-ffva2104-2-e specified in board_part file is either invalid or not available
WARNING: [Board 49-26] cannot add Board Part xilinx.com:vcu108:part0:1.7 available at D:/Apps/Xilinx/Vivado/2022.2/data/xhub/boards/XilinxBoardStore/boards/Xilinx/vcu108/1.7/board.xml as part xcvu095-ffva2104-2-e specified in board_part file is either invalid or not available
WARNING: [Board 49-26] cannot add Board Part xilinx.com:vcu110:part0:1.4 available at D:/Apps/Xilinx/Vivado/2022.2/data/xhub/boards/XilinxBoardStore/boards/Xilinx/vcu110/1.4/board.xml as part xcvu190-flgc2104-2-e specified in board_part file is either invalid or not available
WARNING: [Board 49-26] cannot add Board Part xilinx.com:vcu118:part0:2.0 available at D:/Apps/Xilinx/Vivado/2022.2/data/xhub/boards/XilinxBoardStore/boards/Xilinx/vcu118/2.0/board.xml as part xcvu9p-flga2104-2l-e specified in board_part file is either invalid or not available
WARNING: [Board 49-26] cannot add Board Part xilinx.com:vcu118:part0:2.3 available at D:/Apps/Xilinx/Vivado/2022.2/data/xhub/boards/XilinxBoardStore/boards/Xilinx/vcu118/2.3/board.xml as part xcvu9p-flga2104-2l-e specified in board_part file is either invalid or not available
WARNING: [Board 49-26] cannot add Board Part xilinx.com:vcu118:part0:2.4 available at D:/Apps/Xilinx/Vivado/2022.2/data/xhub/boards/XilinxBoardStore/boards/Xilinx/vcu118/2.4/board.xml as part xcvu9p-flga2104-2l-e specified in board_part file is either invalid or not available
WARNING: [Board 49-26] cannot add Board Part xilinx.com:vcu128:part0:1.0 available at D:/Apps/Xilinx/Vivado/2022.2/data/xhub/boards/XilinxBoardStore/boards/Xilinx/vcu128/production/1.0/board.xml as part xcvu37p-fsvh2892-2l-e specified in board_part file is either invalid or not available
WARNING: [Board 49-26] cannot add Board Part xilinx.com:vcu129:part0:1.0 available at D:/Apps/Xilinx/Vivado/2022.2/data/xhub/boards/XilinxBoardStore/boards/Xilinx/vcu129/production/1.0/board.xml as part xcvu29p-fsga2577-2l-e specified in board_part file is either invalid or not available
WARNING: [Board 49-26] cannot add Board Part xilinx.com:vcu1525:part0:1.3 available at D:/Apps/Xilinx/Vivado/2022.2/data/xhub/boards/XilinxBoardStore/boards/Xilinx/vcu1525/1.3/board.xml as part xcvu9p-fsgd2104-2l-e specified in board_part file is either invalid or not available
WARNING: [Board 49-26] cannot add Board Part xilinx.com:vek280_es:part0:1.0 available at D:/Apps/Xilinx/Vivado/2022.2/data/xhub/boards/XilinxBoardStore/boards/Xilinx/vek280/es/1.0/board.xml as part xcve2802-vsvh1760-2lp-e-s-es1 specified in board_part file is either invalid or not available
WARNING: [Board 49-26] cannot add Board Part xilinx.com:vermeo_t1_mpsoc:part0:1.0 available at D:/Apps/Xilinx/Vivado/2022.2/data/xhub/boards/XilinxBoardStore/boards/Xilinx/vermeo_t1_mpsoc/1.0/board.xml as part xczu19eg-ffvd1760-2l-e specified in board_part file is either invalid or not available
WARNING: [Board 49-26] cannot add Board Part xilinx.com:vermeo_t1_rfsoc:part0:1.0 available at D:/Apps/Xilinx/Vivado/2022.2/data/xhub/boards/XilinxBoardStore/boards/Xilinx/vermeo_t1_rfsoc/1.0/board.xml as part xczu21dr-ffvd1156-2l-e specified in board_part file is either invalid or not available
WARNING: [Board 49-26] cannot add Board Part xilinx.com:vhk158_es:part0:1.0 available at D:/Apps/Xilinx/Vivado/2022.2/data/xhub/boards/XilinxBoardStore/boards/Xilinx/vhk158/es/1.0/board.xml as part xcvh1582-vsva3697-2mp-e-s-es1 specified in board_part file is either invalid or not available
WARNING: [Board 49-26] cannot add Board Part xilinx.com:vmk180:part0:2.2 available at D:/Apps/Xilinx/Vivado/2022.2/data/xhub/boards/XilinxBoardStore/boards/Xilinx/vmk180/production/2.2/board.xml as part xcvm1802-vsva2197-2mp-e-s specified in board_part file is either invalid or not available
WARNING: [Board 49-26] cannot add Board Part xilinx.com:vmk180:part0:3.0 available at D:/Apps/Xilinx/Vivado/2022.2/data/xhub/boards/XilinxBoardStore/boards/Xilinx/vmk180/production/3.0/board.xml as part xcvm1802-vsva2197-2mp-e-s specified in board_part file is either invalid or not available
WARNING: [Board 49-26] cannot add Board Part xilinx.com:vmk180:part0:3.1 available at D:/Apps/Xilinx/Vivado/2022.2/data/xhub/boards/XilinxBoardStore/boards/Xilinx/vmk180/production/3.1/board.xml as part xcvm1802-vsva2197-2mp-e-s specified in board_part file is either invalid or not available
WARNING: [Board 49-26] cannot add Board Part xilinx.com:vmk180_newl:part0:1.0 available at D:/Apps/Xilinx/Vivado/2022.2/data/xhub/boards/XilinxBoardStore/boards/Xilinx/vmk180_newl/production/1.0/board.xml as part xcvm1802-vsva2197-2mp-e-s specified in board_part file is either invalid or not available
WARNING: [Board 49-26] cannot add Board Part xilinx.com:vpk120:part0:1.0 available at D:/Apps/Xilinx/Vivado/2022.2/data/xhub/boards/XilinxBoardStore/boards/Xilinx/vpk120/production/1.0/board.xml as part xcvp1202-vsva2785-2mp-e-s specified in board_part file is either invalid or not available
WARNING: [Board 49-26] cannot add Board Part xilinx.com:vpk120_es:part0:1.2 available at D:/Apps/Xilinx/Vivado/2022.2/data/xhub/boards/XilinxBoardStore/boards/Xilinx/vpk120/es/1.2/board.xml as part xcvp1202-vsva2785-2mp-e-s-es1 specified in board_part file is either invalid or not available
WARNING: [Board 49-26] cannot add Board Part xilinx.com:vpk120_es_revb:part0:1.0 available at D:/Apps/Xilinx/Vivado/2022.2/data/xhub/boards/XilinxBoardStore/boards/Xilinx/vpk120_revb/es/1.0/board.xml as part xcvp1202-vsva2785-2mp-e-s-es1 specified in board_part file is either invalid or not available
WARNING: [Board 49-26] cannot add Board Part xilinx.com:vpk180_es:part0:1.0 available at D:/Apps/Xilinx/Vivado/2022.2/data/xhub/boards/XilinxBoardStore/boards/Xilinx/vpk180/es/1.0/board.xml as part xcvp1802-lsvc4072-2mp-e-s-es1 specified in board_part file is either invalid or not available
WARNING: [Board 49-26] cannot add Board Part xilinx.com:zc706:part0:1.4 available at D:/Apps/Xilinx/Vivado/2022.2/data/xhub/boards/XilinxBoardStore/boards/Xilinx/zc706/1.4/board.xml as part xc7z045ffg900-2 specified in board_part file is either invalid or not available
WARNING: [Board 49-26] cannot add Board Part xilinx.com:zcu102:part0:3.3 available at D:/Apps/Xilinx/Vivado/2022.2/data/xhub/boards/XilinxBoardStore/boards/Xilinx/zcu102/3.3/board.xml as part xczu9eg-ffvb1156-2-e specified in board_part file is either invalid or not available
WARNING: [Board 49-26] cannot add Board Part xilinx.com:zcu102:part0:3.4 available at D:/Apps/Xilinx/Vivado/2022.2/data/xhub/boards/XilinxBoardStore/boards/Xilinx/zcu102/3.4/board.xml as part xczu9eg-ffvb1156-2-e specified in board_part file is either invalid or not available
WARNING: [Board 49-26] cannot add Board Part xilinx.com:zcu111:part0:1.2 available at D:/Apps/Xilinx/Vivado/2022.2/data/xhub/boards/XilinxBoardStore/boards/Xilinx/zcu111/1.2/board.xml as part xczu28dr-ffvg1517-2-e specified in board_part file is either invalid or not available
WARNING: [Board 49-26] cannot add Board Part xilinx.com:zcu111:part0:1.3 available at D:/Apps/Xilinx/Vivado/2022.2/data/xhub/boards/XilinxBoardStore/boards/Xilinx/zcu111/1.3/board.xml as part xczu28dr-ffvg1517-2-e specified in board_part file is either invalid or not available
WARNING: [Board 49-26] cannot add Board Part xilinx.com:zcu111:part0:1.4 available at D:/Apps/Xilinx/Vivado/2022.2/data/xhub/boards/XilinxBoardStore/boards/Xilinx/zcu111/1.4/board.xml as part xczu28dr-ffvg1517-2-e specified in board_part file is either invalid or not available
WARNING: [Board 49-26] cannot add Board Part xilinx.com:zcu1275:part0:1.0 available at D:/Apps/Xilinx/Vivado/2022.2/data/xhub/boards/XilinxBoardStore/boards/Xilinx/zcu1275/1.0/board.xml as part xczu29dr-ffvf1760-2-e specified in board_part file is either invalid or not available
WARNING: [Board 49-26] cannot add Board Part xilinx.com:zcu1285:part0:1.0 available at D:/Apps/Xilinx/Vivado/2022.2/data/xhub/boards/XilinxBoardStore/boards/Xilinx/zcu1285/1.0/board.xml as part xczu39dr-ffvf1760-2-i specified in board_part file is either invalid or not available
WARNING: [Board 49-26] cannot add Board Part xilinx.com:zcu208:part0:2.0 available at D:/Apps/Xilinx/Vivado/2022.2/data/xhub/boards/XilinxBoardStore/boards/Xilinx/zcu208/production/2.0/board.xml as part xczu48dr-fsvg1517-2-e specified in board_part file is either invalid or not available
WARNING: [Board 49-26] cannot add Board Part xilinx.com:zcu208ld:part0:2.0 available at D:/Apps/Xilinx/Vivado/2022.2/data/xhub/boards/XilinxBoardStore/boards/Xilinx/zcu208ld/production/2.0/board.xml as part xczu58dr-fsvg1517-2-i specified in board_part file is either invalid or not available
WARNING: [Board 49-26] cannot add Board Part xilinx.com:zcu216:part0:2.0 available at D:/Apps/Xilinx/Vivado/2022.2/data/xhub/boards/XilinxBoardStore/boards/Xilinx/zcu216/production/2.0/board.xml as part xczu49dr-ffvf1760-2-e specified in board_part file is either invalid or not available
WARNING: [Board 49-26] cannot add Board Part xilinx.com:zcu216ld:part0:2.0 available at D:/Apps/Xilinx/Vivado/2022.2/data/xhub/boards/XilinxBoardStore/boards/Xilinx/zcu216ld/production/2.0/board.xml as part xczu59dr-ffvf1760-2-i specified in board_part file is either invalid or not available
WARNING: [Board 49-26] cannot add Board Part xilinx.com:zcu670:part0:2.0 available at D:/Apps/Xilinx/Vivado/2022.2/data/xhub/boards/XilinxBoardStore/boards/Xilinx/zcu670/2.0/board.xml as part xczu67dr-fsve1156-2-i specified in board_part file is either invalid or not available
WARNING: [Board 49-26] cannot add Board Part xilinx.com:zcu670ld:part0:1.0 available at D:/Apps/Xilinx/Vivado/2022.2/data/xhub/boards/XilinxBoardStore/boards/Xilinx/zcu670ld/1.0/board.xml as part xczu57dr-fsve1156-2-i specified in board_part file is either invalid or not available
INFO: [filemgmt 56-3] Default IP Output Path : Could not find the directory 'D:/University/251/DA/joint/joint.gen/sources_1'.
Scanning sources...
Finished scanning sources
INFO: [IP_Flow 19-234] Refreshing IP repositories
INFO: [IP_Flow 19-1704] No user IP repositories specified
INFO: [IP_Flow 19-2313] Loaded Vivado IP repository 'D:/Apps/Xilinx/Vivado/2022.2/data/ip'.
open_project: Time (s): cpu = 00:00:36 ; elapsed = 00:00:20 . Memory (MB): peak = 1153.090 ; gain = 372.996
update_compile_order -fileset sources_1
update_compile_order -fileset sources_1
update_compile_order -fileset sources_1
export_ip_user_files -of_objects  [get_files D:/University/251/DA/joint/joint.srcs/sources_1/new/hqc_kem_joint_design_wrapper.v] -no_script -reset -force -quiet
remove_files  D:/University/251/DA/joint/joint.srcs/sources_1/new/hqc_kem_joint_design_wrapper.v
update_compile_order -fileset sources_1
add_files -norecurse D:/University/251/DA/joint/joint.srcs/sources_1/new/hqc_kem_wrapper.v
update_compile_order -fileset sources_1
update_compile_order -fileset sources_1
close [ open D:/University/251/DA/joint/joint.srcs/sources_1/new/hqc_kem_memory_manager.v w ]
add_files D:/University/251/DA/joint/joint.srcs/sources_1/new/hqc_kem_memory_manager.v
update_compile_order -fileset sources_1
close [ open D:/University/251/DA/joint/joint.srcs/sources_1/new/hqc_kem_system.v w ]
add_files D:/University/251/DA/joint/joint.srcs/sources_1/new/hqc_kem_system.v
update_compile_order -fileset sources_1
update_compile_order -fileset sources_1
file mkdir D:/University/251/DA/joint/joint.srcs/sim_1/new
set_property SOURCE_SET sources_1 [get_filesets sim_1]
close [ open D:/University/251/DA/joint/joint.srcs/sim_1/new/hqc_kem_system_tb.v w ]
add_files -fileset sim_1 D:/University/251/DA/joint/joint.srcs/sim_1/new/hqc_kem_system_tb.v
update_compile_order -fileset sim_1
set_property top hqc_kem_system_tb [get_filesets sim_1]
set_property top_lib xil_defaultlib [get_filesets sim_1]
WARNING: [filemgmt 56-199] Attempt to get parsing info during refresh. "On-the-fly" syntax checking information may be incorrect. [C:\Users\THUAN\Downloads\joint\hqc_kem_joint_design.v:]
WARNING: [filemgmt 56-199] Attempt to get parsing info during refresh. "On-the-fly" syntax checking information may be incorrect. [D:\University\251\DA\joint\joint.srcs\sources_1\new\hqc_kem_joint_design_wrapper.v:]
WARNING: [filemgmt 56-199] Attempt to get parsing info during refresh. "On-the-fly" syntax checking information may be incorrect. [D:\University\251\DA\joint\joint.srcs\sim_1\new\hqc_kem_system_tb.v:]
WARNING: [filemgmt 56-199] Attempt to get parsing info during refresh. "On-the-fly" syntax checking information may be incorrect. [D:\University\251\DA\joint\joint.srcs\sources_1\new\hqc_kem_memory_manager.v:]
WARNING: [filemgmt 56-199] Attempt to get parsing info during refresh. "On-the-fly" syntax checking information may be incorrect. [D:\University\251\DA\joint\joint.srcs\sources_1\new\hqc_kem_wrapper.v:]
WARNING: [filemgmt 56-199] Attempt to get parsing info during refresh. "On-the-fly" syntax checking information may be incorrect. [D:\University\251\DA\joint\joint.srcs\sources_1\new\hqc_kem_system.v:]
WARNING: [filemgmt 56-199] Attempt to get parsing info during refresh. "On-the-fly" syntax checking information may be incorrect. [C:\Users\THUAN\Downloads\joint\hqc_kem_joint_design.v:]
WARNING: [filemgmt 56-199] Attempt to get parsing info during refresh. "On-the-fly" syntax checking information may be incorrect. [D:\University\251\DA\joint\joint.srcs\sources_1\new\hqc_kem_joint_design_wrapper.v:]
WARNING: [filemgmt 56-199] Attempt to get parsing info during refresh. "On-the-fly" syntax checking information may be incorrect. [D:\University\251\DA\joint\joint.srcs\sim_1\new\hqc_kem_system_tb.v:]
WARNING: [filemgmt 56-199] Attempt to get parsing info during refresh. "On-the-fly" syntax checking information may be incorrect. [D:\University\251\DA\joint\joint.srcs\sources_1\new\hqc_kem_memory_manager.v:]
WARNING: [filemgmt 56-199] Attempt to get parsing info during refresh. "On-the-fly" syntax checking information may be incorrect. [D:\University\251\DA\joint\joint.srcs\sources_1\new\hqc_kem_wrapper.v:]
WARNING: [filemgmt 56-199] Attempt to get parsing info during refresh. "On-the-fly" syntax checking information may be incorrect. [D:\University\251\DA\joint\joint.srcs\sources_1\new\hqc_kem_system.v:]
WARNING: [filemgmt 56-199] Attempt to get parsing info during refresh. "On-the-fly" syntax checking information may be incorrect. [C:\Users\THUAN\Downloads\joint\hqc_kem_joint_design.v:]
WARNING: [filemgmt 56-199] Attempt to get parsing info during refresh. "On-the-fly" syntax checking information may be incorrect. [D:\University\251\DA\joint\joint.srcs\sources_1\new\hqc_kem_joint_design_wrapper.v:]
WARNING: [filemgmt 56-199] Attempt to get parsing info during refresh. "On-the-fly" syntax checking information may be incorrect. [D:\University\251\DA\joint\joint.srcs\sim_1\new\hqc_kem_system_tb.v:]
WARNING: [filemgmt 56-199] Attempt to get parsing info during refresh. "On-the-fly" syntax checking information may be incorrect. [D:\University\251\DA\joint\joint.srcs\sources_1\new\hqc_kem_memory_manager.v:]
WARNING: [filemgmt 56-199] Attempt to get parsing info during refresh. "On-the-fly" syntax checking information may be incorrect. [D:\University\251\DA\joint\joint.srcs\sources_1\new\hqc_kem_wrapper.v:]
WARNING: [filemgmt 56-199] Attempt to get parsing info during refresh. "On-the-fly" syntax checking information may be incorrect. [D:\University\251\DA\joint\joint.srcs\sources_1\new\hqc_kem_system.v:]
WARNING: [filemgmt 56-199] Attempt to get parsing info during refresh. "On-the-fly" syntax checking information may be incorrect. [C:\Users\THUAN\Downloads\joint\hqc_kem_joint_design.v:]
WARNING: [filemgmt 56-199] Attempt to get parsing info during refresh. "On-the-fly" syntax checking information may be incorrect. [D:\University\251\DA\joint\joint.srcs\sources_1\new\hqc_kem_joint_design_wrapper.v:]
WARNING: [filemgmt 56-199] Attempt to get parsing info during refresh. "On-the-fly" syntax checking information may be incorrect. [D:\University\251\DA\joint\joint.srcs\sim_1\new\hqc_kem_system_tb.v:]
WARNING: [filemgmt 56-199] Attempt to get parsing info during refresh. "On-the-fly" syntax checking information may be incorrect. [D:\University\251\DA\joint\joint.srcs\sources_1\new\hqc_kem_memory_manager.v:]
WARNING: [filemgmt 56-199] Attempt to get parsing info during refresh. "On-the-fly" syntax checking information may be incorrect. [D:\University\251\DA\joint\joint.srcs\sources_1\new\hqc_kem_wrapper.v:]
WARNING: [filemgmt 56-199] Attempt to get parsing info during refresh. "On-the-fly" syntax checking information may be incorrect. [D:\University\251\DA\joint\joint.srcs\sources_1\new\hqc_kem_system.v:]
update_compile_order -fileset sim_1
launch_simulation
Command: launch_simulation 
INFO: [Vivado 12-12493] Simulation top is 'hqc_kem_system_tb'
WARNING: [Vivado 12-13340] Unable to auto find GCC executables from simulator install path! (path not set)
WARNING: [Vivado 12-13277] Compiled library path does not exist: ''
INFO: [Vivado 12-5682] Launching behavioral simulation in 'D:/University/251/DA/joint/joint.sim/sim_1/behav/xsim'
INFO: [SIM-utils-51] Simulation object is 'sim_1'
INFO: [SIM-utils-72] Using boost library from 'D:/Apps/Xilinx/Vivado/2022.2/tps/boost_1_72_0'
INFO: [SIM-utils-54] Inspecting design source files for 'hqc_kem_system_tb' in fileset 'sim_1'...
INFO: [SIM-utils-43] Exported 'D:/University/251/DA/joint/joint.sim/sim_1/behav/xsim/barrett_hqc_128.mem'
INFO: [SIM-utils-43] Exported 'D:/University/251/DA/joint/joint.sim/sim_1/behav/xsim/barrett_hqc_256.mem'
INFO: [SIM-utils-43] Exported 'D:/University/251/DA/joint/joint.sim/sim_1/behav/xsim/barrett_hqc_192.mem'
INFO: [USF-XSim-97] Finding global include files...
INFO: [USF-XSim-98] Fetching design files from 'sim_1'...
INFO: [USF-XSim-2] XSim::Compile design
INFO: [USF-XSim-61] Executing 'COMPILE and ANALYZE' step in 'D:/University/251/DA/joint/joint.sim/sim_1/behav/xsim'
"xvlog --incr --relax -prj hqc_kem_system_tb_vlog.prj"
INFO: [VRFC 10-2263] Analyzing Verilog file "C:/Users/THUAN/Downloads/joint/add_fft.v" into library xil_defaultlib
INFO: [VRFC 10-311] analyzing module add_fft
INFO: [VRFC 10-2263] Analyzing Verilog file "C:/Users/THUAN/Downloads/joint/barrett_red_gen.v" into library xil_defaultlib
INFO: [VRFC 10-311] analyzing module barrett_red_gen
INFO: [VRFC 10-2263] Analyzing Verilog file "C:/Users/THUAN/Downloads/joint/cdw_xor_tmp.v" into library xil_defaultlib
INFO: [VRFC 10-311] analyzing module cdw_xor_tmp
INFO: [VRFC 10-2263] Analyzing Verilog file "C:/Users/THUAN/Downloads/joint/concat_code.v" into library xil_defaultlib
INFO: [VRFC 10-311] analyzing module concat_code
INFO: [VRFC 10-2263] Analyzing Verilog file "C:/Users/THUAN/Downloads/joint/control_path.v" into library xil_defaultlib
INFO: [VRFC 10-311] analyzing module control_path
INFO: [VRFC 10-2263] Analyzing Verilog file "C:/Users/THUAN/Downloads/joint/data_path.v" into library xil_defaultlib
INFO: [VRFC 10-311] analyzing module data_path
INFO: [VRFC 10-2263] Analyzing Verilog file "C:/Users/THUAN/Downloads/joint/decap.v" into library xil_defaultlib
INFO: [VRFC 10-311] analyzing module decap
WARNING: [VRFC 10-2938] 'start_decrypt' is already implicitly declared on line 358 [C:/Users/THUAN/Downloads/joint/decap.v:864]
WARNING: [VRFC 10-2938] 'done_decrypt' is already implicitly declared on line 360 [C:/Users/THUAN/Downloads/joint/decap.v:865]
WARNING: [VRFC 10-2938] 'start_encap' is already implicitly declared on line 507 [C:/Users/THUAN/Downloads/joint/decap.v:866]
WARNING: [VRFC 10-2938] 'done_encrypt' is already implicitly declared on line 538 [C:/Users/THUAN/Downloads/joint/decap.v:867]
WARNING: [VRFC 10-3380] identifier 'dec_uv' is used before its declaration [C:/Users/THUAN/Downloads/joint/decap.v:334]
WARNING: [VRFC 10-3380] identifier 'uv_addr_1_dec' is used before its declaration [C:/Users/THUAN/Downloads/joint/decap.v:335]
WARNING: [VRFC 10-3380] identifier 'dec_uv' is used before its declaration [C:/Users/THUAN/Downloads/joint/decap.v:337]
WARNING: [VRFC 10-3380] identifier 'uv_addr_1_dec' is used before its declaration [C:/Users/THUAN/Downloads/joint/decap.v:338]
WARNING: [VRFC 10-3380] identifier 'verify_u_reg' is used before its declaration [C:/Users/THUAN/Downloads/joint/decap.v:397]
WARNING: [VRFC 10-3380] identifier 'verify_v' is used before its declaration [C:/Users/THUAN/Downloads/joint/decap.v:411]
WARNING: [VRFC 10-3380] identifier 'verify_d' is used before its declaration [C:/Users/THUAN/Downloads/joint/decap.v:424]
INFO: [VRFC 10-2263] Analyzing Verilog file "C:/Users/THUAN/Downloads/joint/decrypt.v" into library xil_defaultlib
INFO: [VRFC 10-311] analyzing module decrypt
WARNING: [VRFC 10-2938] 'ram_din_rd_o' is already implicitly declared on line 168 [C:/Users/THUAN/Downloads/joint/decrypt.v:191]
WARNING: [VRFC 10-2938] 'ram_din_i' is already implicitly declared on line 170 [C:/Users/THUAN/Downloads/joint/decrypt.v:192]
WARNING: [VRFC 10-2938] 'ram_din_addr_o' is already implicitly declared on line 169 [C:/Users/THUAN/Downloads/joint/decrypt.v:193]
WARNING: [VRFC 10-2938] 'done_u_minus_vy' is already implicitly declared on line 157 [C:/Users/THUAN/Downloads/joint/decrypt.v:194]
INFO: [VRFC 10-2263] Analyzing Verilog file "C:/Users/THUAN/Downloads/joint/encap.v" into library xil_defaultlib
INFO: [VRFC 10-311] analyzing module encap
WARNING: [VRFC 10-2938] 'count_hash_inputs' is already implicitly declared on line 539 [C:/Users/THUAN/Downloads/joint/encap.v:557]
WARNING: [VRFC 10-3380] identifier 'd_out' is used before its declaration [C:/Users/THUAN/Downloads/joint/encap.v:250]
WARNING: [VRFC 10-8864] concatenation with an unsized literal will be treated as 32 bits [C:/Users/THUAN/Downloads/joint/encap.v:249]
WARNING: [VRFC 10-8864] concatenation with an unsized literal will be treated as 32 bits [C:/Users/THUAN/Downloads/joint/encap.v:250]
WARNING: [VRFC 10-3380] identifier 'sel_uv' is used before its declaration [C:/Users/THUAN/Downloads/joint/encap.v:328]
WARNING: [VRFC 10-3380] identifier 'u_v_reg' is used before its declaration [C:/Users/THUAN/Downloads/joint/encap.v:506]
WARNING: [VRFC 10-3380] identifier 'u_v_reg' is used before its declaration [C:/Users/THUAN/Downloads/joint/encap.v:507]
WARNING: [VRFC 10-3380] identifier 'last_block_capture' is used before its declaration [C:/Users/THUAN/Downloads/joint/encap.v:515]
WARNING: [VRFC 10-3380] identifier 'block_capture' is used before its declaration [C:/Users/THUAN/Downloads/joint/encap.v:518]
WARNING: [VRFC 10-3380] identifier 'count_hash_inputs_test' is used before its declaration [C:/Users/THUAN/Downloads/joint/encap.v:527]
WARNING: [VRFC 10-3380] identifier 'count_hash_inputs_test' is used before its declaration [C:/Users/THUAN/Downloads/joint/encap.v:530]
WARNING: [VRFC 10-8864] concatenation with an unsized literal will be treated as 32 bits [C:/Users/THUAN/Downloads/joint/encap.v:546]
WARNING: [VRFC 10-3380] identifier 'total_shake_input_count' is used before its declaration [C:/Users/THUAN/Downloads/joint/encap.v:597]
WARNING: [VRFC 10-3380] identifier 'total_shake_input_count' is used before its declaration [C:/Users/THUAN/Downloads/joint/encap.v:626]
WARNING: [VRFC 10-3380] identifier 'total_shake_input_count' is used before its declaration [C:/Users/THUAN/Downloads/joint/encap.v:847]
WARNING: [VRFC 10-3380] identifier 'start_hash' is used before its declaration [C:/Users/THUAN/Downloads/joint/encap.v:1102]
WARNING: [VRFC 10-3380] identifier 'start_hash' is used before its declaration [C:/Users/THUAN/Downloads/joint/encap.v:1118]
WARNING: [VRFC 10-3380] identifier 'start_hash' is used before its declaration [C:/Users/THUAN/Downloads/joint/encap.v:1133]
WARNING: [VRFC 10-3380] identifier 'start_hash' is used before its declaration [C:/Users/THUAN/Downloads/joint/encap.v:1173]
WARNING: [VRFC 10-3380] identifier 'start_hash' is used before its declaration [C:/Users/THUAN/Downloads/joint/encap.v:1186]
WARNING: [VRFC 10-3380] identifier 'start_hash' is used before its declaration [C:/Users/THUAN/Downloads/joint/encap.v:1213]
WARNING: [VRFC 10-3380] identifier 'start_hash' is used before its declaration [C:/Users/THUAN/Downloads/joint/encap.v:1223]
WARNING: [VRFC 10-3380] identifier 'start_hash' is used before its declaration [C:/Users/THUAN/Downloads/joint/encap.v:1240]
WARNING: [VRFC 10-3380] identifier 'start_hash' is used before its declaration [C:/Users/THUAN/Downloads/joint/encap.v:1252]
WARNING: [VRFC 10-3380] identifier 'start_hash' is used before its declaration [C:/Users/THUAN/Downloads/joint/encap.v:1264]
WARNING: [VRFC 10-3380] identifier 'start_hash' is used before its declaration [C:/Users/THUAN/Downloads/joint/encap.v:1281]
WARNING: [VRFC 10-3380] identifier 'start_hash' is used before its declaration [C:/Users/THUAN/Downloads/joint/encap.v:1310]
WARNING: [VRFC 10-3380] identifier 'start_hash' is used before its declaration [C:/Users/THUAN/Downloads/joint/encap.v:1333]
WARNING: [VRFC 10-3380] identifier 'start_hash' is used before its declaration [C:/Users/THUAN/Downloads/joint/encap.v:1353]
WARNING: [VRFC 10-3380] identifier 'start_hash' is used before its declaration [C:/Users/THUAN/Downloads/joint/encap.v:1400]
WARNING: [VRFC 10-3380] identifier 'start_hash' is used before its declaration [C:/Users/THUAN/Downloads/joint/encap.v:1422]
WARNING: [VRFC 10-3380] identifier 'start_hash' is used before its declaration [C:/Users/THUAN/Downloads/joint/encap.v:1444]
WARNING: [VRFC 10-3380] identifier 'start_hash' is used before its declaration [C:/Users/THUAN/Downloads/joint/encap.v:1471]
WARNING: [VRFC 10-3380] identifier 'start_hash' is used before its declaration [C:/Users/THUAN/Downloads/joint/encap.v:1476]
WARNING: [VRFC 10-3380] identifier 'start_hash' is used before its declaration [C:/Users/THUAN/Downloads/joint/encap.v:1487]
WARNING: [VRFC 10-3380] identifier 'start_hash' is used before its declaration [C:/Users/THUAN/Downloads/joint/encap.v:1503]
WARNING: [VRFC 10-3380] identifier 'start_hash' is used before its declaration [C:/Users/THUAN/Downloads/joint/encap.v:1513]
INFO: [VRFC 10-2263] Analyzing Verilog file "C:/Users/THUAN/Downloads/joint/encrypt.v" into library xil_defaultlib
INFO: [VRFC 10-311] analyzing module encrypt
WARNING: [VRFC 10-2938] 'r1_internal' is already implicitly declared on line 325 [C:/Users/THUAN/Downloads/joint/encrypt.v:352]
WARNING: [VRFC 10-2938] 'r2_internal' is already implicitly declared on line 334 [C:/Users/THUAN/Downloads/joint/encrypt.v:353]
WARNING: [VRFC 10-2938] 'loc_addr' is already implicitly declared on line 332 [C:/Users/THUAN/Downloads/joint/encrypt.v:355]
WARNING: [VRFC 10-2938] 'pm_out' is already implicitly declared on line 341 [C:/Users/THUAN/Downloads/joint/encrypt.v:356]
WARNING: [VRFC 10-3248] data object 'pm_out' is already declared [C:/Users/THUAN/Downloads/joint/encrypt.v:447]
WARNING: [VRFC 10-9364] second declaration of 'pm_out' is ignored [C:/Users/THUAN/Downloads/joint/encrypt.v:447]
WARNING: [VRFC 10-2938] 'pm_rd_addr' is already implicitly declared on line 437 [C:/Users/THUAN/Downloads/joint/encrypt.v:448]
WARNING: [VRFC 10-2938] 'pm_rd_en' is already implicitly declared on line 438 [C:/Users/THUAN/Downloads/joint/encrypt.v:449]
WARNING: [VRFC 10-2938] 'add_out' is already implicitly declared on line 441 [C:/Users/THUAN/Downloads/joint/encrypt.v:451]
WARNING: [VRFC 10-2938] 'add_out_addr' is already implicitly declared on line 442 [C:/Users/THUAN/Downloads/joint/encrypt.v:452]
WARNING: [VRFC 10-2938] 'add_out_valid' is already implicitly declared on line 443 [C:/Users/THUAN/Downloads/joint/encrypt.v:453]
WARNING: [VRFC 10-2938] 'xor_add_en' is already implicitly declared on line 313 [C:/Users/THUAN/Downloads/joint/encrypt.v:487]
WARNING: [VRFC 10-2938] 'xor_add_addr' is already implicitly declared on line 437 [C:/Users/THUAN/Downloads/joint/encrypt.v:488]
WARNING: [VRFC 10-2938] 'xor_add_out' is already implicitly declared on line 441 [C:/Users/THUAN/Downloads/joint/encrypt.v:490]
WARNING: [VRFC 10-2938] 'xor_add_out_addr' is already implicitly declared on line 442 [C:/Users/THUAN/Downloads/joint/encrypt.v:491]
WARNING: [VRFC 10-2938] 'xor_add_out_valid' is already implicitly declared on line 443 [C:/Users/THUAN/Downloads/joint/encrypt.v:492]
WARNING: [VRFC 10-2938] 'en_r1' is already implicitly declared on line 324 [C:/Users/THUAN/Downloads/joint/encrypt.v:528]
WARNING: [VRFC 10-2938] 'en_r2' is already implicitly declared on line 333 [C:/Users/THUAN/Downloads/joint/encrypt.v:529]
WARNING: [VRFC 10-2096] empty statement in sequential block [C:/Users/THUAN/Downloads/joint/encrypt.v:557]
WARNING: [VRFC 10-2938] 'wen_fw' is already implicitly declared on line 324 [C:/Users/THUAN/Downloads/joint/encrypt.v:687]
WARNING: [VRFC 10-3248] data object 'sel_fw' is already declared [C:/Users/THUAN/Downloads/joint/encrypt.v:687]
WARNING: [VRFC 10-9364] second declaration of 'sel_fw' is ignored [C:/Users/THUAN/Downloads/joint/encrypt.v:687]
WARNING: [VRFC 10-2938] 'fw_addr_reg' is already implicitly declared on line 323 [C:/Users/THUAN/Downloads/joint/encrypt.v:694]
WARNING: [VRFC 10-2938] 'u_cpy_addr' is already implicitly declared on line 437 [C:/Users/THUAN/Downloads/joint/encrypt.v:793]
WARNING: [VRFC 10-2938] 'wen_u' is already implicitly declared on line 343 [C:/Users/THUAN/Downloads/joint/encrypt.v:794]
WARNING: [VRFC 10-2938] 'copy_u' is already implicitly declared on line 437 [C:/Users/THUAN/Downloads/joint/encrypt.v:795]
WARNING: [VRFC 10-2938] 'sel_r1_hr2' is already implicitly declared on line 470 [C:/Users/THUAN/Downloads/joint/encrypt.v:796]
WARNING: [VRFC 10-3380] identifier 'rd_fw' is used before its declaration [C:/Users/THUAN/Downloads/joint/encrypt.v:180]
WARNING: [VRFC 10-3380] identifier 'fw_addr' is used before its declaration [C:/Users/THUAN/Downloads/joint/encrypt.v:182]
WARNING: [VRFC 10-3380] identifier 'sel_e' is used before its declaration [C:/Users/THUAN/Downloads/joint/encrypt.v:183]
WARNING: [VRFC 10-3380] identifier 'pm_out' is used before its declaration [C:/Users/THUAN/Downloads/joint/encrypt.v:298]
WARNING: [VRFC 10-3380] identifier 'r2_done' is used before its declaration [C:/Users/THUAN/Downloads/joint/encrypt.v:543]
WARNING: [VRFC 10-3380] identifier 'start_fw_transfer' is used before its declaration [C:/Users/THUAN/Downloads/joint/encrypt.v:549]
WARNING: [VRFC 10-3380] identifier 'r2_done' is used before its declaration [C:/Users/THUAN/Downloads/joint/encrypt.v:560]
WARNING: [VRFC 10-3380] identifier 'start_fw_transfer' is used before its declaration [C:/Users/THUAN/Downloads/joint/encrypt.v:565]
WARNING: [VRFC 10-3380] identifier 'r2_done' is used before its declaration [C:/Users/THUAN/Downloads/joint/encrypt.v:579]
WARNING: [VRFC 10-3380] identifier 'start_fw_transfer' is used before its declaration [C:/Users/THUAN/Downloads/joint/encrypt.v:584]
WARNING: [VRFC 10-3380] identifier 'start_fw_transfer' is used before its declaration [C:/Users/THUAN/Downloads/joint/encrypt.v:597]
WARNING: [VRFC 10-3380] identifier 'start_fw_transfer' is used before its declaration [C:/Users/THUAN/Downloads/joint/encrypt.v:605]
WARNING: [VRFC 10-3380] identifier 'done_fw_transfer' is used before its declaration [C:/Users/THUAN/Downloads/joint/encrypt.v:606]
WARNING: [VRFC 10-3380] identifier 'r2_done' is used before its declaration [C:/Users/THUAN/Downloads/joint/encrypt.v:614]
WARNING: [VRFC 10-3380] identifier 'done_fw_transfer' is used before its declaration [C:/Users/THUAN/Downloads/joint/encrypt.v:616]
WARNING: [VRFC 10-3380] identifier 'start_fw_transfer' is used before its declaration [C:/Users/THUAN/Downloads/joint/encrypt.v:622]
WARNING: [VRFC 10-3380] identifier 'start_fw_transfer' is used before its declaration [C:/Users/THUAN/Downloads/joint/encrypt.v:635]
WARNING: [VRFC 10-3380] identifier 'start_fw_transfer' is used before its declaration [C:/Users/THUAN/Downloads/joint/encrypt.v:643]
WARNING: [VRFC 10-3380] identifier 'done_fw_transfer' is used before its declaration [C:/Users/THUAN/Downloads/joint/encrypt.v:644]
WARNING: [VRFC 10-3380] identifier 'r2_done' is used before its declaration [C:/Users/THUAN/Downloads/joint/encrypt.v:648]
WARNING: [VRFC 10-3380] identifier 'done_fw_transfer' is used before its declaration [C:/Users/THUAN/Downloads/joint/encrypt.v:655]
WARNING: [VRFC 10-3380] identifier 'r2_done' is used before its declaration [C:/Users/THUAN/Downloads/joint/encrypt.v:657]
WARNING: [VRFC 10-3380] identifier 'r2_done' is used before its declaration [C:/Users/THUAN/Downloads/joint/encrypt.v:660]
WARNING: [VRFC 10-3380] identifier 'r2_done' is used before its declaration [C:/Users/THUAN/Downloads/joint/encrypt.v:678]
INFO: [VRFC 10-2263] Analyzing Verilog file "C:/Users/THUAN/Downloads/joint/encrypt_parallel.v" into library xil_defaultlib
INFO: [VRFC 10-311] analyzing module encrypt_parallel
WARNING: [VRFC 10-2938] 'r1_internal' is already implicitly declared on line 362 [C:/Users/THUAN/Downloads/joint/encrypt_parallel.v:406]
WARNING: [VRFC 10-2938] 'r2_internal_hr2' is already implicitly declared on line 384 [C:/Users/THUAN/Downloads/joint/encrypt_parallel.v:408]
WARNING: [VRFC 10-2938] 'r2_internal_sr2' is already implicitly declared on line 385 [C:/Users/THUAN/Downloads/joint/encrypt_parallel.v:409]
WARNING: [VRFC 10-2938] 'loc_addr_hr2' is already implicitly declared on line 380 [C:/Users/THUAN/Downloads/joint/encrypt_parallel.v:411]
WARNING: [VRFC 10-2938] 'loc_addr_sr2' is already implicitly declared on line 381 [C:/Users/THUAN/Downloads/joint/encrypt_parallel.v:412]
WARNING: [VRFC 10-3248] data object 'pm_out' is already declared [C:/Users/THUAN/Downloads/joint/encrypt_parallel.v:549]
WARNING: [VRFC 10-9364] second declaration of 'pm_out' is ignored [C:/Users/THUAN/Downloads/joint/encrypt_parallel.v:549]
WARNING: [VRFC 10-2938] 'pm_rd_addr' is already implicitly declared on line 500 [C:/Users/THUAN/Downloads/joint/encrypt_parallel.v:550]
WARNING: [VRFC 10-2938] 'pm_rd_en' is already implicitly declared on line 501 [C:/Users/THUAN/Downloads/joint/encrypt_parallel.v:551]
WARNING: [VRFC 10-2938] 'add_out' is already implicitly declared on line 504 [C:/Users/THUAN/Downloads/joint/encrypt_parallel.v:553]
WARNING: [VRFC 10-2938] 'add_out_addr' is already implicitly declared on line 505 [C:/Users/THUAN/Downloads/joint/encrypt_parallel.v:554]
WARNING: [VRFC 10-2938] 'add_out_valid' is already implicitly declared on line 506 [C:/Users/THUAN/Downloads/joint/encrypt_parallel.v:555]
WARNING: [VRFC 10-2938] 'xor_add_en' is already implicitly declared on line 350 [C:/Users/THUAN/Downloads/joint/encrypt_parallel.v:613]
WARNING: [VRFC 10-2938] 'xor_add_addr' is already implicitly declared on line 539 [C:/Users/THUAN/Downloads/joint/encrypt_parallel.v:614]
WARNING: [VRFC 10-2938] 'xor_add_out' is already implicitly declared on line 543 [C:/Users/THUAN/Downloads/joint/encrypt_parallel.v:616]
WARNING: [VRFC 10-2938] 'xor_add_out_addr' is already implicitly declared on line 544 [C:/Users/THUAN/Downloads/joint/encrypt_parallel.v:617]
WARNING: [VRFC 10-2938] 'xor_add_out_valid' is already implicitly declared on line 545 [C:/Users/THUAN/Downloads/joint/encrypt_parallel.v:618]
WARNING: [VRFC 10-2938] 'en_r1' is already implicitly declared on line 361 [C:/Users/THUAN/Downloads/joint/encrypt_parallel.v:654]
WARNING: [VRFC 10-2938] 'en_r2' is already implicitly declared on line 382 [C:/Users/THUAN/Downloads/joint/encrypt_parallel.v:655]
WARNING: [VRFC 10-2096] empty statement in sequential block [C:/Users/THUAN/Downloads/joint/encrypt_parallel.v:673]
WARNING: [VRFC 10-2938] 'wen_fw' is already implicitly declared on line 361 [C:/Users/THUAN/Downloads/joint/encrypt_parallel.v:856]
WARNING: [VRFC 10-3248] data object 'sel_fw' is already declared [C:/Users/THUAN/Downloads/joint/encrypt_parallel.v:856]
WARNING: [VRFC 10-9364] second declaration of 'sel_fw' is ignored [C:/Users/THUAN/Downloads/joint/encrypt_parallel.v:856]
WARNING: [VRFC 10-2938] 'fw_addr_reg' is already implicitly declared on line 360 [C:/Users/THUAN/Downloads/joint/encrypt_parallel.v:863]
WARNING: [VRFC 10-3380] identifier 'rd_fw' is used before its declaration [C:/Users/THUAN/Downloads/joint/encrypt_parallel.v:209]
WARNING: [VRFC 10-3380] identifier 'fw_addr' is used before its declaration [C:/Users/THUAN/Downloads/joint/encrypt_parallel.v:211]
WARNING: [VRFC 10-3380] identifier 'sel_e' is used before its declaration [C:/Users/THUAN/Downloads/joint/encrypt_parallel.v:212]
WARNING: [VRFC 10-3380] identifier 'pm_out_sr2' is used before its declaration [C:/Users/THUAN/Downloads/joint/encrypt_parallel.v:335]
WARNING: [VRFC 10-3380] identifier 'r2_done' is used before its declaration [C:/Users/THUAN/Downloads/joint/encrypt_parallel.v:668]
WARNING: [VRFC 10-3380] identifier 'r2_done' is used before its declaration [C:/Users/THUAN/Downloads/joint/encrypt_parallel.v:676]
WARNING: [VRFC 10-3380] identifier 'r2_done' is used before its declaration [C:/Users/THUAN/Downloads/joint/encrypt_parallel.v:688]
WARNING: [VRFC 10-3380] identifier 'done_fw_transfer' is used before its declaration [C:/Users/THUAN/Downloads/joint/encrypt_parallel.v:710]
WARNING: [VRFC 10-3380] identifier 'r2_done' is used before its declaration [C:/Users/THUAN/Downloads/joint/encrypt_parallel.v:718]
WARNING: [VRFC 10-3380] identifier 'done_fw_transfer' is used before its declaration [C:/Users/THUAN/Downloads/joint/encrypt_parallel.v:720]
WARNING: [VRFC 10-3380] identifier 'done_fw_transfer' is used before its declaration [C:/Users/THUAN/Downloads/joint/encrypt_parallel.v:744]
WARNING: [VRFC 10-3380] identifier 'r2_done' is used before its declaration [C:/Users/THUAN/Downloads/joint/encrypt_parallel.v:748]
WARNING: [VRFC 10-3380] identifier 'done_fw_transfer' is used before its declaration [C:/Users/THUAN/Downloads/joint/encrypt_parallel.v:755]
WARNING: [VRFC 10-3380] identifier 'r2_done' is used before its declaration [C:/Users/THUAN/Downloads/joint/encrypt_parallel.v:757]
WARNING: [VRFC 10-3380] identifier 'r2_done' is used before its declaration [C:/Users/THUAN/Downloads/joint/encrypt_parallel.v:760]
WARNING: [VRFC 10-3380] identifier 'r2_done' is used before its declaration [C:/Users/THUAN/Downloads/joint/encrypt_parallel.v:777]
WARNING: [VRFC 10-3380] identifier 'start_fw_transfer' is used before its declaration [C:/Users/THUAN/Downloads/joint/encrypt_parallel.v:789]
WARNING: [VRFC 10-3380] identifier 'start_fw_transfer' is used before its declaration [C:/Users/THUAN/Downloads/joint/encrypt_parallel.v:805]
WARNING: [VRFC 10-3380] identifier 'start_fw_transfer' is used before its declaration [C:/Users/THUAN/Downloads/joint/encrypt_parallel.v:808]
WARNING: [VRFC 10-3380] identifier 'start_fw_transfer' is used before its declaration [C:/Users/THUAN/Downloads/joint/encrypt_parallel.v:814]
WARNING: [VRFC 10-3380] identifier 'start_fw_transfer' is used before its declaration [C:/Users/THUAN/Downloads/joint/encrypt_parallel.v:822]
WARNING: [VRFC 10-3380] identifier 'start_fw_transfer' is used before its declaration [C:/Users/THUAN/Downloads/joint/encrypt_parallel.v:825]
WARNING: [VRFC 10-3380] identifier 'start_fw_transfer' is used before its declaration [C:/Users/THUAN/Downloads/joint/encrypt_parallel.v:831]
WARNING: [VRFC 10-3380] identifier 'start_fw_transfer' is used before its declaration [C:/Users/THUAN/Downloads/joint/encrypt_parallel.v:838]
WARNING: [VRFC 10-3380] identifier 'start_fw_transfer' is used before its declaration [C:/Users/THUAN/Downloads/joint/encrypt_parallel.v:848]
INFO: [VRFC 10-2263] Analyzing Verilog file "C:/Users/THUAN/Downloads/joint/fft_leaves_butterfly.v" into library xil_defaultlib
INFO: [VRFC 10-311] analyzing module fft_leaves_butterfly
INFO: [VRFC 10-2263] Analyzing Verilog file "C:/Users/THUAN/Downloads/joint/fft_part1.v" into library xil_defaultlib
INFO: [VRFC 10-311] analyzing module fft_part1
WARNING: [VRFC 10-3380] identifier 'gf_out_d3' is used before its declaration [C:/Users/THUAN/Downloads/joint/fft_part1.v:61]
INFO: [VRFC 10-2263] Analyzing Verilog file "C:/Users/THUAN/Downloads/joint/fft_part2.v" into library xil_defaultlib
INFO: [VRFC 10-311] analyzing module fft_part2
INFO: [VRFC 10-311] analyzing module fft_part2_round
INFO: [VRFC 10-2263] Analyzing Verilog file "C:/Users/THUAN/Downloads/joint/fft_retrieve_error_poly.v" into library xil_defaultlib
INFO: [VRFC 10-311] analyzing module fft_retrieve_error_poly
INFO: [VRFC 10-2263] Analyzing Verilog file "C:/Users/THUAN/Downloads/joint/fixed_weight.v" into library xil_defaultlib
INFO: [VRFC 10-311] analyzing module fixed_weight
WARNING: [VRFC 10-9336] redeclaration of ANSI port 'din_shake' is not allowed [C:/Users/THUAN/Downloads/joint/fixed_weight.v:161]
WARNING: [VRFC 10-3380] identifier 'sel_ctx' is used before its declaration [C:/Users/THUAN/Downloads/joint/fixed_weight.v:233]
WARNING: [VRFC 10-3380] identifier 'sel_ctx' is used before its declaration [C:/Users/THUAN/Downloads/joint/fixed_weight.v:234]
WARNING: [VRFC 10-3380] identifier 'sel_ctx' is used before its declaration [C:/Users/THUAN/Downloads/joint/fixed_weight.v:235]
WARNING: [VRFC 10-3380] identifier 'start_red' is used before its declaration [C:/Users/THUAN/Downloads/joint/fixed_weight.v:506]
WARNING: [VRFC 10-3380] identifier 'start_red' is used before its declaration [C:/Users/THUAN/Downloads/joint/fixed_weight.v:518]
WARNING: [VRFC 10-3380] identifier 'start_red' is used before its declaration [C:/Users/THUAN/Downloads/joint/fixed_weight.v:529]
WARNING: [VRFC 10-3380] identifier 'start_red' is used before its declaration [C:/Users/THUAN/Downloads/joint/fixed_weight.v:540]
WARNING: [VRFC 10-3380] identifier 'start_red' is used before its declaration [C:/Users/THUAN/Downloads/joint/fixed_weight.v:546]
WARNING: [VRFC 10-3380] identifier 'start_red' is used before its declaration [C:/Users/THUAN/Downloads/joint/fixed_weight.v:552]
INFO: [VRFC 10-2263] Analyzing Verilog file "C:/Users/THUAN/Downloads/joint/fixed_weight_ct.v" into library xil_defaultlib
INFO: [VRFC 10-311] analyzing module fixed_weight_ct
WARNING: [VRFC 10-9336] redeclaration of ANSI port 'din_shake' is not allowed [C:/Users/THUAN/Downloads/joint/fixed_weight_ct.v:153]
WARNING: [VRFC 10-3380] identifier 'sel_ctx' is used before its declaration [C:/Users/THUAN/Downloads/joint/fixed_weight_ct.v:222]
WARNING: [VRFC 10-3380] identifier 'sel_ctx' is used before its declaration [C:/Users/THUAN/Downloads/joint/fixed_weight_ct.v:223]
WARNING: [VRFC 10-3380] identifier 'sel_ctx' is used before its declaration [C:/Users/THUAN/Downloads/joint/fixed_weight_ct.v:224]
WARNING: [VRFC 10-3380] identifier 'start_red' is used before its declaration [C:/Users/THUAN/Downloads/joint/fixed_weight_ct.v:462]
WARNING: [VRFC 10-3380] identifier 'start_red' is used before its declaration [C:/Users/THUAN/Downloads/joint/fixed_weight_ct.v:475]
WARNING: [VRFC 10-3380] identifier 'start_red' is used before its declaration [C:/Users/THUAN/Downloads/joint/fixed_weight_ct.v:493]
WARNING: [VRFC 10-3380] identifier 'start_red' is used before its declaration [C:/Users/THUAN/Downloads/joint/fixed_weight_ct.v:512]
WARNING: [VRFC 10-3380] identifier 'start_red' is used before its declaration [C:/Users/THUAN/Downloads/joint/fixed_weight_ct.v:519]
WARNING: [VRFC 10-3380] identifier 'start_red' is used before its declaration [C:/Users/THUAN/Downloads/joint/fixed_weight_ct.v:526]
WARNING: [VRFC 10-3380] identifier 'start_red' is used before its declaration [C:/Users/THUAN/Downloads/joint/fixed_weight_ct.v:533]
INFO: [VRFC 10-2263] Analyzing Verilog file "C:/Users/THUAN/Downloads/joint/fixed_weight_cww.v" into library xil_defaultlib
INFO: [VRFC 10-311] analyzing module fixed_weight_cww
WARNING: [VRFC 10-9336] redeclaration of ANSI port 'din_shake' is not allowed [C:/Users/THUAN/Downloads/joint/fixed_weight_cww.v:141]
WARNING: [VRFC 10-2938] 'dout_shake_reduced' is already implicitly declared on line 245 [C:/Users/THUAN/Downloads/joint/fixed_weight_cww.v:270]
WARNING: [VRFC 10-2938] 'n_minus_i' is already implicitly declared on line 244 [C:/Users/THUAN/Downloads/joint/fixed_weight_cww.v:309]
WARNING: [VRFC 10-2938] 'dout_reduced_valid' is already implicitly declared on line 241 [C:/Users/THUAN/Downloads/joint/fixed_weight_cww.v:322]
WARNING: [VRFC 10-3380] identifier 'n_minus_i' is used before its declaration [C:/Users/THUAN/Downloads/joint/fixed_weight_cww.v:229]
WARNING: [VRFC 10-3380] identifier 'n_minus_i' is used before its declaration [C:/Users/THUAN/Downloads/joint/fixed_weight_cww.v:232]
WARNING: [VRFC 10-3380] identifier 'count' is used before its declaration [C:/Users/THUAN/Downloads/joint/fixed_weight_cww.v:272]
INFO: [VRFC 10-2263] Analyzing Verilog file "C:/Users/THUAN/Downloads/joint/gf_mul.v" into library xil_defaultlib
INFO: [VRFC 10-311] analyzing module gf_mul
INFO: [VRFC 10-2263] Analyzing Verilog file "C:/Users/THUAN/Downloads/joint/gfmul.v" into library xil_defaultlib
INFO: [VRFC 10-311] analyzing module gfmul
INFO: [VRFC 10-2263] Analyzing Verilog file "C:/Users/THUAN/Downloads/joint/hqc_barrett_red.v" into library xil_defaultlib
INFO: [VRFC 10-311] analyzing module hqc_barrett_red
INFO: [VRFC 10-2263] Analyzing Verilog file "C:/Users/THUAN/Downloads/joint/hqc_decod_top.v" into library xil_defaultlib
INFO: [VRFC 10-311] analyzing module hqc_decod_top
INFO: [VRFC 10-2263] Analyzing Verilog file "C:/Users/THUAN/Downloads/joint/hqc_kem_joint_design.v" into library xil_defaultlib
INFO: [VRFC 10-311] analyzing module hqc_kem_joint_design
INFO: [VRFC 10-2263] Analyzing Verilog file "D:/University/251/DA/joint/joint.srcs/sources_1/new/hqc_kem_memory_manager.v" into library xil_defaultlib
INFO: [VRFC 10-311] analyzing module hqc_kem_memory_manager
INFO: [VRFC 10-2263] Analyzing Verilog file "D:/University/251/DA/joint/joint.srcs/sources_1/new/hqc_kem_system.v" into library xil_defaultlib
INFO: [VRFC 10-311] analyzing module hqc_kem_system
INFO: [VRFC 10-2263] Analyzing Verilog file "D:/University/251/DA/joint/joint.srcs/sources_1/new/hqc_kem_wrapper.v" into library xil_defaultlib
INFO: [VRFC 10-311] analyzing module hqc_kem_wrapper
INFO: [VRFC 10-2263] Analyzing Verilog file "C:/Users/THUAN/Downloads/joint/hqc_rmdecod_ctrl.v" into library xil_defaultlib
INFO: [VRFC 10-311] analyzing module hqc_rmdecod_ctrl
INFO: [VRFC 10-2263] Analyzing Verilog file "C:/Users/THUAN/Downloads/joint/hqc_rmdecod_expnsum.v" into library xil_defaultlib
INFO: [VRFC 10-311] analyzing module hqc_rmdecod_expnsum
INFO: [VRFC 10-2263] Analyzing Verilog file "C:/Users/THUAN/Downloads/joint/hqc_rmdecod_findpeaks.v" into library xil_defaultlib
INFO: [VRFC 10-311] analyzing module hqc_rmdecod_findpeaks
INFO: [VRFC 10-311] analyzing module findpeaks_core
INFO: [VRFC 10-2263] Analyzing Verilog file "C:/Users/THUAN/Downloads/joint/hqc_rmdecod_hadamard.v" into library xil_defaultlib
INFO: [VRFC 10-311] analyzing module hqc_rmdecod_hadamard
INFO: [VRFC 10-311] analyzing module hadamard_layer
INFO: [VRFC 10-2263] Analyzing Verilog file "C:/Users/THUAN/Downloads/joint/hqc_rmdecod_top.v" into library xil_defaultlib
INFO: [VRFC 10-311] analyzing module hqc_rmdecod_top
INFO: [VRFC 10-2263] Analyzing Verilog file "C:/Users/THUAN/Downloads/joint/hqc_rsdecod_elp.v" into library xil_defaultlib
INFO: [VRFC 10-311] analyzing module hqc_rsdecod_elp
INFO: [VRFC 10-2263] Analyzing Verilog file "C:/Users/THUAN/Downloads/joint/hqc_rsdecod_err_val.v" into library xil_defaultlib
INFO: [VRFC 10-311] analyzing module hqc_rsdecod_err_val
INFO: [VRFC 10-2263] Analyzing Verilog file "C:/Users/THUAN/Downloads/joint/hqc_rsdecod_roots.v" into library xil_defaultlib
INFO: [VRFC 10-311] analyzing module hqc_rsdecod_roots
WARNING: [VRFC 10-3248] data object 'fft_done' is already declared [C:/Users/THUAN/Downloads/joint/hqc_rsdecod_roots.v:47]
WARNING: [VRFC 10-9364] second declaration of 'fft_done' is ignored [C:/Users/THUAN/Downloads/joint/hqc_rsdecod_roots.v:47]
INFO: [VRFC 10-2263] Analyzing Verilog file "C:/Users/THUAN/Downloads/joint/hqc_rsdecod_syndromes.v" into library xil_defaultlib
INFO: [VRFC 10-311] analyzing module hqc_rsdecod_syndromes
INFO: [VRFC 10-2263] Analyzing Verilog file "C:/Users/THUAN/Downloads/joint/hqc_rsdecod_top.v" into library xil_defaultlib
INFO: [VRFC 10-311] analyzing module hqc_rsdecod_top
INFO: [VRFC 10-2263] Analyzing Verilog file "C:/Users/THUAN/Downloads/joint/hqc_rsdecod_zpoly.v" into library xil_defaultlib
INFO: [VRFC 10-311] analyzing module hqc_rsdecod_zpoly
INFO: [VRFC 10-2263] Analyzing Verilog file "C:/Users/THUAN/Downloads/joint/karatsuba_small.v" into library xil_defaultlib
INFO: [VRFC 10-311] analyzing module karatsuba_small
INFO: [VRFC 10-2263] Analyzing Verilog file "C:/Users/THUAN/Downloads/joint/keccak_top.v" into library xil_defaultlib
INFO: [VRFC 10-311] analyzing module keccak_top
INFO: [VRFC 10-2263] Analyzing Verilog file "C:/Users/THUAN/Downloads/joint/keygen.v" into library xil_defaultlib
INFO: [VRFC 10-311] analyzing module keygen
WARNING: [VRFC 10-2938] 'pm_out' is already implicitly declared on line 390 [C:/Users/THUAN/Downloads/joint/keygen.v:398]
WARNING: [VRFC 10-2938] 'pm_rd_addr' is already implicitly declared on line 387 [C:/Users/THUAN/Downloads/joint/keygen.v:399]
WARNING: [VRFC 10-2938] 'pm_rd_en' is already implicitly declared on line 388 [C:/Users/THUAN/Downloads/joint/keygen.v:400]
WARNING: [VRFC 10-2938] 'add_out' is already implicitly declared on line 392 [C:/Users/THUAN/Downloads/joint/keygen.v:402]
WARNING: [VRFC 10-2938] 'add_out_addr' is already implicitly declared on line 393 [C:/Users/THUAN/Downloads/joint/keygen.v:403]
WARNING: [VRFC 10-2938] 'add_out_valid' is already implicitly declared on line 394 [C:/Users/THUAN/Downloads/joint/keygen.v:404]
WARNING: [VRFC 10-2938] 'x_addr_reg' is already implicitly declared on line 317 [C:/Users/THUAN/Downloads/joint/keygen.v:702]
WARNING: [VRFC 10-3380] identifier 'pm_out' is used before its declaration [C:/Users/THUAN/Downloads/joint/keygen.v:193]
WARNING: [VRFC 10-3380] identifier 'x_addr' is used before its declaration [C:/Users/THUAN/Downloads/joint/keygen.v:221]
WARNING: [VRFC 10-3380] identifier 'x_transfer_done' is used before its declaration [C:/Users/THUAN/Downloads/joint/keygen.v:490]
INFO: [VRFC 10-2263] Analyzing Verilog file "C:/Users/THUAN/Downloads/joint/loc_based_adder.v" into library xil_defaultlib
INFO: [VRFC 10-311] analyzing module loc_based_adder
INFO: [VRFC 10-2263] Analyzing Verilog file "C:/Users/THUAN/Downloads/joint/mem_dual.v" into library xil_defaultlib
INFO: [VRFC 10-311] analyzing module mem_dual
INFO: [VRFC 10-2263] Analyzing Verilog file "C:/Users/THUAN/Downloads/joint/mem_single.v" into library xil_defaultlib
INFO: [VRFC 10-311] analyzing module mem_single
INFO: [VRFC 10-2263] Analyzing Verilog file "C:/Users/THUAN/Downloads/joint/mod34.v" into library xil_defaultlib
INFO: [VRFC 10-311] analyzing module mod34
INFO: [VRFC 10-2263] Analyzing Verilog file "C:/Users/THUAN/Downloads/joint/onegen.v" into library xil_defaultlib
INFO: [VRFC 10-311] analyzing module onegen
INFO: [VRFC 10-2263] Analyzing Verilog file "C:/Users/THUAN/Downloads/joint/onegen_ct.v" into library xil_defaultlib
INFO: [VRFC 10-311] analyzing module onegen_ct
INFO: [VRFC 10-2263] Analyzing Verilog file "C:/Users/THUAN/Downloads/joint/poly_mult.v" into library xil_defaultlib
INFO: [VRFC 10-311] analyzing module poly_mult
WARNING: [VRFC 10-9336] redeclaration of ANSI port 'mux_word_0' is not allowed [C:/Users/THUAN/Downloads/joint/poly_mult.v:103]
WARNING: [VRFC 10-9336] redeclaration of ANSI port 'mux_word_1' is not allowed [C:/Users/THUAN/Downloads/joint/poly_mult.v:104]
WARNING: [VRFC 10-3380] identifier 'addr_0_intermediate' is used before its declaration [C:/Users/THUAN/Downloads/joint/poly_mult.v:218]
WARNING: [VRFC 10-3380] identifier 'addr_0_intermediate' is used before its declaration [C:/Users/THUAN/Downloads/joint/poly_mult.v:229]
WARNING: [VRFC 10-3380] identifier 'addr_0_intermediate' is used before its declaration [C:/Users/THUAN/Downloads/joint/poly_mult.v:230]
WARNING: [VRFC 10-3380] identifier 'state' is used before its declaration [C:/Users/THUAN/Downloads/joint/poly_mult.v:233]
INFO: [VRFC 10-2263] Analyzing Verilog file "C:/Users/THUAN/Downloads/joint/rc.v" into library xil_defaultlib
INFO: [VRFC 10-311] analyzing module rc
INFO: [VRFC 10-2263] Analyzing Verilog file "C:/Users/THUAN/Downloads/joint/reed_muller_encode.v" into library xil_defaultlib
INFO: [VRFC 10-311] analyzing module reed_muller_encode
WARNING: [VRFC 10-2938] 'wr_en' is already implicitly declared on line 93 [C:/Users/THUAN/Downloads/joint/reed_muller_encode.v:101]
WARNING: [VRFC 10-3380] identifier 'init' is used before its declaration [C:/Users/THUAN/Downloads/joint/reed_muller_encode.v:67]
WARNING: [VRFC 10-3380] identifier 'shift_cdw' is used before its declaration [C:/Users/THUAN/Downloads/joint/reed_muller_encode.v:70]
WARNING: [VRFC 10-3380] identifier 'count_cdw_bytes' is used before its declaration [C:/Users/THUAN/Downloads/joint/reed_muller_encode.v:86]
INFO: [VRFC 10-2263] Analyzing Verilog file "C:/Users/THUAN/Downloads/joint/reed_solomon_encode.v" into library xil_defaultlib
INFO: [VRFC 10-311] analyzing module reed_solomon_encode
WARNING: [VRFC 10-3380] identifier 'init_msg' is used before its declaration [C:/Users/THUAN/Downloads/joint/reed_solomon_encode.v:75]
WARNING: [VRFC 10-3380] identifier 'shift_msg' is used before its declaration [C:/Users/THUAN/Downloads/joint/reed_solomon_encode.v:78]
WARNING: [VRFC 10-3380] identifier 'init_msg' is used before its declaration [C:/Users/THUAN/Downloads/joint/reed_solomon_encode.v:88]
INFO: [VRFC 10-2263] Analyzing Verilog file "C:/Users/THUAN/Downloads/joint/rm_encoder.v" into library xil_defaultlib
INFO: [VRFC 10-311] analyzing module rm_encoder
INFO: [VRFC 10-2263] Analyzing Verilog file "C:/Users/THUAN/Downloads/joint/state_ram.v" into library xil_defaultlib
INFO: [VRFC 10-311] analyzing module state_ram
WARNING: [VRFC 10-634] event expressions must result in a singular type [C:/Users/THUAN/Downloads/joint/state_ram.v:122]
WARNING: [VRFC 10-634] event expressions must result in a singular type [C:/Users/THUAN/Downloads/joint/state_ram.v:228]
WARNING: [VRFC 10-634] event expressions must result in a singular type [C:/Users/THUAN/Downloads/joint/state_ram.v:278]
WARNING: [VRFC 10-634] event expressions must result in a singular type [C:/Users/THUAN/Downloads/joint/state_ram.v:379]
INFO: [VRFC 10-2263] Analyzing Verilog file "C:/Users/THUAN/Downloads/joint/stateram_inference.v" into library xil_defaultlib
INFO: [VRFC 10-311] analyzing module stateram_inference
INFO: [VRFC 10-2263] Analyzing Verilog file "C:/Users/THUAN/Downloads/joint/syncfifo.v" into library xil_defaultlib
INFO: [VRFC 10-311] analyzing module syncfifo
INFO: [VRFC 10-2263] Analyzing Verilog file "C:/Users/THUAN/Downloads/joint/transform.v" into library xil_defaultlib
INFO: [VRFC 10-311] analyzing module transform
INFO: [VRFC 10-2263] Analyzing Verilog file "C:/Users/THUAN/Downloads/joint/v_minus_uy.v" into library xil_defaultlib
INFO: [VRFC 10-311] analyzing module v_minus_uy
WARNING: [VRFC 10-3248] data object 'pm_out' is already declared [C:/Users/THUAN/Downloads/joint/v_minus_uy.v:219]
WARNING: [VRFC 10-9364] second declaration of 'pm_out' is ignored [C:/Users/THUAN/Downloads/joint/v_minus_uy.v:219]
WARNING: [VRFC 10-3380] identifier 'xor_add_addr' is used before its declaration [C:/Users/THUAN/Downloads/joint/v_minus_uy.v:145]
WARNING: [VRFC 10-3380] identifier 'xor_add_en' is used before its declaration [C:/Users/THUAN/Downloads/joint/v_minus_uy.v:168]
WARNING: [VRFC 10-3380] identifier 'xor_add_addr' is used before its declaration [C:/Users/THUAN/Downloads/joint/v_minus_uy.v:169]
WARNING: [VRFC 10-3380] identifier 'xor_add_out_valid' is used before its declaration [C:/Users/THUAN/Downloads/joint/v_minus_uy.v:170]
WARNING: [VRFC 10-3380] identifier 'xor_add_out_addr' is used before its declaration [C:/Users/THUAN/Downloads/joint/v_minus_uy.v:171]
WARNING: [VRFC 10-3380] identifier 'xor_add_out' is used before its declaration [C:/Users/THUAN/Downloads/joint/v_minus_uy.v:172]
INFO: [VRFC 10-2263] Analyzing Verilog file "C:/Users/THUAN/Downloads/joint/vect_set_random.v" into library xil_defaultlib
INFO: [VRFC 10-311] analyzing module vect_set_random
WARNING: [VRFC 10-9336] redeclaration of ANSI port 'shake_din' is not allowed [C:/Users/THUAN/Downloads/joint/vect_set_random.v:104]
WARNING: [VRFC 10-2938] 'rand_mem_in' is already implicitly declared on line 151 [C:/Users/THUAN/Downloads/joint/vect_set_random.v:167]
WARNING: [VRFC 10-2938] 'wr_en_rand' is already implicitly declared on line 155 [C:/Users/THUAN/Downloads/joint/vect_set_random.v:168]
WARNING: [VRFC 10-3380] identifier 'pk_rand_addr' is used before its declaration [C:/Users/THUAN/Downloads/joint/vect_set_random.v:146]
WARNING: [VRFC 10-3380] identifier 'pk_rand_addr' is used before its declaration [C:/Users/THUAN/Downloads/joint/vect_set_random.v:174]
WARNING: [VRFC 10-3380] identifier 'pk_rand_addr_reg' is used before its declaration [C:/Users/THUAN/Downloads/joint/vect_set_random.v:200]
WARNING: [VRFC 10-3380] identifier 'pk_rand_addr' is used before its declaration [C:/Users/THUAN/Downloads/joint/vect_set_random.v:201]
WARNING: [VRFC 10-3380] identifier 'pk_rand_addr' is used before its declaration [C:/Users/THUAN/Downloads/joint/vect_set_random.v:208]
WARNING: [VRFC 10-3380] identifier 'pk_rand_addr_reg' is used before its declaration [C:/Users/THUAN/Downloads/joint/vect_set_random.v:219]
INFO: [VRFC 10-2263] Analyzing Verilog file "C:/Users/THUAN/Downloads/joint/xor_based_adder.v" into library xil_defaultlib
INFO: [VRFC 10-311] analyzing module xor_based_adder
INFO: [VRFC 10-2263] Analyzing Verilog file "D:/University/251/DA/joint/joint.srcs/sim_1/new/hqc_kem_system_tb.v" into library xil_defaultlib
ERROR: [VRFC 10-3195] cannot open include file 'clog2.v' [D:/University/251/DA/joint/joint.srcs/sim_1/new/hqc_kem_system_tb.v:2]
INFO: [VRFC 10-311] analyzing module hqc_kem_system_tb
ERROR: [VRFC 10-8530] module 'hqc_kem_system_tb' is ignored due to previous errors [D:/University/251/DA/joint/joint.srcs/sim_1/new/hqc_kem_system_tb.v:13]
run_program: Time (s): cpu = 00:00:02 ; elapsed = 00:00:19 . Memory (MB): peak = 1256.277 ; gain = 0.000
INFO: [USF-XSim-69] 'compile' step finished in '19' seconds
INFO: [USF-XSim-99] Step results log file:'D:/University/251/DA/joint/joint.sim/sim_1/behav/xsim/xvlog.log'
ERROR: [USF-XSim-62] 'compile' step failed with error(s). Please check the Tcl console output or 'D:/University/251/DA/joint/joint.sim/sim_1/behav/xsim/xvlog.log' file for more information.
ERROR: [Vivado 12-4473] Detected error while running simulation. Please correct the issue and retry this operation.
launch_simulation: Time (s): cpu = 00:00:02 ; elapsed = 00:00:20 . Memory (MB): peak = 1256.277 ; gain = 0.000
ERROR: [Common 17-39] 'launch_simulation' failed due to earlier errors.
launch_simulation
Command: launch_simulation 
INFO: [Vivado 12-12493] Simulation top is 'hqc_kem_system_tb'
WARNING: [Vivado 12-13340] Unable to auto find GCC executables from simulator install path! (path not set)
WARNING: [Vivado 12-13277] Compiled library path does not exist: ''
INFO: [Vivado 12-5682] Launching behavioral simulation in 'D:/University/251/DA/joint/joint.sim/sim_1/behav/xsim'
INFO: [SIM-utils-51] Simulation object is 'sim_1'
INFO: [SIM-utils-72] Using boost library from 'D:/Apps/Xilinx/Vivado/2022.2/tps/boost_1_72_0'
INFO: [SIM-utils-54] Inspecting design source files for 'hqc_kem_system_tb' in fileset 'sim_1'...
INFO: [SIM-utils-43] Exported 'D:/University/251/DA/joint/joint.sim/sim_1/behav/xsim/barrett_hqc_128.mem'
INFO: [SIM-utils-43] Exported 'D:/University/251/DA/joint/joint.sim/sim_1/behav/xsim/barrett_hqc_256.mem'
INFO: [SIM-utils-43] Exported 'D:/University/251/DA/joint/joint.sim/sim_1/behav/xsim/barrett_hqc_192.mem'
INFO: [USF-XSim-97] Finding global include files...
INFO: [USF-XSim-98] Fetching design files from 'sim_1'...
INFO: [USF-XSim-2] XSim::Compile design
INFO: [USF-XSim-61] Executing 'COMPILE and ANALYZE' step in 'D:/University/251/DA/joint/joint.sim/sim_1/behav/xsim'
"xvlog --incr --relax -prj hqc_kem_system_tb_vlog.prj"
INFO: [VRFC 10-2263] Analyzing Verilog file "C:/Users/THUAN/Downloads/joint/add_fft.v" into library xil_defaultlib
INFO: [VRFC 10-311] analyzing module add_fft
INFO: [VRFC 10-2263] Analyzing Verilog file "C:/Users/THUAN/Downloads/joint/barrett_red_gen.v" into library xil_defaultlib
INFO: [VRFC 10-311] analyzing module barrett_red_gen
INFO: [VRFC 10-2263] Analyzing Verilog file "C:/Users/THUAN/Downloads/joint/cdw_xor_tmp.v" into library xil_defaultlib
INFO: [VRFC 10-311] analyzing module cdw_xor_tmp
INFO: [VRFC 10-2263] Analyzing Verilog file "C:/Users/THUAN/Downloads/joint/concat_code.v" into library xil_defaultlib
INFO: [VRFC 10-311] analyzing module concat_code
INFO: [VRFC 10-2263] Analyzing Verilog file "C:/Users/THUAN/Downloads/joint/control_path.v" into library xil_defaultlib
INFO: [VRFC 10-311] analyzing module control_path
INFO: [VRFC 10-2263] Analyzing Verilog file "C:/Users/THUAN/Downloads/joint/data_path.v" into library xil_defaultlib
INFO: [VRFC 10-311] analyzing module data_path
INFO: [VRFC 10-2263] Analyzing Verilog file "C:/Users/THUAN/Downloads/joint/decap.v" into library xil_defaultlib
INFO: [VRFC 10-311] analyzing module decap
WARNING: [VRFC 10-2938] 'start_decrypt' is already implicitly declared on line 358 [C:/Users/THUAN/Downloads/joint/decap.v:864]
WARNING: [VRFC 10-2938] 'done_decrypt' is already implicitly declared on line 360 [C:/Users/THUAN/Downloads/joint/decap.v:865]
WARNING: [VRFC 10-2938] 'start_encap' is already implicitly declared on line 507 [C:/Users/THUAN/Downloads/joint/decap.v:866]
WARNING: [VRFC 10-2938] 'done_encrypt' is already implicitly declared on line 538 [C:/Users/THUAN/Downloads/joint/decap.v:867]
WARNING: [VRFC 10-3380] identifier 'dec_uv' is used before its declaration [C:/Users/THUAN/Downloads/joint/decap.v:334]
WARNING: [VRFC 10-3380] identifier 'uv_addr_1_dec' is used before its declaration [C:/Users/THUAN/Downloads/joint/decap.v:335]
WARNING: [VRFC 10-3380] identifier 'dec_uv' is used before its declaration [C:/Users/THUAN/Downloads/joint/decap.v:337]
WARNING: [VRFC 10-3380] identifier 'uv_addr_1_dec' is used before its declaration [C:/Users/THUAN/Downloads/joint/decap.v:338]
WARNING: [VRFC 10-3380] identifier 'verify_u_reg' is used before its declaration [C:/Users/THUAN/Downloads/joint/decap.v:397]
WARNING: [VRFC 10-3380] identifier 'verify_v' is used before its declaration [C:/Users/THUAN/Downloads/joint/decap.v:411]
WARNING: [VRFC 10-3380] identifier 'verify_d' is used before its declaration [C:/Users/THUAN/Downloads/joint/decap.v:424]
INFO: [VRFC 10-2263] Analyzing Verilog file "C:/Users/THUAN/Downloads/joint/decrypt.v" into library xil_defaultlib
INFO: [VRFC 10-311] analyzing module decrypt
WARNING: [VRFC 10-2938] 'ram_din_rd_o' is already implicitly declared on line 168 [C:/Users/THUAN/Downloads/joint/decrypt.v:191]
WARNING: [VRFC 10-2938] 'ram_din_i' is already implicitly declared on line 170 [C:/Users/THUAN/Downloads/joint/decrypt.v:192]
WARNING: [VRFC 10-2938] 'ram_din_addr_o' is already implicitly declared on line 169 [C:/Users/THUAN/Downloads/joint/decrypt.v:193]
WARNING: [VRFC 10-2938] 'done_u_minus_vy' is already implicitly declared on line 157 [C:/Users/THUAN/Downloads/joint/decrypt.v:194]
INFO: [VRFC 10-2263] Analyzing Verilog file "C:/Users/THUAN/Downloads/joint/encap.v" into library xil_defaultlib
INFO: [VRFC 10-311] analyzing module encap
WARNING: [VRFC 10-2938] 'count_hash_inputs' is already implicitly declared on line 539 [C:/Users/THUAN/Downloads/joint/encap.v:557]
WARNING: [VRFC 10-3380] identifier 'd_out' is used before its declaration [C:/Users/THUAN/Downloads/joint/encap.v:250]
WARNING: [VRFC 10-8864] concatenation with an unsized literal will be treated as 32 bits [C:/Users/THUAN/Downloads/joint/encap.v:249]
WARNING: [VRFC 10-8864] concatenation with an unsized literal will be treated as 32 bits [C:/Users/THUAN/Downloads/joint/encap.v:250]
WARNING: [VRFC 10-3380] identifier 'sel_uv' is used before its declaration [C:/Users/THUAN/Downloads/joint/encap.v:328]
WARNING: [VRFC 10-3380] identifier 'u_v_reg' is used before its declaration [C:/Users/THUAN/Downloads/joint/encap.v:506]
WARNING: [VRFC 10-3380] identifier 'u_v_reg' is used before its declaration [C:/Users/THUAN/Downloads/joint/encap.v:507]
WARNING: [VRFC 10-3380] identifier 'last_block_capture' is used before its declaration [C:/Users/THUAN/Downloads/joint/encap.v:515]
WARNING: [VRFC 10-3380] identifier 'block_capture' is used before its declaration [C:/Users/THUAN/Downloads/joint/encap.v:518]
WARNING: [VRFC 10-3380] identifier 'count_hash_inputs_test' is used before its declaration [C:/Users/THUAN/Downloads/joint/encap.v:527]
WARNING: [VRFC 10-3380] identifier 'count_hash_inputs_test' is used before its declaration [C:/Users/THUAN/Downloads/joint/encap.v:530]
WARNING: [VRFC 10-8864] concatenation with an unsized literal will be treated as 32 bits [C:/Users/THUAN/Downloads/joint/encap.v:546]
WARNING: [VRFC 10-3380] identifier 'total_shake_input_count' is used before its declaration [C:/Users/THUAN/Downloads/joint/encap.v:597]
WARNING: [VRFC 10-3380] identifier 'total_shake_input_count' is used before its declaration [C:/Users/THUAN/Downloads/joint/encap.v:626]
WARNING: [VRFC 10-3380] identifier 'total_shake_input_count' is used before its declaration [C:/Users/THUAN/Downloads/joint/encap.v:847]
WARNING: [VRFC 10-3380] identifier 'start_hash' is used before its declaration [C:/Users/THUAN/Downloads/joint/encap.v:1102]
WARNING: [VRFC 10-3380] identifier 'start_hash' is used before its declaration [C:/Users/THUAN/Downloads/joint/encap.v:1118]
WARNING: [VRFC 10-3380] identifier 'start_hash' is used before its declaration [C:/Users/THUAN/Downloads/joint/encap.v:1133]
WARNING: [VRFC 10-3380] identifier 'start_hash' is used before its declaration [C:/Users/THUAN/Downloads/joint/encap.v:1173]
WARNING: [VRFC 10-3380] identifier 'start_hash' is used before its declaration [C:/Users/THUAN/Downloads/joint/encap.v:1186]
WARNING: [VRFC 10-3380] identifier 'start_hash' is used before its declaration [C:/Users/THUAN/Downloads/joint/encap.v:1213]
WARNING: [VRFC 10-3380] identifier 'start_hash' is used before its declaration [C:/Users/THUAN/Downloads/joint/encap.v:1223]
WARNING: [VRFC 10-3380] identifier 'start_hash' is used before its declaration [C:/Users/THUAN/Downloads/joint/encap.v:1240]
WARNING: [VRFC 10-3380] identifier 'start_hash' is used before its declaration [C:/Users/THUAN/Downloads/joint/encap.v:1252]
WARNING: [VRFC 10-3380] identifier 'start_hash' is used before its declaration [C:/Users/THUAN/Downloads/joint/encap.v:1264]
WARNING: [VRFC 10-3380] identifier 'start_hash' is used before its declaration [C:/Users/THUAN/Downloads/joint/encap.v:1281]
WARNING: [VRFC 10-3380] identifier 'start_hash' is used before its declaration [C:/Users/THUAN/Downloads/joint/encap.v:1310]
WARNING: [VRFC 10-3380] identifier 'start_hash' is used before its declaration [C:/Users/THUAN/Downloads/joint/encap.v:1333]
WARNING: [VRFC 10-3380] identifier 'start_hash' is used before its declaration [C:/Users/THUAN/Downloads/joint/encap.v:1353]
WARNING: [VRFC 10-3380] identifier 'start_hash' is used before its declaration [C:/Users/THUAN/Downloads/joint/encap.v:1400]
WARNING: [VRFC 10-3380] identifier 'start_hash' is used before its declaration [C:/Users/THUAN/Downloads/joint/encap.v:1422]
WARNING: [VRFC 10-3380] identifier 'start_hash' is used before its declaration [C:/Users/THUAN/Downloads/joint/encap.v:1444]
WARNING: [VRFC 10-3380] identifier 'start_hash' is used before its declaration [C:/Users/THUAN/Downloads/joint/encap.v:1471]
WARNING: [VRFC 10-3380] identifier 'start_hash' is used before its declaration [C:/Users/THUAN/Downloads/joint/encap.v:1476]
WARNING: [VRFC 10-3380] identifier 'start_hash' is used before its declaration [C:/Users/THUAN/Downloads/joint/encap.v:1487]
WARNING: [VRFC 10-3380] identifier 'start_hash' is used before its declaration [C:/Users/THUAN/Downloads/joint/encap.v:1503]
WARNING: [VRFC 10-3380] identifier 'start_hash' is used before its declaration [C:/Users/THUAN/Downloads/joint/encap.v:1513]
INFO: [VRFC 10-2263] Analyzing Verilog file "C:/Users/THUAN/Downloads/joint/encrypt.v" into library xil_defaultlib
INFO: [VRFC 10-311] analyzing module encrypt
WARNING: [VRFC 10-2938] 'r1_internal' is already implicitly declared on line 325 [C:/Users/THUAN/Downloads/joint/encrypt.v:352]
WARNING: [VRFC 10-2938] 'r2_internal' is already implicitly declared on line 334 [C:/Users/THUAN/Downloads/joint/encrypt.v:353]
WARNING: [VRFC 10-2938] 'loc_addr' is already implicitly declared on line 332 [C:/Users/THUAN/Downloads/joint/encrypt.v:355]
WARNING: [VRFC 10-2938] 'pm_out' is already implicitly declared on line 341 [C:/Users/THUAN/Downloads/joint/encrypt.v:356]
WARNING: [VRFC 10-3248] data object 'pm_out' is already declared [C:/Users/THUAN/Downloads/joint/encrypt.v:447]
WARNING: [VRFC 10-9364] second declaration of 'pm_out' is ignored [C:/Users/THUAN/Downloads/joint/encrypt.v:447]
WARNING: [VRFC 10-2938] 'pm_rd_addr' is already implicitly declared on line 437 [C:/Users/THUAN/Downloads/joint/encrypt.v:448]
WARNING: [VRFC 10-2938] 'pm_rd_en' is already implicitly declared on line 438 [C:/Users/THUAN/Downloads/joint/encrypt.v:449]
WARNING: [VRFC 10-2938] 'add_out' is already implicitly declared on line 441 [C:/Users/THUAN/Downloads/joint/encrypt.v:451]
WARNING: [VRFC 10-2938] 'add_out_addr' is already implicitly declared on line 442 [C:/Users/THUAN/Downloads/joint/encrypt.v:452]
WARNING: [VRFC 10-2938] 'add_out_valid' is already implicitly declared on line 443 [C:/Users/THUAN/Downloads/joint/encrypt.v:453]
WARNING: [VRFC 10-2938] 'xor_add_en' is already implicitly declared on line 313 [C:/Users/THUAN/Downloads/joint/encrypt.v:487]
WARNING: [VRFC 10-2938] 'xor_add_addr' is already implicitly declared on line 437 [C:/Users/THUAN/Downloads/joint/encrypt.v:488]
WARNING: [VRFC 10-2938] 'xor_add_out' is already implicitly declared on line 441 [C:/Users/THUAN/Downloads/joint/encrypt.v:490]
WARNING: [VRFC 10-2938] 'xor_add_out_addr' is already implicitly declared on line 442 [C:/Users/THUAN/Downloads/joint/encrypt.v:491]
WARNING: [VRFC 10-2938] 'xor_add_out_valid' is already implicitly declared on line 443 [C:/Users/THUAN/Downloads/joint/encrypt.v:492]
WARNING: [VRFC 10-2938] 'en_r1' is already implicitly declared on line 324 [C:/Users/THUAN/Downloads/joint/encrypt.v:528]
WARNING: [VRFC 10-2938] 'en_r2' is already implicitly declared on line 333 [C:/Users/THUAN/Downloads/joint/encrypt.v:529]
WARNING: [VRFC 10-2096] empty statement in sequential block [C:/Users/THUAN/Downloads/joint/encrypt.v:557]
WARNING: [VRFC 10-2938] 'wen_fw' is already implicitly declared on line 324 [C:/Users/THUAN/Downloads/joint/encrypt.v:687]
WARNING: [VRFC 10-3248] data object 'sel_fw' is already declared [C:/Users/THUAN/Downloads/joint/encrypt.v:687]
WARNING: [VRFC 10-9364] second declaration of 'sel_fw' is ignored [C:/Users/THUAN/Downloads/joint/encrypt.v:687]
WARNING: [VRFC 10-2938] 'fw_addr_reg' is already implicitly declared on line 323 [C:/Users/THUAN/Downloads/joint/encrypt.v:694]
WARNING: [VRFC 10-2938] 'u_cpy_addr' is already implicitly declared on line 437 [C:/Users/THUAN/Downloads/joint/encrypt.v:793]
WARNING: [VRFC 10-2938] 'wen_u' is already implicitly declared on line 343 [C:/Users/THUAN/Downloads/joint/encrypt.v:794]
WARNING: [VRFC 10-2938] 'copy_u' is already implicitly declared on line 437 [C:/Users/THUAN/Downloads/joint/encrypt.v:795]
WARNING: [VRFC 10-2938] 'sel_r1_hr2' is already implicitly declared on line 470 [C:/Users/THUAN/Downloads/joint/encrypt.v:796]
WARNING: [VRFC 10-3380] identifier 'rd_fw' is used before its declaration [C:/Users/THUAN/Downloads/joint/encrypt.v:180]
WARNING: [VRFC 10-3380] identifier 'fw_addr' is used before its declaration [C:/Users/THUAN/Downloads/joint/encrypt.v:182]
WARNING: [VRFC 10-3380] identifier 'sel_e' is used before its declaration [C:/Users/THUAN/Downloads/joint/encrypt.v:183]
WARNING: [VRFC 10-3380] identifier 'pm_out' is used before its declaration [C:/Users/THUAN/Downloads/joint/encrypt.v:298]
WARNING: [VRFC 10-3380] identifier 'r2_done' is used before its declaration [C:/Users/THUAN/Downloads/joint/encrypt.v:543]
WARNING: [VRFC 10-3380] identifier 'start_fw_transfer' is used before its declaration [C:/Users/THUAN/Downloads/joint/encrypt.v:549]
WARNING: [VRFC 10-3380] identifier 'r2_done' is used before its declaration [C:/Users/THUAN/Downloads/joint/encrypt.v:560]
WARNING: [VRFC 10-3380] identifier 'start_fw_transfer' is used before its declaration [C:/Users/THUAN/Downloads/joint/encrypt.v:565]
WARNING: [VRFC 10-3380] identifier 'r2_done' is used before its declaration [C:/Users/THUAN/Downloads/joint/encrypt.v:579]
WARNING: [VRFC 10-3380] identifier 'start_fw_transfer' is used before its declaration [C:/Users/THUAN/Downloads/joint/encrypt.v:584]
WARNING: [VRFC 10-3380] identifier 'start_fw_transfer' is used before its declaration [C:/Users/THUAN/Downloads/joint/encrypt.v:597]
WARNING: [VRFC 10-3380] identifier 'start_fw_transfer' is used before its declaration [C:/Users/THUAN/Downloads/joint/encrypt.v:605]
WARNING: [VRFC 10-3380] identifier 'done_fw_transfer' is used before its declaration [C:/Users/THUAN/Downloads/joint/encrypt.v:606]
WARNING: [VRFC 10-3380] identifier 'r2_done' is used before its declaration [C:/Users/THUAN/Downloads/joint/encrypt.v:614]
WARNING: [VRFC 10-3380] identifier 'done_fw_transfer' is used before its declaration [C:/Users/THUAN/Downloads/joint/encrypt.v:616]
WARNING: [VRFC 10-3380] identifier 'start_fw_transfer' is used before its declaration [C:/Users/THUAN/Downloads/joint/encrypt.v:622]
WARNING: [VRFC 10-3380] identifier 'start_fw_transfer' is used before its declaration [C:/Users/THUAN/Downloads/joint/encrypt.v:635]
WARNING: [VRFC 10-3380] identifier 'start_fw_transfer' is used before its declaration [C:/Users/THUAN/Downloads/joint/encrypt.v:643]
WARNING: [VRFC 10-3380] identifier 'done_fw_transfer' is used before its declaration [C:/Users/THUAN/Downloads/joint/encrypt.v:644]
WARNING: [VRFC 10-3380] identifier 'r2_done' is used before its declaration [C:/Users/THUAN/Downloads/joint/encrypt.v:648]
WARNING: [VRFC 10-3380] identifier 'done_fw_transfer' is used before its declaration [C:/Users/THUAN/Downloads/joint/encrypt.v:655]
WARNING: [VRFC 10-3380] identifier 'r2_done' is used before its declaration [C:/Users/THUAN/Downloads/joint/encrypt.v:657]
WARNING: [VRFC 10-3380] identifier 'r2_done' is used before its declaration [C:/Users/THUAN/Downloads/joint/encrypt.v:660]
WARNING: [VRFC 10-3380] identifier 'r2_done' is used before its declaration [C:/Users/THUAN/Downloads/joint/encrypt.v:678]
INFO: [VRFC 10-2263] Analyzing Verilog file "C:/Users/THUAN/Downloads/joint/encrypt_parallel.v" into library xil_defaultlib
INFO: [VRFC 10-311] analyzing module encrypt_parallel
WARNING: [VRFC 10-2938] 'r1_internal' is already implicitly declared on line 362 [C:/Users/THUAN/Downloads/joint/encrypt_parallel.v:406]
WARNING: [VRFC 10-2938] 'r2_internal_hr2' is already implicitly declared on line 384 [C:/Users/THUAN/Downloads/joint/encrypt_parallel.v:408]
WARNING: [VRFC 10-2938] 'r2_internal_sr2' is already implicitly declared on line 385 [C:/Users/THUAN/Downloads/joint/encrypt_parallel.v:409]
WARNING: [VRFC 10-2938] 'loc_addr_hr2' is already implicitly declared on line 380 [C:/Users/THUAN/Downloads/joint/encrypt_parallel.v:411]
WARNING: [VRFC 10-2938] 'loc_addr_sr2' is already implicitly declared on line 381 [C:/Users/THUAN/Downloads/joint/encrypt_parallel.v:412]
WARNING: [VRFC 10-3248] data object 'pm_out' is already declared [C:/Users/THUAN/Downloads/joint/encrypt_parallel.v:549]
WARNING: [VRFC 10-9364] second declaration of 'pm_out' is ignored [C:/Users/THUAN/Downloads/joint/encrypt_parallel.v:549]
WARNING: [VRFC 10-2938] 'pm_rd_addr' is already implicitly declared on line 500 [C:/Users/THUAN/Downloads/joint/encrypt_parallel.v:550]
WARNING: [VRFC 10-2938] 'pm_rd_en' is already implicitly declared on line 501 [C:/Users/THUAN/Downloads/joint/encrypt_parallel.v:551]
WARNING: [VRFC 10-2938] 'add_out' is already implicitly declared on line 504 [C:/Users/THUAN/Downloads/joint/encrypt_parallel.v:553]
WARNING: [VRFC 10-2938] 'add_out_addr' is already implicitly declared on line 505 [C:/Users/THUAN/Downloads/joint/encrypt_parallel.v:554]
WARNING: [VRFC 10-2938] 'add_out_valid' is already implicitly declared on line 506 [C:/Users/THUAN/Downloads/joint/encrypt_parallel.v:555]
WARNING: [VRFC 10-2938] 'xor_add_en' is already implicitly declared on line 350 [C:/Users/THUAN/Downloads/joint/encrypt_parallel.v:613]
WARNING: [VRFC 10-2938] 'xor_add_addr' is already implicitly declared on line 539 [C:/Users/THUAN/Downloads/joint/encrypt_parallel.v:614]
WARNING: [VRFC 10-2938] 'xor_add_out' is already implicitly declared on line 543 [C:/Users/THUAN/Downloads/joint/encrypt_parallel.v:616]
WARNING: [VRFC 10-2938] 'xor_add_out_addr' is already implicitly declared on line 544 [C:/Users/THUAN/Downloads/joint/encrypt_parallel.v:617]
WARNING: [VRFC 10-2938] 'xor_add_out_valid' is already implicitly declared on line 545 [C:/Users/THUAN/Downloads/joint/encrypt_parallel.v:618]
WARNING: [VRFC 10-2938] 'en_r1' is already implicitly declared on line 361 [C:/Users/THUAN/Downloads/joint/encrypt_parallel.v:654]
WARNING: [VRFC 10-2938] 'en_r2' is already implicitly declared on line 382 [C:/Users/THUAN/Downloads/joint/encrypt_parallel.v:655]
WARNING: [VRFC 10-2096] empty statement in sequential block [C:/Users/THUAN/Downloads/joint/encrypt_parallel.v:673]
WARNING: [VRFC 10-2938] 'wen_fw' is already implicitly declared on line 361 [C:/Users/THUAN/Downloads/joint/encrypt_parallel.v:856]
WARNING: [VRFC 10-3248] data object 'sel_fw' is already declared [C:/Users/THUAN/Downloads/joint/encrypt_parallel.v:856]
WARNING: [VRFC 10-9364] second declaration of 'sel_fw' is ignored [C:/Users/THUAN/Downloads/joint/encrypt_parallel.v:856]
WARNING: [VRFC 10-2938] 'fw_addr_reg' is already implicitly declared on line 360 [C:/Users/THUAN/Downloads/joint/encrypt_parallel.v:863]
WARNING: [VRFC 10-3380] identifier 'rd_fw' is used before its declaration [C:/Users/THUAN/Downloads/joint/encrypt_parallel.v:209]
WARNING: [VRFC 10-3380] identifier 'fw_addr' is used before its declaration [C:/Users/THUAN/Downloads/joint/encrypt_parallel.v:211]
WARNING: [VRFC 10-3380] identifier 'sel_e' is used before its declaration [C:/Users/THUAN/Downloads/joint/encrypt_parallel.v:212]
WARNING: [VRFC 10-3380] identifier 'pm_out_sr2' is used before its declaration [C:/Users/THUAN/Downloads/joint/encrypt_parallel.v:335]
WARNING: [VRFC 10-3380] identifier 'r2_done' is used before its declaration [C:/Users/THUAN/Downloads/joint/encrypt_parallel.v:668]
WARNING: [VRFC 10-3380] identifier 'r2_done' is used before its declaration [C:/Users/THUAN/Downloads/joint/encrypt_parallel.v:676]
WARNING: [VRFC 10-3380] identifier 'r2_done' is used before its declaration [C:/Users/THUAN/Downloads/joint/encrypt_parallel.v:688]
WARNING: [VRFC 10-3380] identifier 'done_fw_transfer' is used before its declaration [C:/Users/THUAN/Downloads/joint/encrypt_parallel.v:710]
WARNING: [VRFC 10-3380] identifier 'r2_done' is used before its declaration [C:/Users/THUAN/Downloads/joint/encrypt_parallel.v:718]
WARNING: [VRFC 10-3380] identifier 'done_fw_transfer' is used before its declaration [C:/Users/THUAN/Downloads/joint/encrypt_parallel.v:720]
WARNING: [VRFC 10-3380] identifier 'done_fw_transfer' is used before its declaration [C:/Users/THUAN/Downloads/joint/encrypt_parallel.v:744]
WARNING: [VRFC 10-3380] identifier 'r2_done' is used before its declaration [C:/Users/THUAN/Downloads/joint/encrypt_parallel.v:748]
WARNING: [VRFC 10-3380] identifier 'done_fw_transfer' is used before its declaration [C:/Users/THUAN/Downloads/joint/encrypt_parallel.v:755]
WARNING: [VRFC 10-3380] identifier 'r2_done' is used before its declaration [C:/Users/THUAN/Downloads/joint/encrypt_parallel.v:757]
WARNING: [VRFC 10-3380] identifier 'r2_done' is used before its declaration [C:/Users/THUAN/Downloads/joint/encrypt_parallel.v:760]
WARNING: [VRFC 10-3380] identifier 'r2_done' is used before its declaration [C:/Users/THUAN/Downloads/joint/encrypt_parallel.v:777]
WARNING: [VRFC 10-3380] identifier 'start_fw_transfer' is used before its declaration [C:/Users/THUAN/Downloads/joint/encrypt_parallel.v:789]
WARNING: [VRFC 10-3380] identifier 'start_fw_transfer' is used before its declaration [C:/Users/THUAN/Downloads/joint/encrypt_parallel.v:805]
WARNING: [VRFC 10-3380] identifier 'start_fw_transfer' is used before its declaration [C:/Users/THUAN/Downloads/joint/encrypt_parallel.v:808]
WARNING: [VRFC 10-3380] identifier 'start_fw_transfer' is used before its declaration [C:/Users/THUAN/Downloads/joint/encrypt_parallel.v:814]
WARNING: [VRFC 10-3380] identifier 'start_fw_transfer' is used before its declaration [C:/Users/THUAN/Downloads/joint/encrypt_parallel.v:822]
WARNING: [VRFC 10-3380] identifier 'start_fw_transfer' is used before its declaration [C:/Users/THUAN/Downloads/joint/encrypt_parallel.v:825]
WARNING: [VRFC 10-3380] identifier 'start_fw_transfer' is used before its declaration [C:/Users/THUAN/Downloads/joint/encrypt_parallel.v:831]
WARNING: [VRFC 10-3380] identifier 'start_fw_transfer' is used before its declaration [C:/Users/THUAN/Downloads/joint/encrypt_parallel.v:838]
WARNING: [VRFC 10-3380] identifier 'start_fw_transfer' is used before its declaration [C:/Users/THUAN/Downloads/joint/encrypt_parallel.v:848]
INFO: [VRFC 10-2263] Analyzing Verilog file "C:/Users/THUAN/Downloads/joint/fft_leaves_butterfly.v" into library xil_defaultlib
INFO: [VRFC 10-311] analyzing module fft_leaves_butterfly
INFO: [VRFC 10-2263] Analyzing Verilog file "C:/Users/THUAN/Downloads/joint/fft_part1.v" into library xil_defaultlib
INFO: [VRFC 10-311] analyzing module fft_part1
WARNING: [VRFC 10-3380] identifier 'gf_out_d3' is used before its declaration [C:/Users/THUAN/Downloads/joint/fft_part1.v:61]
INFO: [VRFC 10-2263] Analyzing Verilog file "C:/Users/THUAN/Downloads/joint/fft_part2.v" into library xil_defaultlib
INFO: [VRFC 10-311] analyzing module fft_part2
INFO: [VRFC 10-311] analyzing module fft_part2_round
INFO: [VRFC 10-2263] Analyzing Verilog file "C:/Users/THUAN/Downloads/joint/fft_retrieve_error_poly.v" into library xil_defaultlib
INFO: [VRFC 10-311] analyzing module fft_retrieve_error_poly
INFO: [VRFC 10-2263] Analyzing Verilog file "C:/Users/THUAN/Downloads/joint/fixed_weight.v" into library xil_defaultlib
INFO: [VRFC 10-311] analyzing module fixed_weight
WARNING: [VRFC 10-9336] redeclaration of ANSI port 'din_shake' is not allowed [C:/Users/THUAN/Downloads/joint/fixed_weight.v:161]
WARNING: [VRFC 10-3380] identifier 'sel_ctx' is used before its declaration [C:/Users/THUAN/Downloads/joint/fixed_weight.v:233]
WARNING: [VRFC 10-3380] identifier 'sel_ctx' is used before its declaration [C:/Users/THUAN/Downloads/joint/fixed_weight.v:234]
WARNING: [VRFC 10-3380] identifier 'sel_ctx' is used before its declaration [C:/Users/THUAN/Downloads/joint/fixed_weight.v:235]
WARNING: [VRFC 10-3380] identifier 'start_red' is used before its declaration [C:/Users/THUAN/Downloads/joint/fixed_weight.v:506]
WARNING: [VRFC 10-3380] identifier 'start_red' is used before its declaration [C:/Users/THUAN/Downloads/joint/fixed_weight.v:518]
WARNING: [VRFC 10-3380] identifier 'start_red' is used before its declaration [C:/Users/THUAN/Downloads/joint/fixed_weight.v:529]
WARNING: [VRFC 10-3380] identifier 'start_red' is used before its declaration [C:/Users/THUAN/Downloads/joint/fixed_weight.v:540]
WARNING: [VRFC 10-3380] identifier 'start_red' is used before its declaration [C:/Users/THUAN/Downloads/joint/fixed_weight.v:546]
WARNING: [VRFC 10-3380] identifier 'start_red' is used before its declaration [C:/Users/THUAN/Downloads/joint/fixed_weight.v:552]
INFO: [VRFC 10-2263] Analyzing Verilog file "C:/Users/THUAN/Downloads/joint/fixed_weight_ct.v" into library xil_defaultlib
INFO: [VRFC 10-311] analyzing module fixed_weight_ct
WARNING: [VRFC 10-9336] redeclaration of ANSI port 'din_shake' is not allowed [C:/Users/THUAN/Downloads/joint/fixed_weight_ct.v:153]
WARNING: [VRFC 10-3380] identifier 'sel_ctx' is used before its declaration [C:/Users/THUAN/Downloads/joint/fixed_weight_ct.v:222]
WARNING: [VRFC 10-3380] identifier 'sel_ctx' is used before its declaration [C:/Users/THUAN/Downloads/joint/fixed_weight_ct.v:223]
WARNING: [VRFC 10-3380] identifier 'sel_ctx' is used before its declaration [C:/Users/THUAN/Downloads/joint/fixed_weight_ct.v:224]
WARNING: [VRFC 10-3380] identifier 'start_red' is used before its declaration [C:/Users/THUAN/Downloads/joint/fixed_weight_ct.v:462]
WARNING: [VRFC 10-3380] identifier 'start_red' is used before its declaration [C:/Users/THUAN/Downloads/joint/fixed_weight_ct.v:475]
WARNING: [VRFC 10-3380] identifier 'start_red' is used before its declaration [C:/Users/THUAN/Downloads/joint/fixed_weight_ct.v:493]
WARNING: [VRFC 10-3380] identifier 'start_red' is used before its declaration [C:/Users/THUAN/Downloads/joint/fixed_weight_ct.v:512]
WARNING: [VRFC 10-3380] identifier 'start_red' is used before its declaration [C:/Users/THUAN/Downloads/joint/fixed_weight_ct.v:519]
WARNING: [VRFC 10-3380] identifier 'start_red' is used before its declaration [C:/Users/THUAN/Downloads/joint/fixed_weight_ct.v:526]
WARNING: [VRFC 10-3380] identifier 'start_red' is used before its declaration [C:/Users/THUAN/Downloads/joint/fixed_weight_ct.v:533]
INFO: [VRFC 10-2263] Analyzing Verilog file "C:/Users/THUAN/Downloads/joint/fixed_weight_cww.v" into library xil_defaultlib
INFO: [VRFC 10-311] analyzing module fixed_weight_cww
WARNING: [VRFC 10-9336] redeclaration of ANSI port 'din_shake' is not allowed [C:/Users/THUAN/Downloads/joint/fixed_weight_cww.v:141]
WARNING: [VRFC 10-2938] 'dout_shake_reduced' is already implicitly declared on line 245 [C:/Users/THUAN/Downloads/joint/fixed_weight_cww.v:270]
WARNING: [VRFC 10-2938] 'n_minus_i' is already implicitly declared on line 244 [C:/Users/THUAN/Downloads/joint/fixed_weight_cww.v:309]
WARNING: [VRFC 10-2938] 'dout_reduced_valid' is already implicitly declared on line 241 [C:/Users/THUAN/Downloads/joint/fixed_weight_cww.v:322]
WARNING: [VRFC 10-3380] identifier 'n_minus_i' is used before its declaration [C:/Users/THUAN/Downloads/joint/fixed_weight_cww.v:229]
WARNING: [VRFC 10-3380] identifier 'n_minus_i' is used before its declaration [C:/Users/THUAN/Downloads/joint/fixed_weight_cww.v:232]
WARNING: [VRFC 10-3380] identifier 'count' is used before its declaration [C:/Users/THUAN/Downloads/joint/fixed_weight_cww.v:272]
INFO: [VRFC 10-2263] Analyzing Verilog file "C:/Users/THUAN/Downloads/joint/gf_mul.v" into library xil_defaultlib
INFO: [VRFC 10-311] analyzing module gf_mul
INFO: [VRFC 10-2263] Analyzing Verilog file "C:/Users/THUAN/Downloads/joint/gfmul.v" into library xil_defaultlib
INFO: [VRFC 10-311] analyzing module gfmul
INFO: [VRFC 10-2263] Analyzing Verilog file "C:/Users/THUAN/Downloads/joint/hqc_barrett_red.v" into library xil_defaultlib
INFO: [VRFC 10-311] analyzing module hqc_barrett_red
INFO: [VRFC 10-2263] Analyzing Verilog file "C:/Users/THUAN/Downloads/joint/hqc_decod_top.v" into library xil_defaultlib
INFO: [VRFC 10-311] analyzing module hqc_decod_top
INFO: [VRFC 10-2263] Analyzing Verilog file "C:/Users/THUAN/Downloads/joint/hqc_kem_joint_design.v" into library xil_defaultlib
INFO: [VRFC 10-311] analyzing module hqc_kem_joint_design
INFO: [VRFC 10-2263] Analyzing Verilog file "D:/University/251/DA/joint/joint.srcs/sources_1/new/hqc_kem_memory_manager.v" into library xil_defaultlib
ERROR: [VRFC 10-3195] cannot open include file 'clog2.v' [D:/University/251/DA/joint/joint.srcs/sources_1/new/hqc_kem_memory_manager.v:18]
INFO: [VRFC 10-311] analyzing module hqc_kem_memory_manager
ERROR: [VRFC 10-8530] module 'hqc_kem_memory_manager' is ignored due to previous errors [D:/University/251/DA/joint/joint.srcs/sources_1/new/hqc_kem_memory_manager.v:19]
run_program: Time (s): cpu = 00:00:02 ; elapsed = 00:00:13 . Memory (MB): peak = 1256.277 ; gain = 0.000
INFO: [USF-XSim-69] 'compile' step finished in '13' seconds
INFO: [USF-XSim-99] Step results log file:'D:/University/251/DA/joint/joint.sim/sim_1/behav/xsim/xvlog.log'
ERROR: [USF-XSim-62] 'compile' step failed with error(s). Please check the Tcl console output or 'D:/University/251/DA/joint/joint.sim/sim_1/behav/xsim/xvlog.log' file for more information.
ERROR: [Vivado 12-4473] Detected error while running simulation. Please correct the issue and retry this operation.
launch_simulation: Time (s): cpu = 00:00:02 ; elapsed = 00:00:14 . Memory (MB): peak = 1256.277 ; gain = 0.000
ERROR: [Common 17-39] 'launch_simulation' failed due to earlier errors.
launch_simulation
Command: launch_simulation 
INFO: [Vivado 12-12493] Simulation top is 'hqc_kem_system_tb'
WARNING: [Vivado 12-13340] Unable to auto find GCC executables from simulator install path! (path not set)
WARNING: [Vivado 12-13277] Compiled library path does not exist: ''
INFO: [Vivado 12-5682] Launching behavioral simulation in 'D:/University/251/DA/joint/joint.sim/sim_1/behav/xsim'
INFO: [SIM-utils-51] Simulation object is 'sim_1'
INFO: [SIM-utils-72] Using boost library from 'D:/Apps/Xilinx/Vivado/2022.2/tps/boost_1_72_0'
INFO: [SIM-utils-54] Inspecting design source files for 'hqc_kem_system_tb' in fileset 'sim_1'...
INFO: [SIM-utils-43] Exported 'D:/University/251/DA/joint/joint.sim/sim_1/behav/xsim/barrett_hqc_128.mem'
INFO: [SIM-utils-43] Exported 'D:/University/251/DA/joint/joint.sim/sim_1/behav/xsim/barrett_hqc_256.mem'
INFO: [SIM-utils-43] Exported 'D:/University/251/DA/joint/joint.sim/sim_1/behav/xsim/barrett_hqc_192.mem'
INFO: [USF-XSim-97] Finding global include files...
INFO: [USF-XSim-98] Fetching design files from 'sim_1'...
INFO: [USF-XSim-2] XSim::Compile design
INFO: [USF-XSim-61] Executing 'COMPILE and ANALYZE' step in 'D:/University/251/DA/joint/joint.sim/sim_1/behav/xsim'
"xvlog --incr --relax -prj hqc_kem_system_tb_vlog.prj"
INFO: [VRFC 10-2263] Analyzing Verilog file "C:/Users/THUAN/Downloads/joint/add_fft.v" into library xil_defaultlib
INFO: [VRFC 10-311] analyzing module add_fft
INFO: [VRFC 10-2263] Analyzing Verilog file "C:/Users/THUAN/Downloads/joint/barrett_red_gen.v" into library xil_defaultlib
INFO: [VRFC 10-311] analyzing module barrett_red_gen
INFO: [VRFC 10-2263] Analyzing Verilog file "C:/Users/THUAN/Downloads/joint/cdw_xor_tmp.v" into library xil_defaultlib
INFO: [VRFC 10-311] analyzing module cdw_xor_tmp
INFO: [VRFC 10-2263] Analyzing Verilog file "C:/Users/THUAN/Downloads/joint/concat_code.v" into library xil_defaultlib
INFO: [VRFC 10-311] analyzing module concat_code
INFO: [VRFC 10-2263] Analyzing Verilog file "C:/Users/THUAN/Downloads/joint/control_path.v" into library xil_defaultlib
INFO: [VRFC 10-311] analyzing module control_path
INFO: [VRFC 10-2263] Analyzing Verilog file "C:/Users/THUAN/Downloads/joint/data_path.v" into library xil_defaultlib
INFO: [VRFC 10-311] analyzing module data_path
INFO: [VRFC 10-2263] Analyzing Verilog file "C:/Users/THUAN/Downloads/joint/decap.v" into library xil_defaultlib
INFO: [VRFC 10-311] analyzing module decap
WARNING: [VRFC 10-2938] 'start_decrypt' is already implicitly declared on line 358 [C:/Users/THUAN/Downloads/joint/decap.v:864]
WARNING: [VRFC 10-2938] 'done_decrypt' is already implicitly declared on line 360 [C:/Users/THUAN/Downloads/joint/decap.v:865]
WARNING: [VRFC 10-2938] 'start_encap' is already implicitly declared on line 507 [C:/Users/THUAN/Downloads/joint/decap.v:866]
WARNING: [VRFC 10-2938] 'done_encrypt' is already implicitly declared on line 538 [C:/Users/THUAN/Downloads/joint/decap.v:867]
WARNING: [VRFC 10-3380] identifier 'dec_uv' is used before its declaration [C:/Users/THUAN/Downloads/joint/decap.v:334]
WARNING: [VRFC 10-3380] identifier 'uv_addr_1_dec' is used before its declaration [C:/Users/THUAN/Downloads/joint/decap.v:335]
WARNING: [VRFC 10-3380] identifier 'dec_uv' is used before its declaration [C:/Users/THUAN/Downloads/joint/decap.v:337]
WARNING: [VRFC 10-3380] identifier 'uv_addr_1_dec' is used before its declaration [C:/Users/THUAN/Downloads/joint/decap.v:338]
WARNING: [VRFC 10-3380] identifier 'verify_u_reg' is used before its declaration [C:/Users/THUAN/Downloads/joint/decap.v:397]
WARNING: [VRFC 10-3380] identifier 'verify_v' is used before its declaration [C:/Users/THUAN/Downloads/joint/decap.v:411]
WARNING: [VRFC 10-3380] identifier 'verify_d' is used before its declaration [C:/Users/THUAN/Downloads/joint/decap.v:424]
INFO: [VRFC 10-2263] Analyzing Verilog file "C:/Users/THUAN/Downloads/joint/decrypt.v" into library xil_defaultlib
INFO: [VRFC 10-311] analyzing module decrypt
WARNING: [VRFC 10-2938] 'ram_din_rd_o' is already implicitly declared on line 168 [C:/Users/THUAN/Downloads/joint/decrypt.v:191]
WARNING: [VRFC 10-2938] 'ram_din_i' is already implicitly declared on line 170 [C:/Users/THUAN/Downloads/joint/decrypt.v:192]
WARNING: [VRFC 10-2938] 'ram_din_addr_o' is already implicitly declared on line 169 [C:/Users/THUAN/Downloads/joint/decrypt.v:193]
WARNING: [VRFC 10-2938] 'done_u_minus_vy' is already implicitly declared on line 157 [C:/Users/THUAN/Downloads/joint/decrypt.v:194]
INFO: [VRFC 10-2263] Analyzing Verilog file "C:/Users/THUAN/Downloads/joint/encap.v" into library xil_defaultlib
INFO: [VRFC 10-311] analyzing module encap
WARNING: [VRFC 10-2938] 'count_hash_inputs' is already implicitly declared on line 539 [C:/Users/THUAN/Downloads/joint/encap.v:557]
WARNING: [VRFC 10-3380] identifier 'd_out' is used before its declaration [C:/Users/THUAN/Downloads/joint/encap.v:250]
WARNING: [VRFC 10-8864] concatenation with an unsized literal will be treated as 32 bits [C:/Users/THUAN/Downloads/joint/encap.v:249]
WARNING: [VRFC 10-8864] concatenation with an unsized literal will be treated as 32 bits [C:/Users/THUAN/Downloads/joint/encap.v:250]
WARNING: [VRFC 10-3380] identifier 'sel_uv' is used before its declaration [C:/Users/THUAN/Downloads/joint/encap.v:328]
WARNING: [VRFC 10-3380] identifier 'u_v_reg' is used before its declaration [C:/Users/THUAN/Downloads/joint/encap.v:506]
WARNING: [VRFC 10-3380] identifier 'u_v_reg' is used before its declaration [C:/Users/THUAN/Downloads/joint/encap.v:507]
WARNING: [VRFC 10-3380] identifier 'last_block_capture' is used before its declaration [C:/Users/THUAN/Downloads/joint/encap.v:515]
WARNING: [VRFC 10-3380] identifier 'block_capture' is used before its declaration [C:/Users/THUAN/Downloads/joint/encap.v:518]
WARNING: [VRFC 10-3380] identifier 'count_hash_inputs_test' is used before its declaration [C:/Users/THUAN/Downloads/joint/encap.v:527]
WARNING: [VRFC 10-3380] identifier 'count_hash_inputs_test' is used before its declaration [C:/Users/THUAN/Downloads/joint/encap.v:530]
WARNING: [VRFC 10-8864] concatenation with an unsized literal will be treated as 32 bits [C:/Users/THUAN/Downloads/joint/encap.v:546]
WARNING: [VRFC 10-3380] identifier 'total_shake_input_count' is used before its declaration [C:/Users/THUAN/Downloads/joint/encap.v:597]
WARNING: [VRFC 10-3380] identifier 'total_shake_input_count' is used before its declaration [C:/Users/THUAN/Downloads/joint/encap.v:626]
WARNING: [VRFC 10-3380] identifier 'total_shake_input_count' is used before its declaration [C:/Users/THUAN/Downloads/joint/encap.v:847]
WARNING: [VRFC 10-3380] identifier 'start_hash' is used before its declaration [C:/Users/THUAN/Downloads/joint/encap.v:1102]
WARNING: [VRFC 10-3380] identifier 'start_hash' is used before its declaration [C:/Users/THUAN/Downloads/joint/encap.v:1118]
WARNING: [VRFC 10-3380] identifier 'start_hash' is used before its declaration [C:/Users/THUAN/Downloads/joint/encap.v:1133]
WARNING: [VRFC 10-3380] identifier 'start_hash' is used before its declaration [C:/Users/THUAN/Downloads/joint/encap.v:1173]
WARNING: [VRFC 10-3380] identifier 'start_hash' is used before its declaration [C:/Users/THUAN/Downloads/joint/encap.v:1186]
WARNING: [VRFC 10-3380] identifier 'start_hash' is used before its declaration [C:/Users/THUAN/Downloads/joint/encap.v:1213]
WARNING: [VRFC 10-3380] identifier 'start_hash' is used before its declaration [C:/Users/THUAN/Downloads/joint/encap.v:1223]
WARNING: [VRFC 10-3380] identifier 'start_hash' is used before its declaration [C:/Users/THUAN/Downloads/joint/encap.v:1240]
WARNING: [VRFC 10-3380] identifier 'start_hash' is used before its declaration [C:/Users/THUAN/Downloads/joint/encap.v:1252]
WARNING: [VRFC 10-3380] identifier 'start_hash' is used before its declaration [C:/Users/THUAN/Downloads/joint/encap.v:1264]
WARNING: [VRFC 10-3380] identifier 'start_hash' is used before its declaration [C:/Users/THUAN/Downloads/joint/encap.v:1281]
WARNING: [VRFC 10-3380] identifier 'start_hash' is used before its declaration [C:/Users/THUAN/Downloads/joint/encap.v:1310]
WARNING: [VRFC 10-3380] identifier 'start_hash' is used before its declaration [C:/Users/THUAN/Downloads/joint/encap.v:1333]
WARNING: [VRFC 10-3380] identifier 'start_hash' is used before its declaration [C:/Users/THUAN/Downloads/joint/encap.v:1353]
WARNING: [VRFC 10-3380] identifier 'start_hash' is used before its declaration [C:/Users/THUAN/Downloads/joint/encap.v:1400]
WARNING: [VRFC 10-3380] identifier 'start_hash' is used before its declaration [C:/Users/THUAN/Downloads/joint/encap.v:1422]
WARNING: [VRFC 10-3380] identifier 'start_hash' is used before its declaration [C:/Users/THUAN/Downloads/joint/encap.v:1444]
WARNING: [VRFC 10-3380] identifier 'start_hash' is used before its declaration [C:/Users/THUAN/Downloads/joint/encap.v:1471]
WARNING: [VRFC 10-3380] identifier 'start_hash' is used before its declaration [C:/Users/THUAN/Downloads/joint/encap.v:1476]
WARNING: [VRFC 10-3380] identifier 'start_hash' is used before its declaration [C:/Users/THUAN/Downloads/joint/encap.v:1487]
WARNING: [VRFC 10-3380] identifier 'start_hash' is used before its declaration [C:/Users/THUAN/Downloads/joint/encap.v:1503]
WARNING: [VRFC 10-3380] identifier 'start_hash' is used before its declaration [C:/Users/THUAN/Downloads/joint/encap.v:1513]
INFO: [VRFC 10-2263] Analyzing Verilog file "C:/Users/THUAN/Downloads/joint/encrypt.v" into library xil_defaultlib
INFO: [VRFC 10-311] analyzing module encrypt
WARNING: [VRFC 10-2938] 'r1_internal' is already implicitly declared on line 325 [C:/Users/THUAN/Downloads/joint/encrypt.v:352]
WARNING: [VRFC 10-2938] 'r2_internal' is already implicitly declared on line 334 [C:/Users/THUAN/Downloads/joint/encrypt.v:353]
WARNING: [VRFC 10-2938] 'loc_addr' is already implicitly declared on line 332 [C:/Users/THUAN/Downloads/joint/encrypt.v:355]
WARNING: [VRFC 10-2938] 'pm_out' is already implicitly declared on line 341 [C:/Users/THUAN/Downloads/joint/encrypt.v:356]
WARNING: [VRFC 10-3248] data object 'pm_out' is already declared [C:/Users/THUAN/Downloads/joint/encrypt.v:447]
WARNING: [VRFC 10-9364] second declaration of 'pm_out' is ignored [C:/Users/THUAN/Downloads/joint/encrypt.v:447]
WARNING: [VRFC 10-2938] 'pm_rd_addr' is already implicitly declared on line 437 [C:/Users/THUAN/Downloads/joint/encrypt.v:448]
WARNING: [VRFC 10-2938] 'pm_rd_en' is already implicitly declared on line 438 [C:/Users/THUAN/Downloads/joint/encrypt.v:449]
WARNING: [VRFC 10-2938] 'add_out' is already implicitly declared on line 441 [C:/Users/THUAN/Downloads/joint/encrypt.v:451]
WARNING: [VRFC 10-2938] 'add_out_addr' is already implicitly declared on line 442 [C:/Users/THUAN/Downloads/joint/encrypt.v:452]
WARNING: [VRFC 10-2938] 'add_out_valid' is already implicitly declared on line 443 [C:/Users/THUAN/Downloads/joint/encrypt.v:453]
WARNING: [VRFC 10-2938] 'xor_add_en' is already implicitly declared on line 313 [C:/Users/THUAN/Downloads/joint/encrypt.v:487]
WARNING: [VRFC 10-2938] 'xor_add_addr' is already implicitly declared on line 437 [C:/Users/THUAN/Downloads/joint/encrypt.v:488]
WARNING: [VRFC 10-2938] 'xor_add_out' is already implicitly declared on line 441 [C:/Users/THUAN/Downloads/joint/encrypt.v:490]
WARNING: [VRFC 10-2938] 'xor_add_out_addr' is already implicitly declared on line 442 [C:/Users/THUAN/Downloads/joint/encrypt.v:491]
WARNING: [VRFC 10-2938] 'xor_add_out_valid' is already implicitly declared on line 443 [C:/Users/THUAN/Downloads/joint/encrypt.v:492]
WARNING: [VRFC 10-2938] 'en_r1' is already implicitly declared on line 324 [C:/Users/THUAN/Downloads/joint/encrypt.v:528]
WARNING: [VRFC 10-2938] 'en_r2' is already implicitly declared on line 333 [C:/Users/THUAN/Downloads/joint/encrypt.v:529]
WARNING: [VRFC 10-2096] empty statement in sequential block [C:/Users/THUAN/Downloads/joint/encrypt.v:557]
WARNING: [VRFC 10-2938] 'wen_fw' is already implicitly declared on line 324 [C:/Users/THUAN/Downloads/joint/encrypt.v:687]
WARNING: [VRFC 10-3248] data object 'sel_fw' is already declared [C:/Users/THUAN/Downloads/joint/encrypt.v:687]
WARNING: [VRFC 10-9364] second declaration of 'sel_fw' is ignored [C:/Users/THUAN/Downloads/joint/encrypt.v:687]
WARNING: [VRFC 10-2938] 'fw_addr_reg' is already implicitly declared on line 323 [C:/Users/THUAN/Downloads/joint/encrypt.v:694]
WARNING: [VRFC 10-2938] 'u_cpy_addr' is already implicitly declared on line 437 [C:/Users/THUAN/Downloads/joint/encrypt.v:793]
WARNING: [VRFC 10-2938] 'wen_u' is already implicitly declared on line 343 [C:/Users/THUAN/Downloads/joint/encrypt.v:794]
WARNING: [VRFC 10-2938] 'copy_u' is already implicitly declared on line 437 [C:/Users/THUAN/Downloads/joint/encrypt.v:795]
WARNING: [VRFC 10-2938] 'sel_r1_hr2' is already implicitly declared on line 470 [C:/Users/THUAN/Downloads/joint/encrypt.v:796]
WARNING: [VRFC 10-3380] identifier 'rd_fw' is used before its declaration [C:/Users/THUAN/Downloads/joint/encrypt.v:180]
WARNING: [VRFC 10-3380] identifier 'fw_addr' is used before its declaration [C:/Users/THUAN/Downloads/joint/encrypt.v:182]
WARNING: [VRFC 10-3380] identifier 'sel_e' is used before its declaration [C:/Users/THUAN/Downloads/joint/encrypt.v:183]
WARNING: [VRFC 10-3380] identifier 'pm_out' is used before its declaration [C:/Users/THUAN/Downloads/joint/encrypt.v:298]
WARNING: [VRFC 10-3380] identifier 'r2_done' is used before its declaration [C:/Users/THUAN/Downloads/joint/encrypt.v:543]
WARNING: [VRFC 10-3380] identifier 'start_fw_transfer' is used before its declaration [C:/Users/THUAN/Downloads/joint/encrypt.v:549]
WARNING: [VRFC 10-3380] identifier 'r2_done' is used before its declaration [C:/Users/THUAN/Downloads/joint/encrypt.v:560]
WARNING: [VRFC 10-3380] identifier 'start_fw_transfer' is used before its declaration [C:/Users/THUAN/Downloads/joint/encrypt.v:565]
WARNING: [VRFC 10-3380] identifier 'r2_done' is used before its declaration [C:/Users/THUAN/Downloads/joint/encrypt.v:579]
WARNING: [VRFC 10-3380] identifier 'start_fw_transfer' is used before its declaration [C:/Users/THUAN/Downloads/joint/encrypt.v:584]
WARNING: [VRFC 10-3380] identifier 'start_fw_transfer' is used before its declaration [C:/Users/THUAN/Downloads/joint/encrypt.v:597]
WARNING: [VRFC 10-3380] identifier 'start_fw_transfer' is used before its declaration [C:/Users/THUAN/Downloads/joint/encrypt.v:605]
WARNING: [VRFC 10-3380] identifier 'done_fw_transfer' is used before its declaration [C:/Users/THUAN/Downloads/joint/encrypt.v:606]
WARNING: [VRFC 10-3380] identifier 'r2_done' is used before its declaration [C:/Users/THUAN/Downloads/joint/encrypt.v:614]
WARNING: [VRFC 10-3380] identifier 'done_fw_transfer' is used before its declaration [C:/Users/THUAN/Downloads/joint/encrypt.v:616]
WARNING: [VRFC 10-3380] identifier 'start_fw_transfer' is used before its declaration [C:/Users/THUAN/Downloads/joint/encrypt.v:622]
WARNING: [VRFC 10-3380] identifier 'start_fw_transfer' is used before its declaration [C:/Users/THUAN/Downloads/joint/encrypt.v:635]
WARNING: [VRFC 10-3380] identifier 'start_fw_transfer' is used before its declaration [C:/Users/THUAN/Downloads/joint/encrypt.v:643]
WARNING: [VRFC 10-3380] identifier 'done_fw_transfer' is used before its declaration [C:/Users/THUAN/Downloads/joint/encrypt.v:644]
WARNING: [VRFC 10-3380] identifier 'r2_done' is used before its declaration [C:/Users/THUAN/Downloads/joint/encrypt.v:648]
WARNING: [VRFC 10-3380] identifier 'done_fw_transfer' is used before its declaration [C:/Users/THUAN/Downloads/joint/encrypt.v:655]
WARNING: [VRFC 10-3380] identifier 'r2_done' is used before its declaration [C:/Users/THUAN/Downloads/joint/encrypt.v:657]
WARNING: [VRFC 10-3380] identifier 'r2_done' is used before its declaration [C:/Users/THUAN/Downloads/joint/encrypt.v:660]
WARNING: [VRFC 10-3380] identifier 'r2_done' is used before its declaration [C:/Users/THUAN/Downloads/joint/encrypt.v:678]
INFO: [VRFC 10-2263] Analyzing Verilog file "C:/Users/THUAN/Downloads/joint/encrypt_parallel.v" into library xil_defaultlib
INFO: [VRFC 10-311] analyzing module encrypt_parallel
WARNING: [VRFC 10-2938] 'r1_internal' is already implicitly declared on line 362 [C:/Users/THUAN/Downloads/joint/encrypt_parallel.v:406]
WARNING: [VRFC 10-2938] 'r2_internal_hr2' is already implicitly declared on line 384 [C:/Users/THUAN/Downloads/joint/encrypt_parallel.v:408]
WARNING: [VRFC 10-2938] 'r2_internal_sr2' is already implicitly declared on line 385 [C:/Users/THUAN/Downloads/joint/encrypt_parallel.v:409]
WARNING: [VRFC 10-2938] 'loc_addr_hr2' is already implicitly declared on line 380 [C:/Users/THUAN/Downloads/joint/encrypt_parallel.v:411]
WARNING: [VRFC 10-2938] 'loc_addr_sr2' is already implicitly declared on line 381 [C:/Users/THUAN/Downloads/joint/encrypt_parallel.v:412]
WARNING: [VRFC 10-3248] data object 'pm_out' is already declared [C:/Users/THUAN/Downloads/joint/encrypt_parallel.v:549]
WARNING: [VRFC 10-9364] second declaration of 'pm_out' is ignored [C:/Users/THUAN/Downloads/joint/encrypt_parallel.v:549]
WARNING: [VRFC 10-2938] 'pm_rd_addr' is already implicitly declared on line 500 [C:/Users/THUAN/Downloads/joint/encrypt_parallel.v:550]
WARNING: [VRFC 10-2938] 'pm_rd_en' is already implicitly declared on line 501 [C:/Users/THUAN/Downloads/joint/encrypt_parallel.v:551]
WARNING: [VRFC 10-2938] 'add_out' is already implicitly declared on line 504 [C:/Users/THUAN/Downloads/joint/encrypt_parallel.v:553]
WARNING: [VRFC 10-2938] 'add_out_addr' is already implicitly declared on line 505 [C:/Users/THUAN/Downloads/joint/encrypt_parallel.v:554]
WARNING: [VRFC 10-2938] 'add_out_valid' is already implicitly declared on line 506 [C:/Users/THUAN/Downloads/joint/encrypt_parallel.v:555]
WARNING: [VRFC 10-2938] 'xor_add_en' is already implicitly declared on line 350 [C:/Users/THUAN/Downloads/joint/encrypt_parallel.v:613]
WARNING: [VRFC 10-2938] 'xor_add_addr' is already implicitly declared on line 539 [C:/Users/THUAN/Downloads/joint/encrypt_parallel.v:614]
WARNING: [VRFC 10-2938] 'xor_add_out' is already implicitly declared on line 543 [C:/Users/THUAN/Downloads/joint/encrypt_parallel.v:616]
WARNING: [VRFC 10-2938] 'xor_add_out_addr' is already implicitly declared on line 544 [C:/Users/THUAN/Downloads/joint/encrypt_parallel.v:617]
WARNING: [VRFC 10-2938] 'xor_add_out_valid' is already implicitly declared on line 545 [C:/Users/THUAN/Downloads/joint/encrypt_parallel.v:618]
WARNING: [VRFC 10-2938] 'en_r1' is already implicitly declared on line 361 [C:/Users/THUAN/Downloads/joint/encrypt_parallel.v:654]
WARNING: [VRFC 10-2938] 'en_r2' is already implicitly declared on line 382 [C:/Users/THUAN/Downloads/joint/encrypt_parallel.v:655]
WARNING: [VRFC 10-2096] empty statement in sequential block [C:/Users/THUAN/Downloads/joint/encrypt_parallel.v:673]
WARNING: [VRFC 10-2938] 'wen_fw' is already implicitly declared on line 361 [C:/Users/THUAN/Downloads/joint/encrypt_parallel.v:856]
WARNING: [VRFC 10-3248] data object 'sel_fw' is already declared [C:/Users/THUAN/Downloads/joint/encrypt_parallel.v:856]
WARNING: [VRFC 10-9364] second declaration of 'sel_fw' is ignored [C:/Users/THUAN/Downloads/joint/encrypt_parallel.v:856]
WARNING: [VRFC 10-2938] 'fw_addr_reg' is already implicitly declared on line 360 [C:/Users/THUAN/Downloads/joint/encrypt_parallel.v:863]
WARNING: [VRFC 10-3380] identifier 'rd_fw' is used before its declaration [C:/Users/THUAN/Downloads/joint/encrypt_parallel.v:209]
WARNING: [VRFC 10-3380] identifier 'fw_addr' is used before its declaration [C:/Users/THUAN/Downloads/joint/encrypt_parallel.v:211]
WARNING: [VRFC 10-3380] identifier 'sel_e' is used before its declaration [C:/Users/THUAN/Downloads/joint/encrypt_parallel.v:212]
WARNING: [VRFC 10-3380] identifier 'pm_out_sr2' is used before its declaration [C:/Users/THUAN/Downloads/joint/encrypt_parallel.v:335]
WARNING: [VRFC 10-3380] identifier 'r2_done' is used before its declaration [C:/Users/THUAN/Downloads/joint/encrypt_parallel.v:668]
WARNING: [VRFC 10-3380] identifier 'r2_done' is used before its declaration [C:/Users/THUAN/Downloads/joint/encrypt_parallel.v:676]
WARNING: [VRFC 10-3380] identifier 'r2_done' is used before its declaration [C:/Users/THUAN/Downloads/joint/encrypt_parallel.v:688]
WARNING: [VRFC 10-3380] identifier 'done_fw_transfer' is used before its declaration [C:/Users/THUAN/Downloads/joint/encrypt_parallel.v:710]
WARNING: [VRFC 10-3380] identifier 'r2_done' is used before its declaration [C:/Users/THUAN/Downloads/joint/encrypt_parallel.v:718]
WARNING: [VRFC 10-3380] identifier 'done_fw_transfer' is used before its declaration [C:/Users/THUAN/Downloads/joint/encrypt_parallel.v:720]
WARNING: [VRFC 10-3380] identifier 'done_fw_transfer' is used before its declaration [C:/Users/THUAN/Downloads/joint/encrypt_parallel.v:744]
WARNING: [VRFC 10-3380] identifier 'r2_done' is used before its declaration [C:/Users/THUAN/Downloads/joint/encrypt_parallel.v:748]
WARNING: [VRFC 10-3380] identifier 'done_fw_transfer' is used before its declaration [C:/Users/THUAN/Downloads/joint/encrypt_parallel.v:755]
WARNING: [VRFC 10-3380] identifier 'r2_done' is used before its declaration [C:/Users/THUAN/Downloads/joint/encrypt_parallel.v:757]
WARNING: [VRFC 10-3380] identifier 'r2_done' is used before its declaration [C:/Users/THUAN/Downloads/joint/encrypt_parallel.v:760]
WARNING: [VRFC 10-3380] identifier 'r2_done' is used before its declaration [C:/Users/THUAN/Downloads/joint/encrypt_parallel.v:777]
WARNING: [VRFC 10-3380] identifier 'start_fw_transfer' is used before its declaration [C:/Users/THUAN/Downloads/joint/encrypt_parallel.v:789]
WARNING: [VRFC 10-3380] identifier 'start_fw_transfer' is used before its declaration [C:/Users/THUAN/Downloads/joint/encrypt_parallel.v:805]
WARNING: [VRFC 10-3380] identifier 'start_fw_transfer' is used before its declaration [C:/Users/THUAN/Downloads/joint/encrypt_parallel.v:808]
WARNING: [VRFC 10-3380] identifier 'start_fw_transfer' is used before its declaration [C:/Users/THUAN/Downloads/joint/encrypt_parallel.v:814]
WARNING: [VRFC 10-3380] identifier 'start_fw_transfer' is used before its declaration [C:/Users/THUAN/Downloads/joint/encrypt_parallel.v:822]
WARNING: [VRFC 10-3380] identifier 'start_fw_transfer' is used before its declaration [C:/Users/THUAN/Downloads/joint/encrypt_parallel.v:825]
WARNING: [VRFC 10-3380] identifier 'start_fw_transfer' is used before its declaration [C:/Users/THUAN/Downloads/joint/encrypt_parallel.v:831]
WARNING: [VRFC 10-3380] identifier 'start_fw_transfer' is used before its declaration [C:/Users/THUAN/Downloads/joint/encrypt_parallel.v:838]
WARNING: [VRFC 10-3380] identifier 'start_fw_transfer' is used before its declaration [C:/Users/THUAN/Downloads/joint/encrypt_parallel.v:848]
INFO: [VRFC 10-2263] Analyzing Verilog file "C:/Users/THUAN/Downloads/joint/fft_leaves_butterfly.v" into library xil_defaultlib
INFO: [VRFC 10-311] analyzing module fft_leaves_butterfly
INFO: [VRFC 10-2263] Analyzing Verilog file "C:/Users/THUAN/Downloads/joint/fft_part1.v" into library xil_defaultlib
INFO: [VRFC 10-311] analyzing module fft_part1
WARNING: [VRFC 10-3380] identifier 'gf_out_d3' is used before its declaration [C:/Users/THUAN/Downloads/joint/fft_part1.v:61]
INFO: [VRFC 10-2263] Analyzing Verilog file "C:/Users/THUAN/Downloads/joint/fft_part2.v" into library xil_defaultlib
INFO: [VRFC 10-311] analyzing module fft_part2
INFO: [VRFC 10-311] analyzing module fft_part2_round
INFO: [VRFC 10-2263] Analyzing Verilog file "C:/Users/THUAN/Downloads/joint/fft_retrieve_error_poly.v" into library xil_defaultlib
INFO: [VRFC 10-311] analyzing module fft_retrieve_error_poly
INFO: [VRFC 10-2263] Analyzing Verilog file "C:/Users/THUAN/Downloads/joint/fixed_weight.v" into library xil_defaultlib
INFO: [VRFC 10-311] analyzing module fixed_weight
WARNING: [VRFC 10-9336] redeclaration of ANSI port 'din_shake' is not allowed [C:/Users/THUAN/Downloads/joint/fixed_weight.v:161]
WARNING: [VRFC 10-3380] identifier 'sel_ctx' is used before its declaration [C:/Users/THUAN/Downloads/joint/fixed_weight.v:233]
WARNING: [VRFC 10-3380] identifier 'sel_ctx' is used before its declaration [C:/Users/THUAN/Downloads/joint/fixed_weight.v:234]
WARNING: [VRFC 10-3380] identifier 'sel_ctx' is used before its declaration [C:/Users/THUAN/Downloads/joint/fixed_weight.v:235]
WARNING: [VRFC 10-3380] identifier 'start_red' is used before its declaration [C:/Users/THUAN/Downloads/joint/fixed_weight.v:506]
WARNING: [VRFC 10-3380] identifier 'start_red' is used before its declaration [C:/Users/THUAN/Downloads/joint/fixed_weight.v:518]
WARNING: [VRFC 10-3380] identifier 'start_red' is used before its declaration [C:/Users/THUAN/Downloads/joint/fixed_weight.v:529]
WARNING: [VRFC 10-3380] identifier 'start_red' is used before its declaration [C:/Users/THUAN/Downloads/joint/fixed_weight.v:540]
WARNING: [VRFC 10-3380] identifier 'start_red' is used before its declaration [C:/Users/THUAN/Downloads/joint/fixed_weight.v:546]
WARNING: [VRFC 10-3380] identifier 'start_red' is used before its declaration [C:/Users/THUAN/Downloads/joint/fixed_weight.v:552]
INFO: [VRFC 10-2263] Analyzing Verilog file "C:/Users/THUAN/Downloads/joint/fixed_weight_ct.v" into library xil_defaultlib
INFO: [VRFC 10-311] analyzing module fixed_weight_ct
WARNING: [VRFC 10-9336] redeclaration of ANSI port 'din_shake' is not allowed [C:/Users/THUAN/Downloads/joint/fixed_weight_ct.v:153]
WARNING: [VRFC 10-3380] identifier 'sel_ctx' is used before its declaration [C:/Users/THUAN/Downloads/joint/fixed_weight_ct.v:222]
WARNING: [VRFC 10-3380] identifier 'sel_ctx' is used before its declaration [C:/Users/THUAN/Downloads/joint/fixed_weight_ct.v:223]
WARNING: [VRFC 10-3380] identifier 'sel_ctx' is used before its declaration [C:/Users/THUAN/Downloads/joint/fixed_weight_ct.v:224]
WARNING: [VRFC 10-3380] identifier 'start_red' is used before its declaration [C:/Users/THUAN/Downloads/joint/fixed_weight_ct.v:462]
WARNING: [VRFC 10-3380] identifier 'start_red' is used before its declaration [C:/Users/THUAN/Downloads/joint/fixed_weight_ct.v:475]
WARNING: [VRFC 10-3380] identifier 'start_red' is used before its declaration [C:/Users/THUAN/Downloads/joint/fixed_weight_ct.v:493]
WARNING: [VRFC 10-3380] identifier 'start_red' is used before its declaration [C:/Users/THUAN/Downloads/joint/fixed_weight_ct.v:512]
WARNING: [VRFC 10-3380] identifier 'start_red' is used before its declaration [C:/Users/THUAN/Downloads/joint/fixed_weight_ct.v:519]
WARNING: [VRFC 10-3380] identifier 'start_red' is used before its declaration [C:/Users/THUAN/Downloads/joint/fixed_weight_ct.v:526]
WARNING: [VRFC 10-3380] identifier 'start_red' is used before its declaration [C:/Users/THUAN/Downloads/joint/fixed_weight_ct.v:533]
INFO: [VRFC 10-2263] Analyzing Verilog file "C:/Users/THUAN/Downloads/joint/fixed_weight_cww.v" into library xil_defaultlib
INFO: [VRFC 10-311] analyzing module fixed_weight_cww
WARNING: [VRFC 10-9336] redeclaration of ANSI port 'din_shake' is not allowed [C:/Users/THUAN/Downloads/joint/fixed_weight_cww.v:141]
WARNING: [VRFC 10-2938] 'dout_shake_reduced' is already implicitly declared on line 245 [C:/Users/THUAN/Downloads/joint/fixed_weight_cww.v:270]
WARNING: [VRFC 10-2938] 'n_minus_i' is already implicitly declared on line 244 [C:/Users/THUAN/Downloads/joint/fixed_weight_cww.v:309]
WARNING: [VRFC 10-2938] 'dout_reduced_valid' is already implicitly declared on line 241 [C:/Users/THUAN/Downloads/joint/fixed_weight_cww.v:322]
WARNING: [VRFC 10-3380] identifier 'n_minus_i' is used before its declaration [C:/Users/THUAN/Downloads/joint/fixed_weight_cww.v:229]
WARNING: [VRFC 10-3380] identifier 'n_minus_i' is used before its declaration [C:/Users/THUAN/Downloads/joint/fixed_weight_cww.v:232]
WARNING: [VRFC 10-3380] identifier 'count' is used before its declaration [C:/Users/THUAN/Downloads/joint/fixed_weight_cww.v:272]
INFO: [VRFC 10-2263] Analyzing Verilog file "C:/Users/THUAN/Downloads/joint/gf_mul.v" into library xil_defaultlib
INFO: [VRFC 10-311] analyzing module gf_mul
INFO: [VRFC 10-2263] Analyzing Verilog file "C:/Users/THUAN/Downloads/joint/gfmul.v" into library xil_defaultlib
INFO: [VRFC 10-311] analyzing module gfmul
INFO: [VRFC 10-2263] Analyzing Verilog file "C:/Users/THUAN/Downloads/joint/hqc_barrett_red.v" into library xil_defaultlib
INFO: [VRFC 10-311] analyzing module hqc_barrett_red
INFO: [VRFC 10-2263] Analyzing Verilog file "C:/Users/THUAN/Downloads/joint/hqc_decod_top.v" into library xil_defaultlib
INFO: [VRFC 10-311] analyzing module hqc_decod_top
INFO: [VRFC 10-2263] Analyzing Verilog file "C:/Users/THUAN/Downloads/joint/hqc_kem_joint_design.v" into library xil_defaultlib
INFO: [VRFC 10-311] analyzing module hqc_kem_joint_design
INFO: [VRFC 10-2263] Analyzing Verilog file "D:/University/251/DA/joint/joint.srcs/sources_1/new/hqc_kem_memory_manager.v" into library xil_defaultlib
INFO: [VRFC 10-311] analyzing module hqc_kem_memory_manager
INFO: [VRFC 10-2263] Analyzing Verilog file "D:/University/251/DA/joint/joint.srcs/sources_1/new/hqc_kem_system.v" into library xil_defaultlib
ERROR: [VRFC 10-3195] cannot open include file 'clog2.v' [D:/University/251/DA/joint/joint.srcs/sources_1/new/hqc_kem_system.v:7]
INFO: [VRFC 10-311] analyzing module hqc_kem_system
ERROR: [VRFC 10-8530] module 'hqc_kem_system' is ignored due to previous errors [D:/University/251/DA/joint/joint.srcs/sources_1/new/hqc_kem_system.v:8]
run_program: Time (s): cpu = 00:00:02 ; elapsed = 00:00:13 . Memory (MB): peak = 1256.277 ; gain = 0.000
INFO: [USF-XSim-69] 'compile' step finished in '14' seconds
INFO: [USF-XSim-99] Step results log file:'D:/University/251/DA/joint/joint.sim/sim_1/behav/xsim/xvlog.log'
ERROR: [USF-XSim-62] 'compile' step failed with error(s). Please check the Tcl console output or 'D:/University/251/DA/joint/joint.sim/sim_1/behav/xsim/xvlog.log' file for more information.
ERROR: [Vivado 12-4473] Detected error while running simulation. Please correct the issue and retry this operation.
launch_simulation: Time (s): cpu = 00:00:02 ; elapsed = 00:00:13 . Memory (MB): peak = 1256.277 ; gain = 0.000
ERROR: [Common 17-39] 'launch_simulation' failed due to earlier errors.
launch_simulation
Command: launch_simulation 
INFO: [Vivado 12-12493] Simulation top is 'hqc_kem_system_tb'
WARNING: [Vivado 12-13340] Unable to auto find GCC executables from simulator install path! (path not set)
WARNING: [Vivado 12-13277] Compiled library path does not exist: ''
INFO: [Vivado 12-5682] Launching behavioral simulation in 'D:/University/251/DA/joint/joint.sim/sim_1/behav/xsim'
INFO: [SIM-utils-51] Simulation object is 'sim_1'
INFO: [SIM-utils-72] Using boost library from 'D:/Apps/Xilinx/Vivado/2022.2/tps/boost_1_72_0'
INFO: [SIM-utils-54] Inspecting design source files for 'hqc_kem_system_tb' in fileset 'sim_1'...
INFO: [SIM-utils-43] Exported 'D:/University/251/DA/joint/joint.sim/sim_1/behav/xsim/barrett_hqc_128.mem'
INFO: [SIM-utils-43] Exported 'D:/University/251/DA/joint/joint.sim/sim_1/behav/xsim/barrett_hqc_256.mem'
INFO: [SIM-utils-43] Exported 'D:/University/251/DA/joint/joint.sim/sim_1/behav/xsim/barrett_hqc_192.mem'
INFO: [USF-XSim-97] Finding global include files...
INFO: [USF-XSim-98] Fetching design files from 'sim_1'...
INFO: [USF-XSim-2] XSim::Compile design
INFO: [USF-XSim-61] Executing 'COMPILE and ANALYZE' step in 'D:/University/251/DA/joint/joint.sim/sim_1/behav/xsim'
"xvlog --incr --relax -prj hqc_kem_system_tb_vlog.prj"
INFO: [VRFC 10-2263] Analyzing Verilog file "C:/Users/THUAN/Downloads/joint/add_fft.v" into library xil_defaultlib
INFO: [VRFC 10-311] analyzing module add_fft
INFO: [VRFC 10-2263] Analyzing Verilog file "C:/Users/THUAN/Downloads/joint/barrett_red_gen.v" into library xil_defaultlib
INFO: [VRFC 10-311] analyzing module barrett_red_gen
INFO: [VRFC 10-2263] Analyzing Verilog file "C:/Users/THUAN/Downloads/joint/cdw_xor_tmp.v" into library xil_defaultlib
INFO: [VRFC 10-311] analyzing module cdw_xor_tmp
INFO: [VRFC 10-2263] Analyzing Verilog file "C:/Users/THUAN/Downloads/joint/concat_code.v" into library xil_defaultlib
INFO: [VRFC 10-311] analyzing module concat_code
INFO: [VRFC 10-2263] Analyzing Verilog file "C:/Users/THUAN/Downloads/joint/control_path.v" into library xil_defaultlib
INFO: [VRFC 10-311] analyzing module control_path
INFO: [VRFC 10-2263] Analyzing Verilog file "C:/Users/THUAN/Downloads/joint/data_path.v" into library xil_defaultlib
INFO: [VRFC 10-311] analyzing module data_path
INFO: [VRFC 10-2263] Analyzing Verilog file "C:/Users/THUAN/Downloads/joint/decap.v" into library xil_defaultlib
INFO: [VRFC 10-311] analyzing module decap
WARNING: [VRFC 10-2938] 'start_decrypt' is already implicitly declared on line 358 [C:/Users/THUAN/Downloads/joint/decap.v:864]
WARNING: [VRFC 10-2938] 'done_decrypt' is already implicitly declared on line 360 [C:/Users/THUAN/Downloads/joint/decap.v:865]
WARNING: [VRFC 10-2938] 'start_encap' is already implicitly declared on line 507 [C:/Users/THUAN/Downloads/joint/decap.v:866]
WARNING: [VRFC 10-2938] 'done_encrypt' is already implicitly declared on line 538 [C:/Users/THUAN/Downloads/joint/decap.v:867]
WARNING: [VRFC 10-3380] identifier 'dec_uv' is used before its declaration [C:/Users/THUAN/Downloads/joint/decap.v:334]
WARNING: [VRFC 10-3380] identifier 'uv_addr_1_dec' is used before its declaration [C:/Users/THUAN/Downloads/joint/decap.v:335]
WARNING: [VRFC 10-3380] identifier 'dec_uv' is used before its declaration [C:/Users/THUAN/Downloads/joint/decap.v:337]
WARNING: [VRFC 10-3380] identifier 'uv_addr_1_dec' is used before its declaration [C:/Users/THUAN/Downloads/joint/decap.v:338]
WARNING: [VRFC 10-3380] identifier 'verify_u_reg' is used before its declaration [C:/Users/THUAN/Downloads/joint/decap.v:397]
WARNING: [VRFC 10-3380] identifier 'verify_v' is used before its declaration [C:/Users/THUAN/Downloads/joint/decap.v:411]
WARNING: [VRFC 10-3380] identifier 'verify_d' is used before its declaration [C:/Users/THUAN/Downloads/joint/decap.v:424]
INFO: [VRFC 10-2263] Analyzing Verilog file "C:/Users/THUAN/Downloads/joint/decrypt.v" into library xil_defaultlib
INFO: [VRFC 10-311] analyzing module decrypt
WARNING: [VRFC 10-2938] 'ram_din_rd_o' is already implicitly declared on line 168 [C:/Users/THUAN/Downloads/joint/decrypt.v:191]
WARNING: [VRFC 10-2938] 'ram_din_i' is already implicitly declared on line 170 [C:/Users/THUAN/Downloads/joint/decrypt.v:192]
WARNING: [VRFC 10-2938] 'ram_din_addr_o' is already implicitly declared on line 169 [C:/Users/THUAN/Downloads/joint/decrypt.v:193]
WARNING: [VRFC 10-2938] 'done_u_minus_vy' is already implicitly declared on line 157 [C:/Users/THUAN/Downloads/joint/decrypt.v:194]
INFO: [VRFC 10-2263] Analyzing Verilog file "C:/Users/THUAN/Downloads/joint/encap.v" into library xil_defaultlib
INFO: [VRFC 10-311] analyzing module encap
WARNING: [VRFC 10-2938] 'count_hash_inputs' is already implicitly declared on line 539 [C:/Users/THUAN/Downloads/joint/encap.v:557]
WARNING: [VRFC 10-3380] identifier 'd_out' is used before its declaration [C:/Users/THUAN/Downloads/joint/encap.v:250]
WARNING: [VRFC 10-8864] concatenation with an unsized literal will be treated as 32 bits [C:/Users/THUAN/Downloads/joint/encap.v:249]
WARNING: [VRFC 10-8864] concatenation with an unsized literal will be treated as 32 bits [C:/Users/THUAN/Downloads/joint/encap.v:250]
WARNING: [VRFC 10-3380] identifier 'sel_uv' is used before its declaration [C:/Users/THUAN/Downloads/joint/encap.v:328]
WARNING: [VRFC 10-3380] identifier 'u_v_reg' is used before its declaration [C:/Users/THUAN/Downloads/joint/encap.v:506]
WARNING: [VRFC 10-3380] identifier 'u_v_reg' is used before its declaration [C:/Users/THUAN/Downloads/joint/encap.v:507]
WARNING: [VRFC 10-3380] identifier 'last_block_capture' is used before its declaration [C:/Users/THUAN/Downloads/joint/encap.v:515]
WARNING: [VRFC 10-3380] identifier 'block_capture' is used before its declaration [C:/Users/THUAN/Downloads/joint/encap.v:518]
WARNING: [VRFC 10-3380] identifier 'count_hash_inputs_test' is used before its declaration [C:/Users/THUAN/Downloads/joint/encap.v:527]
WARNING: [VRFC 10-3380] identifier 'count_hash_inputs_test' is used before its declaration [C:/Users/THUAN/Downloads/joint/encap.v:530]
WARNING: [VRFC 10-8864] concatenation with an unsized literal will be treated as 32 bits [C:/Users/THUAN/Downloads/joint/encap.v:546]
WARNING: [VRFC 10-3380] identifier 'total_shake_input_count' is used before its declaration [C:/Users/THUAN/Downloads/joint/encap.v:597]
WARNING: [VRFC 10-3380] identifier 'total_shake_input_count' is used before its declaration [C:/Users/THUAN/Downloads/joint/encap.v:626]
WARNING: [VRFC 10-3380] identifier 'total_shake_input_count' is used before its declaration [C:/Users/THUAN/Downloads/joint/encap.v:847]
WARNING: [VRFC 10-3380] identifier 'start_hash' is used before its declaration [C:/Users/THUAN/Downloads/joint/encap.v:1102]
WARNING: [VRFC 10-3380] identifier 'start_hash' is used before its declaration [C:/Users/THUAN/Downloads/joint/encap.v:1118]
WARNING: [VRFC 10-3380] identifier 'start_hash' is used before its declaration [C:/Users/THUAN/Downloads/joint/encap.v:1133]
WARNING: [VRFC 10-3380] identifier 'start_hash' is used before its declaration [C:/Users/THUAN/Downloads/joint/encap.v:1173]
WARNING: [VRFC 10-3380] identifier 'start_hash' is used before its declaration [C:/Users/THUAN/Downloads/joint/encap.v:1186]
WARNING: [VRFC 10-3380] identifier 'start_hash' is used before its declaration [C:/Users/THUAN/Downloads/joint/encap.v:1213]
WARNING: [VRFC 10-3380] identifier 'start_hash' is used before its declaration [C:/Users/THUAN/Downloads/joint/encap.v:1223]
WARNING: [VRFC 10-3380] identifier 'start_hash' is used before its declaration [C:/Users/THUAN/Downloads/joint/encap.v:1240]
WARNING: [VRFC 10-3380] identifier 'start_hash' is used before its declaration [C:/Users/THUAN/Downloads/joint/encap.v:1252]
WARNING: [VRFC 10-3380] identifier 'start_hash' is used before its declaration [C:/Users/THUAN/Downloads/joint/encap.v:1264]
WARNING: [VRFC 10-3380] identifier 'start_hash' is used before its declaration [C:/Users/THUAN/Downloads/joint/encap.v:1281]
WARNING: [VRFC 10-3380] identifier 'start_hash' is used before its declaration [C:/Users/THUAN/Downloads/joint/encap.v:1310]
WARNING: [VRFC 10-3380] identifier 'start_hash' is used before its declaration [C:/Users/THUAN/Downloads/joint/encap.v:1333]
WARNING: [VRFC 10-3380] identifier 'start_hash' is used before its declaration [C:/Users/THUAN/Downloads/joint/encap.v:1353]
WARNING: [VRFC 10-3380] identifier 'start_hash' is used before its declaration [C:/Users/THUAN/Downloads/joint/encap.v:1400]
WARNING: [VRFC 10-3380] identifier 'start_hash' is used before its declaration [C:/Users/THUAN/Downloads/joint/encap.v:1422]
WARNING: [VRFC 10-3380] identifier 'start_hash' is used before its declaration [C:/Users/THUAN/Downloads/joint/encap.v:1444]
WARNING: [VRFC 10-3380] identifier 'start_hash' is used before its declaration [C:/Users/THUAN/Downloads/joint/encap.v:1471]
WARNING: [VRFC 10-3380] identifier 'start_hash' is used before its declaration [C:/Users/THUAN/Downloads/joint/encap.v:1476]
WARNING: [VRFC 10-3380] identifier 'start_hash' is used before its declaration [C:/Users/THUAN/Downloads/joint/encap.v:1487]
WARNING: [VRFC 10-3380] identifier 'start_hash' is used before its declaration [C:/Users/THUAN/Downloads/joint/encap.v:1503]
WARNING: [VRFC 10-3380] identifier 'start_hash' is used before its declaration [C:/Users/THUAN/Downloads/joint/encap.v:1513]
INFO: [VRFC 10-2263] Analyzing Verilog file "C:/Users/THUAN/Downloads/joint/encrypt.v" into library xil_defaultlib
INFO: [VRFC 10-311] analyzing module encrypt
WARNING: [VRFC 10-2938] 'r1_internal' is already implicitly declared on line 325 [C:/Users/THUAN/Downloads/joint/encrypt.v:352]
WARNING: [VRFC 10-2938] 'r2_internal' is already implicitly declared on line 334 [C:/Users/THUAN/Downloads/joint/encrypt.v:353]
WARNING: [VRFC 10-2938] 'loc_addr' is already implicitly declared on line 332 [C:/Users/THUAN/Downloads/joint/encrypt.v:355]
WARNING: [VRFC 10-2938] 'pm_out' is already implicitly declared on line 341 [C:/Users/THUAN/Downloads/joint/encrypt.v:356]
WARNING: [VRFC 10-3248] data object 'pm_out' is already declared [C:/Users/THUAN/Downloads/joint/encrypt.v:447]
WARNING: [VRFC 10-9364] second declaration of 'pm_out' is ignored [C:/Users/THUAN/Downloads/joint/encrypt.v:447]
WARNING: [VRFC 10-2938] 'pm_rd_addr' is already implicitly declared on line 437 [C:/Users/THUAN/Downloads/joint/encrypt.v:448]
WARNING: [VRFC 10-2938] 'pm_rd_en' is already implicitly declared on line 438 [C:/Users/THUAN/Downloads/joint/encrypt.v:449]
WARNING: [VRFC 10-2938] 'add_out' is already implicitly declared on line 441 [C:/Users/THUAN/Downloads/joint/encrypt.v:451]
WARNING: [VRFC 10-2938] 'add_out_addr' is already implicitly declared on line 442 [C:/Users/THUAN/Downloads/joint/encrypt.v:452]
WARNING: [VRFC 10-2938] 'add_out_valid' is already implicitly declared on line 443 [C:/Users/THUAN/Downloads/joint/encrypt.v:453]
WARNING: [VRFC 10-2938] 'xor_add_en' is already implicitly declared on line 313 [C:/Users/THUAN/Downloads/joint/encrypt.v:487]
WARNING: [VRFC 10-2938] 'xor_add_addr' is already implicitly declared on line 437 [C:/Users/THUAN/Downloads/joint/encrypt.v:488]
WARNING: [VRFC 10-2938] 'xor_add_out' is already implicitly declared on line 441 [C:/Users/THUAN/Downloads/joint/encrypt.v:490]
WARNING: [VRFC 10-2938] 'xor_add_out_addr' is already implicitly declared on line 442 [C:/Users/THUAN/Downloads/joint/encrypt.v:491]
WARNING: [VRFC 10-2938] 'xor_add_out_valid' is already implicitly declared on line 443 [C:/Users/THUAN/Downloads/joint/encrypt.v:492]
WARNING: [VRFC 10-2938] 'en_r1' is already implicitly declared on line 324 [C:/Users/THUAN/Downloads/joint/encrypt.v:528]
WARNING: [VRFC 10-2938] 'en_r2' is already implicitly declared on line 333 [C:/Users/THUAN/Downloads/joint/encrypt.v:529]
WARNING: [VRFC 10-2096] empty statement in sequential block [C:/Users/THUAN/Downloads/joint/encrypt.v:557]
WARNING: [VRFC 10-2938] 'wen_fw' is already implicitly declared on line 324 [C:/Users/THUAN/Downloads/joint/encrypt.v:687]
WARNING: [VRFC 10-3248] data object 'sel_fw' is already declared [C:/Users/THUAN/Downloads/joint/encrypt.v:687]
WARNING: [VRFC 10-9364] second declaration of 'sel_fw' is ignored [C:/Users/THUAN/Downloads/joint/encrypt.v:687]
WARNING: [VRFC 10-2938] 'fw_addr_reg' is already implicitly declared on line 323 [C:/Users/THUAN/Downloads/joint/encrypt.v:694]
WARNING: [VRFC 10-2938] 'u_cpy_addr' is already implicitly declared on line 437 [C:/Users/THUAN/Downloads/joint/encrypt.v:793]
WARNING: [VRFC 10-2938] 'wen_u' is already implicitly declared on line 343 [C:/Users/THUAN/Downloads/joint/encrypt.v:794]
WARNING: [VRFC 10-2938] 'copy_u' is already implicitly declared on line 437 [C:/Users/THUAN/Downloads/joint/encrypt.v:795]
WARNING: [VRFC 10-2938] 'sel_r1_hr2' is already implicitly declared on line 470 [C:/Users/THUAN/Downloads/joint/encrypt.v:796]
WARNING: [VRFC 10-3380] identifier 'rd_fw' is used before its declaration [C:/Users/THUAN/Downloads/joint/encrypt.v:180]
WARNING: [VRFC 10-3380] identifier 'fw_addr' is used before its declaration [C:/Users/THUAN/Downloads/joint/encrypt.v:182]
WARNING: [VRFC 10-3380] identifier 'sel_e' is used before its declaration [C:/Users/THUAN/Downloads/joint/encrypt.v:183]
WARNING: [VRFC 10-3380] identifier 'pm_out' is used before its declaration [C:/Users/THUAN/Downloads/joint/encrypt.v:298]
WARNING: [VRFC 10-3380] identifier 'r2_done' is used before its declaration [C:/Users/THUAN/Downloads/joint/encrypt.v:543]
WARNING: [VRFC 10-3380] identifier 'start_fw_transfer' is used before its declaration [C:/Users/THUAN/Downloads/joint/encrypt.v:549]
WARNING: [VRFC 10-3380] identifier 'r2_done' is used before its declaration [C:/Users/THUAN/Downloads/joint/encrypt.v:560]
WARNING: [VRFC 10-3380] identifier 'start_fw_transfer' is used before its declaration [C:/Users/THUAN/Downloads/joint/encrypt.v:565]
WARNING: [VRFC 10-3380] identifier 'r2_done' is used before its declaration [C:/Users/THUAN/Downloads/joint/encrypt.v:579]
WARNING: [VRFC 10-3380] identifier 'start_fw_transfer' is used before its declaration [C:/Users/THUAN/Downloads/joint/encrypt.v:584]
WARNING: [VRFC 10-3380] identifier 'start_fw_transfer' is used before its declaration [C:/Users/THUAN/Downloads/joint/encrypt.v:597]
WARNING: [VRFC 10-3380] identifier 'start_fw_transfer' is used before its declaration [C:/Users/THUAN/Downloads/joint/encrypt.v:605]
WARNING: [VRFC 10-3380] identifier 'done_fw_transfer' is used before its declaration [C:/Users/THUAN/Downloads/joint/encrypt.v:606]
WARNING: [VRFC 10-3380] identifier 'r2_done' is used before its declaration [C:/Users/THUAN/Downloads/joint/encrypt.v:614]
WARNING: [VRFC 10-3380] identifier 'done_fw_transfer' is used before its declaration [C:/Users/THUAN/Downloads/joint/encrypt.v:616]
WARNING: [VRFC 10-3380] identifier 'start_fw_transfer' is used before its declaration [C:/Users/THUAN/Downloads/joint/encrypt.v:622]
WARNING: [VRFC 10-3380] identifier 'start_fw_transfer' is used before its declaration [C:/Users/THUAN/Downloads/joint/encrypt.v:635]
WARNING: [VRFC 10-3380] identifier 'start_fw_transfer' is used before its declaration [C:/Users/THUAN/Downloads/joint/encrypt.v:643]
WARNING: [VRFC 10-3380] identifier 'done_fw_transfer' is used before its declaration [C:/Users/THUAN/Downloads/joint/encrypt.v:644]
WARNING: [VRFC 10-3380] identifier 'r2_done' is used before its declaration [C:/Users/THUAN/Downloads/joint/encrypt.v:648]
WARNING: [VRFC 10-3380] identifier 'done_fw_transfer' is used before its declaration [C:/Users/THUAN/Downloads/joint/encrypt.v:655]
WARNING: [VRFC 10-3380] identifier 'r2_done' is used before its declaration [C:/Users/THUAN/Downloads/joint/encrypt.v:657]
WARNING: [VRFC 10-3380] identifier 'r2_done' is used before its declaration [C:/Users/THUAN/Downloads/joint/encrypt.v:660]
WARNING: [VRFC 10-3380] identifier 'r2_done' is used before its declaration [C:/Users/THUAN/Downloads/joint/encrypt.v:678]
INFO: [VRFC 10-2263] Analyzing Verilog file "C:/Users/THUAN/Downloads/joint/encrypt_parallel.v" into library xil_defaultlib
INFO: [VRFC 10-311] analyzing module encrypt_parallel
WARNING: [VRFC 10-2938] 'r1_internal' is already implicitly declared on line 362 [C:/Users/THUAN/Downloads/joint/encrypt_parallel.v:406]
WARNING: [VRFC 10-2938] 'r2_internal_hr2' is already implicitly declared on line 384 [C:/Users/THUAN/Downloads/joint/encrypt_parallel.v:408]
WARNING: [VRFC 10-2938] 'r2_internal_sr2' is already implicitly declared on line 385 [C:/Users/THUAN/Downloads/joint/encrypt_parallel.v:409]
WARNING: [VRFC 10-2938] 'loc_addr_hr2' is already implicitly declared on line 380 [C:/Users/THUAN/Downloads/joint/encrypt_parallel.v:411]
WARNING: [VRFC 10-2938] 'loc_addr_sr2' is already implicitly declared on line 381 [C:/Users/THUAN/Downloads/joint/encrypt_parallel.v:412]
WARNING: [VRFC 10-3248] data object 'pm_out' is already declared [C:/Users/THUAN/Downloads/joint/encrypt_parallel.v:549]
WARNING: [VRFC 10-9364] second declaration of 'pm_out' is ignored [C:/Users/THUAN/Downloads/joint/encrypt_parallel.v:549]
WARNING: [VRFC 10-2938] 'pm_rd_addr' is already implicitly declared on line 500 [C:/Users/THUAN/Downloads/joint/encrypt_parallel.v:550]
WARNING: [VRFC 10-2938] 'pm_rd_en' is already implicitly declared on line 501 [C:/Users/THUAN/Downloads/joint/encrypt_parallel.v:551]
WARNING: [VRFC 10-2938] 'add_out' is already implicitly declared on line 504 [C:/Users/THUAN/Downloads/joint/encrypt_parallel.v:553]
WARNING: [VRFC 10-2938] 'add_out_addr' is already implicitly declared on line 505 [C:/Users/THUAN/Downloads/joint/encrypt_parallel.v:554]
WARNING: [VRFC 10-2938] 'add_out_valid' is already implicitly declared on line 506 [C:/Users/THUAN/Downloads/joint/encrypt_parallel.v:555]
WARNING: [VRFC 10-2938] 'xor_add_en' is already implicitly declared on line 350 [C:/Users/THUAN/Downloads/joint/encrypt_parallel.v:613]
WARNING: [VRFC 10-2938] 'xor_add_addr' is already implicitly declared on line 539 [C:/Users/THUAN/Downloads/joint/encrypt_parallel.v:614]
WARNING: [VRFC 10-2938] 'xor_add_out' is already implicitly declared on line 543 [C:/Users/THUAN/Downloads/joint/encrypt_parallel.v:616]
WARNING: [VRFC 10-2938] 'xor_add_out_addr' is already implicitly declared on line 544 [C:/Users/THUAN/Downloads/joint/encrypt_parallel.v:617]
WARNING: [VRFC 10-2938] 'xor_add_out_valid' is already implicitly declared on line 545 [C:/Users/THUAN/Downloads/joint/encrypt_parallel.v:618]
WARNING: [VRFC 10-2938] 'en_r1' is already implicitly declared on line 361 [C:/Users/THUAN/Downloads/joint/encrypt_parallel.v:654]
WARNING: [VRFC 10-2938] 'en_r2' is already implicitly declared on line 382 [C:/Users/THUAN/Downloads/joint/encrypt_parallel.v:655]
WARNING: [VRFC 10-2096] empty statement in sequential block [C:/Users/THUAN/Downloads/joint/encrypt_parallel.v:673]
WARNING: [VRFC 10-2938] 'wen_fw' is already implicitly declared on line 361 [C:/Users/THUAN/Downloads/joint/encrypt_parallel.v:856]
WARNING: [VRFC 10-3248] data object 'sel_fw' is already declared [C:/Users/THUAN/Downloads/joint/encrypt_parallel.v:856]
WARNING: [VRFC 10-9364] second declaration of 'sel_fw' is ignored [C:/Users/THUAN/Downloads/joint/encrypt_parallel.v:856]
WARNING: [VRFC 10-2938] 'fw_addr_reg' is already implicitly declared on line 360 [C:/Users/THUAN/Downloads/joint/encrypt_parallel.v:863]
WARNING: [VRFC 10-3380] identifier 'rd_fw' is used before its declaration [C:/Users/THUAN/Downloads/joint/encrypt_parallel.v:209]
WARNING: [VRFC 10-3380] identifier 'fw_addr' is used before its declaration [C:/Users/THUAN/Downloads/joint/encrypt_parallel.v:211]
WARNING: [VRFC 10-3380] identifier 'sel_e' is used before its declaration [C:/Users/THUAN/Downloads/joint/encrypt_parallel.v:212]
WARNING: [VRFC 10-3380] identifier 'pm_out_sr2' is used before its declaration [C:/Users/THUAN/Downloads/joint/encrypt_parallel.v:335]
WARNING: [VRFC 10-3380] identifier 'r2_done' is used before its declaration [C:/Users/THUAN/Downloads/joint/encrypt_parallel.v:668]
WARNING: [VRFC 10-3380] identifier 'r2_done' is used before its declaration [C:/Users/THUAN/Downloads/joint/encrypt_parallel.v:676]
WARNING: [VRFC 10-3380] identifier 'r2_done' is used before its declaration [C:/Users/THUAN/Downloads/joint/encrypt_parallel.v:688]
WARNING: [VRFC 10-3380] identifier 'done_fw_transfer' is used before its declaration [C:/Users/THUAN/Downloads/joint/encrypt_parallel.v:710]
WARNING: [VRFC 10-3380] identifier 'r2_done' is used before its declaration [C:/Users/THUAN/Downloads/joint/encrypt_parallel.v:718]
WARNING: [VRFC 10-3380] identifier 'done_fw_transfer' is used before its declaration [C:/Users/THUAN/Downloads/joint/encrypt_parallel.v:720]
WARNING: [VRFC 10-3380] identifier 'done_fw_transfer' is used before its declaration [C:/Users/THUAN/Downloads/joint/encrypt_parallel.v:744]
WARNING: [VRFC 10-3380] identifier 'r2_done' is used before its declaration [C:/Users/THUAN/Downloads/joint/encrypt_parallel.v:748]
WARNING: [VRFC 10-3380] identifier 'done_fw_transfer' is used before its declaration [C:/Users/THUAN/Downloads/joint/encrypt_parallel.v:755]
WARNING: [VRFC 10-3380] identifier 'r2_done' is used before its declaration [C:/Users/THUAN/Downloads/joint/encrypt_parallel.v:757]
WARNING: [VRFC 10-3380] identifier 'r2_done' is used before its declaration [C:/Users/THUAN/Downloads/joint/encrypt_parallel.v:760]
WARNING: [VRFC 10-3380] identifier 'r2_done' is used before its declaration [C:/Users/THUAN/Downloads/joint/encrypt_parallel.v:777]
WARNING: [VRFC 10-3380] identifier 'start_fw_transfer' is used before its declaration [C:/Users/THUAN/Downloads/joint/encrypt_parallel.v:789]
WARNING: [VRFC 10-3380] identifier 'start_fw_transfer' is used before its declaration [C:/Users/THUAN/Downloads/joint/encrypt_parallel.v:805]
WARNING: [VRFC 10-3380] identifier 'start_fw_transfer' is used before its declaration [C:/Users/THUAN/Downloads/joint/encrypt_parallel.v:808]
WARNING: [VRFC 10-3380] identifier 'start_fw_transfer' is used before its declaration [C:/Users/THUAN/Downloads/joint/encrypt_parallel.v:814]
WARNING: [VRFC 10-3380] identifier 'start_fw_transfer' is used before its declaration [C:/Users/THUAN/Downloads/joint/encrypt_parallel.v:822]
WARNING: [VRFC 10-3380] identifier 'start_fw_transfer' is used before its declaration [C:/Users/THUAN/Downloads/joint/encrypt_parallel.v:825]
WARNING: [VRFC 10-3380] identifier 'start_fw_transfer' is used before its declaration [C:/Users/THUAN/Downloads/joint/encrypt_parallel.v:831]
WARNING: [VRFC 10-3380] identifier 'start_fw_transfer' is used before its declaration [C:/Users/THUAN/Downloads/joint/encrypt_parallel.v:838]
WARNING: [VRFC 10-3380] identifier 'start_fw_transfer' is used before its declaration [C:/Users/THUAN/Downloads/joint/encrypt_parallel.v:848]
INFO: [VRFC 10-2263] Analyzing Verilog file "C:/Users/THUAN/Downloads/joint/fft_leaves_butterfly.v" into library xil_defaultlib
INFO: [VRFC 10-311] analyzing module fft_leaves_butterfly
INFO: [VRFC 10-2263] Analyzing Verilog file "C:/Users/THUAN/Downloads/joint/fft_part1.v" into library xil_defaultlib
INFO: [VRFC 10-311] analyzing module fft_part1
WARNING: [VRFC 10-3380] identifier 'gf_out_d3' is used before its declaration [C:/Users/THUAN/Downloads/joint/fft_part1.v:61]
INFO: [VRFC 10-2263] Analyzing Verilog file "C:/Users/THUAN/Downloads/joint/fft_part2.v" into library xil_defaultlib
INFO: [VRFC 10-311] analyzing module fft_part2
INFO: [VRFC 10-311] analyzing module fft_part2_round
INFO: [VRFC 10-2263] Analyzing Verilog file "C:/Users/THUAN/Downloads/joint/fft_retrieve_error_poly.v" into library xil_defaultlib
INFO: [VRFC 10-311] analyzing module fft_retrieve_error_poly
INFO: [VRFC 10-2263] Analyzing Verilog file "C:/Users/THUAN/Downloads/joint/fixed_weight.v" into library xil_defaultlib
INFO: [VRFC 10-311] analyzing module fixed_weight
WARNING: [VRFC 10-9336] redeclaration of ANSI port 'din_shake' is not allowed [C:/Users/THUAN/Downloads/joint/fixed_weight.v:161]
WARNING: [VRFC 10-3380] identifier 'sel_ctx' is used before its declaration [C:/Users/THUAN/Downloads/joint/fixed_weight.v:233]
WARNING: [VRFC 10-3380] identifier 'sel_ctx' is used before its declaration [C:/Users/THUAN/Downloads/joint/fixed_weight.v:234]
WARNING: [VRFC 10-3380] identifier 'sel_ctx' is used before its declaration [C:/Users/THUAN/Downloads/joint/fixed_weight.v:235]
WARNING: [VRFC 10-3380] identifier 'start_red' is used before its declaration [C:/Users/THUAN/Downloads/joint/fixed_weight.v:506]
WARNING: [VRFC 10-3380] identifier 'start_red' is used before its declaration [C:/Users/THUAN/Downloads/joint/fixed_weight.v:518]
WARNING: [VRFC 10-3380] identifier 'start_red' is used before its declaration [C:/Users/THUAN/Downloads/joint/fixed_weight.v:529]
WARNING: [VRFC 10-3380] identifier 'start_red' is used before its declaration [C:/Users/THUAN/Downloads/joint/fixed_weight.v:540]
WARNING: [VRFC 10-3380] identifier 'start_red' is used before its declaration [C:/Users/THUAN/Downloads/joint/fixed_weight.v:546]
WARNING: [VRFC 10-3380] identifier 'start_red' is used before its declaration [C:/Users/THUAN/Downloads/joint/fixed_weight.v:552]
INFO: [VRFC 10-2263] Analyzing Verilog file "C:/Users/THUAN/Downloads/joint/fixed_weight_ct.v" into library xil_defaultlib
INFO: [VRFC 10-311] analyzing module fixed_weight_ct
WARNING: [VRFC 10-9336] redeclaration of ANSI port 'din_shake' is not allowed [C:/Users/THUAN/Downloads/joint/fixed_weight_ct.v:153]
WARNING: [VRFC 10-3380] identifier 'sel_ctx' is used before its declaration [C:/Users/THUAN/Downloads/joint/fixed_weight_ct.v:222]
WARNING: [VRFC 10-3380] identifier 'sel_ctx' is used before its declaration [C:/Users/THUAN/Downloads/joint/fixed_weight_ct.v:223]
WARNING: [VRFC 10-3380] identifier 'sel_ctx' is used before its declaration [C:/Users/THUAN/Downloads/joint/fixed_weight_ct.v:224]
WARNING: [VRFC 10-3380] identifier 'start_red' is used before its declaration [C:/Users/THUAN/Downloads/joint/fixed_weight_ct.v:462]
WARNING: [VRFC 10-3380] identifier 'start_red' is used before its declaration [C:/Users/THUAN/Downloads/joint/fixed_weight_ct.v:475]
WARNING: [VRFC 10-3380] identifier 'start_red' is used before its declaration [C:/Users/THUAN/Downloads/joint/fixed_weight_ct.v:493]
WARNING: [VRFC 10-3380] identifier 'start_red' is used before its declaration [C:/Users/THUAN/Downloads/joint/fixed_weight_ct.v:512]
WARNING: [VRFC 10-3380] identifier 'start_red' is used before its declaration [C:/Users/THUAN/Downloads/joint/fixed_weight_ct.v:519]
WARNING: [VRFC 10-3380] identifier 'start_red' is used before its declaration [C:/Users/THUAN/Downloads/joint/fixed_weight_ct.v:526]
WARNING: [VRFC 10-3380] identifier 'start_red' is used before its declaration [C:/Users/THUAN/Downloads/joint/fixed_weight_ct.v:533]
INFO: [VRFC 10-2263] Analyzing Verilog file "C:/Users/THUAN/Downloads/joint/fixed_weight_cww.v" into library xil_defaultlib
INFO: [VRFC 10-311] analyzing module fixed_weight_cww
WARNING: [VRFC 10-9336] redeclaration of ANSI port 'din_shake' is not allowed [C:/Users/THUAN/Downloads/joint/fixed_weight_cww.v:141]
WARNING: [VRFC 10-2938] 'dout_shake_reduced' is already implicitly declared on line 245 [C:/Users/THUAN/Downloads/joint/fixed_weight_cww.v:270]
WARNING: [VRFC 10-2938] 'n_minus_i' is already implicitly declared on line 244 [C:/Users/THUAN/Downloads/joint/fixed_weight_cww.v:309]
WARNING: [VRFC 10-2938] 'dout_reduced_valid' is already implicitly declared on line 241 [C:/Users/THUAN/Downloads/joint/fixed_weight_cww.v:322]
WARNING: [VRFC 10-3380] identifier 'n_minus_i' is used before its declaration [C:/Users/THUAN/Downloads/joint/fixed_weight_cww.v:229]
WARNING: [VRFC 10-3380] identifier 'n_minus_i' is used before its declaration [C:/Users/THUAN/Downloads/joint/fixed_weight_cww.v:232]
WARNING: [VRFC 10-3380] identifier 'count' is used before its declaration [C:/Users/THUAN/Downloads/joint/fixed_weight_cww.v:272]
INFO: [VRFC 10-2263] Analyzing Verilog file "C:/Users/THUAN/Downloads/joint/gf_mul.v" into library xil_defaultlib
INFO: [VRFC 10-311] analyzing module gf_mul
INFO: [VRFC 10-2263] Analyzing Verilog file "C:/Users/THUAN/Downloads/joint/gfmul.v" into library xil_defaultlib
INFO: [VRFC 10-311] analyzing module gfmul
INFO: [VRFC 10-2263] Analyzing Verilog file "C:/Users/THUAN/Downloads/joint/hqc_barrett_red.v" into library xil_defaultlib
INFO: [VRFC 10-311] analyzing module hqc_barrett_red
INFO: [VRFC 10-2263] Analyzing Verilog file "C:/Users/THUAN/Downloads/joint/hqc_decod_top.v" into library xil_defaultlib
INFO: [VRFC 10-311] analyzing module hqc_decod_top
INFO: [VRFC 10-2263] Analyzing Verilog file "C:/Users/THUAN/Downloads/joint/hqc_kem_joint_design.v" into library xil_defaultlib
INFO: [VRFC 10-311] analyzing module hqc_kem_joint_design
INFO: [VRFC 10-2263] Analyzing Verilog file "D:/University/251/DA/joint/joint.srcs/sources_1/new/hqc_kem_memory_manager.v" into library xil_defaultlib
INFO: [VRFC 10-311] analyzing module hqc_kem_memory_manager
INFO: [VRFC 10-2263] Analyzing Verilog file "D:/University/251/DA/joint/joint.srcs/sources_1/new/hqc_kem_system.v" into library xil_defaultlib
INFO: [VRFC 10-311] analyzing module hqc_kem_system
INFO: [VRFC 10-2263] Analyzing Verilog file "D:/University/251/DA/joint/joint.srcs/sources_1/new/hqc_kem_wrapper.v" into library xil_defaultlib
INFO: [VRFC 10-311] analyzing module hqc_kem_wrapper
INFO: [VRFC 10-2263] Analyzing Verilog file "C:/Users/THUAN/Downloads/joint/hqc_rmdecod_ctrl.v" into library xil_defaultlib
INFO: [VRFC 10-311] analyzing module hqc_rmdecod_ctrl
INFO: [VRFC 10-2263] Analyzing Verilog file "C:/Users/THUAN/Downloads/joint/hqc_rmdecod_expnsum.v" into library xil_defaultlib
INFO: [VRFC 10-311] analyzing module hqc_rmdecod_expnsum
INFO: [VRFC 10-2263] Analyzing Verilog file "C:/Users/THUAN/Downloads/joint/hqc_rmdecod_findpeaks.v" into library xil_defaultlib
INFO: [VRFC 10-311] analyzing module hqc_rmdecod_findpeaks
INFO: [VRFC 10-311] analyzing module findpeaks_core
INFO: [VRFC 10-2263] Analyzing Verilog file "C:/Users/THUAN/Downloads/joint/hqc_rmdecod_hadamard.v" into library xil_defaultlib
INFO: [VRFC 10-311] analyzing module hqc_rmdecod_hadamard
INFO: [VRFC 10-311] analyzing module hadamard_layer
INFO: [VRFC 10-2263] Analyzing Verilog file "C:/Users/THUAN/Downloads/joint/hqc_rmdecod_top.v" into library xil_defaultlib
INFO: [VRFC 10-311] analyzing module hqc_rmdecod_top
INFO: [VRFC 10-2263] Analyzing Verilog file "C:/Users/THUAN/Downloads/joint/hqc_rsdecod_elp.v" into library xil_defaultlib
INFO: [VRFC 10-311] analyzing module hqc_rsdecod_elp
INFO: [VRFC 10-2263] Analyzing Verilog file "C:/Users/THUAN/Downloads/joint/hqc_rsdecod_err_val.v" into library xil_defaultlib
INFO: [VRFC 10-311] analyzing module hqc_rsdecod_err_val
INFO: [VRFC 10-2263] Analyzing Verilog file "C:/Users/THUAN/Downloads/joint/hqc_rsdecod_roots.v" into library xil_defaultlib
INFO: [VRFC 10-311] analyzing module hqc_rsdecod_roots
WARNING: [VRFC 10-3248] data object 'fft_done' is already declared [C:/Users/THUAN/Downloads/joint/hqc_rsdecod_roots.v:47]
WARNING: [VRFC 10-9364] second declaration of 'fft_done' is ignored [C:/Users/THUAN/Downloads/joint/hqc_rsdecod_roots.v:47]
INFO: [VRFC 10-2263] Analyzing Verilog file "C:/Users/THUAN/Downloads/joint/hqc_rsdecod_syndromes.v" into library xil_defaultlib
INFO: [VRFC 10-311] analyzing module hqc_rsdecod_syndromes
INFO: [VRFC 10-2263] Analyzing Verilog file "C:/Users/THUAN/Downloads/joint/hqc_rsdecod_top.v" into library xil_defaultlib
INFO: [VRFC 10-311] analyzing module hqc_rsdecod_top
INFO: [VRFC 10-2263] Analyzing Verilog file "C:/Users/THUAN/Downloads/joint/hqc_rsdecod_zpoly.v" into library xil_defaultlib
INFO: [VRFC 10-311] analyzing module hqc_rsdecod_zpoly
INFO: [VRFC 10-2263] Analyzing Verilog file "C:/Users/THUAN/Downloads/joint/karatsuba_small.v" into library xil_defaultlib
INFO: [VRFC 10-311] analyzing module karatsuba_small
INFO: [VRFC 10-2263] Analyzing Verilog file "C:/Users/THUAN/Downloads/joint/keccak_top.v" into library xil_defaultlib
INFO: [VRFC 10-311] analyzing module keccak_top
INFO: [VRFC 10-2263] Analyzing Verilog file "C:/Users/THUAN/Downloads/joint/keygen.v" into library xil_defaultlib
INFO: [VRFC 10-311] analyzing module keygen
WARNING: [VRFC 10-2938] 'pm_out' is already implicitly declared on line 390 [C:/Users/THUAN/Downloads/joint/keygen.v:398]
WARNING: [VRFC 10-2938] 'pm_rd_addr' is already implicitly declared on line 387 [C:/Users/THUAN/Downloads/joint/keygen.v:399]
WARNING: [VRFC 10-2938] 'pm_rd_en' is already implicitly declared on line 388 [C:/Users/THUAN/Downloads/joint/keygen.v:400]
WARNING: [VRFC 10-2938] 'add_out' is already implicitly declared on line 392 [C:/Users/THUAN/Downloads/joint/keygen.v:402]
WARNING: [VRFC 10-2938] 'add_out_addr' is already implicitly declared on line 393 [C:/Users/THUAN/Downloads/joint/keygen.v:403]
WARNING: [VRFC 10-2938] 'add_out_valid' is already implicitly declared on line 394 [C:/Users/THUAN/Downloads/joint/keygen.v:404]
WARNING: [VRFC 10-2938] 'x_addr_reg' is already implicitly declared on line 317 [C:/Users/THUAN/Downloads/joint/keygen.v:702]
WARNING: [VRFC 10-3380] identifier 'pm_out' is used before its declaration [C:/Users/THUAN/Downloads/joint/keygen.v:193]
WARNING: [VRFC 10-3380] identifier 'x_addr' is used before its declaration [C:/Users/THUAN/Downloads/joint/keygen.v:221]
WARNING: [VRFC 10-3380] identifier 'x_transfer_done' is used before its declaration [C:/Users/THUAN/Downloads/joint/keygen.v:490]
INFO: [VRFC 10-2263] Analyzing Verilog file "C:/Users/THUAN/Downloads/joint/loc_based_adder.v" into library xil_defaultlib
INFO: [VRFC 10-311] analyzing module loc_based_adder
INFO: [VRFC 10-2263] Analyzing Verilog file "C:/Users/THUAN/Downloads/joint/mem_dual.v" into library xil_defaultlib
INFO: [VRFC 10-311] analyzing module mem_dual
INFO: [VRFC 10-2263] Analyzing Verilog file "C:/Users/THUAN/Downloads/joint/mem_single.v" into library xil_defaultlib
INFO: [VRFC 10-311] analyzing module mem_single
INFO: [VRFC 10-2263] Analyzing Verilog file "C:/Users/THUAN/Downloads/joint/mod34.v" into library xil_defaultlib
INFO: [VRFC 10-311] analyzing module mod34
INFO: [VRFC 10-2263] Analyzing Verilog file "C:/Users/THUAN/Downloads/joint/onegen.v" into library xil_defaultlib
INFO: [VRFC 10-311] analyzing module onegen
INFO: [VRFC 10-2263] Analyzing Verilog file "C:/Users/THUAN/Downloads/joint/onegen_ct.v" into library xil_defaultlib
INFO: [VRFC 10-311] analyzing module onegen_ct
INFO: [VRFC 10-2263] Analyzing Verilog file "C:/Users/THUAN/Downloads/joint/poly_mult.v" into library xil_defaultlib
INFO: [VRFC 10-311] analyzing module poly_mult
WARNING: [VRFC 10-9336] redeclaration of ANSI port 'mux_word_0' is not allowed [C:/Users/THUAN/Downloads/joint/poly_mult.v:103]
WARNING: [VRFC 10-9336] redeclaration of ANSI port 'mux_word_1' is not allowed [C:/Users/THUAN/Downloads/joint/poly_mult.v:104]
WARNING: [VRFC 10-3380] identifier 'addr_0_intermediate' is used before its declaration [C:/Users/THUAN/Downloads/joint/poly_mult.v:218]
WARNING: [VRFC 10-3380] identifier 'addr_0_intermediate' is used before its declaration [C:/Users/THUAN/Downloads/joint/poly_mult.v:229]
WARNING: [VRFC 10-3380] identifier 'addr_0_intermediate' is used before its declaration [C:/Users/THUAN/Downloads/joint/poly_mult.v:230]
WARNING: [VRFC 10-3380] identifier 'state' is used before its declaration [C:/Users/THUAN/Downloads/joint/poly_mult.v:233]
INFO: [VRFC 10-2263] Analyzing Verilog file "C:/Users/THUAN/Downloads/joint/rc.v" into library xil_defaultlib
INFO: [VRFC 10-311] analyzing module rc
INFO: [VRFC 10-2263] Analyzing Verilog file "C:/Users/THUAN/Downloads/joint/reed_muller_encode.v" into library xil_defaultlib
INFO: [VRFC 10-311] analyzing module reed_muller_encode
WARNING: [VRFC 10-2938] 'wr_en' is already implicitly declared on line 93 [C:/Users/THUAN/Downloads/joint/reed_muller_encode.v:101]
WARNING: [VRFC 10-3380] identifier 'init' is used before its declaration [C:/Users/THUAN/Downloads/joint/reed_muller_encode.v:67]
WARNING: [VRFC 10-3380] identifier 'shift_cdw' is used before its declaration [C:/Users/THUAN/Downloads/joint/reed_muller_encode.v:70]
WARNING: [VRFC 10-3380] identifier 'count_cdw_bytes' is used before its declaration [C:/Users/THUAN/Downloads/joint/reed_muller_encode.v:86]
INFO: [VRFC 10-2263] Analyzing Verilog file "C:/Users/THUAN/Downloads/joint/reed_solomon_encode.v" into library xil_defaultlib
INFO: [VRFC 10-311] analyzing module reed_solomon_encode
WARNING: [VRFC 10-3380] identifier 'init_msg' is used before its declaration [C:/Users/THUAN/Downloads/joint/reed_solomon_encode.v:75]
WARNING: [VRFC 10-3380] identifier 'shift_msg' is used before its declaration [C:/Users/THUAN/Downloads/joint/reed_solomon_encode.v:78]
WARNING: [VRFC 10-3380] identifier 'init_msg' is used before its declaration [C:/Users/THUAN/Downloads/joint/reed_solomon_encode.v:88]
INFO: [VRFC 10-2263] Analyzing Verilog file "C:/Users/THUAN/Downloads/joint/rm_encoder.v" into library xil_defaultlib
INFO: [VRFC 10-311] analyzing module rm_encoder
INFO: [VRFC 10-2263] Analyzing Verilog file "C:/Users/THUAN/Downloads/joint/state_ram.v" into library xil_defaultlib
INFO: [VRFC 10-311] analyzing module state_ram
WARNING: [VRFC 10-634] event expressions must result in a singular type [C:/Users/THUAN/Downloads/joint/state_ram.v:122]
WARNING: [VRFC 10-634] event expressions must result in a singular type [C:/Users/THUAN/Downloads/joint/state_ram.v:228]
WARNING: [VRFC 10-634] event expressions must result in a singular type [C:/Users/THUAN/Downloads/joint/state_ram.v:278]
WARNING: [VRFC 10-634] event expressions must result in a singular type [C:/Users/THUAN/Downloads/joint/state_ram.v:379]
INFO: [VRFC 10-2263] Analyzing Verilog file "C:/Users/THUAN/Downloads/joint/stateram_inference.v" into library xil_defaultlib
INFO: [VRFC 10-311] analyzing module stateram_inference
INFO: [VRFC 10-2263] Analyzing Verilog file "C:/Users/THUAN/Downloads/joint/syncfifo.v" into library xil_defaultlib
INFO: [VRFC 10-311] analyzing module syncfifo
INFO: [VRFC 10-2263] Analyzing Verilog file "C:/Users/THUAN/Downloads/joint/transform.v" into library xil_defaultlib
INFO: [VRFC 10-311] analyzing module transform
INFO: [VRFC 10-2263] Analyzing Verilog file "C:/Users/THUAN/Downloads/joint/v_minus_uy.v" into library xil_defaultlib
INFO: [VRFC 10-311] analyzing module v_minus_uy
WARNING: [VRFC 10-3248] data object 'pm_out' is already declared [C:/Users/THUAN/Downloads/joint/v_minus_uy.v:219]
WARNING: [VRFC 10-9364] second declaration of 'pm_out' is ignored [C:/Users/THUAN/Downloads/joint/v_minus_uy.v:219]
WARNING: [VRFC 10-3380] identifier 'xor_add_addr' is used before its declaration [C:/Users/THUAN/Downloads/joint/v_minus_uy.v:145]
WARNING: [VRFC 10-3380] identifier 'xor_add_en' is used before its declaration [C:/Users/THUAN/Downloads/joint/v_minus_uy.v:168]
WARNING: [VRFC 10-3380] identifier 'xor_add_addr' is used before its declaration [C:/Users/THUAN/Downloads/joint/v_minus_uy.v:169]
WARNING: [VRFC 10-3380] identifier 'xor_add_out_valid' is used before its declaration [C:/Users/THUAN/Downloads/joint/v_minus_uy.v:170]
WARNING: [VRFC 10-3380] identifier 'xor_add_out_addr' is used before its declaration [C:/Users/THUAN/Downloads/joint/v_minus_uy.v:171]
WARNING: [VRFC 10-3380] identifier 'xor_add_out' is used before its declaration [C:/Users/THUAN/Downloads/joint/v_minus_uy.v:172]
INFO: [VRFC 10-2263] Analyzing Verilog file "C:/Users/THUAN/Downloads/joint/vect_set_random.v" into library xil_defaultlib
INFO: [VRFC 10-311] analyzing module vect_set_random
WARNING: [VRFC 10-9336] redeclaration of ANSI port 'shake_din' is not allowed [C:/Users/THUAN/Downloads/joint/vect_set_random.v:104]
WARNING: [VRFC 10-2938] 'rand_mem_in' is already implicitly declared on line 151 [C:/Users/THUAN/Downloads/joint/vect_set_random.v:167]
WARNING: [VRFC 10-2938] 'wr_en_rand' is already implicitly declared on line 155 [C:/Users/THUAN/Downloads/joint/vect_set_random.v:168]
WARNING: [VRFC 10-3380] identifier 'pk_rand_addr' is used before its declaration [C:/Users/THUAN/Downloads/joint/vect_set_random.v:146]
WARNING: [VRFC 10-3380] identifier 'pk_rand_addr' is used before its declaration [C:/Users/THUAN/Downloads/joint/vect_set_random.v:174]
WARNING: [VRFC 10-3380] identifier 'pk_rand_addr_reg' is used before its declaration [C:/Users/THUAN/Downloads/joint/vect_set_random.v:200]
WARNING: [VRFC 10-3380] identifier 'pk_rand_addr' is used before its declaration [C:/Users/THUAN/Downloads/joint/vect_set_random.v:201]
WARNING: [VRFC 10-3380] identifier 'pk_rand_addr' is used before its declaration [C:/Users/THUAN/Downloads/joint/vect_set_random.v:208]
WARNING: [VRFC 10-3380] identifier 'pk_rand_addr_reg' is used before its declaration [C:/Users/THUAN/Downloads/joint/vect_set_random.v:219]
INFO: [VRFC 10-2263] Analyzing Verilog file "C:/Users/THUAN/Downloads/joint/xor_based_adder.v" into library xil_defaultlib
INFO: [VRFC 10-311] analyzing module xor_based_adder
INFO: [VRFC 10-2263] Analyzing Verilog file "D:/University/251/DA/joint/joint.srcs/sim_1/new/hqc_kem_system_tb.v" into library xil_defaultlib
ERROR: [VRFC 10-3195] cannot open include file 'clog2.v' [D:/University/251/DA/joint/joint.srcs/sim_1/new/hqc_kem_system_tb.v:2]
INFO: [VRFC 10-311] analyzing module hqc_kem_system_tb
ERROR: [VRFC 10-8530] module 'hqc_kem_system_tb' is ignored due to previous errors [D:/University/251/DA/joint/joint.srcs/sim_1/new/hqc_kem_system_tb.v:13]
run_program: Time (s): cpu = 00:00:03 ; elapsed = 00:00:19 . Memory (MB): peak = 1256.277 ; gain = 0.000
INFO: [USF-XSim-69] 'compile' step finished in '19' seconds
INFO: [USF-XSim-99] Step results log file:'D:/University/251/DA/joint/joint.sim/sim_1/behav/xsim/xvlog.log'
ERROR: [USF-XSim-62] 'compile' step failed with error(s). Please check the Tcl console output or 'D:/University/251/DA/joint/joint.sim/sim_1/behav/xsim/xvlog.log' file for more information.
ERROR: [Vivado 12-4473] Detected error while running simulation. Please correct the issue and retry this operation.
launch_simulation: Time (s): cpu = 00:00:04 ; elapsed = 00:00:22 . Memory (MB): peak = 1256.277 ; gain = 0.000
ERROR: [Common 17-39] 'launch_simulation' failed due to earlier errors.
exit
INFO: [Common 17-206] Exiting Vivado at Fri Jan 30 20:35:50 2026...
