Copyright 1986-2022 Xilinx, Inc. All Rights Reserved.
---------------------------------------------------------------------------------------------
| Tool Version : Vivado v.2022.2 (win64) Build 3671981 Fri Oct 14 05:00:03 MDT 2022
| Date         : Mon Jan 26 20:41:18 2026
| Host         : MSI running 64-bit major release  (build 9200)
| Command      : report_control_sets -verbose -file hqc_impl_wrapper_control_sets_placed.rpt
| Design       : hqc_impl_wrapper
| Device       : xc7k70t
---------------------------------------------------------------------------------------------

Control Set Information

Table of Contents
-----------------
1. Summary
2. Histogram
3. Flip-Flop Distribution
4. Detailed Control Set Information

1. Summary
----------

+----------------------------------------------------------+-------+
|                          Status                          | Count |
+----------------------------------------------------------+-------+
| Total control sets                                       |   448 |
|    Minimum number of control sets                        |   448 |
|    Addition due to synthesis replication                 |     0 |
|    Addition due to physical synthesis replication        |     0 |
| Unused register locations in slices containing registers |  1402 |
+----------------------------------------------------------+-------+
* Control sets can be merged at opt_design using control_set_merge or merge_equivalent_drivers
** Run report_qor_suggestions for automated merging and remapping suggestions


2. Histogram
------------

+--------------------+-------+
|       Fanout       | Count |
+--------------------+-------+
| Total control sets |   448 |
| >= 0 to < 4        |    60 |
| >= 4 to < 6        |    49 |
| >= 6 to < 8        |    57 |
| >= 8 to < 10       |   102 |
| >= 10 to < 12      |    92 |
| >= 12 to < 14      |    12 |
| >= 14 to < 16      |     4 |
| >= 16              |    72 |
+--------------------+-------+
* Control sets can be remapped at either synth_design or opt_design


3. Flip-Flop Distribution
-------------------------

+--------------+-----------------------+------------------------+-----------------+--------------+
| Clock Enable | Synchronous Set/Reset | Asynchronous Set/Reset | Total Registers | Total Slices |
+--------------+-----------------------+------------------------+-----------------+--------------+
| No           | No                    | No                     |            1468 |          613 |
| No           | No                    | Yes                    |               0 |            0 |
| No           | Yes                   | No                     |             227 |          114 |
| Yes          | No                    | No                     |            3918 |         1036 |
| Yes          | No                    | Yes                    |               0 |            0 |
| Yes          | Yes                   | No                     |            2657 |          771 |
+--------------+-----------------------+------------------------+-----------------+--------------+


4. Detailed Control Set Information
-----------------------------------

+-----------------------------------------------------------------------------------------------------+------------------------------------------------------------------------------------------------------------------------------+-------------------------------------------------------------------------------------------------------------------+------------------+----------------+--------------+
|                                             Clock Signal                                            |                                                         Enable Signal                                                        |                                                  Set/Reset Signal                                                 | Slice Load Count | Bel Load Count | Bels / Slice |
+-----------------------------------------------------------------------------------------------------+------------------------------------------------------------------------------------------------------------------------------+-------------------------------------------------------------------------------------------------------------------+------------------+----------------+--------------+
|  dut/ENCAP_MODULE/ENCRYPT/ENCODE/REED_SOLOMON_CODE/capture_cdw__0                                   |                                                                                                                              |                                                                                                                   |                1 |              1 |         1.00 |
|  dut/DECAP_MODULE/ENCAP_FOR_RENCRYPT/ENCRYPT/ENCODE/REED_SOLOMON_CODE/capture_cdw__0                |                                                                                                                              |                                                                                                                   |                1 |              1 |         1.00 |
|  dut/DECAP_MODULE/ENCAP_FOR_RENCRYPT/ENCRYPT/FIXEDWEIGHT/onegen_instance/reading_out_reg_i_2__1_n_2 |                                                                                                                              |                                                                                                                   |                1 |              1 |         1.00 |
|  dut/DECAP_MODULE/ENCAP_FOR_RENCRYPT/ENCRYPT/FIXEDWEIGHT/onegen_instance/init_reg_i_2__1_n_2        |                                                                                                                              |                                                                                                                   |                1 |              1 |         1.00 |
|  dut/DECAP_MODULE/ENCAP_FOR_RENCRYPT/ENCRYPT/FIXEDWEIGHT/onegen_instance/wren_0_reg_i_2__1_n_2      |                                                                                                                              |                                                                                                                   |                1 |              1 |         1.00 |
|  dut/DECAP_MODULE/ENCAP_FOR_RENCRYPT/ENCRYPT/FIXEDWEIGHT/onegen_instance/wren_1_reg_i_2__1_n_2      |                                                                                                                              |                                                                                                                   |                1 |              1 |         1.00 |
|  dut/DECAP_MODULE/ENCAP_FOR_RENCRYPT/ENCRYPT/FIXEDWEIGHT/init_mem_onegen__0                         |                                                                                                                              |                                                                                                                   |                1 |              1 |         1.00 |
|  dut/ENCAP_MODULE/ENCRYPT/FIXEDWEIGHT/squeeze_ctrl_reg_i_2__0_n_2                                   |                                                                                                                              |                                                                                                                   |                1 |              1 |         1.00 |
|  dut/ENCAP_MODULE/ENCRYPT/FIXEDWEIGHT/init_mem_onegen__0                                            |                                                                                                                              |                                                                                                                   |                1 |              1 |         1.00 |
|  dut/DECAP_MODULE/ENCAP_FOR_RENCRYPT/ENCRYPT/FIXEDWEIGHT/squeeze_ctrl_reg_i_2__1_n_2                |                                                                                                                              |                                                                                                                   |                1 |              1 |         1.00 |
|  dut/KEYGEN_MODULE/FIXEDWEIGHT/onegen_instance/wren_1_reg_i_2_n_2                                   |                                                                                                                              |                                                                                                                   |                1 |              1 |         1.00 |
|  dut/ENCAP_MODULE/ENCRYPT/FIXEDWEIGHT/onegen_instance/reading_out_reg_i_2__0_n_2                    |                                                                                                                              |                                                                                                                   |                1 |              1 |         1.00 |
|  dut/DECAP_MODULE/ENCAP_FOR_RENCRYPT/block_capture_reg_i_2__0_n_2                                   |                                                                                                                              |                                                                                                                   |                1 |              1 |         1.00 |
|  dut/DECAP_MODULE/ENCAP_FOR_RENCRYPT/d_wen_reg_i_2_n_2                                              |                                                                                                                              |                                                                                                                   |                1 |              1 |         1.00 |
|  dut/ENCAP_MODULE/ENCRYPT/FIXEDWEIGHT/onegen_instance/init_reg_i_2__0_n_2                           |                                                                                                                              |                                                                                                                   |                1 |              1 |         1.00 |
|  dut/DECAP_MODULE/ENCAP_FOR_RENCRYPT/last_block_capture_reg_i_1__0_n_2                              |                                                                                                                              |                                                                                                                   |                1 |              1 |         1.00 |
|  dut/DECAP_MODULE/ENCAP_FOR_RENCRYPT/hash_mem_wen_reg_i_2__0_n_2                                    |                                                                                                                              |                                                                                                                   |                1 |              1 |         1.00 |
|  dut/ENCAP_MODULE/ENCRYPT/FIXEDWEIGHT/onegen_instance/wren_0_reg_i_2__0_n_2                         |                                                                                                                              |                                                                                                                   |                1 |              1 |         1.00 |
|  dut/DECAP_MODULE/ENCAP_FOR_RENCRYPT/start_encrypt_reg_i_1__0_n_2                                   |                                                                                                                              |                                                                                                                   |                1 |              1 |         1.00 |
|  dut/DECAP_MODULE/ENCAP_FOR_RENCRYPT/start_hash_reg_i_2__0_n_2                                      |                                                                                                                              |                                                                                                                   |                1 |              1 |         1.00 |
|  dut/DECAP_MODULE/ENCAP_FOR_RENCRYPT/theta_wen_reg_i_2__0_n_2                                       |                                                                                                                              |                                                                                                                   |                1 |              1 |         1.00 |
|  dut/KEYGEN_MODULE/FIXEDWEIGHT/onegen_instance/wren_0_reg_i_2_n_2                                   |                                                                                                                              |                                                                                                                   |                1 |              1 |         1.00 |
|  dut/KEYGEN_MODULE/sel_x_reg_i_2_n_2                                                                |                                                                                                                              |                                                                                                                   |                1 |              1 |         1.00 |
|  dut/KEYGEN_MODULE/start_poly_mult_reg_i_2_n_2                                                      |                                                                                                                              |                                                                                                                   |                1 |              1 |         1.00 |
|  dut/KEYGEN_MODULE/FIXEDWEIGHT/onegen_instance/reading_out_reg_i_2_n_2                              |                                                                                                                              |                                                                                                                   |                1 |              1 |         1.00 |
|  dut/KEYGEN_MODULE/start_adder_reg_i_2_n_2                                                          |                                                                                                                              |                                                                                                                   |                1 |              1 |         1.00 |
|  dut/KEYGEN_MODULE/FIXEDWEIGHT/onegen_instance/rd_en_reg_i_2_n_2                                    |                                                                                                                              |                                                                                                                   |                1 |              1 |         1.00 |
|  dut/ENCAP_MODULE/ENCRYPT/FIXEDWEIGHT/onegen_instance/wren_1_reg_i_2__0_n_2                         |                                                                                                                              |                                                                                                                   |                1 |              1 |         1.00 |
|  dut/KEYGEN_MODULE/FIXEDWEIGHT/onegen_instance/init_reg_i_2_n_2                                     |                                                                                                                              |                                                                                                                   |                1 |              1 |         1.00 |
|  dut/KEYGEN_MODULE/FIXEDWEIGHT/init_mem_onegen__0                                                   |                                                                                                                              |                                                                                                                   |                1 |              1 |         1.00 |
|  dut/KEYGEN_MODULE/FIXEDWEIGHT/squeeze_ctrl_reg_i_2_n_2                                             |                                                                                                                              |                                                                                                                   |                1 |              1 |         1.00 |
|  dut/KEYGEN_MODULE/FIXEDWEIGHT/onegen_instance/FSM_onehot_state_reg[3]                              |                                                                                                                              |                                                                                                                   |                1 |              1 |         1.00 |
|  dut/SHAKE256/control_path_instance/din_ready_internal_reg_i_2_n_2                                  |                                                                                                                              |                                                                                                                   |                1 |              1 |         1.00 |
|  dut/ENCAP_MODULE/start_hash_reg_i_2_n_2                                                            |                                                                                                                              |                                                                                                                   |                1 |              1 |         1.00 |
|  dut/ENCAP_MODULE/theta_wen_reg_i_2_n_2                                                             |                                                                                                                              |                                                                                                                   |                1 |              1 |         1.00 |
|  dut/ENCAP_MODULE/start_encrypt_reg_i_1_n_2                                                         |                                                                                                                              |                                                                                                                   |                1 |              1 |         1.00 |
|  dut/ENCAP_MODULE/hash_mem_wen_reg_i_2_n_2                                                          |                                                                                                                              |                                                                                                                   |                1 |              1 |         1.00 |
|  dut/ENCAP_MODULE/last_block_capture_reg_i_1_n_2                                                    |                                                                                                                              |                                                                                                                   |                1 |              1 |         1.00 |
|  dut/ENCAP_MODULE/block_capture_reg_i_2_n_2                                                         |                                                                                                                              |                                                                                                                   |                1 |              1 |         1.00 |
|  dut/DECAP_MODULE/ENCAP_FOR_RENCRYPT/ENCRYPT/FIXEDWEIGHT/decrease_weight_count_reg_i_2__1_n_2       |                                                                                                                              |                                                                                                                   |                1 |              2 |         2.00 |
|  dut/DECAP_MODULE/ENCAP_FOR_RENCRYPT/ENCRYPT/FIXEDWEIGHT/sel_ctx__0                                 |                                                                                                                              |                                                                                                                   |                1 |              2 |         2.00 |
|  dut/DECAP_MODULE/ENCAP_FOR_RENCRYPT/ENCRYPT/FIXEDWEIGHT/shake_input_type__0                        |                                                                                                                              |                                                                                                                   |                2 |              2 |         1.00 |
|  dut/DECAP_MODULE/ENCAP_FOR_RENCRYPT/cap_uv_reg_i_2__0_n_2                                          |                                                                                                                              |                                                                                                                   |                2 |              2 |         1.00 |
|  dut/DECAP_MODULE/ENCAP_FOR_RENCRYPT/init_msg_in_reg_i_1__0_n_2                                     |                                                                                                                              |                                                                                                                   |                1 |              2 |         2.00 |
|  dut/KEYGEN_MODULE/VECTSETRAND/shake_input_type_reg[1]_i_2__0_n_2                                   |                                                                                                                              |                                                                                                                   |                1 |              2 |         2.00 |
|  dut/KEYGEN_MODULE/start_x_transfer_reg_i_2_n_2                                                     |                                                                                                                              |                                                                                                                   |                2 |              2 |         1.00 |
|  dut/ENCAP_MODULE/ENCRYPT/FIXEDWEIGHT/decrease_weight_count_reg_i_2__0_n_2                          |                                                                                                                              |                                                                                                                   |                1 |              2 |         2.00 |
|  sys_clk_p_IBUF_BUFG                                                                                | dut/ENCAP_MODULE/m_addr_int[1]_i_2_n_2                                                                                       | dut/ENCAP_MODULE/m_addr_int[1]_i_1__0_n_2                                                                         |                1 |              2 |         2.00 |
|  sys_clk_p_IBUF_BUFG                                                                                | dut/ENCAP_MODULE/ENCRYPT/FIXEDWEIGHT/wr_addr_ctx[6]_i_1_n_2                                                                  | dut/ENCAP_MODULE/ENCRYPT/FIXEDWEIGHT/wr_addr_ctx[8]_i_1__1_n_2                                                    |                1 |              2 |         2.00 |
|  dut/KEYGEN_MODULE/FIXEDWEIGHT/sel_ctx__0                                                           |                                                                                                                              |                                                                                                                   |                1 |              2 |         2.00 |
|  dut/KEYGEN_MODULE/FIXEDWEIGHT/shake_input_type__0                                                  |                                                                                                                              |                                                                                                                   |                1 |              2 |         2.00 |
|  dut/KEYGEN_MODULE/FIXEDWEIGHT/decrease_weight_count_reg_i_2_n_2                                    |                                                                                                                              |                                                                                                                   |                1 |              2 |         2.00 |
|  sys_clk_p_IBUF_BUFG                                                                                | dut/DECAP_MODULE/ENCAP_FOR_RENCRYPT/ENCRYPT/FIXEDWEIGHT/wr_addr_ctx[6]_i_1__0_n_2                                            | dut/DECAP_MODULE/ENCAP_FOR_RENCRYPT/ENCRYPT/FIXEDWEIGHT/wr_addr_ctx[8]_i_1__0_n_2                                 |                1 |              2 |         2.00 |
|  dut/ENCAP_MODULE/ENCRYPT/FIXEDWEIGHT/shake_input_type__0                                           |                                                                                                                              |                                                                                                                   |                1 |              2 |         2.00 |
|  dut/ENCAP_MODULE/ENCRYPT/FIXEDWEIGHT/sel_ctx__0                                                    |                                                                                                                              |                                                                                                                   |                1 |              2 |         2.00 |
|  sys_clk_p_IBUF_BUFG                                                                                | dut/KEYGEN_MODULE/FIXEDWEIGHT/onegen_instance/red_state_reg[0]                                                               | dut/KEYGEN_MODULE/FIXEDWEIGHT/onegen_instance/rd_addr_ctx[7]_i_6__1                                               |                1 |              2 |         2.00 |
|  dut/ENCAP_MODULE/init_msg_in_reg_i_1_n_2                                                           |                                                                                                                              |                                                                                                                   |                1 |              2 |         2.00 |
|  dut/ENCAP_MODULE/cap_uv_reg_i_2_n_2                                                                |                                                                                                                              |                                                                                                                   |                1 |              2 |         2.00 |
|  dut/DECAP_MODULE/ENCAP_FOR_RENCRYPT/shake_in_type_reg[2]_i_2__0_n_2                                |                                                                                                                              |                                                                                                                   |                1 |              3 |         3.00 |
|  dut/ENCAP_MODULE/shake_in_type_reg[2]_i_2_n_2                                                      |                                                                                                                              |                                                                                                                   |                1 |              3 |         3.00 |
|  sys_clk_p_IBUF_BUFG                                                                                | dut/SHAKE256/control_path_instance/FSM_sequential_current_state[3]_i_1_n_2                                                   | dut/DECAP_MODULE/DECRYPT/DECODE/RM_DECOD/HADAMARD/HADAMARD_LAYER[6].HL/FIFO_S1/SR[0]                              |                4 |              4 |         1.00 |
|  sys_clk_p_IBUF_BUFG                                                                                | dut/ENCAP_MODULE/theta_addr[3]_i_2__0_n_2                                                                                    | dut/ENCAP_MODULE/theta_addr[3]_i_1__0_n_2                                                                         |                1 |              4 |         4.00 |
|  sys_clk_p_IBUF_BUFG                                                                                | dut/SHAKE256/control_path_instance/FSM_onehot_state_reg[12][0]                                                               | dut/ENCAP_MODULE/d_addr[3]_i_1_n_2                                                                                |                1 |              4 |         4.00 |
|  sys_clk_p_IBUF_BUFG                                                                                | dut/SHAKE256/control_path_instance/FSM_onehot_state_reg[12]_0[0]                                                             | dut/DECAP_MODULE/ENCAP_FOR_RENCRYPT/d_addr[3]_i_1__0_n_2                                                          |                2 |              4 |         2.00 |
|  sys_clk_p_IBUF_BUFG                                                                                | dut/ENCAP_MODULE/ENCRYPT/FIXEDWEIGHT/onegen_instance/state[3]_i_1__0_n_2                                                     | dut/DECAP_MODULE/DECRYPT/DECODE/RM_DECOD/HADAMARD/HADAMARD_LAYER[6].HL/FIFO_S1/SR[0]                              |                3 |              4 |         1.33 |
|  sys_clk_p_IBUF_BUFG                                                                                | dut/ENCAP_MODULE/ENCRYPT/ENCODE/REED_SOLOMON_CODE/p_0_out                                                                    | dut/ENCAP_MODULE/ENCRYPT/ENCODE/REED_SOLOMON_CODE/count_msg_bytes[3]_i_1__0_n_2                                   |                1 |              4 |         4.00 |
|  sys_clk_p_IBUF_BUFG                                                                                | dut/SHAKE256/control_path_instance/re                                                                                        | dut/SHAKE256/control_path_instance/reset_ram                                                                      |                1 |              4 |         4.00 |
|  sys_clk_p_IBUF_BUFG                                                                                | dut/ENCAP_MODULE/ENCRYPT/ENCODE/REED_SOLOMON_CODE/FSM_onehot_state[3]_i_1_n_2                                                | dut/DECAP_MODULE/DECRYPT/DECODE/RM_DECOD/HADAMARD/HADAMARD_LAYER[6].HL/FIFO_S1/SR[0]                              |                1 |              4 |         4.00 |
|  sys_clk_p_IBUF_BUFG                                                                                | dut/DECAP_MODULE/DECRYPT/DECODE/RS_DECOD/COMPUTE_ROOTS/ADD_FFT/FFT_PART1/busy_reg_n_2                                        | dut/DECAP_MODULE/DECRYPT/DECODE/RS_DECOD/COMPUTE_ROOTS/ADD_FFT/FFT_PART1/cnt0                                     |                1 |              4 |         4.00 |
|  sys_clk_p_IBUF_BUFG                                                                                | dut/DECAP_MODULE/DECRYPT/DECODE/RM_DECOD/EXPANSE_AND_SUM/cnt_out_en                                                          |                                                                                                                   |                1 |              4 |         4.00 |
|  sys_clk_p_IBUF_BUFG                                                                                | dut/ENCAP_MODULE/ENCRYPT/FIXEDWEIGHT/onegen_instance/count_sim_cycles[3]_i_2__0_n_2                                          | dut/ENCAP_MODULE/ENCRYPT/FIXEDWEIGHT/onegen_instance/count_sim_cycles[3]_i_1__0_n_2                               |                1 |              4 |         4.00 |
|  sys_clk_p_IBUF_BUFG                                                                                | dut/DECAP_MODULE/ENCAP_FOR_RENCRYPT/ENCRYPT/FSM_sequential_state_reg[0]_0[0]                                                 | dut/DECAP_MODULE/DECRYPT/DECODE/RM_DECOD/HADAMARD/HADAMARD_LAYER[6].HL/FIFO_S1/SR[0]                              |                1 |              4 |         4.00 |
|  sys_clk_p_IBUF_BUFG                                                                                | dut/DECAP_MODULE/ENCAP_FOR_RENCRYPT/ENCRYPT/FIXEDWEIGHT/onegen_instance/count_sim_cycles[3]_i_2__1_n_2                       | dut/DECAP_MODULE/ENCAP_FOR_RENCRYPT/ENCRYPT/FIXEDWEIGHT/onegen_instance/count_sim_cycles[3]_i_1_n_2               |                1 |              4 |         4.00 |
|  sys_clk_p_IBUF_BUFG                                                                                | dut/DECAP_MODULE/ENCAP_FOR_RENCRYPT/ENCRYPT/FIXEDWEIGHT/onegen_instance/E[0]                                                 | dut/DECAP_MODULE/DECRYPT/DECODE/RM_DECOD/HADAMARD/HADAMARD_LAYER[6].HL/FIFO_S1/SR[0]                              |                3 |              4 |         1.33 |
|  sys_clk_p_IBUF_BUFG                                                                                | dut/DECAP_MODULE/ENCAP_FOR_RENCRYPT/theta_addr[3]_i_2_n_2                                                                    | dut/DECAP_MODULE/ENCAP_FOR_RENCRYPT/theta_addr[3]_i_1_n_2                                                         |                2 |              4 |         2.00 |
|  sys_clk_p_IBUF_BUFG                                                                                | dut/ENCAP_MODULE/ENCRYPT/FIXEDWEIGHT/onegen_instance/E[0]                                                                    | dut/DECAP_MODULE/DECRYPT/DECODE/RM_DECOD/HADAMARD/HADAMARD_LAYER[6].HL/FIFO_S1/SR[0]                              |                4 |              4 |         1.00 |
|  sys_clk_p_IBUF_BUFG                                                                                | dut/DECAP_MODULE/DECRYPT/DECODE/RM_DECOD/HADAMARD/HADAMARD_LAYER[0].HL/FIFO_F0/empty_reg_0                                   |                                                                                                                   |                1 |              4 |         4.00 |
|  sys_clk_p_IBUF_BUFG                                                                                | dut/DECAP_MODULE/ENCAP_FOR_RENCRYPT/ENCRYPT/FIXEDWEIGHT/onegen_instance/state[3]_i_1__1_n_2                                  | dut/DECAP_MODULE/DECRYPT/DECODE/RM_DECOD/HADAMARD/HADAMARD_LAYER[6].HL/FIFO_S1/SR[0]                              |                3 |              4 |         1.33 |
|  sys_clk_p_IBUF_BUFG                                                                                | dut/DECAP_MODULE/DECRYPT/DECODE/RM_DECOD/HADAMARD/HADAMARD_LAYER[0].HL/FIFO_F1/empty_reg_0                                   |                                                                                                                   |                1 |              4 |         4.00 |
|  sys_clk_p_IBUF_BUFG                                                                                | dut/DECAP_MODULE/DECRYPT/DECODE/RM_DECOD/HADAMARD/HADAMARD_LAYER[0].HL/FIFO_S0/empty_reg_0                                   |                                                                                                                   |                1 |              4 |         4.00 |
|  sys_clk_p_IBUF_BUFG                                                                                | dut/DECAP_MODULE/DECRYPT/DECODE/RM_DECOD/HADAMARD/HADAMARD_LAYER[0].HL/FIFO_S1/empty_reg_0                                   |                                                                                                                   |                1 |              4 |         4.00 |
|  sys_clk_p_IBUF_BUFG                                                                                | dut/DECAP_MODULE/ENCAP_FOR_RENCRYPT/ENCRYPT/ENCODE/REED_SOLOMON_CODE/p_0_out                                                 | dut/DECAP_MODULE/ENCAP_FOR_RENCRYPT/ENCRYPT/ENCODE/REED_SOLOMON_CODE/count_msg_bytes[3]_i_1_n_2                   |                1 |              4 |         4.00 |
|  sys_clk_p_IBUF_BUFG                                                                                | dut/KEYGEN_MODULE/FIXEDWEIGHT/onegen_instance/state[3]_i_1_n_2                                                               | dut/DECAP_MODULE/DECRYPT/DECODE/RM_DECOD/HADAMARD/HADAMARD_LAYER[6].HL/FIFO_S1/SR[0]                              |                3 |              4 |         1.33 |
|  sys_clk_p_IBUF_BUFG                                                                                | dut/DECAP_MODULE/ENCAP_FOR_RENCRYPT/ENCRYPT/ENCODE/REED_SOLOMON_CODE/FSM_onehot_state[3]_i_1__1_n_2                          | dut/DECAP_MODULE/DECRYPT/DECODE/RM_DECOD/HADAMARD/HADAMARD_LAYER[6].HL/FIFO_S1/SR[0]                              |                1 |              4 |         4.00 |
|  sys_clk_p_IBUF_BUFG                                                                                | dut/KEYGEN_MODULE/FIXEDWEIGHT/onegen_instance/count_sim_cycles[3]_i_2_n_2                                                    | dut/KEYGEN_MODULE/FIXEDWEIGHT/onegen_instance/count_sim_cycles[3]_i_1__1_n_2                                      |                1 |              4 |         4.00 |
|  sys_clk_p_IBUF_BUFG                                                                                | dut/KEYGEN_MODULE/FIXEDWEIGHT/onegen_instance/E[0]                                                                           | dut/DECAP_MODULE/DECRYPT/DECODE/RM_DECOD/HADAMARD/HADAMARD_LAYER[6].HL/FIFO_S1/SR[0]                              |                2 |              4 |         2.00 |
|  sys_clk_p_IBUF_BUFG                                                                                | dut/ENCAP_MODULE/ENCRYPT/FIXEDWEIGHT/FSM_onehot_state_shake_reg_n_2_[3]                                                      | dut/ENCAP_MODULE/ENCRYPT/FIXEDWEIGHT/seed_addr[4]_i_1__0_n_2                                                      |                1 |              5 |         5.00 |
|  sys_clk_p_IBUF_BUFG                                                                                |                                                                                                                              | dut/SHAKE256/control_path_instance/counter_reg[2]_rep_1                                                           |                5 |              5 |         1.00 |
|  sys_clk_p_IBUF_BUFG                                                                                | dut/ENCAP_MODULE/ENCRYPT/FIXEDWEIGHT/onegen_instance/red_state_reg[0]                                                        | dut/DECAP_MODULE/DECRYPT/DECODE/RM_DECOD/HADAMARD/HADAMARD_LAYER[6].HL/FIFO_S1/SR[0]                              |                2 |              5 |         2.50 |
|  sys_clk_p_IBUF_BUFG                                                                                | dut/SHAKE256/control_path_instance/computation_en                                                                            | dut/SHAKE256/control_path_instance/SR[0]                                                                          |                3 |              5 |         1.67 |
|  sys_clk_p_IBUF_BUFG                                                                                | dut/DECAP_MODULE/DECRYPT/DECODE/RS_DECOD/COMPUTE_ERRVALS/ik_cnt_en                                                           | dut/DECAP_MODULE/DECRYPT/DECODE/RS_DECOD/COMPUTE_ERRVALS/ik_cnt0                                                  |                2 |              5 |         2.50 |
|  sys_clk_p_IBUF_BUFG                                                                                | dut/KEYGEN_MODULE/VECTSETRAND/seed_addr[4]_i_2__0_n_2                                                                        | dut/KEYGEN_MODULE/VECTSETRAND/seed_addr[4]_i_1__2_n_2                                                             |                2 |              5 |         2.50 |
|  sys_clk_p_IBUF_BUFG                                                                                | dut/KEYGEN_MODULE/FIXEDWEIGHT/seed_addr[4]_i_2_n_2                                                                           | dut/KEYGEN_MODULE/FIXEDWEIGHT/seed_addr[4]_i_1__1_n_2                                                             |                2 |              5 |         2.50 |
|  sys_clk_p_IBUF_BUFG                                                                                | dut/ENCAP_MODULE/ENCRYPT/FIXEDWEIGHT/onegen_instance/red_state_reg[0]                                                        |                                                                                                                   |                3 |              5 |         1.67 |
|  sys_clk_p_IBUF_BUFG                                                                                | dut/DECAP_MODULE/DECRYPT/DECODE/RM_DECOD/HADAMARD/HADAMARD_LAYER[1].HL/FIFO_S0/wr_data                                       |                                                                                                                   |                1 |              5 |         5.00 |
|  sys_clk_p_IBUF_BUFG                                                                                | dut/DECAP_MODULE/DECRYPT/DECODE/RM_DECOD/HADAMARD/HADAMARD_LAYER[1].HL/FIFO_S0/next_rd_addr[4]_i_1__8_n_2                    |                                                                                                                   |                1 |              5 |         5.00 |
|  sys_clk_p_IBUF_BUFG                                                                                | dut/DECAP_MODULE/ENCAP_FOR_RENCRYPT/ENCRYPT/FIXEDWEIGHT/onegen_instance/red_state_reg[0]                                     |                                                                                                                   |                2 |              5 |         2.50 |
|  sys_clk_p_IBUF_BUFG                                                                                | dut/DECAP_MODULE/DECRYPT/DECODE/RM_DECOD/EXPANSE_AND_SUM/eas_dout_valid                                                      |                                                                                                                   |                1 |              5 |         5.00 |
|  sys_clk_p_IBUF_BUFG                                                                                | dut/DECAP_MODULE/ENCAP_FOR_RENCRYPT/ENCRYPT/FIXEDWEIGHT/FSM_onehot_state_shake_reg_n_2_[3]                                   | dut/DECAP_MODULE/ENCAP_FOR_RENCRYPT/ENCRYPT/FIXEDWEIGHT/seed_addr[4]_i_1_n_2                                      |                1 |              5 |         5.00 |
|  sys_clk_p_IBUF_BUFG                                                                                | dut/DECAP_MODULE/DECRYPT/DECODE/RM_DECOD/HADAMARD/HADAMARD_LAYER[1].HL/FIFO_F0/wr_data                                       |                                                                                                                   |                1 |              5 |         5.00 |
|  sys_clk_p_IBUF_BUFG                                                                                | dut/DECAP_MODULE/DECRYPT/DECODE/RM_DECOD/HADAMARD/HADAMARD_LAYER[1].HL/FIFO_F0/next_rd_addr[4]_i_1__7_n_2                    |                                                                                                                   |                1 |              5 |         5.00 |
|  sys_clk_p_IBUF_BUFG                                                                                | dut/DECAP_MODULE/DECRYPT/DECODE/RS_DECOD/COMPUTE_ERRVALS/delta_cnt0                                                          | dut/DECAP_MODULE/DECRYPT/DECODE/RS_DECOD/COMPUTE_ERRVALS/delta_cnt[4]_i_1_n_2                                     |                2 |              5 |         2.50 |
|  sys_clk_p_IBUF_BUFG                                                                                | dut/DECAP_MODULE/DECRYPT/DECODE/RM_DECOD/HADAMARD/HADAMARD_LAYER[1].HL/FIFO_S1/next_rd_addr[4]_i_1__9_n_2                    |                                                                                                                   |                1 |              5 |         5.00 |
|  sys_clk_p_IBUF_BUFG                                                                                | dut/DECAP_MODULE/DECRYPT/DECODE/RS_DECOD/COMPUTE_ERRVALS/jj_cnt_en                                                           | dut/DECAP_MODULE/DECRYPT/DECODE/RS_DECOD/COMPUTE_ERRVALS/jj_cnt0                                                  |                2 |              5 |         2.50 |
|  sys_clk_p_IBUF_BUFG                                                                                | dut/DECAP_MODULE/DECRYPT/DECODE/RM_DECOD/HADAMARD/HADAMARD_LAYER[1].HL/FIFO_S1/wr_data                                       |                                                                                                                   |                1 |              5 |         5.00 |
|  sys_clk_p_IBUF_BUFG                                                                                | dut/DECAP_MODULE/ENCAP_FOR_RENCRYPT/ENCRYPT/FIXEDWEIGHT/onegen_instance/red_state_reg[0]                                     | dut/DECAP_MODULE/DECRYPT/DECODE/RM_DECOD/HADAMARD/HADAMARD_LAYER[6].HL/FIFO_S1/SR[0]                              |                2 |              5 |         2.50 |
|  sys_clk_p_IBUF_BUFG                                                                                | dut/DECAP_MODULE/DECRYPT/DECODE/RS_DECOD/COMPUTE_ERRVALS/jj_cnt_end_d_i_1_n_2                                                | dut/DECAP_MODULE/DECRYPT/DECODE/RS_DECOD/COMPUTE_ERRVALS/ii_cnt0                                                  |                1 |              5 |         5.00 |
|  sys_clk_p_IBUF_BUFG                                                                                | dut/DECAP_MODULE/DECRYPT/DECODE/RM_DECOD/HADAMARD/HADAMARD_LAYER[1].HL/FIFO_F1/wr_data                                       |                                                                                                                   |                1 |              5 |         5.00 |
|  sys_clk_p_IBUF_BUFG                                                                                | dut/DECAP_MODULE/DECRYPT/DECODE/RM_DECOD/HADAMARD/HADAMARD_LAYER[1].HL/FIFO_F1/next_rd_addr[4]_i_1__6_n_2                    |                                                                                                                   |                1 |              5 |         5.00 |
|  sys_clk_p_IBUF_BUFG                                                                                | dut/DECAP_MODULE/DECRYPT/DECODE/RM_DECOD/HADAMARD/HADAMARD_LAYER[4].HL/data_valid[5]_34                                      | dut/DECAP_MODULE/DECRYPT/DECODE/RM_DECOD/HADAMARD/HADAMARD_LAYER[5].HL/cnt_in0                                    |                2 |              6 |         3.00 |
|  dut/SHAKE256/control_path_instance/start_addr_reg[5]_i_2_n_2                                       |                                                                                                                              |                                                                                                                   |                4 |              6 |         1.50 |
|  sys_clk_p_IBUF_BUFG                                                                                | dut/DECAP_MODULE/DECRYPT/DECODE/RM_DECOD/HADAMARD/HADAMARD_LAYER[2].HL/FIFO_F0/next_rd_addr[4]_i_1__11_n_2                   |                                                                                                                   |                1 |              6 |         6.00 |
|  sys_clk_p_IBUF_BUFG                                                                                |                                                                                                                              | dut/DECAP_MODULE/DECRYPT/DECODE/RS_DECOD/COMPUTE_ELP/SR[0]                                                        |                6 |              6 |         1.00 |
|  sys_clk_p_IBUF_BUFG                                                                                | dut/DECAP_MODULE/DECRYPT/DECODE/RM_DECOD/HADAMARD/HADAMARD_LAYER[2].HL/FIFO_F0/wr_data                                       |                                                                                                                   |                2 |              6 |         3.00 |
|  sys_clk_p_IBUF_BUFG                                                                                | dut/DECAP_MODULE/DECRYPT/DECODE/RS_DECOD/COMPUTE_ELP/cnt_en_buf_reg_n_2_[2]                                                  | dut/DECAP_MODULE/DECRYPT/DECODE/RS_DECOD/COMPUTE_ELP/cnt_en_buf[1]                                                |                2 |              6 |         3.00 |
|  sys_clk_p_IBUF_BUFG                                                                                | dut/DECAP_MODULE/DECRYPT/DECODE/RM_DECOD/HADAMARD/HADAMARD_LAYER[2].HL/FIFO_F1/next_rd_addr[4]_i_1__10_n_2                   |                                                                                                                   |                1 |              6 |         6.00 |
|  sys_clk_p_IBUF_BUFG                                                                                | dut/DECAP_MODULE/DECRYPT/DECODE/RM_DECOD/HADAMARD/HADAMARD_LAYER[2].HL/FIFO_F1/wr_data                                       |                                                                                                                   |                1 |              6 |         6.00 |
|  sys_clk_p_IBUF_BUFG                                                                                | dut/DECAP_MODULE/DECRYPT/DECODE/RM_DECOD/HADAMARD/HADAMARD_LAYER[2].HL/FIFO_S0/next_rd_addr[4]_i_1__12_n_2                   |                                                                                                                   |                1 |              6 |         6.00 |
|  sys_clk_p_IBUF_BUFG                                                                                | dut/DECAP_MODULE/DECRYPT/DECODE/RM_DECOD/HADAMARD/HADAMARD_LAYER[2].HL/FIFO_S0/wr_data                                       |                                                                                                                   |                2 |              6 |         3.00 |
|  sys_clk_p_IBUF_BUFG                                                                                | dut/DECAP_MODULE/DECRYPT/DECODE/RM_DECOD/HADAMARD/HADAMARD_LAYER[2].HL/FIFO_S1/next_rd_addr[4]_i_1__13_n_2                   |                                                                                                                   |                1 |              6 |         6.00 |
|  sys_clk_p_IBUF_BUFG                                                                                | dut/DECAP_MODULE/DECRYPT/DECODE/RM_DECOD/HADAMARD/HADAMARD_LAYER[2].HL/FIFO_S1/wr_data                                       |                                                                                                                   |                2 |              6 |         3.00 |
|  sys_clk_p_IBUF_BUFG                                                                                | dut/DECAP_MODULE/DECRYPT/DECODE/RM_DECOD/HADAMARD/HADAMARD_LAYER[2].HL/data_valid[3]_30                                      | dut/DECAP_MODULE/DECRYPT/DECODE/RM_DECOD/HADAMARD/HADAMARD_LAYER[3].HL/cnt_in0                                    |                2 |              6 |         3.00 |
|  sys_clk_p_IBUF_BUFG                                                                                | dut/DECAP_MODULE/DECRYPT/DECODE/RM_DECOD/HADAMARD/HADAMARD_LAYER[2].HL/cnt_out_en                                            | dut/DECAP_MODULE/DECRYPT/DECODE/RM_DECOD/HADAMARD/HADAMARD_LAYER[2].HL/cnt_out0                                   |                2 |              6 |         3.00 |
|  sys_clk_p_IBUF_BUFG                                                                                | dut/DECAP_MODULE/DECRYPT/DECODE/RM_DECOD/HADAMARD/HADAMARD_LAYER[1].HL/cnt_out_en                                            | dut/DECAP_MODULE/DECRYPT/DECODE/RM_DECOD/HADAMARD/HADAMARD_LAYER[1].HL/cnt_out0                                   |                2 |              6 |         3.00 |
|  sys_clk_p_IBUF_BUFG                                                                                | dut/DECAP_MODULE/DECRYPT/DECODE/RM_DECOD/HADAMARD/HADAMARD_LAYER[1].HL/data_valid[2]_28                                      | dut/DECAP_MODULE/DECRYPT/DECODE/RM_DECOD/HADAMARD/HADAMARD_LAYER[2].HL/cnt_in0                                    |                2 |              6 |         3.00 |
|  sys_clk_p_IBUF_BUFG                                                                                | dut/DECAP_MODULE/DECRYPT/DECODE/RM_DECOD/HADAMARD/HADAMARD_LAYER[0].HL/cnt_out_en                                            | dut/DECAP_MODULE/DECRYPT/DECODE/RM_DECOD/HADAMARD/HADAMARD_LAYER[0].HL/cnt_out0                                   |                2 |              6 |         3.00 |
|  sys_clk_p_IBUF_BUFG                                                                                | dut/DECAP_MODULE/DECRYPT/DECODE/RM_DECOD/HADAMARD/HADAMARD_LAYER[0].HL/data_valid[1]_26                                      | dut/DECAP_MODULE/DECRYPT/DECODE/RM_DECOD/HADAMARD/HADAMARD_LAYER[1].HL/cnt_in0                                    |                2 |              6 |         3.00 |
|  sys_clk_p_IBUF_BUFG                                                                                | dut/DECAP_MODULE/DECRYPT/DECODE/RM_DECOD/FIND_PEAKS/E[0]                                                                     | dut/DECAP_MODULE/DECRYPT/V_MINUS_UY/done_reg_1[0]                                                                 |                2 |              6 |         3.00 |
|  sys_clk_p_IBUF_BUFG                                                                                | dut/DECAP_MODULE/DECRYPT/DECODE/RM_DECOD/EXPANSE_AND_SUM/dout_buf[381]_i_1_n_2                                               | dut/DECAP_MODULE/DECRYPT/DECODE/RM_DECOD/EXPANSE_AND_SUM/dout_buf[383]_i_1_n_2                                    |                1 |              6 |         6.00 |
|  sys_clk_p_IBUF_BUFG                                                                                | dut/DECAP_MODULE/DECRYPT/DECODE/RM_DECOD/EXPANSE_AND_SUM/eas_dout_valid                                                      | dut/DECAP_MODULE/DECRYPT/DECODE/RM_DECOD/HADAMARD/HADAMARD_LAYER[0].HL/cnt_in0                                    |                2 |              6 |         3.00 |
|  sys_clk_p_IBUF_BUFG                                                                                | dut/DECAP_MODULE/DECRYPT/DECODE/RM_DECOD/HADAMARD/HADAMARD_LAYER[3].HL/cnt_out_en                                            | dut/DECAP_MODULE/DECRYPT/DECODE/RM_DECOD/HADAMARD/HADAMARD_LAYER[3].HL/cnt_out0                                   |                2 |              6 |         3.00 |
|  sys_clk_p_IBUF_BUFG                                                                                | dut/DECAP_MODULE/DECRYPT/DECODE/RM_DECOD/HADAMARD/had_dout_valid                                                             | dut/DECAP_MODULE/DECRYPT/DECODE/RM_DECOD/FIND_PEAKS/FIND_PEAKS_1/cnt_in[6]_i_1__5_n_2                             |                2 |              6 |         3.00 |
|  sys_clk_p_IBUF_BUFG                                                                                | dut/DECAP_MODULE/DECRYPT/DECODE/RM_DECOD/HADAMARD/HADAMARD_LAYER[5].HL/cnt_out_en                                            | dut/DECAP_MODULE/DECRYPT/DECODE/RM_DECOD/HADAMARD/HADAMARD_LAYER[5].HL/cnt_out0                                   |                2 |              6 |         3.00 |
|  sys_clk_p_IBUF_BUFG                                                                                | dut/DECAP_MODULE/DECRYPT/DECODE/RM_DECOD/HADAMARD/HADAMARD_LAYER[3].HL/data_valid[4]_32                                      | dut/DECAP_MODULE/DECRYPT/DECODE/RM_DECOD/HADAMARD/HADAMARD_LAYER[4].HL/cnt_in0                                    |                2 |              6 |         3.00 |
|  sys_clk_p_IBUF_BUFG                                                                                | dut/DECAP_MODULE/DECRYPT/DECODE/RM_DECOD/HADAMARD/HADAMARD_LAYER[5].HL/data_valid[6]_36                                      | dut/DECAP_MODULE/DECRYPT/DECODE/RM_DECOD/HADAMARD/HADAMARD_LAYER[6].HL/cnt_in0                                    |                2 |              6 |         3.00 |
|  sys_clk_p_IBUF_BUFG                                                                                | dut/DECAP_MODULE/DECRYPT/DECODE/RM_DECOD/HADAMARD/HADAMARD_LAYER[6].HL/cnt_out_en                                            | dut/DECAP_MODULE/DECRYPT/DECODE/RM_DECOD/HADAMARD/HADAMARD_LAYER[6].HL/cnt_out0                                   |                2 |              6 |         3.00 |
|  sys_clk_p_IBUF_BUFG                                                                                | dut/DECAP_MODULE/DECRYPT/DECODE/RS_DECOD/COMPUTE_ROOTS/FFT_RETRIEVE_ERROR/E[0]                                               |                                                                                                                   |                1 |              6 |         6.00 |
|  sys_clk_p_IBUF_BUFG                                                                                | dut/DECAP_MODULE/DECRYPT/DECODE/RM_DECOD/HADAMARD/had_dout_valid                                                             | dut/DECAP_MODULE/DECRYPT/DECODE/RM_DECOD/FIND_PEAKS/FIND_PEAKS_0/cnt_in[6]_i_1__4_n_2                             |                2 |              6 |         3.00 |
|  sys_clk_p_IBUF_BUFG                                                                                | dut/DECAP_MODULE/DECRYPT/DECODE/RM_DECOD/HADAMARD/dout_valid_d_reg_1[0]                                                      | dut/DECAP_MODULE/DECRYPT/DECODE/RM_DECOD/FIND_PEAKS/FIND_PEAKS_0/SR[0]                                            |                2 |              6 |         3.00 |
|  sys_clk_p_IBUF_BUFG                                                                                | dut/DECAP_MODULE/DECRYPT/DECODE/RM_DECOD/HADAMARD/dout_valid_d_reg_0[0]                                                      | dut/DECAP_MODULE/DECRYPT/DECODE/RM_DECOD/FIND_PEAKS/FIND_PEAKS_0/peak_pos[6]_i_1_n_2                              |                1 |              6 |         6.00 |
|  sys_clk_p_IBUF_BUFG                                                                                | dut/DECAP_MODULE/DECRYPT/DECODE/RS_DECOD/COMPUTE_SYNDROMES/cnt_en                                                            | dut/DECAP_MODULE/DECRYPT/DECODE/RS_DECOD/COMPUTE_SYNDROMES/cnt0                                                   |                2 |              6 |         3.00 |
|  sys_clk_p_IBUF_BUFG                                                                                | dut/DECAP_MODULE/ENCAP_FOR_RENCRYPT/ENCRYPT/ENCODE/REED_MULLER_ENCODE/count_cdw_bytes[5]_i_2__0_n_2                          | dut/DECAP_MODULE/ENCAP_FOR_RENCRYPT/ENCRYPT/ENCODE/REED_MULLER_ENCODE/count_cdw_bytes[5]_i_1_n_2                  |                3 |              6 |         2.00 |
|  sys_clk_p_IBUF_BUFG                                                                                | dut/DECAP_MODULE/ENCAP_FOR_RENCRYPT/FSM_onehot_h_state[5]_i_1__0_n_2                                                         | dut/DECAP_MODULE/DECRYPT/DECODE/RM_DECOD/HADAMARD/HADAMARD_LAYER[6].HL/FIFO_S1/SR[0]                              |                2 |              6 |         3.00 |
|  sys_clk_p_IBUF_BUFG                                                                                | dut/ENCAP_MODULE/ENCRYPT/ENCODE/REED_MULLER_ENCODE/count_cdw_bytes[5]_i_2_n_2                                                | dut/ENCAP_MODULE/ENCRYPT/ENCODE/REED_MULLER_ENCODE/count_cdw_bytes[5]_i_1__0_n_2                                  |                2 |              6 |         3.00 |
|  sys_clk_p_IBUF_BUFG                                                                                | dut/ENCAP_MODULE/FSM_onehot_h_state[5]_i_1_n_2                                                                               | dut/DECAP_MODULE/DECRYPT/DECODE/RM_DECOD/HADAMARD/HADAMARD_LAYER[6].HL/FIFO_S1/SR[0]                              |                2 |              6 |         3.00 |
|  sys_clk_p_IBUF_BUFG                                                                                | dut/DECAP_MODULE/DECRYPT/DECODE/RM_DECOD/HADAMARD/HADAMARD_LAYER[4].HL/cnt_out_en                                            | dut/DECAP_MODULE/DECRYPT/DECODE/RM_DECOD/HADAMARD/HADAMARD_LAYER[4].HL/cnt_out0                                   |                2 |              6 |         3.00 |
|  dut/SHAKE256/control_path_instance/prev_start_addr_reg[5]_i_1_n_2                                  |                                                                                                                              |                                                                                                                   |                2 |              6 |         3.00 |
|  sys_clk_p_IBUF_BUFG                                                                                | dut/DECAP_MODULE/DECRYPT/DECODE/RM_DECOD/HADAMARD/HADAMARD_LAYER[3].HL/FIFO_S1/wr_data                                       |                                                                                                                   |                2 |              7 |         3.50 |
|  sys_clk_p_IBUF_BUFG                                                                                | dut/DECAP_MODULE/DECRYPT/DECODE/RM_DECOD/HADAMARD/HADAMARD_LAYER[3].HL/FIFO_F1/next_rd_addr[4]_i_1__14_n_2                   |                                                                                                                   |                2 |              7 |         3.50 |
|  sys_clk_p_IBUF_BUFG                                                                                | dut/KEYGEN_MODULE/FIXEDWEIGHT/onegen_instance/rd_addr[6]_i_2__2_n_2                                                          | dut/KEYGEN_MODULE/FIXEDWEIGHT/onegen_instance/rd_addr[6]_i_1__2_n_2                                               |                3 |              7 |         2.33 |
|  sys_clk_p_IBUF_BUFG                                                                                | dut/KEYGEN_MODULE/FIXEDWEIGHT/shake_ctx/E[0]                                                                                 |                                                                                                                   |                2 |              7 |         3.50 |
|  sys_clk_p_IBUF_BUFG                                                                                | dut/ENCAP_MODULE/ENCRYPT/FIXEDWEIGHT/onegen_instance/rd_addr[6]_i_2__1_n_2                                                   | dut/ENCAP_MODULE/ENCRYPT/FIXEDWEIGHT/onegen_instance/done_s4_out                                                  |                3 |              7 |         2.33 |
|  sys_clk_p_IBUF_BUFG                                                                                | dut/KEYGEN_MODULE/LOC_BASED_ADDER/loc_rd_addr[6]_i_2_n_2                                                                     | dut/KEYGEN_MODULE/LOC_BASED_ADDER/loc_rd_addr[6]_i_1__1_n_2                                                       |                2 |              7 |         3.50 |
|  sys_clk_p_IBUF_BUFG                                                                                | dut/DECAP_MODULE/ENCAP_FOR_RENCRYPT/ENCRYPT/LOC_BASED_ADDER/loc_rd_addr[6]_i_2__1_n_2                                        | dut/DECAP_MODULE/ENCAP_FOR_RENCRYPT/ENCRYPT/LOC_BASED_ADDER/loc_rd_addr[6]_i_1_n_2                                |                2 |              7 |         3.50 |
|  sys_clk_p_IBUF_BUFG                                                                                | dut/DECAP_MODULE/DECRYPT/DECODE/RS_DECOD/COMPUTE_ERRVALS/i_cnt07_out                                                         | dut/DECAP_MODULE/DECRYPT/DECODE/RS_DECOD/COMPUTE_ERRVALS/i_cnt0                                                   |                4 |              7 |         1.75 |
|  sys_clk_p_IBUF_BUFG                                                                                | dut/KEYGEN_MODULE/x_addr[6]_i_2_n_2                                                                                          | dut/KEYGEN_MODULE/x_addr[6]_i_1_n_2                                                                               |                2 |              7 |         3.50 |
|  sys_clk_p_IBUF_BUFG                                                                                | dut/DECAP_MODULE/DECRYPT/DECODE/RM_DECOD/HADAMARD/HADAMARD_LAYER[3].HL/FIFO_S1/next_rd_addr[4]_i_1__17_n_2                   |                                                                                                                   |                2 |              7 |         3.50 |
|  sys_clk_p_IBUF_BUFG                                                                                | dut/DECAP_MODULE/DECRYPT/DECODE/RM_DECOD/HADAMARD/HADAMARD_LAYER[3].HL/FIFO_F0/next_rd_addr[4]_i_1__15_n_2                   |                                                                                                                   |                2 |              7 |         3.50 |
|  sys_clk_p_IBUF_BUFG                                                                                | dut/DECAP_MODULE/DECRYPT/DECODE/RM_DECOD/HADAMARD/HADAMARD_LAYER[3].HL/FIFO_F0/wr_data                                       |                                                                                                                   |                2 |              7 |         3.50 |
|  sys_clk_p_IBUF_BUFG                                                                                | dut/ENCAP_MODULE/ENCRYPT/fw_addr[6]_i_2_n_2                                                                                  | dut/ENCAP_MODULE/ENCRYPT/fw_addr[6]_i_1__0_n_2                                                                    |                2 |              7 |         3.50 |
|  sys_clk_p_IBUF_BUFG                                                                                | dut/DECAP_MODULE/DECRYPT/DECODE/RM_DECOD/HADAMARD/HADAMARD_LAYER[3].HL/FIFO_S0/wr_data                                       |                                                                                                                   |                2 |              7 |         3.50 |
|  sys_clk_p_IBUF_BUFG                                                                                | dut/DECAP_MODULE/ENCAP_FOR_RENCRYPT/ENCRYPT/FIXEDWEIGHT/onegen_instance/rd_addr[6]_i_2__0_n_2                                | dut/DECAP_MODULE/ENCAP_FOR_RENCRYPT/ENCRYPT/FIXEDWEIGHT/onegen_instance/done_s4_out                               |                2 |              7 |         3.50 |
|  sys_clk_p_IBUF_BUFG                                                                                | dut/DECAP_MODULE/DECRYPT/DECODE/RM_DECOD/HADAMARD/HADAMARD_LAYER[3].HL/FIFO_S0/next_rd_addr[4]_i_1__16_n_2                   |                                                                                                                   |                2 |              7 |         3.50 |
|  sys_clk_p_IBUF_BUFG                                                                                | dut/DECAP_MODULE/DECRYPT/DECODE/RM_DECOD/HADAMARD/HADAMARD_LAYER[3].HL/FIFO_F1/wr_data                                       |                                                                                                                   |                2 |              7 |         3.50 |
|  sys_clk_p_IBUF_BUFG                                                                                | dut/ENCAP_MODULE/ENCRYPT/LOC_BASED_ADDER/loc_rd_addr[6]_i_2__0_n_2                                                           | dut/ENCAP_MODULE/ENCRYPT/LOC_BASED_ADDER/loc_rd_addr[6]_i_1__0_n_2                                                |                3 |              7 |         2.33 |
|  sys_clk_p_IBUF_BUFG                                                                                | dut/DECAP_MODULE/ENCAP_FOR_RENCRYPT/ENCRYPT/fw_addr[6]_i_2__0_n_2                                                            | dut/DECAP_MODULE/ENCAP_FOR_RENCRYPT/ENCRYPT/fw_addr[6]_i_1_n_2                                                    |                2 |              7 |         3.50 |
|  sys_clk_p_IBUF_BUFG                                                                                | dut/DECAP_MODULE/DECRYPT/DECODE/RS_DECOD/COMPUTE_ROOTS/ADD_FFT/FFT_PART2/ROUND[0].FFT_ROUND/FIFO_FFT/wr_data[7]_i_1__3_n_2   |                                                                                                                   |                1 |              8 |         8.00 |
|  sys_clk_p_IBUF_BUFG                                                                                | dut/ENCAP_MODULE/u_v_out_addr_int[7]_i_2_n_2                                                                                 | dut/ENCAP_MODULE/u_v_out_addr_int[7]_i_1__0_n_2                                                                   |                3 |              8 |         2.67 |
|  sys_clk_p_IBUF_BUFG                                                                                | dut/DECAP_MODULE/DECRYPT/DECODE/RS_DECOD/COMPUTE_ROOTS/ADD_FFT/FFT_PART2/ROUND[2].FFT_ROUND/dout_en_d_reg_0[0]               | dut/DECAP_MODULE/DECRYPT/DECODE/RS_DECOD/COMPUTE_ROOTS/ADD_FFT/FFT_PART2/ROUND[3].FFT_ROUND/cnt_in0               |                3 |              8 |         2.67 |
|  sys_clk_p_IBUF_BUFG                                                                                | dut/DECAP_MODULE/DECRYPT/DECODE/RS_DECOD/COMPUTE_ROOTS/ADD_FFT/FFT_PART2/ROUND[3].FFT_ROUND/FIFO_FFT/wr_data[7]_i_1__6_n_2   |                                                                                                                   |                3 |              8 |         2.67 |
|  sys_clk_p_IBUF_BUFG                                                                                | dut/DECAP_MODULE/DECRYPT/DECODE/RM_DECOD/HADAMARD/HADAMARD_LAYER[1].HL/FIFO_F1/wr_v__4                                       |                                                                                                                   |                1 |              8 |         8.00 |
|  sys_clk_p_IBUF_BUFG                                                                                | dut/DECAP_MODULE/DECRYPT/DECODE/RS_DECOD/COMPUTE_ROOTS/ADD_FFT/FFT_PART2/ROUND[3].FFT_ROUND/dout_en                          |                                                                                                                   |                4 |              8 |         2.00 |
|  sys_clk_p_IBUF_BUFG                                                                                | dut/DECAP_MODULE/DECRYPT/DECODE/RS_DECOD/COMPUTE_ROOTS/ADD_FFT/FFT_PART2/ROUND[3].FFT_ROUND/dout_en                          | dut/DECAP_MODULE/DECRYPT/DECODE/RS_DECOD/COMPUTE_ROOTS/ADD_FFT/FFT_PART2/ROUND[3].FFT_ROUND/cnt_out[7]_i_1__3_n_2 |                3 |              8 |         2.67 |
|  sys_clk_p_IBUF_BUFG                                                                                | dut/ENCAP_MODULE/u_v_reg[7]_i_1_n_2                                                                                          |                                                                                                                   |                2 |              8 |         4.00 |
|  sys_clk_p_IBUF_BUFG                                                                                | dut/DECAP_MODULE/DECRYPT/DECODE/RS_DECOD/COMPUTE_ROOTS/ADD_FFT/FFT_PART2/ROUND[3].FFT_ROUND/dout_en_d_reg_0[0]               | dut/DECAP_MODULE/DECRYPT/DECODE/RS_DECOD/COMPUTE_ROOTS/ADD_FFT/FFT_PART2/ROUND[3].FFT_ROUND/cnt_out_reg[6]_0[0]   |                2 |              8 |         4.00 |
|  sys_clk_p_IBUF_BUFG                                                                                | dut/DECAP_MODULE/DECRYPT/DECODE/RS_DECOD/COMPUTE_ROOTS/ADD_FFT/FFT_PART2/ROUND[0].FFT_ROUND/FIFO_FFT/next_rd_addr[3]_i_1_n_2 |                                                                                                                   |                2 |              8 |         4.00 |
|  sys_clk_p_IBUF_BUFG                                                                                | dut/DECAP_MODULE/DECRYPT/DECODE/RS_DECOD/COMPUTE_ROOTS/ADD_FFT/cnt_en                                                        | dut/DECAP_MODULE/DECRYPT/DECODE/RS_DECOD/COMPUTE_ROOTS/ADD_FFT/FFT_PART1/SR[0]                                    |                3 |              8 |         2.67 |
|  sys_clk_p_IBUF_BUFG                                                                                | dut/DECAP_MODULE/DECRYPT/DECODE/RS_DECOD/COMPUTE_ROOTS/ADD_FFT/fft2_din_vld                                                  | dut/DECAP_MODULE/DECRYPT/DECODE/RS_DECOD/COMPUTE_ROOTS/ADD_FFT/FFT_PART2/ROUND[0].FFT_ROUND/cnt_in0               |                2 |              8 |         4.00 |
|  sys_clk_p_IBUF_BUFG                                                                                | dut/DECAP_MODULE/DECRYPT/DECODE/RS_DECOD/COMPUTE_ROOTS/ADD_FFT/fft2_din_vld                                                  | dut/DECAP_MODULE/DECRYPT/DECODE/RS_DECOD/COMPUTE_ROOTS/ADD_FFT/fft2_cnt0                                          |                2 |              8 |         4.00 |
|  sys_clk_p_IBUF_BUFG                                                                                | dut/ENCAP_MODULE/shake_support_vector[31]_i_1__0_n_2                                                                         |                                                                                                                   |                4 |              8 |         2.00 |
|  sys_clk_p_IBUF_BUFG                                                                                | dut/DECAP_MODULE/DECRYPT/DECODE/RS_DECOD/COMPUTE_ERRVALS/beta_wr                                                             |                                                                                                                   |                2 |              8 |         4.00 |
|  sys_clk_p_IBUF_BUFG                                                                                | dut/DECAP_MODULE/DECRYPT/DECODE/RS_DECOD/COMPUTE_ROOTS/ADD_FFT/FFT_PART2/ROUND[0].FFT_ROUND/dout_en                          |                                                                                                                   |                3 |              8 |         2.67 |
|  sys_clk_p_IBUF_BUFG                                                                                | dut/DECAP_MODULE/DECRYPT/DECODE/RS_DECOD/COMPUTE_ROOTS/ADD_FFT/FFT_PART2/ROUND[0].FFT_ROUND/FIFO_FFT/next_rd_addr[3]_i_1_n_2 | dut/DECAP_MODULE/DECRYPT/DECODE/RM_DECOD/HADAMARD/HADAMARD_LAYER[6].HL/FIFO_S1/SR[0]                              |                2 |              8 |         4.00 |
|  sys_clk_p_IBUF_BUFG                                                                                | dut/ENCAP_MODULE/hash_in_addr[10]_i_2__0_n_2                                                                                 | dut/ENCAP_MODULE/hash_in_addr[10]_i_1_n_2                                                                         |                3 |              8 |         2.67 |
|  sys_clk_p_IBUF_BUFG                                                                                | dut/DECAP_MODULE/u_v_in_addr[7]_i_2_n_2                                                                                      | dut/DECAP_MODULE/u_v_in_addr[7]_i_1_n_2                                                                           |                2 |              8 |         4.00 |
|  sys_clk_p_IBUF_BUFG                                                                                | dut/DECAP_MODULE/DECRYPT/DECODE/RS_DECOD/COMPUTE_ROOTS/ADD_FFT/FFT_PART2/ROUND[0].FFT_ROUND/dout_en                          | dut/DECAP_MODULE/DECRYPT/DECODE/RS_DECOD/COMPUTE_ROOTS/ADD_FFT/FFT_PART2/ROUND[0].FFT_ROUND/cnt_out[7]_i_1__0_n_2 |                2 |              8 |         4.00 |
|  sys_clk_p_IBUF_BUFG                                                                                | dut/DECAP_MODULE/DECRYPT/DECODE/RM_DECOD/HADAMARD/HADAMARD_LAYER[4].HL/FIFO_S1/next_rd_addr[4]_i_1__21_n_2                   |                                                                                                                   |                2 |              8 |         4.00 |
|  sys_clk_p_IBUF_BUFG                                                                                | dut/DECAP_MODULE/encap_out_addr[7]_i_2_n_2                                                                                   | dut/DECAP_MODULE/encap_out_addr[7]_i_1_n_2                                                                        |                2 |              8 |         4.00 |
|  sys_clk_p_IBUF_BUFG                                                                                | dut/DECAP_MODULE/POLY_MULT/addr_1_int_red_mem[8]_i_2__1_n_2                                                                  | dut/DECAP_MODULE/POLY_MULT/addr_1_int_red_mem[8]_i_1__1_n_2                                                       |                4 |              8 |         2.00 |
|  sys_clk_p_IBUF_BUFG                                                                                | dut/DECAP_MODULE/DECRYPT/DECODE/RM_DECOD/HADAMARD/HADAMARD_LAYER[4].HL/FIFO_S1/wr_data                                       |                                                                                                                   |                2 |              8 |         4.00 |
|  sys_clk_p_IBUF_BUFG                                                                                | dut/ENCAP_MODULE/ENCRYPT/XOR_BASED_ADDER/in_addr[7]_i_2_n_2                                                                  | dut/ENCAP_MODULE/ENCRYPT/XOR_BASED_ADDER/in_addr[7]_i_1__1_n_2                                                    |                4 |              8 |         2.00 |
|  sys_clk_p_IBUF_BUFG                                                                                | dut/DECAP_MODULE/DECRYPT/DECODE/RS_DECOD/COMPUTE_ROOTS/ADD_FFT/FFT_PART2/ROUND[0].FFT_ROUND/dout_en_d_reg_0[0]               | dut/DECAP_MODULE/DECRYPT/DECODE/RS_DECOD/COMPUTE_ROOTS/ADD_FFT/FFT_PART2/ROUND[1].FFT_ROUND/cnt_in0               |                2 |              8 |         4.00 |
|  sys_clk_p_IBUF_BUFG                                                                                | dut/DECAP_MODULE/DECRYPT/DECODE/RM_DECOD/HADAMARD/HADAMARD_LAYER[2].HL/FIFO_F0/wr_v__7                                       |                                                                                                                   |                1 |              8 |         8.00 |
|  sys_clk_p_IBUF_BUFG                                                                                | dut/DECAP_MODULE/DECRYPT/DECODE/RM_DECOD/HADAMARD/HADAMARD_LAYER[4].HL/FIFO_F1/wr_data                                       |                                                                                                                   |                2 |              8 |         4.00 |
|  sys_clk_p_IBUF_BUFG                                                                                | dut/DECAP_MODULE/DECRYPT/DECODE/RS_DECOD/COMPUTE_ROOTS/FFT_RETRIEVE_ERROR/cnt_en                                             | dut/DECAP_MODULE/DECRYPT/DECODE/RS_DECOD/COMPUTE_ROOTS/FFT_RETRIEVE_ERROR/cnt0                                    |                3 |              8 |         2.67 |
|  sys_clk_p_IBUF_BUFG                                                                                | dut/ENCAP_MODULE/ENCRYPT/POLY_MULT/addr_1_int_red_mem[8]_i_2_n_2                                                             | dut/ENCAP_MODULE/ENCRYPT/POLY_MULT/addr_1_int_red_mem[8]_i_1_n_2                                                  |                5 |              8 |         1.60 |
|  sys_clk_p_IBUF_BUFG                                                                                | dut/DECAP_MODULE/DECRYPT/DECODE/RS_DECOD/COMPUTE_ROOTS/ADD_FFT/FFT_PART2/ROUND[2].FFT_ROUND/FIFO_FFT/next_rd_addr[5]_i_1_n_2 |                                                                                                                   |                3 |              8 |         2.67 |
|  sys_clk_p_IBUF_BUFG                                                                                | dut/DECAP_MODULE/DECRYPT/V_MINUS_UY/XOR_BASED_ADDER/in_addr[7]_i_2__1_n_2                                                    | dut/DECAP_MODULE/DECRYPT/V_MINUS_UY/XOR_BASED_ADDER/in_addr[7]_i_1_n_2                                            |                3 |              8 |         2.67 |
|  sys_clk_p_IBUF_BUFG                                                                                | dut/DECAP_MODULE/ENCAP_FOR_RENCRYPT/u_v_out_addr_int[7]_i_2__0_n_2                                                           | dut/DECAP_MODULE/ENCAP_FOR_RENCRYPT/u_v_out_addr_int[7]_i_1_n_2                                                   |                2 |              8 |         4.00 |
|  sys_clk_p_IBUF_BUFG                                                                                | dut/ENCAP_MODULE/ENCRYPT/LOC_BASED_ADDER/FSM_sequential_u_state_reg[0]_0                                                     | dut/ENCAP_MODULE/ENCRYPT/u_cpy_addr[7]_i_1__0_n_2                                                                 |                3 |              8 |         2.67 |
|  sys_clk_p_IBUF_BUFG                                                                                | dut/DECAP_MODULE/ENCAP_FOR_RENCRYPT/u_v_reg[7]_i_1__0_n_2                                                                    |                                                                                                                   |                3 |              8 |         2.67 |
|  sys_clk_p_IBUF_BUFG                                                                                | dut/DECAP_MODULE/DECRYPT/DECODE/RM_DECOD/HADAMARD/HADAMARD_LAYER[4].HL/FIFO_S0/wr_data                                       |                                                                                                                   |                2 |              8 |         4.00 |
|  sys_clk_p_IBUF_BUFG                                                                                | dut/DECAP_MODULE/DECRYPT/DECODE/RM_DECOD/HADAMARD/HADAMARD_LAYER[4].HL/FIFO_S0/next_rd_addr[4]_i_1__20_n_2                   |                                                                                                                   |                2 |              8 |         4.00 |
|  sys_clk_p_IBUF_BUFG                                                                                | dut/DECAP_MODULE/ENCAP_FOR_RENCRYPT/ENCRYPT/FIXEDWEIGHT/shake_ctx/E[0]                                                       | dut/DECAP_MODULE/ENCAP_FOR_RENCRYPT/ENCRYPT/FIXEDWEIGHT/weight_counter_init                                       |                2 |              8 |         4.00 |
|  sys_clk_p_IBUF_BUFG                                                                                | dut/ENCAP_MODULE/ENCRYPT/FIXEDWEIGHT/wr_addr_ctx[6]_i_1_n_2                                                                  |                                                                                                                   |                6 |              8 |         1.33 |
|  sys_clk_p_IBUF_BUFG                                                                                | dut/DECAP_MODULE/ENCAP_FOR_RENCRYPT/ENCRYPT/FIXEDWEIGHT/onegen_instance/count_reg[7]_i_2__1_n_2                              | dut/DECAP_MODULE/ENCAP_FOR_RENCRYPT/ENCRYPT/FIXEDWEIGHT/onegen_instance/count_reg[7]_i_1_n_2                      |                4 |              8 |         2.00 |
|  sys_clk_p_IBUF_BUFG                                                                                | dut/DECAP_MODULE/DECRYPT/DECODE/RS_DECOD/COMPUTE_ERRVALS/jj_cnt_en                                                           | dut/DECAP_MODULE/DECRYPT/DECODE/RS_DECOD/COMPUTE_ERRVALS/tmp2                                                     |                5 |              8 |         1.60 |
|  sys_clk_p_IBUF_BUFG                                                                                | dut/DECAP_MODULE/DECRYPT/DECODE/RS_DECOD/COMPUTE_ROOTS/ADD_FFT/FFT_PART2/ROUND[0].FFT_ROUND/FIFO_FFT/wr_v                    | dut/DECAP_MODULE/DECRYPT/DECODE/RM_DECOD/HADAMARD/HADAMARD_LAYER[6].HL/FIFO_S1/SR[0]                              |                2 |              8 |         4.00 |
|  sys_clk_p_IBUF_BUFG                                                                                | dut/DECAP_MODULE/DECRYPT/DECODE/RS_DECOD/COMPUTE_ERRVALS/ik_cnt_en                                                           | dut/DECAP_MODULE/DECRYPT/DECODE/RS_DECOD/COMPUTE_ERRVALS/tmp2                                                     |                6 |              8 |         1.33 |
|  sys_clk_p_IBUF_BUFG                                                                                | dut/DECAP_MODULE/DECRYPT/DECODE/RS_DECOD/COMPUTE_ERRVALS/e_wr                                                                |                                                                                                                   |                2 |              8 |         4.00 |
|  sys_clk_p_IBUF_BUFG                                                                                | dut/DECAP_MODULE/DECRYPT/DECODE/RS_DECOD/COMPUTE_ERRVALS/tmp20                                                               | dut/DECAP_MODULE/DECRYPT/DECODE/RS_DECOD/COMPUTE_ERRVALS/tmp2                                                     |                3 |              8 |         2.67 |
|  sys_clk_p_IBUF_BUFG                                                                                | dut/DECAP_MODULE/ENCAP_FOR_RENCRYPT/shake_support_vector[31]_i_1_n_2                                                         |                                                                                                                   |                3 |              8 |         2.67 |
|  sys_clk_p_IBUF_BUFG                                                                                | dut/DECAP_MODULE/ENCAP_FOR_RENCRYPT/ENCRYPT/XOR_BASED_ADDER/in_addr[7]_i_2__0_n_2                                            | dut/DECAP_MODULE/ENCAP_FOR_RENCRYPT/ENCRYPT/XOR_BASED_ADDER/in_addr[7]_i_1__0_n_2                                 |                3 |              8 |         2.67 |
|  sys_clk_p_IBUF_BUFG                                                                                | dut/DECAP_MODULE/DECRYPT/DECODE/RS_DECOD/COMPUTE_ERRVALS/err_val0                                                            | dut/DECAP_MODULE/DECRYPT/DECODE/RS_DECOD/COMPUTE_ERRVALS/err_val[127]_i_1_n_2                                     |                1 |              8 |         8.00 |
|  sys_clk_p_IBUF_BUFG                                                                                | dut/DECAP_MODULE/ENCAP_FOR_RENCRYPT/ENCRYPT/FIXEDWEIGHT/wr_addr_ctx[6]_i_1__0_n_2                                            |                                                                                                                   |                4 |              8 |         2.00 |
|  sys_clk_p_IBUF_BUFG                                                                                | dut/DECAP_MODULE/ENCAP_FOR_RENCRYPT/hash_in_addr[10]_i_2_n_2                                                                 | dut/DECAP_MODULE/ENCAP_FOR_RENCRYPT/hash_in_addr[10]_i_1__0_n_2                                                   |                2 |              8 |         4.00 |
|  sys_clk_p_IBUF_BUFG                                                                                | dut/DECAP_MODULE/DECRYPT/DECODE/RM_DECOD/RM_DECOD_CTRL/ram_din_rd_o                                                          | dut/DECAP_MODULE/DECRYPT/V_MINUS_UY/SR[0]                                                                         |                3 |              8 |         2.67 |
|  sys_clk_p_IBUF_BUFG                                                                                | dut/DECAP_MODULE/DECRYPT/DECODE/RM_DECOD/EXPANSE_AND_SUM/cnt_out_en                                                          | dut/DECAP_MODULE/DECRYPT/DECODE/RM_DECOD/EXPANSE_AND_SUM/cnt_out0                                                 |                2 |              8 |         4.00 |
|  sys_clk_p_IBUF_BUFG                                                                                | dut/DECAP_MODULE/ENCAP_FOR_RENCRYPT/ENCRYPT/LOC_BASED_ADDER/FSM_sequential_u_state_reg[0]_0                                  | dut/DECAP_MODULE/ENCAP_FOR_RENCRYPT/ENCRYPT/u_cpy_addr[7]_i_1_n_2                                                 |                3 |              8 |         2.67 |
|  sys_clk_p_IBUF_BUFG                                                                                | dut/DECAP_MODULE/DECRYPT/DECODE/RM_DECOD/HADAMARD/HADAMARD_LAYER[4].HL/FIFO_F0/next_rd_addr[4]_i_1__19_n_2                   |                                                                                                                   |                2 |              8 |         4.00 |
|  sys_clk_p_IBUF_BUFG                                                                                | dut/DECAP_MODULE/DECRYPT/DECODE/RM_DECOD/HADAMARD/HADAMARD_LAYER[4].HL/FIFO_F0/wr_data_0                                     |                                                                                                                   |                2 |              8 |         4.00 |
|  sys_clk_p_IBUF_BUFG                                                                                | dut/DECAP_MODULE/DECRYPT/DECODE/RM_DECOD/HADAMARD/HADAMARD_LAYER[4].HL/FIFO_F1/next_rd_addr[4]_i_1__18_n_2                   |                                                                                                                   |                2 |              8 |         4.00 |
|  sys_clk_p_IBUF_BUFG                                                                                | dut/DECAP_MODULE/DECRYPT/DECODE/RS_DECOD/COMPUTE_ROOTS/ADD_FFT/FFT_PART2/ROUND[1].FFT_ROUND/FIFO_FFT/next_rd_addr[4]_i_1_n_2 |                                                                                                                   |                2 |              8 |         4.00 |
|  sys_clk_p_IBUF_BUFG                                                                                | dut/DECAP_MODULE/DECRYPT/DECODE/RS_DECOD/COMPUTE_ROOTS/ADD_FFT/FFT_PART2/ROUND[1].FFT_ROUND/FIFO_FFT/wr_data[7]_i_1__4_n_2   |                                                                                                                   |                3 |              8 |         2.67 |
|  sys_clk_p_IBUF_BUFG                                                                                | dut/ENCAP_MODULE/ENCRYPT/FIXEDWEIGHT/onegen_instance/count_reg[7]_i_2__0_n_2                                                 | dut/ENCAP_MODULE/ENCRYPT/FIXEDWEIGHT/onegen_instance/count_reg[7]_i_1__0_n_2                                      |                4 |              8 |         2.00 |
|  sys_clk_p_IBUF_BUFG                                                                                | dut/DECAP_MODULE/ENCAP_FOR_RENCRYPT/ENCRYPT/POLY_MULT/addr_1_int_red_mem[8]_i_2__0_n_2                                       | dut/DECAP_MODULE/ENCAP_FOR_RENCRYPT/ENCRYPT/POLY_MULT/addr_1_int_red_mem[8]_i_1__0_n_2                            |                4 |              8 |         2.00 |
|  sys_clk_p_IBUF_BUFG                                                                                | dut/DECAP_MODULE/DECRYPT/DECODE/RS_DECOD/COMPUTE_ROOTS/ADD_FFT/FFT_PART2/ROUND[1].FFT_ROUND/dout_en                          |                                                                                                                   |                4 |              8 |         2.00 |
|  sys_clk_p_IBUF_BUFG                                                                                | dut/DECAP_MODULE/DECRYPT/DECODE/RS_DECOD/COMPUTE_ROOTS/ADD_FFT/FFT_PART2/ROUND[1].FFT_ROUND/dout_en                          | dut/DECAP_MODULE/DECRYPT/DECODE/RS_DECOD/COMPUTE_ROOTS/ADD_FFT/FFT_PART2/ROUND[1].FFT_ROUND/cnt_out[7]_i_1__1_n_2 |                3 |              8 |         2.67 |
|  sys_clk_p_IBUF_BUFG                                                                                | dut/DECAP_MODULE/DECRYPT/DECODE/RS_DECOD/COMPUTE_ROOTS/ADD_FFT/FFT_PART2/ROUND[1].FFT_ROUND/dout_en_d_reg_0[0]               |                                                                                                                   |                4 |              8 |         2.00 |
|  sys_clk_p_IBUF_BUFG                                                                                | dut/DECAP_MODULE/DECRYPT/DECODE/RS_DECOD/COMPUTE_ROOTS/ADD_FFT/FFT_PART2/ROUND[1].FFT_ROUND/dout_en_d_reg_0[0]               | dut/DECAP_MODULE/DECRYPT/DECODE/RS_DECOD/COMPUTE_ROOTS/ADD_FFT/FFT_PART2/ROUND[2].FFT_ROUND/cnt_in0               |                3 |              8 |         2.67 |
|  sys_clk_p_IBUF_BUFG                                                                                | dut/DECAP_MODULE/DECRYPT/DECODE/RS_DECOD/COMPUTE_ROOTS/ADD_FFT/FFT_PART2/ROUND[2].FFT_ROUND/FIFO_FFT/wr_data[7]_i_1__5_n_2   |                                                                                                                   |                2 |              8 |         4.00 |
|  sys_clk_p_IBUF_BUFG                                                                                | dut/ENCAP_MODULE/ENCRYPT/FIXEDWEIGHT/shake_ctx/E[0]                                                                          | dut/ENCAP_MODULE/ENCRYPT/FIXEDWEIGHT/weight_counter_init                                                          |                3 |              8 |         2.67 |
|  sys_clk_p_IBUF_BUFG                                                                                | dut/DECAP_MODULE/DECRYPT/DECODE/RS_DECOD/COMPUTE_ROOTS/ADD_FFT/FFT_PART2/ROUND[2].FFT_ROUND/dout_en                          |                                                                                                                   |                2 |              8 |         4.00 |
|  sys_clk_p_IBUF_BUFG                                                                                | dut/DECAP_MODULE/DECRYPT/DECODE/RS_DECOD/COMPUTE_ROOTS/ADD_FFT/FFT_PART2/ROUND[2].FFT_ROUND/dout_en                          | dut/DECAP_MODULE/DECRYPT/DECODE/RS_DECOD/COMPUTE_ROOTS/ADD_FFT/FFT_PART2/ROUND[2].FFT_ROUND/cnt_out[7]_i_1__2_n_2 |                3 |              8 |         2.67 |
|  sys_clk_p_IBUF_BUFG                                                                                | dut/DECAP_MODULE/DECRYPT/DECODE/RS_DECOD/COMPUTE_ROOTS/ADD_FFT/FFT_PART2/ROUND[2].FFT_ROUND/dout_en_d_reg_0[0]               |                                                                                                                   |                2 |              8 |         4.00 |
|  sys_clk_p_IBUF_BUFG                                                                                | dut/DECAP_MODULE/DECRYPT/DECODE/RM_DECOD/HADAMARD/HADAMARD_LAYER[1].HL/FIFO_S1/wr_v__6                                       |                                                                                                                   |                1 |              8 |         8.00 |
|  sys_clk_p_IBUF_BUFG                                                                                | dut/KEYGEN_MODULE/FIXEDWEIGHT/shake_ctx/red_state_reg[0][0]                                                                  | dut/KEYGEN_MODULE/FIXEDWEIGHT/weight_counter_init                                                                 |                3 |              8 |         2.67 |
|  sys_clk_p_IBUF_BUFG                                                                                | dut/KEYGEN_MODULE/FIXEDWEIGHT/onegen_instance/count_reg[7]_i_2_n_2                                                           | dut/KEYGEN_MODULE/FIXEDWEIGHT/onegen_instance/count_reg[7]_i_1__1_n_2                                             |                5 |              8 |         1.60 |
|  sys_clk_p_IBUF_BUFG                                                                                | dut/KEYGEN_MODULE/FIXEDWEIGHT/onegen_instance/red_state_reg[0]                                                               |                                                                                                                   |                4 |              8 |         2.00 |
|  sys_clk_p_IBUF_BUFG                                                                                | dut/DECAP_MODULE/DECRYPT/DECODE/RM_DECOD/HADAMARD/HADAMARD_LAYER[1].HL/FIFO_F0/wr_v__3                                       |                                                                                                                   |                1 |              8 |         8.00 |
|  sys_clk_p_IBUF_BUFG                                                                                | dut/DECAP_MODULE/DECRYPT/DECODE/RM_DECOD/HADAMARD/HADAMARD_LAYER[0].HL/FIFO_S1/E[0]                                          |                                                                                                                   |                1 |              8 |         8.00 |
|  sys_clk_p_IBUF_BUFG                                                                                | dut/DECAP_MODULE/DECRYPT/DECODE/RM_DECOD/HADAMARD/HADAMARD_LAYER[0].HL/FIFO_S0/E[0]                                          |                                                                                                                   |                1 |              8 |         8.00 |
|  sys_clk_p_IBUF_BUFG                                                                                | dut/DECAP_MODULE/DECRYPT/DECODE/RM_DECOD/HADAMARD/HADAMARD_LAYER[0].HL/FIFO_F1/E[0]                                          |                                                                                                                   |                1 |              8 |         8.00 |
|  sys_clk_p_IBUF_BUFG                                                                                | dut/DECAP_MODULE/DECRYPT/DECODE/RM_DECOD/HADAMARD/HADAMARD_LAYER[0].HL/FIFO_F0/E[0]                                          |                                                                                                                   |                1 |              8 |         8.00 |
|  sys_clk_p_IBUF_BUFG                                                                                | dut/DECAP_MODULE/DECRYPT/DECODE/RM_DECOD/HADAMARD/HADAMARD_LAYER[1].HL/FIFO_S0/wr_v__5                                       |                                                                                                                   |                1 |              8 |         8.00 |
|  sys_clk_p_IBUF_BUFG                                                                                | dut/DECAP_MODULE/DECRYPT/DECODE/RM_DECOD/HADAMARD/HADAMARD_LAYER[2].HL/FIFO_S1/wr_v__10                                      |                                                                                                                   |                1 |              8 |         8.00 |
|  sys_clk_p_IBUF_BUFG                                                                                | dut/DECAP_MODULE/DECRYPT/DECODE/RM_DECOD/HADAMARD/HADAMARD_LAYER[2].HL/FIFO_S0/wr_v__9                                       |                                                                                                                   |                1 |              8 |         8.00 |
|  sys_clk_p_IBUF_BUFG                                                                                | dut/DECAP_MODULE/DECRYPT/DECODE/RM_DECOD/HADAMARD/HADAMARD_LAYER[2].HL/FIFO_F1/wr_v__8                                       |                                                                                                                   |                1 |              8 |         8.00 |
|  sys_clk_p_IBUF_BUFG                                                                                | dut/DECAP_MODULE/DECRYPT/DECODE/RS_DECOD/COMPUTE_ROOTS/ADD_FFT/FFT_PART2/ROUND[0].FFT_ROUND/dout_en_d_reg_0[0]               |                                                                                                                   |                4 |              8 |         2.00 |
|  sys_clk_p_IBUF_BUFG                                                                                | dut/DECAP_MODULE/DECRYPT/DECODE/RM_DECOD/HADAMARD/HADAMARD_LAYER[5].HL/FIFO_F0/next_rd_addr[4]_i_1__23_n_2                   |                                                                                                                   |                2 |              9 |         4.50 |
|  sys_clk_p_IBUF_BUFG                                                                                | dut/DECAP_MODULE/POLY_MULT/addr_0_intermediate[8]_i_2__1_n_2                                                                 | dut/DECAP_MODULE/POLY_MULT/addr_0_intermediate[8]_i_1_n_2                                                         |                7 |              9 |         1.29 |
|  sys_clk_p_IBUF_BUFG                                                                                | dut/ENCAP_MODULE/ENCRYPT/POLY_MULT/addr_0_intermediate[8]_i_2_n_2                                                            | dut/ENCAP_MODULE/ENCRYPT/POLY_MULT/addr_0_intermediate[8]_i_1__1_n_2                                              |                6 |              9 |         1.50 |
|  sys_clk_p_IBUF_BUFG                                                                                | dut/DECAP_MODULE/DECRYPT/DECODE/RM_DECOD/HADAMARD/HADAMARD_LAYER[5].HL/FIFO_S1/wr_data                                       |                                                                                                                   |                3 |              9 |         3.00 |
|  sys_clk_p_IBUF_BUFG                                                                                | dut/ENCAP_MODULE/ENCRYPT/POLY_MULT/addr_0_int_red_mem[8]_i_2_n_2                                                             | dut/ENCAP_MODULE/ENCRYPT/POLY_MULT/addr_0_int_red_mem[8]_i_1_n_2                                                  |                6 |              9 |         1.50 |
|  sys_clk_p_IBUF_BUFG                                                                                | dut/DECAP_MODULE/DECRYPT/DECODE/RM_DECOD/HADAMARD/HADAMARD_LAYER[5].HL/FIFO_F1/wr_data                                       |                                                                                                                   |                2 |              9 |         4.50 |
|  sys_clk_p_IBUF_BUFG                                                                                | dut/DECAP_MODULE/DECRYPT/DECODE/RM_DECOD/HADAMARD/HADAMARD_LAYER[0].HL/data_valid[1]_26                                      |                                                                                                                   |                2 |              9 |         4.50 |
|  sys_clk_p_IBUF_BUFG                                                                                | dut/DECAP_MODULE/DECRYPT/DECODE/RM_DECOD/HADAMARD/HADAMARD_LAYER[5].HL/FIFO_F1/next_rd_addr[4]_i_1__22_n_2                   |                                                                                                                   |                2 |              9 |         4.50 |
|  sys_clk_p_IBUF_BUFG                                                                                | dut/DECAP_MODULE/ENCAP_FOR_RENCRYPT/ENCRYPT/FIXEDWEIGHT/FSM_onehot_state_shake[8]_i_1__1_n_2                                 | dut/DECAP_MODULE/DECRYPT/DECODE/RM_DECOD/HADAMARD/HADAMARD_LAYER[6].HL/FIFO_S1/SR[0]                              |                3 |              9 |         3.00 |
|  sys_clk_p_IBUF_BUFG                                                                                | dut/ENCAP_MODULE/ENCRYPT/FIXEDWEIGHT/FSM_onehot_state_shake[8]_i_1__0_n_2                                                    | dut/DECAP_MODULE/DECRYPT/DECODE/RM_DECOD/HADAMARD/HADAMARD_LAYER[6].HL/FIFO_S1/SR[0]                              |                3 |              9 |         3.00 |
|  sys_clk_p_IBUF_BUFG                                                                                | dut/DECAP_MODULE/ENCAP_FOR_RENCRYPT/ENCRYPT/POLY_MULT/addr_0_int_red_mem[8]_i_2__0_n_2                                       | dut/DECAP_MODULE/ENCAP_FOR_RENCRYPT/ENCRYPT/POLY_MULT/addr_0_int_red_mem[8]_i_1__0_n_2                            |                5 |              9 |         1.80 |
|  sys_clk_p_IBUF_BUFG                                                                                | dut/KEYGEN_MODULE/FIXEDWEIGHT/FSM_onehot_state_shake[8]_i_1_n_2                                                              | dut/DECAP_MODULE/DECRYPT/DECODE/RM_DECOD/HADAMARD/HADAMARD_LAYER[6].HL/FIFO_S1/SR[0]                              |                4 |              9 |         2.25 |
|  sys_clk_p_IBUF_BUFG                                                                                | dut/KEYGEN_MODULE/POLY_MULT/E[0]                                                                                             | dut/DECAP_MODULE/DECRYPT/DECODE/RM_DECOD/HADAMARD/HADAMARD_LAYER[6].HL/FIFO_S1/SR[0]                              |                2 |              9 |         4.50 |
|  sys_clk_p_IBUF_BUFG                                                                                | dut/DECAP_MODULE/DECRYPT/DECODE/RM_DECOD/HADAMARD/HADAMARD_LAYER[5].HL/FIFO_F0/wr_data_0                                     |                                                                                                                   |                2 |              9 |         4.50 |
|  sys_clk_p_IBUF_BUFG                                                                                | dut/DECAP_MODULE/DECRYPT/DECODE/RM_DECOD/HADAMARD/HADAMARD_LAYER[5].HL/FIFO_S0/wr_data                                       |                                                                                                                   |                2 |              9 |         4.50 |
|  sys_clk_p_IBUF_BUFG                                                                                | dut/DECAP_MODULE/ENCAP_FOR_RENCRYPT/ENCRYPT/POLY_MULT/addr_0_intermediate[8]_i_2__0_n_2                                      | dut/DECAP_MODULE/ENCAP_FOR_RENCRYPT/ENCRYPT/POLY_MULT/addr_0_intermediate[8]_i_1__0_n_2                           |                5 |              9 |         1.80 |
|  sys_clk_p_IBUF_BUFG                                                                                | dut/DECAP_MODULE/DECRYPT/DECODE/RM_DECOD/HADAMARD/HADAMARD_LAYER[5].HL/FIFO_S1/next_rd_addr[4]_i_1__25_n_2                   |                                                                                                                   |                2 |              9 |         4.50 |
|  sys_clk_p_IBUF_BUFG                                                                                | dut/DECAP_MODULE/POLY_MULT/addr_0_int_red_mem[8]_i_2__1_n_2                                                                  | dut/DECAP_MODULE/POLY_MULT/addr_0_int_red_mem[8]_i_1__1_n_2                                                       |                6 |              9 |         1.50 |
|  sys_clk_p_IBUF_BUFG                                                                                | dut/DECAP_MODULE/DECRYPT/DECODE/RM_DECOD/HADAMARD/HADAMARD_LAYER[5].HL/FIFO_S0/next_rd_addr[4]_i_1__24_n_2                   |                                                                                                                   |                2 |              9 |         4.50 |
|  sys_clk_p_IBUF_BUFG                                                                                | dut/DECAP_MODULE/DECRYPT/DECODE/RM_DECOD/HADAMARD/HADAMARD_LAYER[5].HL/FIFO_F0/wr_v__19                                      | dut/DECAP_MODULE/DECRYPT/DECODE/RM_DECOD/HADAMARD/HADAMARD_LAYER[6].HL/FIFO_S1/SR[0]                              |                2 |             10 |         5.00 |
|  sys_clk_p_IBUF_BUFG                                                                                | dut/DECAP_MODULE/DECRYPT/DECODE/RM_DECOD/HADAMARD/HADAMARD_LAYER[5].HL/FIFO_F1/wr_v__21                                      | dut/DECAP_MODULE/DECRYPT/DECODE/RM_DECOD/HADAMARD/HADAMARD_LAYER[6].HL/FIFO_S1/SR[0]                              |                3 |             10 |         3.33 |
|  sys_clk_p_IBUF_BUFG                                                                                | dut/DECAP_MODULE/DECRYPT/DECODE/RM_DECOD/HADAMARD/HADAMARD_LAYER[5].HL/FIFO_S0/next_rd_addr[4]_i_1__24_n_2                   | dut/DECAP_MODULE/DECRYPT/DECODE/RM_DECOD/HADAMARD/HADAMARD_LAYER[6].HL/FIFO_S1/SR[0]                              |                3 |             10 |         3.33 |
|  sys_clk_p_IBUF_BUFG                                                                                | dut/DECAP_MODULE/DECRYPT/DECODE/RM_DECOD/HADAMARD/HADAMARD_LAYER[5].HL/FIFO_S0/wr_v__20                                      | dut/DECAP_MODULE/DECRYPT/DECODE/RM_DECOD/HADAMARD/HADAMARD_LAYER[6].HL/FIFO_S1/SR[0]                              |                2 |             10 |         5.00 |
|  sys_clk_p_IBUF_BUFG                                                                                | dut/DECAP_MODULE/DECRYPT/DECODE/RM_DECOD/HADAMARD/HADAMARD_LAYER[5].HL/FIFO_S1/next_rd_addr[4]_i_1__25_n_2                   | dut/DECAP_MODULE/DECRYPT/DECODE/RM_DECOD/HADAMARD/HADAMARD_LAYER[6].HL/FIFO_S1/SR[0]                              |                2 |             10 |         5.00 |
|  sys_clk_p_IBUF_BUFG                                                                                | dut/DECAP_MODULE/DECRYPT/DECODE/RM_DECOD/HADAMARD/HADAMARD_LAYER[5].HL/FIFO_S1/wr_v__22                                      | dut/DECAP_MODULE/DECRYPT/DECODE/RM_DECOD/HADAMARD/HADAMARD_LAYER[6].HL/FIFO_S1/SR[0]                              |                3 |             10 |         3.33 |
|  sys_clk_p_IBUF_BUFG                                                                                | dut/DECAP_MODULE/DECRYPT/DECODE/RM_DECOD/HADAMARD/HADAMARD_LAYER[4].HL/FIFO_S0/next_rd_addr[4]_i_1__20_n_2                   | dut/DECAP_MODULE/DECRYPT/DECODE/RM_DECOD/HADAMARD/HADAMARD_LAYER[6].HL/FIFO_S1/SR[0]                              |                2 |             10 |         5.00 |
|  sys_clk_p_IBUF_BUFG                                                                                | dut/DECAP_MODULE/DECRYPT/DECODE/RM_DECOD/HADAMARD/HADAMARD_LAYER[4].HL/FIFO_S0/wr_v__16                                      | dut/DECAP_MODULE/DECRYPT/DECODE/RM_DECOD/HADAMARD/HADAMARD_LAYER[6].HL/FIFO_S1/SR[0]                              |                3 |             10 |         3.33 |
|  sys_clk_p_IBUF_BUFG                                                                                | dut/DECAP_MODULE/DECRYPT/DECODE/RM_DECOD/HADAMARD/HADAMARD_LAYER[3].HL/FIFO_F0/next_rd_addr[4]_i_1__15_n_2                   | dut/DECAP_MODULE/DECRYPT/DECODE/RM_DECOD/HADAMARD/HADAMARD_LAYER[6].HL/FIFO_S1/SR[0]                              |                2 |             10 |         5.00 |
|  sys_clk_p_IBUF_BUFG                                                                                | dut/DECAP_MODULE/DECRYPT/DECODE/RM_DECOD/HADAMARD/HADAMARD_LAYER[3].HL/FIFO_F0/wr_v__11                                      |                                                                                                                   |                2 |             10 |         5.00 |
|  sys_clk_p_IBUF_BUFG                                                                                | dut/DECAP_MODULE/DECRYPT/DECODE/RM_DECOD/HADAMARD/HADAMARD_LAYER[3].HL/FIFO_F0/wr_v__11                                      | dut/DECAP_MODULE/DECRYPT/DECODE/RM_DECOD/HADAMARD/HADAMARD_LAYER[6].HL/FIFO_S1/SR[0]                              |                2 |             10 |         5.00 |
|  sys_clk_p_IBUF_BUFG                                                                                | dut/DECAP_MODULE/DECRYPT/DECODE/RM_DECOD/HADAMARD/HADAMARD_LAYER[3].HL/FIFO_F1/next_rd_addr[4]_i_1__14_n_2                   | dut/DECAP_MODULE/DECRYPT/DECODE/RM_DECOD/HADAMARD/HADAMARD_LAYER[6].HL/FIFO_S1/SR[0]                              |                2 |             10 |         5.00 |
|  sys_clk_p_IBUF_BUFG                                                                                | dut/DECAP_MODULE/DECRYPT/DECODE/RM_DECOD/HADAMARD/HADAMARD_LAYER[3].HL/FIFO_F1/wr_v__12                                      |                                                                                                                   |                2 |             10 |         5.00 |
|  sys_clk_p_IBUF_BUFG                                                                                | dut/DECAP_MODULE/DECRYPT/DECODE/RM_DECOD/HADAMARD/HADAMARD_LAYER[3].HL/FIFO_F1/wr_v__12                                      | dut/DECAP_MODULE/DECRYPT/DECODE/RM_DECOD/HADAMARD/HADAMARD_LAYER[6].HL/FIFO_S1/SR[0]                              |                2 |             10 |         5.00 |
|  sys_clk_p_IBUF_BUFG                                                                                | dut/DECAP_MODULE/DECRYPT/DECODE/RM_DECOD/HADAMARD/HADAMARD_LAYER[3].HL/FIFO_S0/next_rd_addr[4]_i_1__16_n_2                   | dut/DECAP_MODULE/DECRYPT/DECODE/RM_DECOD/HADAMARD/HADAMARD_LAYER[6].HL/FIFO_S1/SR[0]                              |                3 |             10 |         3.33 |
|  sys_clk_p_IBUF_BUFG                                                                                | dut/DECAP_MODULE/DECRYPT/DECODE/RM_DECOD/HADAMARD/HADAMARD_LAYER[3].HL/FIFO_S0/wr_v__13                                      |                                                                                                                   |                2 |             10 |         5.00 |
|  sys_clk_p_IBUF_BUFG                                                                                | dut/DECAP_MODULE/DECRYPT/DECODE/RM_DECOD/HADAMARD/HADAMARD_LAYER[3].HL/FIFO_S0/wr_v__13                                      | dut/DECAP_MODULE/DECRYPT/DECODE/RM_DECOD/HADAMARD/HADAMARD_LAYER[6].HL/FIFO_S1/SR[0]                              |                2 |             10 |         5.00 |
|  sys_clk_p_IBUF_BUFG                                                                                | dut/DECAP_MODULE/DECRYPT/DECODE/RM_DECOD/HADAMARD/HADAMARD_LAYER[3].HL/FIFO_S1/next_rd_addr[4]_i_1__17_n_2                   | dut/DECAP_MODULE/DECRYPT/DECODE/RM_DECOD/HADAMARD/HADAMARD_LAYER[6].HL/FIFO_S1/SR[0]                              |                2 |             10 |         5.00 |
|  sys_clk_p_IBUF_BUFG                                                                                | dut/DECAP_MODULE/DECRYPT/DECODE/RM_DECOD/HADAMARD/HADAMARD_LAYER[3].HL/FIFO_S1/wr_v__14                                      |                                                                                                                   |                2 |             10 |         5.00 |
|  sys_clk_p_IBUF_BUFG                                                                                | dut/DECAP_MODULE/DECRYPT/DECODE/RM_DECOD/HADAMARD/HADAMARD_LAYER[3].HL/FIFO_S1/wr_v__14                                      | dut/DECAP_MODULE/DECRYPT/DECODE/RM_DECOD/HADAMARD/HADAMARD_LAYER[6].HL/FIFO_S1/SR[0]                              |                2 |             10 |         5.00 |
|  sys_clk_p_IBUF_BUFG                                                                                | dut/DECAP_MODULE/DECRYPT/DECODE/RM_DECOD/HADAMARD/HADAMARD_LAYER[4].HL/FIFO_F0/wr_v__15                                      | dut/DECAP_MODULE/DECRYPT/DECODE/RM_DECOD/HADAMARD/HADAMARD_LAYER[6].HL/FIFO_S1/SR[0]                              |                2 |             10 |         5.00 |
|  sys_clk_p_IBUF_BUFG                                                                                | dut/DECAP_MODULE/DECRYPT/DECODE/RM_DECOD/HADAMARD/HADAMARD_LAYER[4].HL/FIFO_F0/next_rd_addr[4]_i_1__19_n_2                   | dut/DECAP_MODULE/DECRYPT/DECODE/RM_DECOD/HADAMARD/HADAMARD_LAYER[6].HL/FIFO_S1/SR[0]                              |                3 |             10 |         3.33 |
|  sys_clk_p_IBUF_BUFG                                                                                | dut/DECAP_MODULE/DECRYPT/DECODE/RM_DECOD/HADAMARD/HADAMARD_LAYER[4].HL/FIFO_F1/next_rd_addr[4]_i_1__18_n_2                   | dut/DECAP_MODULE/DECRYPT/DECODE/RM_DECOD/HADAMARD/HADAMARD_LAYER[6].HL/FIFO_S1/SR[0]                              |                3 |             10 |         3.33 |
|  sys_clk_p_IBUF_BUFG                                                                                | dut/DECAP_MODULE/DECRYPT/DECODE/RS_DECOD/COMPUTE_ROOTS/ADD_FFT/FFT_PART2/ROUND[1].FFT_ROUND/FIFO_FFT/next_rd_addr[4]_i_1_n_2 | dut/DECAP_MODULE/DECRYPT/DECODE/RM_DECOD/HADAMARD/HADAMARD_LAYER[6].HL/FIFO_S1/SR[0]                              |                3 |             10 |         3.33 |
|  sys_clk_p_IBUF_BUFG                                                                                | dut/DECAP_MODULE/DECRYPT/DECODE/RS_DECOD/COMPUTE_ROOTS/ADD_FFT/FFT_PART2/ROUND[1].FFT_ROUND/FIFO_FFT/wr_v__0                 | dut/DECAP_MODULE/DECRYPT/DECODE/RM_DECOD/HADAMARD/HADAMARD_LAYER[6].HL/FIFO_S1/SR[0]                              |                2 |             10 |         5.00 |
|  sys_clk_p_IBUF_BUFG                                                                                | dut/DECAP_MODULE/ENCAP_FOR_RENCRYPT/ENCRYPT/FIXEDWEIGHT/onegen_instance/addr_0[9]_i_2__1_n_2                                 | dut/DECAP_MODULE/ENCAP_FOR_RENCRYPT/ENCRYPT/FIXEDWEIGHT/onegen_instance/addr_0[9]_i_1__1_n_2                      |                5 |             10 |         2.00 |
|  sys_clk_p_IBUF_BUFG                                                                                | dut/DECAP_MODULE/DECRYPT/DECODE/RM_DECOD/HADAMARD/HADAMARD_LAYER[0].HL/FIFO_S0/empty_reg_0                                   | dut/DECAP_MODULE/DECRYPT/DECODE/RM_DECOD/HADAMARD/HADAMARD_LAYER[6].HL/FIFO_S1/SR[0]                              |                3 |             10 |         3.33 |
|  sys_clk_p_IBUF_BUFG                                                                                | dut/DECAP_MODULE/ENCAP_FOR_RENCRYPT/ENCRYPT/FIXEDWEIGHT/onegen_instance/red_state_reg[2][0]                                  | dut/DECAP_MODULE/ENCAP_FOR_RENCRYPT/ENCRYPT/FIXEDWEIGHT/onegen_instance/SR[0]                                     |                5 |             10 |         2.00 |
|  sys_clk_p_IBUF_BUFG                                                                                | dut/DECAP_MODULE/ENCAP_FOR_RENCRYPT/ENCRYPT/POLY_MULT/count_chunks[9]_i_2__1_n_2                                             | dut/DECAP_MODULE/ENCAP_FOR_RENCRYPT/ENCRYPT/POLY_MULT/count_chunks[9]_i_1__0_n_2                                  |                4 |             10 |         2.50 |
|  sys_clk_p_IBUF_BUFG                                                                                | dut/DECAP_MODULE/DECRYPT/DECODE/RM_DECOD/HADAMARD/HADAMARD_LAYER[5].HL/FIFO_F1/next_rd_addr[4]_i_1__22_n_2                   | dut/DECAP_MODULE/DECRYPT/DECODE/RM_DECOD/HADAMARD/HADAMARD_LAYER[6].HL/FIFO_S1/SR[0]                              |                2 |             10 |         5.00 |
|  sys_clk_p_IBUF_BUFG                                                                                | dut/DECAP_MODULE/POLY_MULT/count_chunks[9]_i_2__2_n_2                                                                        | dut/DECAP_MODULE/POLY_MULT/count_chunks[9]_i_1_n_2                                                                |                3 |             10 |         3.33 |
|  sys_clk_p_IBUF_BUFG                                                                                | dut/KEYGEN_MODULE/VECTSETRAND/pk_rand_addr[9]_i_2_n_2                                                                        | dut/KEYGEN_MODULE/VECTSETRAND/pk_rand_addr[9]_i_1_n_2                                                             |                3 |             10 |         3.33 |
|  sys_clk_p_IBUF_BUFG                                                                                | dut/KEYGEN_MODULE/POLY_MULT/count_chunks[9]_i_2_n_2                                                                          | dut/KEYGEN_MODULE/POLY_MULT/count_chunks[9]_i_1__2_n_2                                                            |                3 |             10 |         3.33 |
|  sys_clk_p_IBUF_BUFG                                                                                | dut/KEYGEN_MODULE/FIXEDWEIGHT/wr_addr_ctx[9]_i_1__1_n_2                                                                      |                                                                                                                   |                4 |             10 |         2.50 |
|  sys_clk_p_IBUF_BUFG                                                                                | dut/KEYGEN_MODULE/FIXEDWEIGHT/onegen_instance/red_state_reg[2]_0[0]                                                          | dut/KEYGEN_MODULE/FIXEDWEIGHT/onegen_instance/SR[0]                                                               |                5 |             10 |         2.00 |
|  sys_clk_p_IBUF_BUFG                                                                                | dut/ENCAP_MODULE/ENCRYPT/FIXEDWEIGHT/onegen_instance/addr_0[9]_i_2__0_n_2                                                    | dut/ENCAP_MODULE/ENCRYPT/FIXEDWEIGHT/onegen_instance/addr_0[9]_i_1__0_n_2                                         |                5 |             10 |         2.00 |
|  sys_clk_p_IBUF_BUFG                                                                                | dut/ENCAP_MODULE/ENCRYPT/FIXEDWEIGHT/onegen_instance/red_state_reg[2][0]                                                     | dut/ENCAP_MODULE/ENCRYPT/FIXEDWEIGHT/onegen_instance/SR[0]                                                        |                4 |             10 |         2.50 |
|  sys_clk_p_IBUF_BUFG                                                                                | dut/DECAP_MODULE/DECRYPT/DECODE/RM_DECOD/FIND_PEAKS/FIND_PEAKS_0/peak_value_0                                                | dut/DECAP_MODULE/DECRYPT/DECODE/RM_DECOD/FIND_PEAKS/FIND_PEAKS_0/peak_value[9]_i_1__0_n_2                         |                2 |             10 |         5.00 |
|  sys_clk_p_IBUF_BUFG                                                                                | dut/DECAP_MODULE/DECRYPT/DECODE/RM_DECOD/FIND_PEAKS/FIND_PEAKS_0/peak_value                                                  | dut/DECAP_MODULE/DECRYPT/DECODE/RM_DECOD/FIND_PEAKS/FIND_PEAKS_0/SR[0]                                            |                3 |             10 |         3.33 |
|  sys_clk_p_IBUF_BUFG                                                                                | dut/ENCAP_MODULE/ENCRYPT/POLY_MULT/count_chunks[9]_i_2__0_n_2                                                                | dut/ENCAP_MODULE/ENCRYPT/POLY_MULT/count_chunks[9]_i_1__1_n_2                                                     |                4 |             10 |         2.50 |
|  sys_clk_p_IBUF_BUFG                                                                                | dut/DECAP_MODULE/DECRYPT/DECODE/RM_DECOD/HADAMARD/HADAMARD_LAYER[1].HL/FIFO_F1/wr_v__4                                       | dut/DECAP_MODULE/DECRYPT/DECODE/RM_DECOD/HADAMARD/HADAMARD_LAYER[6].HL/FIFO_S1/SR[0]                              |                3 |             10 |         3.33 |
|  sys_clk_p_IBUF_BUFG                                                                                | dut/DECAP_MODULE/DECRYPT/DECODE/RM_DECOD/HADAMARD/HADAMARD_LAYER[1].HL/FIFO_F1/next_rd_addr[4]_i_1__6_n_2                    | dut/DECAP_MODULE/DECRYPT/DECODE/RM_DECOD/HADAMARD/HADAMARD_LAYER[6].HL/FIFO_S1/SR[0]                              |                2 |             10 |         5.00 |
|  sys_clk_p_IBUF_BUFG                                                                                | dut/DECAP_MODULE/DECRYPT/DECODE/RM_DECOD/HADAMARD/HADAMARD_LAYER[1].HL/FIFO_S1/wr_v__6                                       | dut/DECAP_MODULE/DECRYPT/DECODE/RM_DECOD/HADAMARD/HADAMARD_LAYER[6].HL/FIFO_S1/SR[0]                              |                2 |             10 |         5.00 |
|  sys_clk_p_IBUF_BUFG                                                                                | dut/DECAP_MODULE/DECRYPT/DECODE/RM_DECOD/HADAMARD/HADAMARD_LAYER[6].HL/FIFO_F0/next_rd_addr[4]_i_1__27_n_2                   |                                                                                                                   |                2 |             10 |         5.00 |
|  sys_clk_p_IBUF_BUFG                                                                                | dut/DECAP_MODULE/DECRYPT/DECODE/RM_DECOD/HADAMARD/HADAMARD_LAYER[1].HL/FIFO_S1/next_rd_addr[4]_i_1__9_n_2                    | dut/DECAP_MODULE/DECRYPT/DECODE/RM_DECOD/HADAMARD/HADAMARD_LAYER[6].HL/FIFO_S1/SR[0]                              |                3 |             10 |         3.33 |
|  sys_clk_p_IBUF_BUFG                                                                                | dut/DECAP_MODULE/DECRYPT/DECODE/RM_DECOD/HADAMARD/HADAMARD_LAYER[1].HL/FIFO_F0/next_rd_addr[4]_i_1__7_n_2                    | dut/DECAP_MODULE/DECRYPT/DECODE/RM_DECOD/HADAMARD/HADAMARD_LAYER[6].HL/FIFO_S1/SR[0]                              |                2 |             10 |         5.00 |
|  sys_clk_p_IBUF_BUFG                                                                                | dut/DECAP_MODULE/DECRYPT/DECODE/RM_DECOD/HADAMARD/HADAMARD_LAYER[6].HL/FIFO_F0/next_rd_addr[4]_i_1__27_n_2                   | dut/DECAP_MODULE/DECRYPT/DECODE/RM_DECOD/HADAMARD/HADAMARD_LAYER[6].HL/FIFO_S1/SR[0]                              |                2 |             10 |         5.00 |
|  sys_clk_p_IBUF_BUFG                                                                                | dut/DECAP_MODULE/DECRYPT/DECODE/RM_DECOD/HADAMARD/HADAMARD_LAYER[6].HL/FIFO_F0/wr_data_0                                     |                                                                                                                   |                2 |             10 |         5.00 |
|  sys_clk_p_IBUF_BUFG                                                                                | dut/KEYGEN_MODULE/FIXEDWEIGHT/onegen_instance/addr_0[9]_i_2_n_2                                                              | dut/KEYGEN_MODULE/FIXEDWEIGHT/onegen_instance/addr_0[9]_i_1_n_2                                                   |                3 |             10 |         3.33 |
|  sys_clk_p_IBUF_BUFG                                                                                | dut/KEYGEN_MODULE/FIXEDWEIGHT/onegen_instance/addr_1[9]_i_1_n_2                                                              | dut/KEYGEN_MODULE/FIXEDWEIGHT/onegen_instance/count_reg[7]_i_1__1_n_2                                             |                3 |             10 |         3.33 |
|  sys_clk_p_IBUF_BUFG                                                                                | dut/DECAP_MODULE/DECRYPT/DECODE/RM_DECOD/HADAMARD/HADAMARD_LAYER[1].HL/FIFO_F0/wr_v__3                                       | dut/DECAP_MODULE/DECRYPT/DECODE/RM_DECOD/HADAMARD/HADAMARD_LAYER[6].HL/FIFO_S1/SR[0]                              |                3 |             10 |         3.33 |
|  sys_clk_p_IBUF_BUFG                                                                                | dut/DECAP_MODULE/DECRYPT/DECODE/RM_DECOD/HADAMARD/HADAMARD_LAYER[4].HL/FIFO_F1/wr_v__17                                      | dut/DECAP_MODULE/DECRYPT/DECODE/RM_DECOD/HADAMARD/HADAMARD_LAYER[6].HL/FIFO_S1/SR[0]                              |                2 |             10 |         5.00 |
|  sys_clk_p_IBUF_BUFG                                                                                | dut/DECAP_MODULE/DECRYPT/DECODE/RM_DECOD/HADAMARD/HADAMARD_LAYER[6].HL/FIFO_F0/wr_v__23                                      | dut/DECAP_MODULE/DECRYPT/DECODE/RM_DECOD/HADAMARD/HADAMARD_LAYER[6].HL/FIFO_S1/SR[0]                              |                2 |             10 |         5.00 |
|  sys_clk_p_IBUF_BUFG                                                                                | dut/DECAP_MODULE/DECRYPT/DECODE/RM_DECOD/HADAMARD/HADAMARD_LAYER[6].HL/FIFO_F1/next_rd_addr[4]_i_1__26_n_2                   |                                                                                                                   |                2 |             10 |         5.00 |
|  sys_clk_p_IBUF_BUFG                                                                                | dut/DECAP_MODULE/DECRYPT/DECODE/RM_DECOD/HADAMARD/HADAMARD_LAYER[6].HL/FIFO_F1/next_rd_addr[4]_i_1__26_n_2                   | dut/DECAP_MODULE/DECRYPT/DECODE/RM_DECOD/HADAMARD/HADAMARD_LAYER[6].HL/FIFO_S1/SR[0]                              |                2 |             10 |         5.00 |
|  sys_clk_p_IBUF_BUFG                                                                                | dut/DECAP_MODULE/DECRYPT/DECODE/RM_DECOD/HADAMARD/HADAMARD_LAYER[6].HL/FIFO_F1/wr_v__25                                      | dut/DECAP_MODULE/DECRYPT/DECODE/RM_DECOD/HADAMARD/HADAMARD_LAYER[6].HL/FIFO_S1/SR[0]                              |                3 |             10 |         3.33 |
|  sys_clk_p_IBUF_BUFG                                                                                | dut/DECAP_MODULE/DECRYPT/DECODE/RM_DECOD/HADAMARD/HADAMARD_LAYER[0].HL/FIFO_S1/E[0]                                          | dut/DECAP_MODULE/DECRYPT/DECODE/RM_DECOD/HADAMARD/HADAMARD_LAYER[6].HL/FIFO_S1/SR[0]                              |                4 |             10 |         2.50 |
|  sys_clk_p_IBUF_BUFG                                                                                | dut/DECAP_MODULE/DECRYPT/DECODE/RM_DECOD/HADAMARD/HADAMARD_LAYER[6].HL/FIFO_F1/wr_data                                       |                                                                                                                   |                3 |             10 |         3.33 |
|  sys_clk_p_IBUF_BUFG                                                                                | dut/DECAP_MODULE/DECRYPT/DECODE/RM_DECOD/HADAMARD/HADAMARD_LAYER[0].HL/FIFO_S1/empty_reg_0                                   | dut/DECAP_MODULE/DECRYPT/DECODE/RM_DECOD/HADAMARD/HADAMARD_LAYER[6].HL/FIFO_S1/SR[0]                              |                3 |             10 |         3.33 |
|  sys_clk_p_IBUF_BUFG                                                                                | dut/DECAP_MODULE/DECRYPT/DECODE/RM_DECOD/HADAMARD/HADAMARD_LAYER[0].HL/FIFO_S0/E[0]                                          | dut/DECAP_MODULE/DECRYPT/DECODE/RM_DECOD/HADAMARD/HADAMARD_LAYER[6].HL/FIFO_S1/SR[0]                              |                3 |             10 |         3.33 |
|  sys_clk_p_IBUF_BUFG                                                                                | dut/DECAP_MODULE/DECRYPT/DECODE/RM_DECOD/HADAMARD/HADAMARD_LAYER[6].HL/FIFO_S0/next_rd_addr[4]_i_1__28_n_2                   |                                                                                                                   |                2 |             10 |         5.00 |
|  sys_clk_p_IBUF_BUFG                                                                                | dut/DECAP_MODULE/DECRYPT/DECODE/RM_DECOD/HADAMARD/HADAMARD_LAYER[0].HL/FIFO_F1/E[0]                                          | dut/DECAP_MODULE/DECRYPT/DECODE/RM_DECOD/HADAMARD/HADAMARD_LAYER[6].HL/FIFO_S1/SR[0]                              |                2 |             10 |         5.00 |
|  sys_clk_p_IBUF_BUFG                                                                                | dut/DECAP_MODULE/DECRYPT/DECODE/RM_DECOD/HADAMARD/HADAMARD_LAYER[6].HL/FIFO_S0/next_rd_addr[4]_i_1__28_n_2                   | dut/DECAP_MODULE/DECRYPT/DECODE/RM_DECOD/HADAMARD/HADAMARD_LAYER[6].HL/FIFO_S1/SR[0]                              |                3 |             10 |         3.33 |
|  sys_clk_p_IBUF_BUFG                                                                                | dut/DECAP_MODULE/DECRYPT/DECODE/RM_DECOD/HADAMARD/HADAMARD_LAYER[0].HL/FIFO_F1/empty_reg_0                                   | dut/DECAP_MODULE/DECRYPT/DECODE/RM_DECOD/HADAMARD/HADAMARD_LAYER[6].HL/FIFO_S1/SR[0]                              |                2 |             10 |         5.00 |
|  sys_clk_p_IBUF_BUFG                                                                                | dut/DECAP_MODULE/DECRYPT/DECODE/RM_DECOD/HADAMARD/HADAMARD_LAYER[0].HL/FIFO_F0/E[0]                                          | dut/DECAP_MODULE/DECRYPT/DECODE/RM_DECOD/HADAMARD/HADAMARD_LAYER[6].HL/FIFO_S1/SR[0]                              |                2 |             10 |         5.00 |
|  sys_clk_p_IBUF_BUFG                                                                                | dut/DECAP_MODULE/DECRYPT/DECODE/RM_DECOD/HADAMARD/HADAMARD_LAYER[6].HL/FIFO_S0/wr_data                                       |                                                                                                                   |                2 |             10 |         5.00 |
|  sys_clk_p_IBUF_BUFG                                                                                | dut/DECAP_MODULE/DECRYPT/DECODE/RM_DECOD/HADAMARD/HADAMARD_LAYER[0].HL/FIFO_F0/empty_reg_0                                   | dut/DECAP_MODULE/DECRYPT/DECODE/RM_DECOD/HADAMARD/HADAMARD_LAYER[6].HL/FIFO_S1/SR[0]                              |                3 |             10 |         3.33 |
|  sys_clk_p_IBUF_BUFG                                                                                | dut/DECAP_MODULE/DECRYPT/DECODE/RM_DECOD/HADAMARD/HADAMARD_LAYER[1].HL/FIFO_S0/wr_v__5                                       | dut/DECAP_MODULE/DECRYPT/DECODE/RM_DECOD/HADAMARD/HADAMARD_LAYER[6].HL/FIFO_S1/SR[0]                              |                2 |             10 |         5.00 |
|  sys_clk_p_IBUF_BUFG                                                                                | dut/DECAP_MODULE/DECRYPT/DECODE/RM_DECOD/HADAMARD/HADAMARD_LAYER[6].HL/FIFO_S0/wr_v__24                                      | dut/DECAP_MODULE/DECRYPT/DECODE/RM_DECOD/HADAMARD/HADAMARD_LAYER[6].HL/FIFO_S1/SR[0]                              |                2 |             10 |         5.00 |
|  sys_clk_p_IBUF_BUFG                                                                                | dut/DECAP_MODULE/DECRYPT/DECODE/RM_DECOD/HADAMARD/HADAMARD_LAYER[1].HL/FIFO_S0/next_rd_addr[4]_i_1__8_n_2                    | dut/DECAP_MODULE/DECRYPT/DECODE/RM_DECOD/HADAMARD/HADAMARD_LAYER[6].HL/FIFO_S1/SR[0]                              |                3 |             10 |         3.33 |
|  sys_clk_p_IBUF_BUFG                                                                                | dut/DECAP_MODULE/DECRYPT/DECODE/RM_DECOD/HADAMARD/HADAMARD_LAYER[2].HL/FIFO_S1/wr_v__10                                      | dut/DECAP_MODULE/DECRYPT/DECODE/RM_DECOD/HADAMARD/HADAMARD_LAYER[6].HL/FIFO_S1/SR[0]                              |                2 |             10 |         5.00 |
|  sys_clk_p_IBUF_BUFG                                                                                | dut/DECAP_MODULE/DECRYPT/DECODE/RM_DECOD/HADAMARD/HADAMARD_LAYER[6].HL/FIFO_S1/next_rd_addr[4]_i_1__29_n_2                   |                                                                                                                   |                2 |             10 |         5.00 |
|  sys_clk_p_IBUF_BUFG                                                                                | dut/DECAP_MODULE/DECRYPT/DECODE/RM_DECOD/HADAMARD/HADAMARD_LAYER[2].HL/FIFO_S1/next_rd_addr[4]_i_1__13_n_2                   | dut/DECAP_MODULE/DECRYPT/DECODE/RM_DECOD/HADAMARD/HADAMARD_LAYER[6].HL/FIFO_S1/SR[0]                              |                2 |             10 |         5.00 |
|  sys_clk_p_IBUF_BUFG                                                                                | dut/DECAP_MODULE/DECRYPT/DECODE/RM_DECOD/HADAMARD/HADAMARD_LAYER[2].HL/FIFO_S0/wr_v__9                                       | dut/DECAP_MODULE/DECRYPT/DECODE/RM_DECOD/HADAMARD/HADAMARD_LAYER[6].HL/FIFO_S1/SR[0]                              |                3 |             10 |         3.33 |
|  sys_clk_p_IBUF_BUFG                                                                                | dut/DECAP_MODULE/DECRYPT/DECODE/RM_DECOD/HADAMARD/HADAMARD_LAYER[6].HL/FIFO_S1/next_rd_addr[4]_i_1__29_n_2                   | dut/DECAP_MODULE/DECRYPT/DECODE/RM_DECOD/HADAMARD/HADAMARD_LAYER[6].HL/FIFO_S1/SR[0]                              |                2 |             10 |         5.00 |
|  sys_clk_p_IBUF_BUFG                                                                                | dut/DECAP_MODULE/DECRYPT/DECODE/RM_DECOD/HADAMARD/HADAMARD_LAYER[2].HL/FIFO_S0/next_rd_addr[4]_i_1__12_n_2                   | dut/DECAP_MODULE/DECRYPT/DECODE/RM_DECOD/HADAMARD/HADAMARD_LAYER[6].HL/FIFO_S1/SR[0]                              |                2 |             10 |         5.00 |
|  sys_clk_p_IBUF_BUFG                                                                                | dut/DECAP_MODULE/DECRYPT/DECODE/RM_DECOD/HADAMARD/HADAMARD_LAYER[2].HL/FIFO_F1/wr_v__8                                       | dut/DECAP_MODULE/DECRYPT/DECODE/RM_DECOD/HADAMARD/HADAMARD_LAYER[6].HL/FIFO_S1/SR[0]                              |                2 |             10 |         5.00 |
|  sys_clk_p_IBUF_BUFG                                                                                | dut/DECAP_MODULE/DECRYPT/DECODE/RM_DECOD/HADAMARD/HADAMARD_LAYER[6].HL/FIFO_S1/wr_data                                       |                                                                                                                   |                2 |             10 |         5.00 |
|  sys_clk_p_IBUF_BUFG                                                                                | dut/DECAP_MODULE/DECRYPT/DECODE/RM_DECOD/HADAMARD/HADAMARD_LAYER[6].HL/FIFO_S1/wr_v__26                                      | dut/DECAP_MODULE/DECRYPT/DECODE/RM_DECOD/HADAMARD/HADAMARD_LAYER[6].HL/FIFO_S1/SR[0]                              |                2 |             10 |         5.00 |
|  sys_clk_p_IBUF_BUFG                                                                                | dut/DECAP_MODULE/DECRYPT/DECODE/RM_DECOD/HADAMARD/HADAMARD_LAYER[4].HL/FIFO_S1/next_rd_addr[4]_i_1__21_n_2                   | dut/DECAP_MODULE/DECRYPT/DECODE/RM_DECOD/HADAMARD/HADAMARD_LAYER[6].HL/FIFO_S1/SR[0]                              |                3 |             10 |         3.33 |
|  sys_clk_p_IBUF_BUFG                                                                                | dut/DECAP_MODULE/DECRYPT/DECODE/RM_DECOD/HADAMARD/HADAMARD_LAYER[2].HL/FIFO_F1/next_rd_addr[4]_i_1__10_n_2                   | dut/DECAP_MODULE/DECRYPT/DECODE/RM_DECOD/HADAMARD/HADAMARD_LAYER[6].HL/FIFO_S1/SR[0]                              |                2 |             10 |         5.00 |
|  sys_clk_p_IBUF_BUFG                                                                                | dut/DECAP_MODULE/DECRYPT/DECODE/RM_DECOD/HADAMARD/HADAMARD_LAYER[2].HL/FIFO_F0/next_rd_addr[4]_i_1__11_n_2                   | dut/DECAP_MODULE/DECRYPT/DECODE/RM_DECOD/HADAMARD/HADAMARD_LAYER[6].HL/FIFO_S1/SR[0]                              |                2 |             10 |         5.00 |
|  sys_clk_p_IBUF_BUFG                                                                                | dut/DECAP_MODULE/DECRYPT/DECODE/RM_DECOD/HADAMARD/HADAMARD_LAYER[2].HL/FIFO_F0/wr_v__7                                       | dut/DECAP_MODULE/DECRYPT/DECODE/RM_DECOD/HADAMARD/HADAMARD_LAYER[6].HL/FIFO_S1/SR[0]                              |                2 |             10 |         5.00 |
|  sys_clk_p_IBUF_BUFG                                                                                | dut/DECAP_MODULE/DECRYPT/DECODE/RM_DECOD/HADAMARD/HADAMARD_LAYER[4].HL/FIFO_S1/wr_v__18                                      | dut/DECAP_MODULE/DECRYPT/DECODE/RM_DECOD/HADAMARD/HADAMARD_LAYER[6].HL/FIFO_S1/SR[0]                              |                2 |             10 |         5.00 |
|  sys_clk_p_IBUF_BUFG                                                                                | dut/DECAP_MODULE/DECRYPT/DECODE/RM_DECOD/HADAMARD/HADAMARD_LAYER[5].HL/FIFO_F0/next_rd_addr[4]_i_1__23_n_2                   | dut/DECAP_MODULE/DECRYPT/DECODE/RM_DECOD/HADAMARD/HADAMARD_LAYER[6].HL/FIFO_S1/SR[0]                              |                4 |             10 |         2.50 |
|  sys_clk_p_IBUF_BUFG                                                                                | dut/ENCAP_MODULE/ENCRYPT/POLY_MULT/count_chunks_inter_mem[10]_i_1__0_n_2                                                     | dut/ENCAP_MODULE/ENCRYPT/POLY_MULT/count_chunks[9]_i_1__1_n_2                                                     |                3 |             11 |         3.67 |
|  sys_clk_p_IBUF_BUFG                                                                                | dut/DECAP_MODULE/POLY_MULT/count_chunks_inter_mem[10]_i_1__2_n_2                                                             | dut/DECAP_MODULE/POLY_MULT/count_chunks[9]_i_1_n_2                                                                |                3 |             11 |         3.67 |
|  sys_clk_p_IBUF_BUFG                                                                                | dut/KEYGEN_MODULE/POLY_MULT/count_chunks_inter_mem[10]_i_1_n_2                                                               | dut/KEYGEN_MODULE/POLY_MULT/count_chunks[9]_i_1__2_n_2                                                            |                3 |             11 |         3.67 |
|  sys_clk_p_IBUF_BUFG                                                                                | dut/ENCAP_MODULE/h_addr[10]_i_2_n_2                                                                                          | dut/ENCAP_MODULE/h_addr[10]_i_1__0_n_2                                                                            |                3 |             11 |         3.67 |
|  sys_clk_p_IBUF_BUFG                                                                                | dut/DECAP_MODULE/DECRYPT/DECODE/RM_DECOD/HADAMARD/HADAMARD_LAYER[1].HL/data_valid[2]_28                                      |                                                                                                                   |                2 |             11 |         5.50 |
|  sys_clk_p_IBUF_BUFG                                                                                | dut/DECAP_MODULE/ENCAP_FOR_RENCRYPT/h_addr[10]_i_2__0_n_2                                                                    | dut/DECAP_MODULE/ENCAP_FOR_RENCRYPT/h_addr[10]_i_1_n_2                                                            |                3 |             11 |         3.67 |
|  sys_clk_p_IBUF_BUFG                                                                                | dut/DECAP_MODULE/ENCAP_FOR_RENCRYPT/ENCRYPT/POLY_MULT/count_chunks_inter_mem[10]_i_1__1_n_2                                  | dut/DECAP_MODULE/ENCAP_FOR_RENCRYPT/ENCRYPT/POLY_MULT/count_chunks[9]_i_1__0_n_2                                  |                3 |             11 |         3.67 |
|  sys_clk_p_IBUF_BUFG                                                                                | dut/DECAP_MODULE/DECRYPT/DECODE/RS_DECOD/COMPUTE_ROOTS/ADD_FFT/FFT_PART2/ROUND[2].FFT_ROUND/FIFO_FFT/next_rd_addr[5]_i_1_n_2 | dut/DECAP_MODULE/DECRYPT/DECODE/RM_DECOD/HADAMARD/HADAMARD_LAYER[6].HL/FIFO_S1/SR[0]                              |                2 |             12 |         6.00 |
|  sys_clk_p_IBUF_BUFG                                                                                | dut/DECAP_MODULE/ENCAP_FOR_RENCRYPT/count_hash_inputs                                                                        | dut/DECAP_MODULE/DECRYPT/DECODE/RM_DECOD/HADAMARD/HADAMARD_LAYER[6].HL/FIFO_S1/SR[0]                              |                3 |             12 |         4.00 |
|  sys_clk_p_IBUF_BUFG                                                                                | dut/DECAP_MODULE/DECRYPT/DECODE/RM_DECOD/HADAMARD/HADAMARD_LAYER[4].HL/FIFO_S1/wr_v__18                                      |                                                                                                                   |                2 |             12 |         6.00 |
|  sys_clk_p_IBUF_BUFG                                                                                | dut/SHAKE256/control_path_instance/counter_ctrl[0]                                                                           | dut/SHAKE256/control_path_instance/counter[5]_i_1_n_2                                                             |                4 |             12 |         3.00 |
|  sys_clk_p_IBUF_BUFG                                                                                | dut/ENCAP_MODULE/count_hash_inputs                                                                                           | dut/DECAP_MODULE/DECRYPT/DECODE/RM_DECOD/HADAMARD/HADAMARD_LAYER[6].HL/FIFO_S1/SR[0]                              |                3 |             12 |         4.00 |
|  sys_clk_p_IBUF_BUFG                                                                                | dut/DECAP_MODULE/DECRYPT/DECODE/RM_DECOD/HADAMARD/HADAMARD_LAYER[4].HL/FIFO_S0/wr_v__16                                      |                                                                                                                   |                2 |             12 |         6.00 |
|  sys_clk_p_IBUF_BUFG                                                                                | dut/DECAP_MODULE/DECRYPT/DECODE/RM_DECOD/HADAMARD/HADAMARD_LAYER[4].HL/FIFO_F0/wr_v__15                                      |                                                                                                                   |                2 |             12 |         6.00 |
|  sys_clk_p_IBUF_BUFG                                                                                | dut/DECAP_MODULE/DECRYPT/DECODE/RM_DECOD/HADAMARD/HADAMARD_LAYER[4].HL/FIFO_F1/wr_v__17                                      |                                                                                                                   |                2 |             12 |         6.00 |
|  sys_clk_p_IBUF_BUFG                                                                                | dut/DECAP_MODULE/DECRYPT/DECODE/RS_DECOD/COMPUTE_ROOTS/ADD_FFT/FFT_PART2/ROUND[1].FFT_ROUND/FIFO_FFT/wr_v__0                 |                                                                                                                   |                2 |             12 |         6.00 |
|  sys_clk_p_IBUF_BUFG                                                                                | dut/DECAP_MODULE/DECRYPT/DECODE/RS_DECOD/COMPUTE_ROOTS/ADD_FFT/FFT_PART2/ROUND[2].FFT_ROUND/FIFO_FFT/wr_v__1                 |                                                                                                                   |                3 |             12 |         4.00 |
|  sys_clk_p_IBUF_BUFG                                                                                | dut/DECAP_MODULE/DECRYPT/DECODE/RS_DECOD/COMPUTE_ROOTS/ADD_FFT/FFT_PART2/ROUND[0].FFT_ROUND/FIFO_FFT/wr_v                    |                                                                                                                   |                2 |             12 |         6.00 |
|  sys_clk_p_IBUF_BUFG                                                                                | dut/DECAP_MODULE/DECRYPT/DECODE/RS_DECOD/COMPUTE_ROOTS/ADD_FFT/FFT_PART2/ROUND[2].FFT_ROUND/FIFO_FFT/wr_v__1                 | dut/DECAP_MODULE/DECRYPT/DECODE/RM_DECOD/HADAMARD/HADAMARD_LAYER[6].HL/FIFO_S1/SR[0]                              |                3 |             12 |         4.00 |
|  sys_clk_p_IBUF_BUFG                                                                                | dut/DECAP_MODULE/DECRYPT/DECODE/RS_DECOD/COMPUTE_ROOTS/ADD_FFT/FFT_PART2/ROUND[3].FFT_ROUND/FIFO_FFT/wr_v                    | dut/DECAP_MODULE/DECRYPT/DECODE/RM_DECOD/HADAMARD/HADAMARD_LAYER[6].HL/FIFO_S1/SR[0]                              |                4 |             14 |         3.50 |
|  sys_clk_p_IBUF_BUFG                                                                                | dut/DECAP_MODULE/DECRYPT/DECODE/RS_DECOD/COMPUTE_ROOTS/ADD_FFT/FFT_PART2/ROUND[3].FFT_ROUND/FIFO_FFT/fifo_reg_i_1_n_2        | dut/DECAP_MODULE/DECRYPT/DECODE/RM_DECOD/HADAMARD/HADAMARD_LAYER[6].HL/FIFO_S1/SR[0]                              |                3 |             14 |         4.67 |
|  sys_clk_p_IBUF_BUFG                                                                                | dut/DECAP_MODULE/DECRYPT/DECODE/RM_DECOD/HADAMARD/HADAMARD_LAYER[2].HL/data_valid[3]_30                                      |                                                                                                                   |                4 |             14 |         3.50 |
|  dut/SHAKE256/control_path_instance/dout_valid_reg_i_2_n_2                                          |                                                                                                                              |                                                                                                                   |                9 |             14 |         1.56 |
|  sys_clk_p_IBUF_BUFG                                                                                | dut/DECAP_MODULE/DECRYPT/DECODE/RM_DECOD/HADAMARD/HADAMARD_LAYER[5].HL/FIFO_F0/wr_v__19                                      |                                                                                                                   |                2 |             16 |         8.00 |
|  sys_clk_p_IBUF_BUFG                                                                                | dut/ENCAP_MODULE/ENCRYPT/POLY_MULT/loc_addr[0]_i_2__0_n_2                                                                    | dut/ENCAP_MODULE/ENCRYPT/POLY_MULT/loc_addr[0]_i_1__1_n_2                                                         |                4 |             16 |         4.00 |
|  sys_clk_p_IBUF_BUFG                                                                                | dut/KEYGEN_MODULE/POLY_MULT/loc_addr[0]_i_2_n_2                                                                              | dut/KEYGEN_MODULE/POLY_MULT/loc_addr[0]_i_1__2_n_2                                                                |                4 |             16 |         4.00 |
|  sys_clk_p_IBUF_BUFG                                                                                | dut/DECAP_MODULE/POLY_MULT/loc_addr[0]_i_2__2_n_2                                                                            | dut/DECAP_MODULE/POLY_MULT/loc_addr[0]_i_1_n_2                                                                    |                4 |             16 |         4.00 |
|  sys_clk_p_IBUF_BUFG                                                                                | dut/DECAP_MODULE/DECRYPT/DECODE/RM_DECOD/HADAMARD/HADAMARD_LAYER[6].HL/FIFO_F0/wr_v__23                                      |                                                                                                                   |                2 |             16 |         8.00 |
|  sys_clk_p_IBUF_BUFG                                                                                | dut/DECAP_MODULE/ENCAP_FOR_RENCRYPT/ENCRYPT/POLY_MULT/loc_addr[0]_i_2__1_n_2                                                 | dut/DECAP_MODULE/ENCAP_FOR_RENCRYPT/ENCRYPT/POLY_MULT/loc_addr[0]_i_1__0_n_2                                      |                4 |             16 |         4.00 |
|  sys_clk_p_IBUF_BUFG                                                                                | dut/DECAP_MODULE/DECRYPT/DECODE/RM_DECOD/HADAMARD/HADAMARD_LAYER[6].HL/FIFO_F1/wr_v__25                                      |                                                                                                                   |                2 |             16 |         8.00 |
|  sys_clk_p_IBUF_BUFG                                                                                | dut/DECAP_MODULE/DECRYPT/DECODE/RM_DECOD/HADAMARD/HADAMARD_LAYER[6].HL/FIFO_S0/wr_v__24                                      |                                                                                                                   |                2 |             16 |         8.00 |
|  sys_clk_p_IBUF_BUFG                                                                                | dut/DECAP_MODULE/DECRYPT/DECODE/RM_DECOD/HADAMARD/HADAMARD_LAYER[3].HL/data_valid[4]_32                                      |                                                                                                                   |                4 |             16 |         4.00 |
|  sys_clk_p_IBUF_BUFG                                                                                | dut/DECAP_MODULE/DECRYPT/DECODE/RM_DECOD/HADAMARD/HADAMARD_LAYER[6].HL/FIFO_S1/wr_v__26                                      |                                                                                                                   |                2 |             16 |         8.00 |
|  sys_clk_p_IBUF_BUFG                                                                                | dut/DECAP_MODULE/DECRYPT/DECODE/RM_DECOD/HADAMARD/HADAMARD_LAYER[5].HL/FIFO_S1/wr_v__22                                      |                                                                                                                   |                2 |             16 |         8.00 |
|  sys_clk_p_IBUF_BUFG                                                                                | dut/DECAP_MODULE/DECRYPT/DECODE/RM_DECOD/HADAMARD/HADAMARD_LAYER[5].HL/FIFO_S0/wr_v__20                                      |                                                                                                                   |                2 |             16 |         8.00 |
|  sys_clk_p_IBUF_BUFG                                                                                | dut/DECAP_MODULE/DECRYPT/DECODE/RM_DECOD/HADAMARD/HADAMARD_LAYER[5].HL/FIFO_F1/wr_v__21                                      |                                                                                                                   |                2 |             16 |         8.00 |
|  sys_clk_p_IBUF_BUFG                                                                                | dut/DECAP_MODULE/DECRYPT/DECODE/RM_DECOD/HADAMARD/HADAMARD_LAYER[4].HL/data_valid[5]_34                                      |                                                                                                                   |                6 |             18 |         3.00 |
|  sys_clk_p_IBUF_BUFG                                                                                | dut/DECAP_MODULE/DECRYPT/DECODE/RM_DECOD/HADAMARD/had_dout_valid                                                             |                                                                                                                   |                8 |             18 |         2.25 |
|  sys_clk_p_IBUF_BUFG                                                                                | dut/DECAP_MODULE/DECRYPT/DECODE/RM_DECOD/HADAMARD/HADAMARD_LAYER[5].HL/data_valid[6]_36                                      |                                                                                                                   |                6 |             20 |         3.33 |
|  sys_clk_p_IBUF_BUFG                                                                                | dut/SHAKE256/control_path_instance/shake_dout_valid_fw                                                                       |                                                                                                                   |               12 |             24 |         2.00 |
|  sys_clk_p_IBUF_BUFG                                                                                | dut/SHAKE256/control_path_instance/fixed_weight_processing_reg[0]                                                            |                                                                                                                   |                6 |             24 |         4.00 |
|  sys_clk_p_IBUF_BUFG                                                                                | dut/SHAKE256/control_path_instance/E[0]                                                                                      |                                                                                                                   |                9 |             24 |         2.67 |
|  sys_clk_p_IBUF_BUFG                                                                                | dut/SHAKE256/control_path_instance/counter_reg[0]_4[0]                                                                       | dut/SHAKE256/control_path_instance/reset_ram                                                                      |               15 |             25 |         1.67 |
|  sys_clk_p_IBUF_BUFG                                                                                | dut/SHAKE256/control_path_instance/counter_reg[0]_5[0]                                                                       | dut/SHAKE256/control_path_instance/reset_ram                                                                      |               13 |             25 |         1.92 |
|  sys_clk_p_IBUF_BUFG                                                                                | dut/DECAP_MODULE/ENCAP_FOR_RENCRYPT/ENCRYPT/E[0]                                                                             | dut/DECAP_MODULE/DECRYPT/DECODE/RM_DECOD/HADAMARD/HADAMARD_LAYER[6].HL/FIFO_S1/SR[0]                              |                9 |             27 |         3.00 |
|  sys_clk_p_IBUF_BUFG                                                                                | dut/ENCAP_MODULE/ENCRYPT/E[0]                                                                                                | dut/DECAP_MODULE/DECRYPT/DECODE/RM_DECOD/HADAMARD/HADAMARD_LAYER[6].HL/FIFO_S1/SR[0]                              |               11 |             27 |         2.45 |
|  sys_clk_p_IBUF_BUFG                                                                                | dut/SHAKE256/control_path_instance/p_0_in                                                                                    |                                                                                                                   |                8 |             32 |         4.00 |
|  sys_clk_p_IBUF_BUFG                                                                                | dut/SHAKE256/control_path_instance/FSM_sequential_current_state_reg[0]_6                                                     |                                                                                                                   |                9 |             32 |         3.56 |
|  sys_clk_p_IBUF_BUFG                                                                                | dut/DECAP_MODULE/DECRYPT/DECODE/RS_DECOD/FSM_sequential_state_reg[2]                                                         | dut/DECAP_MODULE/msg_in[31]_i_1_n_2                                                                               |                7 |             32 |         4.57 |
|  sys_clk_p_IBUF_BUFG                                                                                | dut/KEYGEN_MODULE/E[0]                                                                                                       |                                                                                                                   |               12 |             32 |         2.67 |
|  sys_clk_p_IBUF_BUFG                                                                                | dut/ENCAP_MODULE/u_v[95]_i_1_n_2                                                                                             | dut/ENCAP_MODULE/u_v[127]_i_1_n_2                                                                                 |                4 |             32 |         8.00 |
|  sys_clk_p_IBUF_BUFG                                                                                | dut/SHAKE256/control_path_instance/FSM_sequential_current_state_reg[0]_12                                                    |                                                                                                                   |                8 |             32 |         4.00 |
|  sys_clk_p_IBUF_BUFG                                                                                | dut/SHAKE256/control_path_instance/FSM_sequential_current_state_reg[0]_8                                                     |                                                                                                                   |                9 |             32 |         3.56 |
|  sys_clk_p_IBUF_BUFG                                                                                | dut/SHAKE256/control_path_instance/FSM_sequential_current_state_reg[0]_0                                                     |                                                                                                                   |                9 |             32 |         3.56 |
|  sys_clk_p_IBUF_BUFG                                                                                | dut/SHAKE256/control_path_instance/FSM_sequential_current_state_reg[0]_1                                                     |                                                                                                                   |                9 |             32 |         3.56 |
|  sys_clk_p_IBUF_BUFG                                                                                | dut/SHAKE256/control_path_instance/FSM_sequential_current_state_reg[0]_7                                                     |                                                                                                                   |                9 |             32 |         3.56 |
|  sys_clk_p_IBUF_BUFG                                                                                | dut/SHAKE256/control_path_instance/FSM_sequential_current_state_reg[0]_9                                                     |                                                                                                                   |                8 |             32 |         4.00 |
|  sys_clk_p_IBUF_BUFG                                                                                | dut/SHAKE256/control_path_instance/FSM_sequential_current_state_reg[0]_5                                                     |                                                                                                                   |                9 |             32 |         3.56 |
|  sys_clk_p_IBUF_BUFG                                                                                | dut/SHAKE256/control_path_instance/FSM_sequential_current_state_reg[0]_14                                                    |                                                                                                                   |                9 |             32 |         3.56 |
|  sys_clk_p_IBUF_BUFG                                                                                | dut/SHAKE256/control_path_instance/FSM_sequential_current_state_reg[0]_16                                                    |                                                                                                                   |                9 |             32 |         3.56 |
|  sys_clk_p_IBUF_BUFG                                                                                | dut/SHAKE256/control_path_instance/FSM_sequential_current_state_reg[0]_10                                                    |                                                                                                                   |                9 |             32 |         3.56 |
|  sys_clk_p_IBUF_BUFG                                                                                | dut/SHAKE256/control_path_instance/FSM_sequential_current_state_reg[0]_15                                                    |                                                                                                                   |                8 |             32 |         4.00 |
|  sys_clk_p_IBUF_BUFG                                                                                | dut/SHAKE256/control_path_instance/FSM_sequential_current_state_reg[0]_11                                                    |                                                                                                                   |                9 |             32 |         3.56 |
|  sys_clk_p_IBUF_BUFG                                                                                | dut/SHAKE256/control_path_instance/FSM_sequential_current_state_reg[0]_13                                                    |                                                                                                                   |                9 |             32 |         3.56 |
|  n_1_9331_BUFG                                                                                      |                                                                                                                              |                                                                                                                   |               24 |             32 |         1.33 |
|  sys_clk_p_IBUF_BUFG                                                                                | dut/SHAKE256/control_path_instance/FSM_sequential_current_state_reg[0]_2                                                     |                                                                                                                   |                9 |             32 |         3.56 |
|  sys_clk_p_IBUF_BUFG                                                                                | dut/SHAKE256/control_path_instance/FSM_sequential_current_state_reg[0]_3                                                     |                                                                                                                   |                8 |             32 |         4.00 |
|  sys_clk_p_IBUF_BUFG                                                                                | dut/SHAKE256/control_path_instance/FSM_sequential_current_state_reg[0]_4                                                     |                                                                                                                   |                8 |             32 |         4.00 |
|  sys_clk_p_IBUF_BUFG                                                                                | dut/SHAKE256/control_path_instance/counter_reg[3]_1                                                                          |                                                                                                                   |                9 |             32 |         3.56 |
|  sys_clk_p_IBUF_BUFG                                                                                | dut/SHAKE256/control_path_instance/counter_reg[1]_rep_1                                                                      |                                                                                                                   |                8 |             32 |         4.00 |
|  sys_clk_p_IBUF_BUFG                                                                                | dut/SHAKE256/control_path_instance/p_0_in0_out                                                                               |                                                                                                                   |                9 |             32 |         3.56 |
|  sys_clk_p_IBUF_BUFG                                                                                | dut/DECAP_MODULE/ENCAP_FOR_RENCRYPT/u_v[95]_i_1__0_n_2                                                                       | dut/DECAP_MODULE/ENCAP_FOR_RENCRYPT/u_v[127]_i_1__0_n_2                                                           |               10 |             32 |         3.20 |
|  sys_clk_p_IBUF_BUFG                                                                                | dut/DECAP_MODULE/ENCAP_FOR_RENCRYPT/u_v[95]_i_1__0_n_2                                                                       |                                                                                                                   |               40 |             80 |         2.00 |
|  sys_clk_p_IBUF_BUFG                                                                                | dut/ENCAP_MODULE/u_v[95]_i_1_n_2                                                                                             |                                                                                                                   |               26 |             80 |         3.08 |
|  sys_clk_p_IBUF_BUFG                                                                                | dut/DECAP_MODULE/DECRYPT/DECODE/RS_DECOD/FSM_sequential_state_reg[2]                                                         |                                                                                                                   |               13 |             96 |         7.38 |
|  n_0_9330_BUFG                                                                                      |                                                                                                                              |                                                                                                                   |               56 |             97 |         1.73 |
|  sys_clk_p_IBUF_BUFG                                                                                | dut/DECAP_MODULE/DECRYPT/DECODE/RS_DECOD/COMPUTE_ERRVALS/err_val0                                                            |                                                                                                                   |               31 |            120 |         3.87 |
|  sys_clk_p_IBUF_BUFG                                                                                | dut/ENCAP_MODULE/ENCRYPT/ENCODE/REED_SOLOMON_CODE/msg[127]_i_1_n_2                                                           |                                                                                                                   |               35 |            128 |         3.66 |
|  sys_clk_p_IBUF_BUFG                                                                                | dut/ENCAP_MODULE/shift_msg_in__0                                                                                             | dut/ENCAP_MODULE/init_msg_in__0                                                                                   |               25 |            128 |         5.12 |
|  sys_clk_p_IBUF_BUFG                                                                                | dut/DECAP_MODULE/DECRYPT/DECODE/RS_DECOD/COMPUTE_ERRVALS/z_buf[127]_i_1_n_2                                                  |                                                                                                                   |               24 |            128 |         5.33 |
|  sys_clk_p_IBUF_BUFG                                                                                | dut/DECAP_MODULE/DECRYPT/DECODE/RM_DECOD/FIND_PEAKS/E[0]                                                                     |                                                                                                                   |               36 |            128 |         3.56 |
|  sys_clk_p_IBUF_BUFG                                                                                | dut/SHAKE256/control_path_instance/FSM_sequential_current_state_reg[3]_2                                                     |                                                                                                                   |               34 |            128 |         3.76 |
|  sys_clk_p_IBUF_BUFG                                                                                | dut/DECAP_MODULE/ENCAP_FOR_RENCRYPT/shift_msg_in__0                                                                          | dut/DECAP_MODULE/ENCAP_FOR_RENCRYPT/init_msg_in__0                                                                |               23 |            128 |         5.57 |
|  sys_clk_p_IBUF_BUFG                                                                                | dut/DECAP_MODULE/ENCAP_FOR_RENCRYPT/ENCRYPT/ENCODE/REED_SOLOMON_CODE/msg[127]_i_1__0_n_2                                     |                                                                                                                   |               34 |            128 |         3.76 |
|  sys_clk_p_IBUF_BUFG                                                                                | dut/DECAP_MODULE/DECRYPT/DECODE/RS_DECOD/COMPUTE_ERRVALS/dout_valid_o                                                        |                                                                                                                   |               41 |            128 |         3.12 |
|  sys_clk_p_IBUF_BUFG                                                                                |                                                                                                                              | dut/DECAP_MODULE/DECRYPT/DECODE/RM_DECOD/HADAMARD/HADAMARD_LAYER[6].HL/FIFO_S1/SR[0]                              |              103 |            216 |         2.10 |
|  sys_clk_p_IBUF_BUFG                                                                                | dut/DECAP_MODULE/ENCAP_FOR_RENCRYPT/ENCRYPT/ENCODE/REED_SOLOMON_CODE/capture_cdw                                             | dut/DECAP_MODULE/ENCAP_FOR_RENCRYPT/ENCRYPT/ENCODE/REED_SOLOMON_CODE/init_msg                                     |               48 |            240 |         5.00 |
|  sys_clk_p_IBUF_BUFG                                                                                | dut/ENCAP_MODULE/ENCRYPT/ENCODE/REED_SOLOMON_CODE/capture_cdw                                                                | dut/ENCAP_MODULE/ENCRYPT/ENCODE/REED_SOLOMON_CODE/init_msg                                                        |               54 |            240 |         4.44 |
|  sys_clk_p_IBUF_BUFG                                                                                | dut/DECAP_MODULE/DECRYPT/DECODE/RM_DECOD/EXPANSE_AND_SUM/din_buf0                                                            |                                                                                                                   |               40 |            256 |         6.40 |
|  sys_clk_p_IBUF_BUFG                                                                                | dut/ENCAP_MODULE/ENCRYPT/ENCODE/REED_MULLER_ENCODE/cdw_in[367]_i_1_n_2                                                       |                                                                                                                   |              104 |            368 |         3.54 |
|  sys_clk_p_IBUF_BUFG                                                                                | dut/DECAP_MODULE/DECRYPT/DECODE/RS_DECOD/COMPUTE_ROOTS/FFT_RETRIEVE_ERROR/p_0_in                                             |                                                                                                                   |               70 |            368 |         5.26 |
|  sys_clk_p_IBUF_BUFG                                                                                | dut/DECAP_MODULE/ENCAP_FOR_RENCRYPT/ENCRYPT/ENCODE/REED_MULLER_ENCODE/cdw_in[367]_i_1__0_n_2                                 |                                                                                                                   |               98 |            368 |         3.76 |
|  sys_clk_p_IBUF_BUFG                                                                                | dut/DECAP_MODULE/DECRYPT/DECODE/RS_DECOD/COMPUTE_ERRVALS/error_buf[367]_i_1__0_n_2                                           |                                                                                                                   |              102 |            368 |         3.61 |
|  sys_clk_p_IBUF_BUFG                                                                                | dut/DECAP_MODULE/DECRYPT/DECODE/RM_DECOD/EXPANSE_AND_SUM/dout_buf[381]_i_1_n_2                                               |                                                                                                                   |              103 |            378 |         3.67 |
|  sys_clk_p_IBUF_BUFG                                                                                |                                                                                                                              |                                                                                                                   |              459 |           1241 |         2.70 |
+-----------------------------------------------------------------------------------------------------+------------------------------------------------------------------------------------------------------------------------------+-------------------------------------------------------------------------------------------------------------------+------------------+----------------+--------------+


